ordinal	jar	distribution_path	original_sha256	pom_relation	recovered_source_namespaces	stage1_disposition	candidate_artifact	candidate_sha256	later_scope	decision_reason
1	HdrHistogram-2.1.12.jar	lib/HdrHistogram-2.1.12.jar	9b47fbae444feaac4b7e04f0ea294569e4bc282bc69d8c2ce2ac3f23577281e2	transitive-or-packaged	0	RETAIN_HASH_PINNED_STAGE1	lib/HdrHistogram-2.1.12.jar	9b47fbae444feaac4b7e04f0ea294569e4bc282bc69d8c2ce2ac3f23577281e2	operations-and-observability	retained for complete-corpus structural compatibility; necessity is re-evaluated at the named later-stage scope
2	activemq-artemis-native-2.0.0.jar	lib/activemq-artemis-native-2.0.0.jar	b4022172b60397e0205644afde431446d86959182f2ed71246fcdff86cb6c78e	transitive-or-packaged	0	RETAIN_HASH_PINNED_STAGE1	lib/activemq-artemis-native-2.0.0.jar	b4022172b60397e0205644afde431446d86959182f2ed71246fcdff86cb6c78e	peer-transactor-transport	retained for complete-corpus structural compatibility; necessity is re-evaluated at the named later-stage scope
3	annotations-2.15.66.jar	lib/annotations-2.15.66.jar	451a6d3682d5f79a8535031e70d635c2a5b035ec2cb514ae2bdedfe96a252d69	transitive-or-packaged	0	RETAIN_HASH_PINNED_STAGE1	lib/annotations-2.15.66.jar	451a6d3682d5f79a8535031e70d635c2a5b035ec2cb514ae2bdedfe96a252d69	shared-runtime-support	retained for complete-corpus structural compatibility; necessity is re-evaluated at the named later-stage scope
4	anomalies-0.1.12.jar	lib/anomalies-0.1.12.jar	6f8b82602ae84352c61a9e632895089f1c51e43e8af71769371f38feeaec7fc1	direct-pom	1	RETAIN_HASH_PINNED_STAGE1	lib/anomalies-0.1.12.jar	6f8b82602ae84352c61a9e632895089f1c51e43e8af71769371f38feeaec7fc1	shared-runtime-support	retained for complete-corpus structural compatibility; necessity is re-evaluated at the named later-stage scope
5	api-0.8.686.jar	lib/api-0.8.686.jar	3127804f4b6c44fe3320cf623c4813169ca2bec16ee111c70e69bfb04e017d9b	transitive-or-packaged	0	RETAIN_HASH_PINNED_STAGE1	lib/api-0.8.686.jar	3127804f4b6c44fe3320cf623c4813169ca2bec16ee111c70e69bfb04e017d9b	shared-runtime-support	retained for complete-corpus structural compatibility; necessity is re-evaluated at the named later-stage scope
6	artemis-commons-2.31.2.jar	lib/artemis-commons-2.31.2.jar	1d1b161ceab050a830b318acd3d2058f2bafcf9cd0ef75764f760d6a51fa2526	transitive-or-packaged	0	RETAIN_HASH_PINNED_STAGE1	lib/artemis-commons-2.31.2.jar	1d1b161ceab050a830b318acd3d2058f2bafcf9cd0ef75764f760d6a51fa2526	peer-transactor-transport	retained for complete-corpus structural compatibility; necessity is re-evaluated at the named later-stage scope
7	artemis-core-client-2.31.2.jar	lib/artemis-core-client-2.31.2.jar	cdf8ce7ea9b1deb4137926ce3882b9e60208a15bdb52d8837b27e73b0bf96186	transitive-or-packaged	0	RETAIN_HASH_PINNED_STAGE1	lib/artemis-core-client-2.31.2.jar	cdf8ce7ea9b1deb4137926ce3882b9e60208a15bdb52d8837b27e73b0bf96186	peer-transactor-transport	retained for complete-corpus structural compatibility; necessity is re-evaluated at the named later-stage scope
8	artemis-jdbc-store-2.31.2.jar	lib/artemis-jdbc-store-2.31.2.jar	e382737d4fca23b57c3ef5952ed5354e91a048ca27a9efd18ad43b46e215b6b0	transitive-or-packaged	0	RETAIN_HASH_PINNED_STAGE1	lib/artemis-jdbc-store-2.31.2.jar	e382737d4fca23b57c3ef5952ed5354e91a048ca27a9efd18ad43b46e215b6b0	peer-transactor-transport	retained for complete-corpus structural compatibility; necessity is re-evaluated at the named later-stage scope
9	artemis-journal-2.31.2.jar	lib/artemis-journal-2.31.2.jar	c07f44885f43743e2c75a4d411220b7db9bacd694d33c8b3e513f574d7434aa0	transitive-or-packaged	0	RETAIN_HASH_PINNED_STAGE1	lib/artemis-journal-2.31.2.jar	c07f44885f43743e2c75a4d411220b7db9bacd694d33c8b3e513f574d7434aa0	peer-transactor-transport	retained for complete-corpus structural compatibility; necessity is re-evaluated at the named later-stage scope
10	artemis-quorum-api-2.31.2.jar	lib/artemis-quorum-api-2.31.2.jar	c6e912dabb38abeb205348f67dafda8eb54d81a036a6b1e7e6bb65083d581664	transitive-or-packaged	0	RETAIN_HASH_PINNED_STAGE1	lib/artemis-quorum-api-2.31.2.jar	c6e912dabb38abeb205348f67dafda8eb54d81a036a6b1e7e6bb65083d581664	peer-transactor-transport	retained for complete-corpus structural compatibility; necessity is re-evaluated at the named later-stage scope
11	artemis-selector-2.31.2.jar	lib/artemis-selector-2.31.2.jar	04fe9f984809f81c2f67ad7958846e74c3c100c8f5dc4635a5f7374372cd35e3	transitive-or-packaged	0	RETAIN_HASH_PINNED_STAGE1	lib/artemis-selector-2.31.2.jar	04fe9f984809f81c2f67ad7958846e74c3c100c8f5dc4635a5f7374372cd35e3	peer-transactor-transport	retained for complete-corpus structural compatibility; necessity is re-evaluated at the named later-stage scope
12	artemis-server-2.31.2.jar	lib/artemis-server-2.31.2.jar	a43afc3adf1fda02d0ea7453df5db3016c509c8f1578ff371b965288fe4757db	direct-pom	0	RETAIN_HASH_PINNED_STAGE1	lib/artemis-server-2.31.2.jar	a43afc3adf1fda02d0ea7453df5db3016c509c8f1578ff371b965288fe4757db	peer-transactor-transport	retained for complete-corpus structural compatibility; necessity is re-evaluated at the named later-stage scope
13	asm-9.2.jar	lib/asm-9.2.jar	b9d4fe4d71938df38839f0eca42aaaa64cf8b313d678da036f0cb3ca199b47f5	transitive-or-packaged	0	RETAIN_HASH_PINNED_STAGE1	lib/asm-9.2.jar	b9d4fe4d71938df38839f0eca42aaaa64cf8b313d678da036f0cb3ca199b47f5	shared-runtime-support	retained for complete-corpus structural compatibility; necessity is re-evaluated at the named later-stage scope
14	asm-analysis-5.0.3.jar	lib/asm-analysis-5.0.3.jar	e8fa2a63462c96557dcd36c25525e1264b77366ff851cf0b94eb7592b290849d	transitive-or-packaged	0	RETAIN_HASH_PINNED_STAGE1	lib/asm-analysis-5.0.3.jar	e8fa2a63462c96557dcd36c25525e1264b77366ff851cf0b94eb7592b290849d	shared-runtime-support	retained for complete-corpus structural compatibility; necessity is re-evaluated at the named later-stage scope
15	asm-commons-5.0.3.jar	lib/asm-commons-5.0.3.jar	18c1e092230233c9d29e46f21943d769bdb48130cc279e4b0e663f423948c2da	transitive-or-packaged	0	RETAIN_HASH_PINNED_STAGE1	lib/asm-commons-5.0.3.jar	18c1e092230233c9d29e46f21943d769bdb48130cc279e4b0e663f423948c2da	shared-runtime-support	retained for complete-corpus structural compatibility; necessity is re-evaluated at the named later-stage scope
16	asm-tree-5.0.3.jar	lib/asm-tree-5.0.3.jar	347a7a9400f9964e87c91d3980e48eebdc8d024bc3b36f7f22189c662853a51c	transitive-or-packaged	0	RETAIN_HASH_PINNED_STAGE1	lib/asm-tree-5.0.3.jar	347a7a9400f9964e87c91d3980e48eebdc8d024bc3b36f7f22189c662853a51c	shared-runtime-support	retained for complete-corpus structural compatibility; necessity is re-evaluated at the named later-stage scope
17	asm-util-5.0.3.jar	lib/asm-util-5.0.3.jar	2768edbfa2681b5077f08151de586a6d66b916703cda3ab297e58b41ae8f2362	transitive-or-packaged	0	RETAIN_HASH_PINNED_STAGE1	lib/asm-util-5.0.3.jar	2768edbfa2681b5077f08151de586a6d66b916703cda3ab297e58b41ae8f2362	shared-runtime-support	retained for complete-corpus structural compatibility; necessity is re-evaluated at the named later-stage scope
18	auth-2.15.66.jar	lib/auth-2.15.66.jar	8062c905b3c4954ffc9942c4e83a6d8942a56127609e7de0d8b956176207ff12	transitive-or-packaged	0	RETAIN_HASH_PINNED_STAGE1	lib/auth-2.15.66.jar	8062c905b3c4954ffc9942c4e83a6d8942a56127609e7de0d8b956176207ff12	shared-runtime-support	retained for complete-corpus structural compatibility; necessity is re-evaluated at the named later-stage scope
19	aws-java-sdk-1.12.564.jar	lib/aws-java-sdk-1.12.564.jar	d0c7f231e82580c59d84b5a0a4d601c07b7cb2e7af4ef5af50f90347e3f1cd1e	direct-pom	0	RETAIN_HASH_PINNED_STAGE1	lib/aws-java-sdk-1.12.564.jar	d0c7f231e82580c59d84b5a0a4d601c07b7cb2e7af4ef5af50f90347e3f1cd1e	aws-and-alternative-storage-deferred	retained for complete-corpus structural compatibility; necessity is re-evaluated at the named later-stage scope
20	aws-java-sdk-accessanalyzer-1.12.564.jar	lib/aws-java-sdk-accessanalyzer-1.12.564.jar	7fc91567e8d742844c19d0132258d2a4eec61bb8098a41382fab0287573b968b	transitive-or-packaged	0	RETAIN_HASH_PINNED_STAGE1	lib/aws-java-sdk-accessanalyzer-1.12.564.jar	7fc91567e8d742844c19d0132258d2a4eec61bb8098a41382fab0287573b968b	aws-and-alternative-storage-deferred	retained for complete-corpus structural compatibility; necessity is re-evaluated at the named later-stage scope
21	aws-java-sdk-account-1.12.564.jar	lib/aws-java-sdk-account-1.12.564.jar	7b05315904fed7db90321d4b86e3221f5e6311f6c7e3a0ece3f8871559ff132f	transitive-or-packaged	0	RETAIN_HASH_PINNED_STAGE1	lib/aws-java-sdk-account-1.12.564.jar	7b05315904fed7db90321d4b86e3221f5e6311f6c7e3a0ece3f8871559ff132f	aws-and-alternative-storage-deferred	retained for complete-corpus structural compatibility; necessity is re-evaluated at the named later-stage scope
22	aws-java-sdk-acm-1.12.564.jar	lib/aws-java-sdk-acm-1.12.564.jar	f1295606e3feb79882ca0cf159fe091455b62a3e7af1b300c15766d7f3bfc30f	transitive-or-packaged	0	RETAIN_HASH_PINNED_STAGE1	lib/aws-java-sdk-acm-1.12.564.jar	f1295606e3feb79882ca0cf159fe091455b62a3e7af1b300c15766d7f3bfc30f	aws-and-alternative-storage-deferred	retained for complete-corpus structural compatibility; necessity is re-evaluated at the named later-stage scope
23	aws-java-sdk-acmpca-1.12.564.jar	lib/aws-java-sdk-acmpca-1.12.564.jar	cf3d819738c0cd3bd77e54b4ee706092884afcbc63c222acbece086f5c2a073d	transitive-or-packaged	0	RETAIN_HASH_PINNED_STAGE1	lib/aws-java-sdk-acmpca-1.12.564.jar	cf3d819738c0cd3bd77e54b4ee706092884afcbc63c222acbece086f5c2a073d	aws-and-alternative-storage-deferred	retained for complete-corpus structural compatibility; necessity is re-evaluated at the named later-stage scope
24	aws-java-sdk-alexaforbusiness-1.12.564.jar	lib/aws-java-sdk-alexaforbusiness-1.12.564.jar	bbe613c1b0b7d0a2bdf14c75c757303036a4e498e6a21eaa0facea552d6c1f90	transitive-or-packaged	0	RETAIN_HASH_PINNED_STAGE1	lib/aws-java-sdk-alexaforbusiness-1.12.564.jar	bbe613c1b0b7d0a2bdf14c75c757303036a4e498e6a21eaa0facea552d6c1f90	aws-and-alternative-storage-deferred	retained for complete-corpus structural compatibility; necessity is re-evaluated at the named later-stage scope
25	aws-java-sdk-amplify-1.12.564.jar	lib/aws-java-sdk-amplify-1.12.564.jar	6bee4a6efa03e5d877fcb413d30fa7efe1aac9eb054d5fa90d752ada445896ec	transitive-or-packaged	0	RETAIN_HASH_PINNED_STAGE1	lib/aws-java-sdk-amplify-1.12.564.jar	6bee4a6efa03e5d877fcb413d30fa7efe1aac9eb054d5fa90d752ada445896ec	aws-and-alternative-storage-deferred	retained for complete-corpus structural compatibility; necessity is re-evaluated at the named later-stage scope
26	aws-java-sdk-amplifybackend-1.12.564.jar	lib/aws-java-sdk-amplifybackend-1.12.564.jar	9cd06f363d447615728ccc2f2f65ac1b62d814682dc15164220131341300a3c5	transitive-or-packaged	0	RETAIN_HASH_PINNED_STAGE1	lib/aws-java-sdk-amplifybackend-1.12.564.jar	9cd06f363d447615728ccc2f2f65ac1b62d814682dc15164220131341300a3c5	aws-and-alternative-storage-deferred	retained for complete-corpus structural compatibility; necessity is re-evaluated at the named later-stage scope
27	aws-java-sdk-amplifyuibuilder-1.12.564.jar	lib/aws-java-sdk-amplifyuibuilder-1.12.564.jar	b425761465518c569a1199e87a8fd0b399359b2be69c73e2dbf707343cc87f7d	transitive-or-packaged	0	RETAIN_HASH_PINNED_STAGE1	lib/aws-java-sdk-amplifyuibuilder-1.12.564.jar	b425761465518c569a1199e87a8fd0b399359b2be69c73e2dbf707343cc87f7d	aws-and-alternative-storage-deferred	retained for complete-corpus structural compatibility; necessity is re-evaluated at the named later-stage scope
28	aws-java-sdk-api-gateway-1.12.564.jar	lib/aws-java-sdk-api-gateway-1.12.564.jar	ad22e0653a5ea893d8effcf30a91fcb53747748d6890536335fa12c73136ff3d	transitive-or-packaged	0	RETAIN_HASH_PINNED_STAGE1	lib/aws-java-sdk-api-gateway-1.12.564.jar	ad22e0653a5ea893d8effcf30a91fcb53747748d6890536335fa12c73136ff3d	aws-and-alternative-storage-deferred	retained for complete-corpus structural compatibility; necessity is re-evaluated at the named later-stage scope
29	aws-java-sdk-apigatewaymanagementapi-1.12.564.jar	lib/aws-java-sdk-apigatewaymanagementapi-1.12.564.jar	798856cbe9d93b6dd3b5d24cf8f033049f3ce2ecb51e880bab3e9023f268b9cc	transitive-or-packaged	0	RETAIN_HASH_PINNED_STAGE1	lib/aws-java-sdk-apigatewaymanagementapi-1.12.564.jar	798856cbe9d93b6dd3b5d24cf8f033049f3ce2ecb51e880bab3e9023f268b9cc	aws-and-alternative-storage-deferred	retained for complete-corpus structural compatibility; necessity is re-evaluated at the named later-stage scope
30	aws-java-sdk-apigatewayv2-1.12.564.jar	lib/aws-java-sdk-apigatewayv2-1.12.564.jar	cd749e486471d85c3b7bef6480a24b280d48189235c765af4d92a504be7a145c	transitive-or-packaged	0	RETAIN_HASH_PINNED_STAGE1	lib/aws-java-sdk-apigatewayv2-1.12.564.jar	cd749e486471d85c3b7bef6480a24b280d48189235c765af4d92a504be7a145c	aws-and-alternative-storage-deferred	retained for complete-corpus structural compatibility; necessity is re-evaluated at the named later-stage scope
31	aws-java-sdk-appconfig-1.12.564.jar	lib/aws-java-sdk-appconfig-1.12.564.jar	e1c92346f292afd883b9c302ee0dd53078863b7a4e45a21fad7fc3cc87c105a9	transitive-or-packaged	0	RETAIN_HASH_PINNED_STAGE1	lib/aws-java-sdk-appconfig-1.12.564.jar	e1c92346f292afd883b9c302ee0dd53078863b7a4e45a21fad7fc3cc87c105a9	aws-and-alternative-storage-deferred	retained for complete-corpus structural compatibility; necessity is re-evaluated at the named later-stage scope
32	aws-java-sdk-appconfigdata-1.12.564.jar	lib/aws-java-sdk-appconfigdata-1.12.564.jar	c12b18841f86181f5c1d77354d2b51d3484bd42ceb973c48cf534386c00fa20f	transitive-or-packaged	0	RETAIN_HASH_PINNED_STAGE1	lib/aws-java-sdk-appconfigdata-1.12.564.jar	c12b18841f86181f5c1d77354d2b51d3484bd42ceb973c48cf534386c00fa20f	aws-and-alternative-storage-deferred	retained for complete-corpus structural compatibility; necessity is re-evaluated at the named later-stage scope
33	aws-java-sdk-appfabric-1.12.564.jar	lib/aws-java-sdk-appfabric-1.12.564.jar	13e14f5b64b7ea8b767b95f9009437bc41a1c485f90f4af117a471f43c68cd27	transitive-or-packaged	0	RETAIN_HASH_PINNED_STAGE1	lib/aws-java-sdk-appfabric-1.12.564.jar	13e14f5b64b7ea8b767b95f9009437bc41a1c485f90f4af117a471f43c68cd27	aws-and-alternative-storage-deferred	retained for complete-corpus structural compatibility; necessity is re-evaluated at the named later-stage scope
34	aws-java-sdk-appflow-1.12.564.jar	lib/aws-java-sdk-appflow-1.12.564.jar	b3b728c539b7b2d3639acd527ae5fee4f8bb075f2ed9aba6ae0bf59c98bbba47	transitive-or-packaged	0	RETAIN_HASH_PINNED_STAGE1	lib/aws-java-sdk-appflow-1.12.564.jar	b3b728c539b7b2d3639acd527ae5fee4f8bb075f2ed9aba6ae0bf59c98bbba47	aws-and-alternative-storage-deferred	retained for complete-corpus structural compatibility; necessity is re-evaluated at the named later-stage scope
35	aws-java-sdk-appintegrations-1.12.564.jar	lib/aws-java-sdk-appintegrations-1.12.564.jar	cd729e5f3211bec5dcce904ea07bf81bdb8fcc9268f1d8168427f9b8b4fe7c89	transitive-or-packaged	0	RETAIN_HASH_PINNED_STAGE1	lib/aws-java-sdk-appintegrations-1.12.564.jar	cd729e5f3211bec5dcce904ea07bf81bdb8fcc9268f1d8168427f9b8b4fe7c89	aws-and-alternative-storage-deferred	retained for complete-corpus structural compatibility; necessity is re-evaluated at the named later-stage scope
36	aws-java-sdk-applicationautoscaling-1.12.564.jar	lib/aws-java-sdk-applicationautoscaling-1.12.564.jar	4ca8fc4b9235365e755fea7772a053884d16a747573de878b4fbfa590d4b4fc0	transitive-or-packaged	0	RETAIN_HASH_PINNED_STAGE1	lib/aws-java-sdk-applicationautoscaling-1.12.564.jar	4ca8fc4b9235365e755fea7772a053884d16a747573de878b4fbfa590d4b4fc0	aws-and-alternative-storage-deferred	retained for complete-corpus structural compatibility; necessity is re-evaluated at the named later-stage scope
37	aws-java-sdk-applicationcostprofiler-1.12.564.jar	lib/aws-java-sdk-applicationcostprofiler-1.12.564.jar	2f14e7a4f0d6ac933a060bc79412b84458d28f88ba4f7d8bf3da0bfe1c85803f	transitive-or-packaged	0	RETAIN_HASH_PINNED_STAGE1	lib/aws-java-sdk-applicationcostprofiler-1.12.564.jar	2f14e7a4f0d6ac933a060bc79412b84458d28f88ba4f7d8bf3da0bfe1c85803f	aws-and-alternative-storage-deferred	retained for complete-corpus structural compatibility; necessity is re-evaluated at the named later-stage scope
38	aws-java-sdk-applicationinsights-1.12.564.jar	lib/aws-java-sdk-applicationinsights-1.12.564.jar	fc8a0636b6739d0b922e131f7ebe9dea007769e77509ec987424bb961188feba	transitive-or-packaged	0	RETAIN_HASH_PINNED_STAGE1	lib/aws-java-sdk-applicationinsights-1.12.564.jar	fc8a0636b6739d0b922e131f7ebe9dea007769e77509ec987424bb961188feba	aws-and-alternative-storage-deferred	retained for complete-corpus structural compatibility; necessity is re-evaluated at the named later-stage scope
39	aws-java-sdk-appmesh-1.12.564.jar	lib/aws-java-sdk-appmesh-1.12.564.jar	adf69407e5837e8730e8e42661defe14b8c21cc54ca9d3850642e2c6c71b1188	transitive-or-packaged	0	RETAIN_HASH_PINNED_STAGE1	lib/aws-java-sdk-appmesh-1.12.564.jar	adf69407e5837e8730e8e42661defe14b8c21cc54ca9d3850642e2c6c71b1188	aws-and-alternative-storage-deferred	retained for complete-corpus structural compatibility; necessity is re-evaluated at the named later-stage scope
40	aws-java-sdk-appregistry-1.12.564.jar	lib/aws-java-sdk-appregistry-1.12.564.jar	54b608d8e2f8683d3d33da68a701be5d80e5498a34bc1487680465a5a00df436	transitive-or-packaged	0	RETAIN_HASH_PINNED_STAGE1	lib/aws-java-sdk-appregistry-1.12.564.jar	54b608d8e2f8683d3d33da68a701be5d80e5498a34bc1487680465a5a00df436	aws-and-alternative-storage-deferred	retained for complete-corpus structural compatibility; necessity is re-evaluated at the named later-stage scope
41	aws-java-sdk-apprunner-1.12.564.jar	lib/aws-java-sdk-apprunner-1.12.564.jar	941340c2c981c3e28619282a0ceab4cdce044a6a3aeebb0f852b21e97bf46323	transitive-or-packaged	0	RETAIN_HASH_PINNED_STAGE1	lib/aws-java-sdk-apprunner-1.12.564.jar	941340c2c981c3e28619282a0ceab4cdce044a6a3aeebb0f852b21e97bf46323	aws-and-alternative-storage-deferred	retained for complete-corpus structural compatibility; necessity is re-evaluated at the named later-stage scope
42	aws-java-sdk-appstream-1.12.564.jar	lib/aws-java-sdk-appstream-1.12.564.jar	ede9fe2c92506aedc4bfed657ec575ffe335c9e59a10555b23d6f9b7f95ae38b	transitive-or-packaged	0	RETAIN_HASH_PINNED_STAGE1	lib/aws-java-sdk-appstream-1.12.564.jar	ede9fe2c92506aedc4bfed657ec575ffe335c9e59a10555b23d6f9b7f95ae38b	aws-and-alternative-storage-deferred	retained for complete-corpus structural compatibility; necessity is re-evaluated at the named later-stage scope
43	aws-java-sdk-appsync-1.12.564.jar	lib/aws-java-sdk-appsync-1.12.564.jar	2952fdc4affde9bf3ccddffa40d3a8381134a7e9aff30a22a21519dcf199949b	transitive-or-packaged	0	RETAIN_HASH_PINNED_STAGE1	lib/aws-java-sdk-appsync-1.12.564.jar	2952fdc4affde9bf3ccddffa40d3a8381134a7e9aff30a22a21519dcf199949b	aws-and-alternative-storage-deferred	retained for complete-corpus structural compatibility; necessity is re-evaluated at the named later-stage scope
44	aws-java-sdk-arczonalshift-1.12.564.jar	lib/aws-java-sdk-arczonalshift-1.12.564.jar	7df4531dd70e16b025df55fd778a575eee0ec66f71c2c9eb8d9e442511ed5eb8	transitive-or-packaged	0	RETAIN_HASH_PINNED_STAGE1	lib/aws-java-sdk-arczonalshift-1.12.564.jar	7df4531dd70e16b025df55fd778a575eee0ec66f71c2c9eb8d9e442511ed5eb8	aws-and-alternative-storage-deferred	retained for complete-corpus structural compatibility; necessity is re-evaluated at the named later-stage scope
45	aws-java-sdk-athena-1.12.564.jar	lib/aws-java-sdk-athena-1.12.564.jar	0e41b18edca45a070e42bf18e4b19b24ece0d2015778fea4fa75f44d15336bc0	transitive-or-packaged	0	RETAIN_HASH_PINNED_STAGE1	lib/aws-java-sdk-athena-1.12.564.jar	0e41b18edca45a070e42bf18e4b19b24ece0d2015778fea4fa75f44d15336bc0	aws-and-alternative-storage-deferred	retained for complete-corpus structural compatibility; necessity is re-evaluated at the named later-stage scope
46	aws-java-sdk-auditmanager-1.12.564.jar	lib/aws-java-sdk-auditmanager-1.12.564.jar	88145b58a2470dbb7c07f98405cf5e8c7b63e95e416a270865db6e79a1a2f387	transitive-or-packaged	0	RETAIN_HASH_PINNED_STAGE1	lib/aws-java-sdk-auditmanager-1.12.564.jar	88145b58a2470dbb7c07f98405cf5e8c7b63e95e416a270865db6e79a1a2f387	aws-and-alternative-storage-deferred	retained for complete-corpus structural compatibility; necessity is re-evaluated at the named later-stage scope
47	aws-java-sdk-augmentedairuntime-1.12.564.jar	lib/aws-java-sdk-augmentedairuntime-1.12.564.jar	d267b2e57cf158a6eb00e6fc631b716a3c2fd9f0b2cddee803cc87852d2425f8	transitive-or-packaged	0	RETAIN_HASH_PINNED_STAGE1	lib/aws-java-sdk-augmentedairuntime-1.12.564.jar	d267b2e57cf158a6eb00e6fc631b716a3c2fd9f0b2cddee803cc87852d2425f8	aws-and-alternative-storage-deferred	retained for complete-corpus structural compatibility; necessity is re-evaluated at the named later-stage scope
48	aws-java-sdk-autoscaling-1.12.564.jar	lib/aws-java-sdk-autoscaling-1.12.564.jar	c52704ef1c0f271daa1dabbc616e55b945d2ab100b03cc1b7bb757bba499cee3	transitive-or-packaged	0	RETAIN_HASH_PINNED_STAGE1	lib/aws-java-sdk-autoscaling-1.12.564.jar	c52704ef1c0f271daa1dabbc616e55b945d2ab100b03cc1b7bb757bba499cee3	aws-and-alternative-storage-deferred	retained for complete-corpus structural compatibility; necessity is re-evaluated at the named later-stage scope
49	aws-java-sdk-autoscalingplans-1.12.564.jar	lib/aws-java-sdk-autoscalingplans-1.12.564.jar	da757bdb9c3cc60d35a0bf3cfb482a191d6ef8d53c560b3a5bc13bd3411a64e2	transitive-or-packaged	0	RETAIN_HASH_PINNED_STAGE1	lib/aws-java-sdk-autoscalingplans-1.12.564.jar	da757bdb9c3cc60d35a0bf3cfb482a191d6ef8d53c560b3a5bc13bd3411a64e2	aws-and-alternative-storage-deferred	retained for complete-corpus structural compatibility; necessity is re-evaluated at the named later-stage scope
50	aws-java-sdk-backup-1.12.564.jar	lib/aws-java-sdk-backup-1.12.564.jar	176eca93b26ade2aa23ccaedd65ea6fb8522aebf95fc22f13740cc742241e83f	transitive-or-packaged	0	RETAIN_HASH_PINNED_STAGE1	lib/aws-java-sdk-backup-1.12.564.jar	176eca93b26ade2aa23ccaedd65ea6fb8522aebf95fc22f13740cc742241e83f	aws-and-alternative-storage-deferred	retained for complete-corpus structural compatibility; necessity is re-evaluated at the named later-stage scope
51	aws-java-sdk-backupgateway-1.12.564.jar	lib/aws-java-sdk-backupgateway-1.12.564.jar	497fd000cc3a55b0e6451c4388f2127023cef737f324c88f8829d3a4ddd01309	transitive-or-packaged	0	RETAIN_HASH_PINNED_STAGE1	lib/aws-java-sdk-backupgateway-1.12.564.jar	497fd000cc3a55b0e6451c4388f2127023cef737f324c88f8829d3a4ddd01309	aws-and-alternative-storage-deferred	retained for complete-corpus structural compatibility; necessity is re-evaluated at the named later-stage scope
52	aws-java-sdk-backupstorage-1.12.564.jar	lib/aws-java-sdk-backupstorage-1.12.564.jar	3cb72a51371750fcd53c3d8b6210ce2684cb63eb7e5df88269b3a23456264b87	transitive-or-packaged	0	RETAIN_HASH_PINNED_STAGE1	lib/aws-java-sdk-backupstorage-1.12.564.jar	3cb72a51371750fcd53c3d8b6210ce2684cb63eb7e5df88269b3a23456264b87	aws-and-alternative-storage-deferred	retained for complete-corpus structural compatibility; necessity is re-evaluated at the named later-stage scope
53	aws-java-sdk-batch-1.12.564.jar	lib/aws-java-sdk-batch-1.12.564.jar	9616fe297c56ace567d89133847ea0a151cadb62f911c43d9e242975f9a34412	transitive-or-packaged	0	RETAIN_HASH_PINNED_STAGE1	lib/aws-java-sdk-batch-1.12.564.jar	9616fe297c56ace567d89133847ea0a151cadb62f911c43d9e242975f9a34412	aws-and-alternative-storage-deferred	retained for complete-corpus structural compatibility; necessity is re-evaluated at the named later-stage scope
54	aws-java-sdk-bedrock-1.12.564.jar	lib/aws-java-sdk-bedrock-1.12.564.jar	564f3e0d7e5ea402d3ae3768a47fae6a673bdff6a5273d02fd1fa0d3e5722fd2	transitive-or-packaged	0	RETAIN_HASH_PINNED_STAGE1	lib/aws-java-sdk-bedrock-1.12.564.jar	564f3e0d7e5ea402d3ae3768a47fae6a673bdff6a5273d02fd1fa0d3e5722fd2	aws-and-alternative-storage-deferred	retained for complete-corpus structural compatibility; necessity is re-evaluated at the named later-stage scope
55	aws-java-sdk-bedrockruntime-1.12.564.jar	lib/aws-java-sdk-bedrockruntime-1.12.564.jar	c3bbce5b9c92993bc47b86a6e1306efac5ed8e974b3226a2301f0f7a3c259a98	transitive-or-packaged	0	RETAIN_HASH_PINNED_STAGE1	lib/aws-java-sdk-bedrockruntime-1.12.564.jar	c3bbce5b9c92993bc47b86a6e1306efac5ed8e974b3226a2301f0f7a3c259a98	aws-and-alternative-storage-deferred	retained for complete-corpus structural compatibility; necessity is re-evaluated at the named later-stage scope
56	aws-java-sdk-billingconductor-1.12.564.jar	lib/aws-java-sdk-billingconductor-1.12.564.jar	ca3b6fb564248ad7afb5a59897ced91d134adb890b1754dae825c42a2da89403	transitive-or-packaged	0	RETAIN_HASH_PINNED_STAGE1	lib/aws-java-sdk-billingconductor-1.12.564.jar	ca3b6fb564248ad7afb5a59897ced91d134adb890b1754dae825c42a2da89403	aws-and-alternative-storage-deferred	retained for complete-corpus structural compatibility; necessity is re-evaluated at the named later-stage scope
57	aws-java-sdk-braket-1.12.564.jar	lib/aws-java-sdk-braket-1.12.564.jar	f980f2f4740608ca306663e5cff0939f98afcb0db5777f535e67ada0685e3bc7	transitive-or-packaged	0	RETAIN_HASH_PINNED_STAGE1	lib/aws-java-sdk-braket-1.12.564.jar	f980f2f4740608ca306663e5cff0939f98afcb0db5777f535e67ada0685e3bc7	aws-and-alternative-storage-deferred	retained for complete-corpus structural compatibility; necessity is re-evaluated at the named later-stage scope
58	aws-java-sdk-budgets-1.12.564.jar	lib/aws-java-sdk-budgets-1.12.564.jar	5a64e123ba788f0b48beb01ba7b91af4c738f9d2e36a6957bd72a3b8227698b8	transitive-or-packaged	0	RETAIN_HASH_PINNED_STAGE1	lib/aws-java-sdk-budgets-1.12.564.jar	5a64e123ba788f0b48beb01ba7b91af4c738f9d2e36a6957bd72a3b8227698b8	aws-and-alternative-storage-deferred	retained for complete-corpus structural compatibility; necessity is re-evaluated at the named later-stage scope
59	aws-java-sdk-chime-1.12.564.jar	lib/aws-java-sdk-chime-1.12.564.jar	6893e68186e2a5e64124238022c3c9543b3d744d8ffabe370da63a078bcb8305	transitive-or-packaged	0	RETAIN_HASH_PINNED_STAGE1	lib/aws-java-sdk-chime-1.12.564.jar	6893e68186e2a5e64124238022c3c9543b3d744d8ffabe370da63a078bcb8305	aws-and-alternative-storage-deferred	retained for complete-corpus structural compatibility; necessity is re-evaluated at the named later-stage scope
60	aws-java-sdk-chimesdkidentity-1.12.564.jar	lib/aws-java-sdk-chimesdkidentity-1.12.564.jar	776301ab5a864f5651748c99877b3c4a3e68097ab1bd3e0a13ce5b2eb821200a	transitive-or-packaged	0	RETAIN_HASH_PINNED_STAGE1	lib/aws-java-sdk-chimesdkidentity-1.12.564.jar	776301ab5a864f5651748c99877b3c4a3e68097ab1bd3e0a13ce5b2eb821200a	aws-and-alternative-storage-deferred	retained for complete-corpus structural compatibility; necessity is re-evaluated at the named later-stage scope
61	aws-java-sdk-chimesdkmediapipelines-1.12.564.jar	lib/aws-java-sdk-chimesdkmediapipelines-1.12.564.jar	dddfdd8e0e0ef7e998ef378c56d17bca075376e2a75849d3b40bcbdba2ca92df	transitive-or-packaged	0	RETAIN_HASH_PINNED_STAGE1	lib/aws-java-sdk-chimesdkmediapipelines-1.12.564.jar	dddfdd8e0e0ef7e998ef378c56d17bca075376e2a75849d3b40bcbdba2ca92df	aws-and-alternative-storage-deferred	retained for complete-corpus structural compatibility; necessity is re-evaluated at the named later-stage scope
62	aws-java-sdk-chimesdkmeetings-1.12.564.jar	lib/aws-java-sdk-chimesdkmeetings-1.12.564.jar	1a54be6a1daf60922113ac2aa750fa6897527067d9f1d8446d3c139205311db8	transitive-or-packaged	0	RETAIN_HASH_PINNED_STAGE1	lib/aws-java-sdk-chimesdkmeetings-1.12.564.jar	1a54be6a1daf60922113ac2aa750fa6897527067d9f1d8446d3c139205311db8	aws-and-alternative-storage-deferred	retained for complete-corpus structural compatibility; necessity is re-evaluated at the named later-stage scope
63	aws-java-sdk-chimesdkmessaging-1.12.564.jar	lib/aws-java-sdk-chimesdkmessaging-1.12.564.jar	e81f0b55fa8b6ddd07765e8c558e8f7e73a9c08c050721b550ccba480625dfd7	transitive-or-packaged	0	RETAIN_HASH_PINNED_STAGE1	lib/aws-java-sdk-chimesdkmessaging-1.12.564.jar	e81f0b55fa8b6ddd07765e8c558e8f7e73a9c08c050721b550ccba480625dfd7	aws-and-alternative-storage-deferred	retained for complete-corpus structural compatibility; necessity is re-evaluated at the named later-stage scope
64	aws-java-sdk-chimesdkvoice-1.12.564.jar	lib/aws-java-sdk-chimesdkvoice-1.12.564.jar	e7e94d3af887c2257f7b2b3adbd5fba69d2ad06ca6a3ee325e7229a88bd84cd1	transitive-or-packaged	0	RETAIN_HASH_PINNED_STAGE1	lib/aws-java-sdk-chimesdkvoice-1.12.564.jar	e7e94d3af887c2257f7b2b3adbd5fba69d2ad06ca6a3ee325e7229a88bd84cd1	aws-and-alternative-storage-deferred	retained for complete-corpus structural compatibility; necessity is re-evaluated at the named later-stage scope
65	aws-java-sdk-cleanrooms-1.12.564.jar	lib/aws-java-sdk-cleanrooms-1.12.564.jar	382757186d8ab17d61f4bd84ad53b0774a41d3f5736a8fe131d04d661b5a650a	transitive-or-packaged	0	RETAIN_HASH_PINNED_STAGE1	lib/aws-java-sdk-cleanrooms-1.12.564.jar	382757186d8ab17d61f4bd84ad53b0774a41d3f5736a8fe131d04d661b5a650a	aws-and-alternative-storage-deferred	retained for complete-corpus structural compatibility; necessity is re-evaluated at the named later-stage scope
66	aws-java-sdk-cloud9-1.12.564.jar	lib/aws-java-sdk-cloud9-1.12.564.jar	ebe612cf45ca7dee9300b33b7ecdcfb72fb5cbede4f215c808b1f592f3bd4f27	transitive-or-packaged	0	RETAIN_HASH_PINNED_STAGE1	lib/aws-java-sdk-cloud9-1.12.564.jar	ebe612cf45ca7dee9300b33b7ecdcfb72fb5cbede4f215c808b1f592f3bd4f27	aws-and-alternative-storage-deferred	retained for complete-corpus structural compatibility; necessity is re-evaluated at the named later-stage scope
67	aws-java-sdk-cloudcontrolapi-1.12.564.jar	lib/aws-java-sdk-cloudcontrolapi-1.12.564.jar	85e564eb7aa66bb04140bebdb039908f91091cee0555bc4a63053aec218f7f1f	transitive-or-packaged	0	RETAIN_HASH_PINNED_STAGE1	lib/aws-java-sdk-cloudcontrolapi-1.12.564.jar	85e564eb7aa66bb04140bebdb039908f91091cee0555bc4a63053aec218f7f1f	aws-and-alternative-storage-deferred	retained for complete-corpus structural compatibility; necessity is re-evaluated at the named later-stage scope
68	aws-java-sdk-clouddirectory-1.12.564.jar	lib/aws-java-sdk-clouddirectory-1.12.564.jar	0059ac5cda58b5e862910691e3bcc1d550c4cbd3f20689b5423eb3e426e86f9e	transitive-or-packaged	0	RETAIN_HASH_PINNED_STAGE1	lib/aws-java-sdk-clouddirectory-1.12.564.jar	0059ac5cda58b5e862910691e3bcc1d550c4cbd3f20689b5423eb3e426e86f9e	aws-and-alternative-storage-deferred	retained for complete-corpus structural compatibility; necessity is re-evaluated at the named later-stage scope
69	aws-java-sdk-cloudformation-1.12.564.jar	lib/aws-java-sdk-cloudformation-1.12.564.jar	b42d2db985e6ed1f9630ed2f0567d06c094e5a08898bbce8bfd329baf49348b2	transitive-or-packaged	0	RETAIN_HASH_PINNED_STAGE1	lib/aws-java-sdk-cloudformation-1.12.564.jar	b42d2db985e6ed1f9630ed2f0567d06c094e5a08898bbce8bfd329baf49348b2	aws-and-alternative-storage-deferred	retained for complete-corpus structural compatibility; necessity is re-evaluated at the named later-stage scope
70	aws-java-sdk-cloudfront-1.12.564.jar	lib/aws-java-sdk-cloudfront-1.12.564.jar	b04fafc44ec194b5f996950478d72c93f17ce4e7b53352a3defd31d9d63612a1	transitive-or-packaged	0	RETAIN_HASH_PINNED_STAGE1	lib/aws-java-sdk-cloudfront-1.12.564.jar	b04fafc44ec194b5f996950478d72c93f17ce4e7b53352a3defd31d9d63612a1	aws-and-alternative-storage-deferred	retained for complete-corpus structural compatibility; necessity is re-evaluated at the named later-stage scope
71	aws-java-sdk-cloudhsm-1.12.564.jar	lib/aws-java-sdk-cloudhsm-1.12.564.jar	00071d60af6500d3de0ec8b48b7c6eed7a501afefc56dcec9726ac68d3f77cc0	transitive-or-packaged	0	RETAIN_HASH_PINNED_STAGE1	lib/aws-java-sdk-cloudhsm-1.12.564.jar	00071d60af6500d3de0ec8b48b7c6eed7a501afefc56dcec9726ac68d3f77cc0	aws-and-alternative-storage-deferred	retained for complete-corpus structural compatibility; necessity is re-evaluated at the named later-stage scope
72	aws-java-sdk-cloudhsmv2-1.12.564.jar	lib/aws-java-sdk-cloudhsmv2-1.12.564.jar	aa902be0769e3fae4cd1bef510b237795694ce56bbcc3a8ae802118cd32aa046	transitive-or-packaged	0	RETAIN_HASH_PINNED_STAGE1	lib/aws-java-sdk-cloudhsmv2-1.12.564.jar	aa902be0769e3fae4cd1bef510b237795694ce56bbcc3a8ae802118cd32aa046	aws-and-alternative-storage-deferred	retained for complete-corpus structural compatibility; necessity is re-evaluated at the named later-stage scope
73	aws-java-sdk-cloudsearch-1.12.564.jar	lib/aws-java-sdk-cloudsearch-1.12.564.jar	b2e8984250a04c02e43197e468e3696e562d01a22ffc7ce8370f600694f4d6a5	transitive-or-packaged	0	RETAIN_HASH_PINNED_STAGE1	lib/aws-java-sdk-cloudsearch-1.12.564.jar	b2e8984250a04c02e43197e468e3696e562d01a22ffc7ce8370f600694f4d6a5	aws-and-alternative-storage-deferred	retained for complete-corpus structural compatibility; necessity is re-evaluated at the named later-stage scope
74	aws-java-sdk-cloudtrail-1.12.564.jar	lib/aws-java-sdk-cloudtrail-1.12.564.jar	2d88e960b257c62af037d514c4a2a573c1936f9c2098c0d48994b21f9c8c3cdc	transitive-or-packaged	0	RETAIN_HASH_PINNED_STAGE1	lib/aws-java-sdk-cloudtrail-1.12.564.jar	2d88e960b257c62af037d514c4a2a573c1936f9c2098c0d48994b21f9c8c3cdc	aws-and-alternative-storage-deferred	retained for complete-corpus structural compatibility; necessity is re-evaluated at the named later-stage scope
75	aws-java-sdk-cloudtraildata-1.12.564.jar	lib/aws-java-sdk-cloudtraildata-1.12.564.jar	182b57124110009350a7a919b3813c62891e7f0a4f24306c842f5e67d496ca8f	transitive-or-packaged	0	RETAIN_HASH_PINNED_STAGE1	lib/aws-java-sdk-cloudtraildata-1.12.564.jar	182b57124110009350a7a919b3813c62891e7f0a4f24306c842f5e67d496ca8f	aws-and-alternative-storage-deferred	retained for complete-corpus structural compatibility; necessity is re-evaluated at the named later-stage scope
76	aws-java-sdk-cloudwatch-1.12.564.jar	lib/aws-java-sdk-cloudwatch-1.12.564.jar	3ecbf9dd97f6e61e43e5e8e458dfbd8c9c7a3b5f1c1923e84de3245363f2193c	transitive-or-packaged	0	RETAIN_HASH_PINNED_STAGE1	lib/aws-java-sdk-cloudwatch-1.12.564.jar	3ecbf9dd97f6e61e43e5e8e458dfbd8c9c7a3b5f1c1923e84de3245363f2193c	aws-and-alternative-storage-deferred	retained for complete-corpus structural compatibility; necessity is re-evaluated at the named later-stage scope
77	aws-java-sdk-cloudwatchevidently-1.12.564.jar	lib/aws-java-sdk-cloudwatchevidently-1.12.564.jar	2e0e7012487dd3f97ce0d1cf96c8b5fa4c19fe62ae47cb93efd2827eec78dab5	transitive-or-packaged	0	RETAIN_HASH_PINNED_STAGE1	lib/aws-java-sdk-cloudwatchevidently-1.12.564.jar	2e0e7012487dd3f97ce0d1cf96c8b5fa4c19fe62ae47cb93efd2827eec78dab5	aws-and-alternative-storage-deferred	retained for complete-corpus structural compatibility; necessity is re-evaluated at the named later-stage scope
78	aws-java-sdk-cloudwatchmetrics-1.12.564.jar	lib/aws-java-sdk-cloudwatchmetrics-1.12.564.jar	6acea6d36f9310afbf9bec8c497e2e1ac9c02420f80aef46ba176ae7b7ff6ec5	transitive-or-packaged	0	RETAIN_HASH_PINNED_STAGE1	lib/aws-java-sdk-cloudwatchmetrics-1.12.564.jar	6acea6d36f9310afbf9bec8c497e2e1ac9c02420f80aef46ba176ae7b7ff6ec5	aws-and-alternative-storage-deferred	retained for complete-corpus structural compatibility; necessity is re-evaluated at the named later-stage scope
79	aws-java-sdk-cloudwatchrum-1.12.564.jar	lib/aws-java-sdk-cloudwatchrum-1.12.564.jar	3fd98a8a58c233de8d1e2b428804907ad36cb8c4c8a4a66d3dd4512b0f212fc5	transitive-or-packaged	0	RETAIN_HASH_PINNED_STAGE1	lib/aws-java-sdk-cloudwatchrum-1.12.564.jar	3fd98a8a58c233de8d1e2b428804907ad36cb8c4c8a4a66d3dd4512b0f212fc5	aws-and-alternative-storage-deferred	retained for complete-corpus structural compatibility; necessity is re-evaluated at the named later-stage scope
80	aws-java-sdk-codeartifact-1.12.564.jar	lib/aws-java-sdk-codeartifact-1.12.564.jar	ada0f143f8ac491ce3802139dfa205da556986060a19b3b544caa079855c83b9	transitive-or-packaged	0	RETAIN_HASH_PINNED_STAGE1	lib/aws-java-sdk-codeartifact-1.12.564.jar	ada0f143f8ac491ce3802139dfa205da556986060a19b3b544caa079855c83b9	aws-and-alternative-storage-deferred	retained for complete-corpus structural compatibility; necessity is re-evaluated at the named later-stage scope
81	aws-java-sdk-codebuild-1.12.564.jar	lib/aws-java-sdk-codebuild-1.12.564.jar	cb64be3cd56955b739e27b9457ff307a5fa8263fd2fdbff080f2068f4df8296d	transitive-or-packaged	0	RETAIN_HASH_PINNED_STAGE1	lib/aws-java-sdk-codebuild-1.12.564.jar	cb64be3cd56955b739e27b9457ff307a5fa8263fd2fdbff080f2068f4df8296d	aws-and-alternative-storage-deferred	retained for complete-corpus structural compatibility; necessity is re-evaluated at the named later-stage scope
82	aws-java-sdk-codecommit-1.12.564.jar	lib/aws-java-sdk-codecommit-1.12.564.jar	dc6b1e819b8a6f1de941d03cf85ef04872b464dd5f179b31ae463a0f4034d139	transitive-or-packaged	0	RETAIN_HASH_PINNED_STAGE1	lib/aws-java-sdk-codecommit-1.12.564.jar	dc6b1e819b8a6f1de941d03cf85ef04872b464dd5f179b31ae463a0f4034d139	aws-and-alternative-storage-deferred	retained for complete-corpus structural compatibility; necessity is re-evaluated at the named later-stage scope
83	aws-java-sdk-codedeploy-1.12.564.jar	lib/aws-java-sdk-codedeploy-1.12.564.jar	53a3f742f9570b5a32b7ed2ac9701514b790c93ecab3e42d4e14fe0856565e0e	transitive-or-packaged	0	RETAIN_HASH_PINNED_STAGE1	lib/aws-java-sdk-codedeploy-1.12.564.jar	53a3f742f9570b5a32b7ed2ac9701514b790c93ecab3e42d4e14fe0856565e0e	aws-and-alternative-storage-deferred	retained for complete-corpus structural compatibility; necessity is re-evaluated at the named later-stage scope
84	aws-java-sdk-codeguruprofiler-1.12.564.jar	lib/aws-java-sdk-codeguruprofiler-1.12.564.jar	3fac3779f18153cc6392ca177cc4cbc4a4f62e37818383ea369877545746d9d8	transitive-or-packaged	0	RETAIN_HASH_PINNED_STAGE1	lib/aws-java-sdk-codeguruprofiler-1.12.564.jar	3fac3779f18153cc6392ca177cc4cbc4a4f62e37818383ea369877545746d9d8	aws-and-alternative-storage-deferred	retained for complete-corpus structural compatibility; necessity is re-evaluated at the named later-stage scope
85	aws-java-sdk-codegurureviewer-1.12.564.jar	lib/aws-java-sdk-codegurureviewer-1.12.564.jar	24b737cad1c416bf1056ed3e586a0a568497eae480cad1d6bbf65123547d6da3	transitive-or-packaged	0	RETAIN_HASH_PINNED_STAGE1	lib/aws-java-sdk-codegurureviewer-1.12.564.jar	24b737cad1c416bf1056ed3e586a0a568497eae480cad1d6bbf65123547d6da3	aws-and-alternative-storage-deferred	retained for complete-corpus structural compatibility; necessity is re-evaluated at the named later-stage scope
86	aws-java-sdk-codegurusecurity-1.12.564.jar	lib/aws-java-sdk-codegurusecurity-1.12.564.jar	17fc2acc58e93ea6e67b2ba4743386101a83502aba597036095557536bdb6755	transitive-or-packaged	0	RETAIN_HASH_PINNED_STAGE1	lib/aws-java-sdk-codegurusecurity-1.12.564.jar	17fc2acc58e93ea6e67b2ba4743386101a83502aba597036095557536bdb6755	aws-and-alternative-storage-deferred	retained for complete-corpus structural compatibility; necessity is re-evaluated at the named later-stage scope
87	aws-java-sdk-codepipeline-1.12.564.jar	lib/aws-java-sdk-codepipeline-1.12.564.jar	77237d72da529431c7120c08833e3f349e768c0f51d31c1c151b5946b8d59a05	transitive-or-packaged	0	RETAIN_HASH_PINNED_STAGE1	lib/aws-java-sdk-codepipeline-1.12.564.jar	77237d72da529431c7120c08833e3f349e768c0f51d31c1c151b5946b8d59a05	aws-and-alternative-storage-deferred	retained for complete-corpus structural compatibility; necessity is re-evaluated at the named later-stage scope
88	aws-java-sdk-codestar-1.12.564.jar	lib/aws-java-sdk-codestar-1.12.564.jar	55859c19d16c0e0887255b1c24ae307d5e8f00b2f772af43da2862a81aab0c92	transitive-or-packaged	0	RETAIN_HASH_PINNED_STAGE1	lib/aws-java-sdk-codestar-1.12.564.jar	55859c19d16c0e0887255b1c24ae307d5e8f00b2f772af43da2862a81aab0c92	aws-and-alternative-storage-deferred	retained for complete-corpus structural compatibility; necessity is re-evaluated at the named later-stage scope
89	aws-java-sdk-codestarconnections-1.12.564.jar	lib/aws-java-sdk-codestarconnections-1.12.564.jar	5600122a367943b8834de1fda3e0e1ebf1729cd8e3440665690eabf1af8152d9	transitive-or-packaged	0	RETAIN_HASH_PINNED_STAGE1	lib/aws-java-sdk-codestarconnections-1.12.564.jar	5600122a367943b8834de1fda3e0e1ebf1729cd8e3440665690eabf1af8152d9	aws-and-alternative-storage-deferred	retained for complete-corpus structural compatibility; necessity is re-evaluated at the named later-stage scope
90	aws-java-sdk-codestarnotifications-1.12.564.jar	lib/aws-java-sdk-codestarnotifications-1.12.564.jar	5858ce13b823b2f4df6022889a133b40908b2ff592d4124aec75b3ca9eb49fe6	transitive-or-packaged	0	RETAIN_HASH_PINNED_STAGE1	lib/aws-java-sdk-codestarnotifications-1.12.564.jar	5858ce13b823b2f4df6022889a133b40908b2ff592d4124aec75b3ca9eb49fe6	aws-and-alternative-storage-deferred	retained for complete-corpus structural compatibility; necessity is re-evaluated at the named later-stage scope
91	aws-java-sdk-cognitoidentity-1.12.564.jar	lib/aws-java-sdk-cognitoidentity-1.12.564.jar	4a6ca5964b13f1407d542aa66b5c2b57492f619fed1d518f7a476a0a749f7bb4	transitive-or-packaged	0	RETAIN_HASH_PINNED_STAGE1	lib/aws-java-sdk-cognitoidentity-1.12.564.jar	4a6ca5964b13f1407d542aa66b5c2b57492f619fed1d518f7a476a0a749f7bb4	aws-and-alternative-storage-deferred	retained for complete-corpus structural compatibility; necessity is re-evaluated at the named later-stage scope
92	aws-java-sdk-cognitoidp-1.12.564.jar	lib/aws-java-sdk-cognitoidp-1.12.564.jar	85fd8ca6c4f468563e29a477540baada42207748898545bed603617541033829	transitive-or-packaged	0	RETAIN_HASH_PINNED_STAGE1	lib/aws-java-sdk-cognitoidp-1.12.564.jar	85fd8ca6c4f468563e29a477540baada42207748898545bed603617541033829	aws-and-alternative-storage-deferred	retained for complete-corpus structural compatibility; necessity is re-evaluated at the named later-stage scope
93	aws-java-sdk-cognitosync-1.12.564.jar	lib/aws-java-sdk-cognitosync-1.12.564.jar	7360552947e7094aaa8920687dcd5d3091b5f1048d89102e727387b750e7f7dd	transitive-or-packaged	0	RETAIN_HASH_PINNED_STAGE1	lib/aws-java-sdk-cognitosync-1.12.564.jar	7360552947e7094aaa8920687dcd5d3091b5f1048d89102e727387b750e7f7dd	aws-and-alternative-storage-deferred	retained for complete-corpus structural compatibility; necessity is re-evaluated at the named later-stage scope
94	aws-java-sdk-comprehend-1.12.564.jar	lib/aws-java-sdk-comprehend-1.12.564.jar	896541d13705f15abb07f7f49fd3ee617660e003c7f401f181b1dfc7eb0dc488	transitive-or-packaged	0	RETAIN_HASH_PINNED_STAGE1	lib/aws-java-sdk-comprehend-1.12.564.jar	896541d13705f15abb07f7f49fd3ee617660e003c7f401f181b1dfc7eb0dc488	aws-and-alternative-storage-deferred	retained for complete-corpus structural compatibility; necessity is re-evaluated at the named later-stage scope
95	aws-java-sdk-comprehendmedical-1.12.564.jar	lib/aws-java-sdk-comprehendmedical-1.12.564.jar	1d1cfcbb12d65212a0b2268c94dae6146dc4953779ae28b3caaebe57b4b940b2	transitive-or-packaged	0	RETAIN_HASH_PINNED_STAGE1	lib/aws-java-sdk-comprehendmedical-1.12.564.jar	1d1cfcbb12d65212a0b2268c94dae6146dc4953779ae28b3caaebe57b4b940b2	aws-and-alternative-storage-deferred	retained for complete-corpus structural compatibility; necessity is re-evaluated at the named later-stage scope
96	aws-java-sdk-computeoptimizer-1.12.564.jar	lib/aws-java-sdk-computeoptimizer-1.12.564.jar	d46d7cf67ae20191eda80cc377fb958465ace44b4caaa9a296afeb10a7a01d27	transitive-or-packaged	0	RETAIN_HASH_PINNED_STAGE1	lib/aws-java-sdk-computeoptimizer-1.12.564.jar	d46d7cf67ae20191eda80cc377fb958465ace44b4caaa9a296afeb10a7a01d27	aws-and-alternative-storage-deferred	retained for complete-corpus structural compatibility; necessity is re-evaluated at the named later-stage scope
97	aws-java-sdk-config-1.12.564.jar	lib/aws-java-sdk-config-1.12.564.jar	98a01e0d163b4bfcfef18cc4876971747f82433ddf9dfbaacdd1d8b82de8f344	transitive-or-packaged	0	RETAIN_HASH_PINNED_STAGE1	lib/aws-java-sdk-config-1.12.564.jar	98a01e0d163b4bfcfef18cc4876971747f82433ddf9dfbaacdd1d8b82de8f344	aws-and-alternative-storage-deferred	retained for complete-corpus structural compatibility; necessity is re-evaluated at the named later-stage scope
98	aws-java-sdk-connect-1.12.564.jar	lib/aws-java-sdk-connect-1.12.564.jar	6f4aba55fb0cc98dafd6333d5a28872233a9c97993d78873ebc32b2cecf39e5f	transitive-or-packaged	0	RETAIN_HASH_PINNED_STAGE1	lib/aws-java-sdk-connect-1.12.564.jar	6f4aba55fb0cc98dafd6333d5a28872233a9c97993d78873ebc32b2cecf39e5f	aws-and-alternative-storage-deferred	retained for complete-corpus structural compatibility; necessity is re-evaluated at the named later-stage scope
99	aws-java-sdk-connectcampaign-1.12.564.jar	lib/aws-java-sdk-connectcampaign-1.12.564.jar	30be3f5cf1ef0a043b6d029c76e3471c7066b8e90bc8ac7a41ed7ac7a9b609af	transitive-or-packaged	0	RETAIN_HASH_PINNED_STAGE1	lib/aws-java-sdk-connectcampaign-1.12.564.jar	30be3f5cf1ef0a043b6d029c76e3471c7066b8e90bc8ac7a41ed7ac7a9b609af	aws-and-alternative-storage-deferred	retained for complete-corpus structural compatibility; necessity is re-evaluated at the named later-stage scope
100	aws-java-sdk-connectcases-1.12.564.jar	lib/aws-java-sdk-connectcases-1.12.564.jar	b6325e95a5ea10c531400a3593f1431045c4c2393c6cac328df9a5a4a4f15f53	transitive-or-packaged	0	RETAIN_HASH_PINNED_STAGE1	lib/aws-java-sdk-connectcases-1.12.564.jar	b6325e95a5ea10c531400a3593f1431045c4c2393c6cac328df9a5a4a4f15f53	aws-and-alternative-storage-deferred	retained for complete-corpus structural compatibility; necessity is re-evaluated at the named later-stage scope
101	aws-java-sdk-connectcontactlens-1.12.564.jar	lib/aws-java-sdk-connectcontactlens-1.12.564.jar	36ca318191a7d2432b1236f7212fe1cef16d94c39f8c6ed8b88f04672dcc5def	transitive-or-packaged	0	RETAIN_HASH_PINNED_STAGE1	lib/aws-java-sdk-connectcontactlens-1.12.564.jar	36ca318191a7d2432b1236f7212fe1cef16d94c39f8c6ed8b88f04672dcc5def	aws-and-alternative-storage-deferred	retained for complete-corpus structural compatibility; necessity is re-evaluated at the named later-stage scope
102	aws-java-sdk-connectparticipant-1.12.564.jar	lib/aws-java-sdk-connectparticipant-1.12.564.jar	8939d7362c51a080373e94e45eb4b15f1e934367830f4c70fbd88432e976b5a3	transitive-or-packaged	0	RETAIN_HASH_PINNED_STAGE1	lib/aws-java-sdk-connectparticipant-1.12.564.jar	8939d7362c51a080373e94e45eb4b15f1e934367830f4c70fbd88432e976b5a3	aws-and-alternative-storage-deferred	retained for complete-corpus structural compatibility; necessity is re-evaluated at the named later-stage scope
103	aws-java-sdk-connectwisdom-1.12.564.jar	lib/aws-java-sdk-connectwisdom-1.12.564.jar	fd2c0b67162eee13edcc61b4163d791795ebac2abcad7d190d986381a93cf9a1	transitive-or-packaged	0	RETAIN_HASH_PINNED_STAGE1	lib/aws-java-sdk-connectwisdom-1.12.564.jar	fd2c0b67162eee13edcc61b4163d791795ebac2abcad7d190d986381a93cf9a1	aws-and-alternative-storage-deferred	retained for complete-corpus structural compatibility; necessity is re-evaluated at the named later-stage scope
104	aws-java-sdk-controltower-1.12.564.jar	lib/aws-java-sdk-controltower-1.12.564.jar	74d18f7d5c37c79531089231970672e6cde7f10febf848029dd7b9a5b1a09a3d	transitive-or-packaged	0	RETAIN_HASH_PINNED_STAGE1	lib/aws-java-sdk-controltower-1.12.564.jar	74d18f7d5c37c79531089231970672e6cde7f10febf848029dd7b9a5b1a09a3d	aws-and-alternative-storage-deferred	retained for complete-corpus structural compatibility; necessity is re-evaluated at the named later-stage scope
105	aws-java-sdk-core-1.12.564.jar	lib/aws-java-sdk-core-1.12.564.jar	b8b902e53299ed74a9c0cf2faaf61e7abeddda488ed5330d9ed5e3c537dd7ff8	transitive-or-packaged	0	RETAIN_HASH_PINNED_STAGE1	lib/aws-java-sdk-core-1.12.564.jar	b8b902e53299ed74a9c0cf2faaf61e7abeddda488ed5330d9ed5e3c537dd7ff8	aws-and-alternative-storage-deferred	retained for complete-corpus structural compatibility; necessity is re-evaluated at the named later-stage scope
106	aws-java-sdk-costandusagereport-1.12.564.jar	lib/aws-java-sdk-costandusagereport-1.12.564.jar	3470ffc84f173c4c8aeb8cc764ab2c713cfaec998e3046ff707adeaa87a7b881	transitive-or-packaged	0	RETAIN_HASH_PINNED_STAGE1	lib/aws-java-sdk-costandusagereport-1.12.564.jar	3470ffc84f173c4c8aeb8cc764ab2c713cfaec998e3046ff707adeaa87a7b881	aws-and-alternative-storage-deferred	retained for complete-corpus structural compatibility; necessity is re-evaluated at the named later-stage scope
107	aws-java-sdk-costexplorer-1.12.564.jar	lib/aws-java-sdk-costexplorer-1.12.564.jar	e77a8eb6530426319fd86236758276737aa42694ea89ac0a6de00f22d0a82ee3	transitive-or-packaged	0	RETAIN_HASH_PINNED_STAGE1	lib/aws-java-sdk-costexplorer-1.12.564.jar	e77a8eb6530426319fd86236758276737aa42694ea89ac0a6de00f22d0a82ee3	aws-and-alternative-storage-deferred	retained for complete-corpus structural compatibility; necessity is re-evaluated at the named later-stage scope
108	aws-java-sdk-customerprofiles-1.12.564.jar	lib/aws-java-sdk-customerprofiles-1.12.564.jar	c2f9374a8e2a340ad3bb66a736630840366845a84b76794a0d55d72eebabd3e2	transitive-or-packaged	0	RETAIN_HASH_PINNED_STAGE1	lib/aws-java-sdk-customerprofiles-1.12.564.jar	c2f9374a8e2a340ad3bb66a736630840366845a84b76794a0d55d72eebabd3e2	aws-and-alternative-storage-deferred	retained for complete-corpus structural compatibility; necessity is re-evaluated at the named later-stage scope
109	aws-java-sdk-dataexchange-1.12.564.jar	lib/aws-java-sdk-dataexchange-1.12.564.jar	ba2b943430df2bdf69222d6f944aca5c211c4a5ad91cbd73e399f0c555e811d1	transitive-or-packaged	0	RETAIN_HASH_PINNED_STAGE1	lib/aws-java-sdk-dataexchange-1.12.564.jar	ba2b943430df2bdf69222d6f944aca5c211c4a5ad91cbd73e399f0c555e811d1	aws-and-alternative-storage-deferred	retained for complete-corpus structural compatibility; necessity is re-evaluated at the named later-stage scope
110	aws-java-sdk-datapipeline-1.12.564.jar	lib/aws-java-sdk-datapipeline-1.12.564.jar	d63eecb683376a723c4b23e9e0df681335d31c62aaf99edbc70df00bde6475fb	transitive-or-packaged	0	RETAIN_HASH_PINNED_STAGE1	lib/aws-java-sdk-datapipeline-1.12.564.jar	d63eecb683376a723c4b23e9e0df681335d31c62aaf99edbc70df00bde6475fb	aws-and-alternative-storage-deferred	retained for complete-corpus structural compatibility; necessity is re-evaluated at the named later-stage scope
111	aws-java-sdk-datasync-1.12.564.jar	lib/aws-java-sdk-datasync-1.12.564.jar	1bd2349122241113436ff841ff74f4f8d0d68cd1daff6daf6dd216cd529cfe6d	transitive-or-packaged	0	RETAIN_HASH_PINNED_STAGE1	lib/aws-java-sdk-datasync-1.12.564.jar	1bd2349122241113436ff841ff74f4f8d0d68cd1daff6daf6dd216cd529cfe6d	aws-and-alternative-storage-deferred	retained for complete-corpus structural compatibility; necessity is re-evaluated at the named later-stage scope
112	aws-java-sdk-datazoneexternal-1.12.564.jar	lib/aws-java-sdk-datazoneexternal-1.12.564.jar	ba5f098fb564ee9bc4ee7b8f2abf89c68318a02d6e689a2a275670f8ac2a175a	transitive-or-packaged	0	RETAIN_HASH_PINNED_STAGE1	lib/aws-java-sdk-datazoneexternal-1.12.564.jar	ba5f098fb564ee9bc4ee7b8f2abf89c68318a02d6e689a2a275670f8ac2a175a	aws-and-alternative-storage-deferred	retained for complete-corpus structural compatibility; necessity is re-evaluated at the named later-stage scope
113	aws-java-sdk-dax-1.12.564.jar	lib/aws-java-sdk-dax-1.12.564.jar	126a59c6ccabc9fbd162d486f4fc016a921479b545e4a407ae69e416961376e2	transitive-or-packaged	0	RETAIN_HASH_PINNED_STAGE1	lib/aws-java-sdk-dax-1.12.564.jar	126a59c6ccabc9fbd162d486f4fc016a921479b545e4a407ae69e416961376e2	aws-and-alternative-storage-deferred	retained for complete-corpus structural compatibility; necessity is re-evaluated at the named later-stage scope
114	aws-java-sdk-detective-1.12.564.jar	lib/aws-java-sdk-detective-1.12.564.jar	b7f29d7e936d7b24b23d405e7b7f413d408b658310800dc0b601f15d0fe1de0e	transitive-or-packaged	0	RETAIN_HASH_PINNED_STAGE1	lib/aws-java-sdk-detective-1.12.564.jar	b7f29d7e936d7b24b23d405e7b7f413d408b658310800dc0b601f15d0fe1de0e	aws-and-alternative-storage-deferred	retained for complete-corpus structural compatibility; necessity is re-evaluated at the named later-stage scope
115	aws-java-sdk-devicefarm-1.12.564.jar	lib/aws-java-sdk-devicefarm-1.12.564.jar	c1fcd2458795b32f8d0392fd8be7613e71916cae3a15cd7735da9a55954bf8ea	transitive-or-packaged	0	RETAIN_HASH_PINNED_STAGE1	lib/aws-java-sdk-devicefarm-1.12.564.jar	c1fcd2458795b32f8d0392fd8be7613e71916cae3a15cd7735da9a55954bf8ea	aws-and-alternative-storage-deferred	retained for complete-corpus structural compatibility; necessity is re-evaluated at the named later-stage scope
116	aws-java-sdk-devopsguru-1.12.564.jar	lib/aws-java-sdk-devopsguru-1.12.564.jar	482342b5f6576949f7a19f0002f90e13d15346a2b4a638ce9ae60ef3a54dc2eb	transitive-or-packaged	0	RETAIN_HASH_PINNED_STAGE1	lib/aws-java-sdk-devopsguru-1.12.564.jar	482342b5f6576949f7a19f0002f90e13d15346a2b4a638ce9ae60ef3a54dc2eb	aws-and-alternative-storage-deferred	retained for complete-corpus structural compatibility; necessity is re-evaluated at the named later-stage scope
117	aws-java-sdk-directconnect-1.12.564.jar	lib/aws-java-sdk-directconnect-1.12.564.jar	0f202769fd3192e1af7c89a7b3baf794956f463b972a9922c1d31073711d61d9	transitive-or-packaged	0	RETAIN_HASH_PINNED_STAGE1	lib/aws-java-sdk-directconnect-1.12.564.jar	0f202769fd3192e1af7c89a7b3baf794956f463b972a9922c1d31073711d61d9	aws-and-alternative-storage-deferred	retained for complete-corpus structural compatibility; necessity is re-evaluated at the named later-stage scope
118	aws-java-sdk-directory-1.12.564.jar	lib/aws-java-sdk-directory-1.12.564.jar	6fe5c75256266325c9a8f082557dd842e8487238442b12e5379383a9569d7eec	transitive-or-packaged	0	RETAIN_HASH_PINNED_STAGE1	lib/aws-java-sdk-directory-1.12.564.jar	6fe5c75256266325c9a8f082557dd842e8487238442b12e5379383a9569d7eec	aws-and-alternative-storage-deferred	retained for complete-corpus structural compatibility; necessity is re-evaluated at the named later-stage scope
119	aws-java-sdk-discovery-1.12.564.jar	lib/aws-java-sdk-discovery-1.12.564.jar	941cbb1b30c0a24b38eba026318b42c249251344c5e2ef48a9cc496e1aa3c9d1	transitive-or-packaged	0	RETAIN_HASH_PINNED_STAGE1	lib/aws-java-sdk-discovery-1.12.564.jar	941cbb1b30c0a24b38eba026318b42c249251344c5e2ef48a9cc496e1aa3c9d1	aws-and-alternative-storage-deferred	retained for complete-corpus structural compatibility; necessity is re-evaluated at the named later-stage scope
120	aws-java-sdk-dlm-1.12.564.jar	lib/aws-java-sdk-dlm-1.12.564.jar	01947441a84232f616338a9c50d085ea6d64da5aa00f8c5d7f4d0fe97a73d8c8	transitive-or-packaged	0	RETAIN_HASH_PINNED_STAGE1	lib/aws-java-sdk-dlm-1.12.564.jar	01947441a84232f616338a9c50d085ea6d64da5aa00f8c5d7f4d0fe97a73d8c8	aws-and-alternative-storage-deferred	retained for complete-corpus structural compatibility; necessity is re-evaluated at the named later-stage scope
121	aws-java-sdk-dms-1.12.564.jar	lib/aws-java-sdk-dms-1.12.564.jar	b65d7cd460b483840c7c882606f05d86b0e1c60d974727d4cca415962bb06d35	transitive-or-packaged	0	RETAIN_HASH_PINNED_STAGE1	lib/aws-java-sdk-dms-1.12.564.jar	b65d7cd460b483840c7c882606f05d86b0e1c60d974727d4cca415962bb06d35	aws-and-alternative-storage-deferred	retained for complete-corpus structural compatibility; necessity is re-evaluated at the named later-stage scope
122	aws-java-sdk-docdb-1.12.564.jar	lib/aws-java-sdk-docdb-1.12.564.jar	9276b728ab664fd7680a80ab98051311ac7c030d61e5b0870829de49b07804cf	transitive-or-packaged	0	RETAIN_HASH_PINNED_STAGE1	lib/aws-java-sdk-docdb-1.12.564.jar	9276b728ab664fd7680a80ab98051311ac7c030d61e5b0870829de49b07804cf	aws-and-alternative-storage-deferred	retained for complete-corpus structural compatibility; necessity is re-evaluated at the named later-stage scope
123	aws-java-sdk-docdbelastic-1.12.564.jar	lib/aws-java-sdk-docdbelastic-1.12.564.jar	879a24ad6a9773d267d3c59fd9e961f702649cf754c3b1e8593d13c62a3464fa	transitive-or-packaged	0	RETAIN_HASH_PINNED_STAGE1	lib/aws-java-sdk-docdbelastic-1.12.564.jar	879a24ad6a9773d267d3c59fd9e961f702649cf754c3b1e8593d13c62a3464fa	aws-and-alternative-storage-deferred	retained for complete-corpus structural compatibility; necessity is re-evaluated at the named later-stage scope
124	aws-java-sdk-drs-1.12.564.jar	lib/aws-java-sdk-drs-1.12.564.jar	6748de806a9a323d71c591457adc8473fd291a4422d2e6af7703aa1f950b6cda	transitive-or-packaged	0	RETAIN_HASH_PINNED_STAGE1	lib/aws-java-sdk-drs-1.12.564.jar	6748de806a9a323d71c591457adc8473fd291a4422d2e6af7703aa1f950b6cda	aws-and-alternative-storage-deferred	retained for complete-corpus structural compatibility; necessity is re-evaluated at the named later-stage scope
125	aws-java-sdk-dynamodb-1.12.564.jar	lib/aws-java-sdk-dynamodb-1.12.564.jar	a37997b433e42fd61de928252bc929cdc52b8008f4b7c53ce622618b2d1a805f	transitive-or-packaged	0	RETAIN_HASH_PINNED_STAGE1	lib/aws-java-sdk-dynamodb-1.12.564.jar	a37997b433e42fd61de928252bc929cdc52b8008f4b7c53ce622618b2d1a805f	aws-and-alternative-storage-deferred	retained for complete-corpus structural compatibility; necessity is re-evaluated at the named later-stage scope
126	aws-java-sdk-ebs-1.12.564.jar	lib/aws-java-sdk-ebs-1.12.564.jar	66c7a324ea051a1dcb89ad004a184d97d6184bd02492b0574449f132e673a814	transitive-or-packaged	0	RETAIN_HASH_PINNED_STAGE1	lib/aws-java-sdk-ebs-1.12.564.jar	66c7a324ea051a1dcb89ad004a184d97d6184bd02492b0574449f132e673a814	aws-and-alternative-storage-deferred	retained for complete-corpus structural compatibility; necessity is re-evaluated at the named later-stage scope
127	aws-java-sdk-ec2-1.11.22.jar	lib/aws-java-sdk-ec2-1.11.22.jar	84c6d5e3a4bf4950071d125b513e768644023244384ea717615eac34696dcae1	transitive-or-packaged	0	RETAIN_HASH_PINNED_STAGE1	lib/aws-java-sdk-ec2-1.11.22.jar	84c6d5e3a4bf4950071d125b513e768644023244384ea717615eac34696dcae1	aws-and-alternative-storage-deferred	retained for complete-corpus structural compatibility; necessity is re-evaluated at the named later-stage scope
128	aws-java-sdk-ec2instanceconnect-1.12.564.jar	lib/aws-java-sdk-ec2instanceconnect-1.12.564.jar	0c159524c4296b42ac58f6ea4898aba5f31904ee78b63ac82bc475678455e513	transitive-or-packaged	0	RETAIN_HASH_PINNED_STAGE1	lib/aws-java-sdk-ec2instanceconnect-1.12.564.jar	0c159524c4296b42ac58f6ea4898aba5f31904ee78b63ac82bc475678455e513	aws-and-alternative-storage-deferred	retained for complete-corpus structural compatibility; necessity is re-evaluated at the named later-stage scope
129	aws-java-sdk-ecr-1.12.564.jar	lib/aws-java-sdk-ecr-1.12.564.jar	9511c2a5cb5b034be520a92b26f14ed8e505172dae35c1880c0ae0b973a2eca3	transitive-or-packaged	0	RETAIN_HASH_PINNED_STAGE1	lib/aws-java-sdk-ecr-1.12.564.jar	9511c2a5cb5b034be520a92b26f14ed8e505172dae35c1880c0ae0b973a2eca3	aws-and-alternative-storage-deferred	retained for complete-corpus structural compatibility; necessity is re-evaluated at the named later-stage scope
130	aws-java-sdk-ecrpublic-1.12.564.jar	lib/aws-java-sdk-ecrpublic-1.12.564.jar	ff9f1bf95b1f564136c86ad2becf131c112a4362c82a14b3b0a0c9a2a7d550be	transitive-or-packaged	0	RETAIN_HASH_PINNED_STAGE1	lib/aws-java-sdk-ecrpublic-1.12.564.jar	ff9f1bf95b1f564136c86ad2becf131c112a4362c82a14b3b0a0c9a2a7d550be	aws-and-alternative-storage-deferred	retained for complete-corpus structural compatibility; necessity is re-evaluated at the named later-stage scope
131	aws-java-sdk-ecs-1.12.564.jar	lib/aws-java-sdk-ecs-1.12.564.jar	62bda6aabef4b8cd1751be8343ce28b690045417c7b2cbe530f7c505deb652ee	transitive-or-packaged	0	RETAIN_HASH_PINNED_STAGE1	lib/aws-java-sdk-ecs-1.12.564.jar	62bda6aabef4b8cd1751be8343ce28b690045417c7b2cbe530f7c505deb652ee	aws-and-alternative-storage-deferred	retained for complete-corpus structural compatibility; necessity is re-evaluated at the named later-stage scope
132	aws-java-sdk-efs-1.12.564.jar	lib/aws-java-sdk-efs-1.12.564.jar	8bf4341a48fdefbd0d5218fc577914c4f3b713bd945d0564eea3f7ecc0905db1	transitive-or-packaged	0	RETAIN_HASH_PINNED_STAGE1	lib/aws-java-sdk-efs-1.12.564.jar	8bf4341a48fdefbd0d5218fc577914c4f3b713bd945d0564eea3f7ecc0905db1	aws-and-alternative-storage-deferred	retained for complete-corpus structural compatibility; necessity is re-evaluated at the named later-stage scope
133	aws-java-sdk-eks-1.12.564.jar	lib/aws-java-sdk-eks-1.12.564.jar	366b46196b8ecdd982804ff9284027f3bfaf94a75fcf9f2d0b24450d4fc085ab	transitive-or-packaged	0	RETAIN_HASH_PINNED_STAGE1	lib/aws-java-sdk-eks-1.12.564.jar	366b46196b8ecdd982804ff9284027f3bfaf94a75fcf9f2d0b24450d4fc085ab	aws-and-alternative-storage-deferred	retained for complete-corpus structural compatibility; necessity is re-evaluated at the named later-stage scope
134	aws-java-sdk-elasticache-1.12.564.jar	lib/aws-java-sdk-elasticache-1.12.564.jar	749bd665ee43ded6eb5a7432aeaf7163cafb04b6cca2e8880fc252867522083e	transitive-or-packaged	0	RETAIN_HASH_PINNED_STAGE1	lib/aws-java-sdk-elasticache-1.12.564.jar	749bd665ee43ded6eb5a7432aeaf7163cafb04b6cca2e8880fc252867522083e	aws-and-alternative-storage-deferred	retained for complete-corpus structural compatibility; necessity is re-evaluated at the named later-stage scope
135	aws-java-sdk-elasticbeanstalk-1.12.564.jar	lib/aws-java-sdk-elasticbeanstalk-1.12.564.jar	b44c8c66d33aee8f21f518f56df12a3c33dcbca6708062e2c1af487ac847328e	transitive-or-packaged	0	RETAIN_HASH_PINNED_STAGE1	lib/aws-java-sdk-elasticbeanstalk-1.12.564.jar	b44c8c66d33aee8f21f518f56df12a3c33dcbca6708062e2c1af487ac847328e	aws-and-alternative-storage-deferred	retained for complete-corpus structural compatibility; necessity is re-evaluated at the named later-stage scope
136	aws-java-sdk-elasticinference-1.12.564.jar	lib/aws-java-sdk-elasticinference-1.12.564.jar	3b3506b53e5a90f54e4b720ae9bd06e616b1cb341057f78426fce3bfde0f9ba4	transitive-or-packaged	0	RETAIN_HASH_PINNED_STAGE1	lib/aws-java-sdk-elasticinference-1.12.564.jar	3b3506b53e5a90f54e4b720ae9bd06e616b1cb341057f78426fce3bfde0f9ba4	aws-and-alternative-storage-deferred	retained for complete-corpus structural compatibility; necessity is re-evaluated at the named later-stage scope
137	aws-java-sdk-elasticloadbalancing-1.12.564.jar	lib/aws-java-sdk-elasticloadbalancing-1.12.564.jar	15c88e51642001be0d926bc2ce690671dc0dfd6c47dfdf25f35ae4a16ee47ae9	transitive-or-packaged	0	RETAIN_HASH_PINNED_STAGE1	lib/aws-java-sdk-elasticloadbalancing-1.12.564.jar	15c88e51642001be0d926bc2ce690671dc0dfd6c47dfdf25f35ae4a16ee47ae9	aws-and-alternative-storage-deferred	retained for complete-corpus structural compatibility; necessity is re-evaluated at the named later-stage scope
138	aws-java-sdk-elasticloadbalancingv2-1.12.564.jar	lib/aws-java-sdk-elasticloadbalancingv2-1.12.564.jar	d1f589385cafb664a683d9efb8190c5db71e57f3daf37f8863c78b67292bb020	transitive-or-packaged	0	RETAIN_HASH_PINNED_STAGE1	lib/aws-java-sdk-elasticloadbalancingv2-1.12.564.jar	d1f589385cafb664a683d9efb8190c5db71e57f3daf37f8863c78b67292bb020	aws-and-alternative-storage-deferred	retained for complete-corpus structural compatibility; necessity is re-evaluated at the named later-stage scope
139	aws-java-sdk-elasticsearch-1.12.564.jar	lib/aws-java-sdk-elasticsearch-1.12.564.jar	a3c0c609763ccb8a491636fb9dae46e53f38f66646a662f7a9daa6d7edc90914	transitive-or-packaged	0	RETAIN_HASH_PINNED_STAGE1	lib/aws-java-sdk-elasticsearch-1.12.564.jar	a3c0c609763ccb8a491636fb9dae46e53f38f66646a662f7a9daa6d7edc90914	aws-and-alternative-storage-deferred	retained for complete-corpus structural compatibility; necessity is re-evaluated at the named later-stage scope
140	aws-java-sdk-elastictranscoder-1.12.564.jar	lib/aws-java-sdk-elastictranscoder-1.12.564.jar	27fc3ac457ef1e136ba066499d1f6912a39871241d5e42eb4fa0829ee69d295a	transitive-or-packaged	0	RETAIN_HASH_PINNED_STAGE1	lib/aws-java-sdk-elastictranscoder-1.12.564.jar	27fc3ac457ef1e136ba066499d1f6912a39871241d5e42eb4fa0829ee69d295a	aws-and-alternative-storage-deferred	retained for complete-corpus structural compatibility; necessity is re-evaluated at the named later-stage scope
141	aws-java-sdk-emr-1.12.564.jar	lib/aws-java-sdk-emr-1.12.564.jar	58007500c08bf43a76c3ddd7503d427178b4c170d574236e1ad249e615149a3f	transitive-or-packaged	0	RETAIN_HASH_PINNED_STAGE1	lib/aws-java-sdk-emr-1.12.564.jar	58007500c08bf43a76c3ddd7503d427178b4c170d574236e1ad249e615149a3f	aws-and-alternative-storage-deferred	retained for complete-corpus structural compatibility; necessity is re-evaluated at the named later-stage scope
142	aws-java-sdk-emrcontainers-1.12.564.jar	lib/aws-java-sdk-emrcontainers-1.12.564.jar	239bdcb76a90d53985b6da14e5cd249055a1fdb676fad1c3df107f0109650a12	transitive-or-packaged	0	RETAIN_HASH_PINNED_STAGE1	lib/aws-java-sdk-emrcontainers-1.12.564.jar	239bdcb76a90d53985b6da14e5cd249055a1fdb676fad1c3df107f0109650a12	aws-and-alternative-storage-deferred	retained for complete-corpus structural compatibility; necessity is re-evaluated at the named later-stage scope
143	aws-java-sdk-emrserverless-1.12.564.jar	lib/aws-java-sdk-emrserverless-1.12.564.jar	4b5c1f7f488c5129e5f21009d08ffbfeb2a0eb6935ea98ce04fbd819ed20fb0a	transitive-or-packaged	0	RETAIN_HASH_PINNED_STAGE1	lib/aws-java-sdk-emrserverless-1.12.564.jar	4b5c1f7f488c5129e5f21009d08ffbfeb2a0eb6935ea98ce04fbd819ed20fb0a	aws-and-alternative-storage-deferred	retained for complete-corpus structural compatibility; necessity is re-evaluated at the named later-stage scope
144	aws-java-sdk-entityresolution-1.12.564.jar	lib/aws-java-sdk-entityresolution-1.12.564.jar	6852b5c20cba5cda94e78758b2541e582e2d96b4f72ccdc8dffec58889c6775f	transitive-or-packaged	0	RETAIN_HASH_PINNED_STAGE1	lib/aws-java-sdk-entityresolution-1.12.564.jar	6852b5c20cba5cda94e78758b2541e582e2d96b4f72ccdc8dffec58889c6775f	aws-and-alternative-storage-deferred	retained for complete-corpus structural compatibility; necessity is re-evaluated at the named later-stage scope
145	aws-java-sdk-eventbridge-1.12.564.jar	lib/aws-java-sdk-eventbridge-1.12.564.jar	1cd4b50fd522b11c323d2c223cddc56e36ba4ba4870e7630657ef0c55d2e2306	transitive-or-packaged	0	RETAIN_HASH_PINNED_STAGE1	lib/aws-java-sdk-eventbridge-1.12.564.jar	1cd4b50fd522b11c323d2c223cddc56e36ba4ba4870e7630657ef0c55d2e2306	aws-and-alternative-storage-deferred	retained for complete-corpus structural compatibility; necessity is re-evaluated at the named later-stage scope
146	aws-java-sdk-events-1.12.564.jar	lib/aws-java-sdk-events-1.12.564.jar	c0d9a47e25f7b16c2293d3ceedde713b35b2d50d3d52c6deff33c15583153211	transitive-or-packaged	0	RETAIN_HASH_PINNED_STAGE1	lib/aws-java-sdk-events-1.12.564.jar	c0d9a47e25f7b16c2293d3ceedde713b35b2d50d3d52c6deff33c15583153211	aws-and-alternative-storage-deferred	retained for complete-corpus structural compatibility; necessity is re-evaluated at the named later-stage scope
147	aws-java-sdk-finspace-1.12.564.jar	lib/aws-java-sdk-finspace-1.12.564.jar	7f5b4d32948e9058a33e7ae7e1e7053eb0e190f60868c0c8bf1b3099c1644985	transitive-or-packaged	0	RETAIN_HASH_PINNED_STAGE1	lib/aws-java-sdk-finspace-1.12.564.jar	7f5b4d32948e9058a33e7ae7e1e7053eb0e190f60868c0c8bf1b3099c1644985	aws-and-alternative-storage-deferred	retained for complete-corpus structural compatibility; necessity is re-evaluated at the named later-stage scope
148	aws-java-sdk-finspacedata-1.12.564.jar	lib/aws-java-sdk-finspacedata-1.12.564.jar	0f5aeb9e06779fbc505b6f963a1e387dc3fbd1ed9cece063c68fbfa5fb28199e	transitive-or-packaged	0	RETAIN_HASH_PINNED_STAGE1	lib/aws-java-sdk-finspacedata-1.12.564.jar	0f5aeb9e06779fbc505b6f963a1e387dc3fbd1ed9cece063c68fbfa5fb28199e	aws-and-alternative-storage-deferred	retained for complete-corpus structural compatibility; necessity is re-evaluated at the named later-stage scope
149	aws-java-sdk-fis-1.12.564.jar	lib/aws-java-sdk-fis-1.12.564.jar	2ea3d41d5c036c549d1b14cf2658bebc9e573c288da7f9c558c332252e625e40	transitive-or-packaged	0	RETAIN_HASH_PINNED_STAGE1	lib/aws-java-sdk-fis-1.12.564.jar	2ea3d41d5c036c549d1b14cf2658bebc9e573c288da7f9c558c332252e625e40	aws-and-alternative-storage-deferred	retained for complete-corpus structural compatibility; necessity is re-evaluated at the named later-stage scope
150	aws-java-sdk-fms-1.12.564.jar	lib/aws-java-sdk-fms-1.12.564.jar	7b2c74e6574e27013c0ab5da88e52f9b3a2904407cdef6648a29443f73b18bae	transitive-or-packaged	0	RETAIN_HASH_PINNED_STAGE1	lib/aws-java-sdk-fms-1.12.564.jar	7b2c74e6574e27013c0ab5da88e52f9b3a2904407cdef6648a29443f73b18bae	aws-and-alternative-storage-deferred	retained for complete-corpus structural compatibility; necessity is re-evaluated at the named later-stage scope
151	aws-java-sdk-forecast-1.12.564.jar	lib/aws-java-sdk-forecast-1.12.564.jar	03d373eccda9bd0c943303e4c0f046b12e719af70981b5d36641ceee11124a60	transitive-or-packaged	0	RETAIN_HASH_PINNED_STAGE1	lib/aws-java-sdk-forecast-1.12.564.jar	03d373eccda9bd0c943303e4c0f046b12e719af70981b5d36641ceee11124a60	aws-and-alternative-storage-deferred	retained for complete-corpus structural compatibility; necessity is re-evaluated at the named later-stage scope
152	aws-java-sdk-forecastquery-1.12.564.jar	lib/aws-java-sdk-forecastquery-1.12.564.jar	bdf484cc453a86fcd33fdf7c72ff1da88b2f7758006eeca1f72977074be8a02e	transitive-or-packaged	0	RETAIN_HASH_PINNED_STAGE1	lib/aws-java-sdk-forecastquery-1.12.564.jar	bdf484cc453a86fcd33fdf7c72ff1da88b2f7758006eeca1f72977074be8a02e	aws-and-alternative-storage-deferred	retained for complete-corpus structural compatibility; necessity is re-evaluated at the named later-stage scope
153	aws-java-sdk-frauddetector-1.12.564.jar	lib/aws-java-sdk-frauddetector-1.12.564.jar	d017707a4f1b4bcc562c7e5edd835ccb047b0684ad99b4aae73b8ad9e5da2799	transitive-or-packaged	0	RETAIN_HASH_PINNED_STAGE1	lib/aws-java-sdk-frauddetector-1.12.564.jar	d017707a4f1b4bcc562c7e5edd835ccb047b0684ad99b4aae73b8ad9e5da2799	aws-and-alternative-storage-deferred	retained for complete-corpus structural compatibility; necessity is re-evaluated at the named later-stage scope
154	aws-java-sdk-fsx-1.12.564.jar	lib/aws-java-sdk-fsx-1.12.564.jar	4f673c376bf4c481f56853dd337c185c13afe797a0a6bb5e6827f0026c99b2a2	transitive-or-packaged	0	RETAIN_HASH_PINNED_STAGE1	lib/aws-java-sdk-fsx-1.12.564.jar	4f673c376bf4c481f56853dd337c185c13afe797a0a6bb5e6827f0026c99b2a2	aws-and-alternative-storage-deferred	retained for complete-corpus structural compatibility; necessity is re-evaluated at the named later-stage scope
155	aws-java-sdk-gamelift-1.12.564.jar	lib/aws-java-sdk-gamelift-1.12.564.jar	b85915ee94302e5e6adc7d568cdf66aa223bfc24007efef9a13d6b730c17f887	transitive-or-packaged	0	RETAIN_HASH_PINNED_STAGE1	lib/aws-java-sdk-gamelift-1.12.564.jar	b85915ee94302e5e6adc7d568cdf66aa223bfc24007efef9a13d6b730c17f887	aws-and-alternative-storage-deferred	retained for complete-corpus structural compatibility; necessity is re-evaluated at the named later-stage scope
156	aws-java-sdk-gamesparks-1.12.564.jar	lib/aws-java-sdk-gamesparks-1.12.564.jar	8e9a62346c573f80cf659edbb94d373a114b1cce94e2c42c7f1dcdc899f73d44	transitive-or-packaged	0	RETAIN_HASH_PINNED_STAGE1	lib/aws-java-sdk-gamesparks-1.12.564.jar	8e9a62346c573f80cf659edbb94d373a114b1cce94e2c42c7f1dcdc899f73d44	aws-and-alternative-storage-deferred	retained for complete-corpus structural compatibility; necessity is re-evaluated at the named later-stage scope
157	aws-java-sdk-glacier-1.12.564.jar	lib/aws-java-sdk-glacier-1.12.564.jar	4632c81a63a997600dd1fd5ea6c2379f8698782bf3083daba9792e9bca6beaaf	transitive-or-packaged	0	RETAIN_HASH_PINNED_STAGE1	lib/aws-java-sdk-glacier-1.12.564.jar	4632c81a63a997600dd1fd5ea6c2379f8698782bf3083daba9792e9bca6beaaf	aws-and-alternative-storage-deferred	retained for complete-corpus structural compatibility; necessity is re-evaluated at the named later-stage scope
158	aws-java-sdk-globalaccelerator-1.12.564.jar	lib/aws-java-sdk-globalaccelerator-1.12.564.jar	89ab21cfc890b256a686c3dbf12d4f10e1c2f84c149a115f45cfbcd56ea0fa8d	transitive-or-packaged	0	RETAIN_HASH_PINNED_STAGE1	lib/aws-java-sdk-globalaccelerator-1.12.564.jar	89ab21cfc890b256a686c3dbf12d4f10e1c2f84c149a115f45cfbcd56ea0fa8d	aws-and-alternative-storage-deferred	retained for complete-corpus structural compatibility; necessity is re-evaluated at the named later-stage scope
159	aws-java-sdk-glue-1.12.564.jar	lib/aws-java-sdk-glue-1.12.564.jar	eac7f1d3720a817ed447d2da68ddf01bd7d96c139c534c81d49a3f177e7c99d5	transitive-or-packaged	0	RETAIN_HASH_PINNED_STAGE1	lib/aws-java-sdk-glue-1.12.564.jar	eac7f1d3720a817ed447d2da68ddf01bd7d96c139c534c81d49a3f177e7c99d5	aws-and-alternative-storage-deferred	retained for complete-corpus structural compatibility; necessity is re-evaluated at the named later-stage scope
160	aws-java-sdk-gluedatabrew-1.12.564.jar	lib/aws-java-sdk-gluedatabrew-1.12.564.jar	0673ae9e2ca96876cc80b8c46828aaf329cfdf93de16b0012bae3883e15916bd	transitive-or-packaged	0	RETAIN_HASH_PINNED_STAGE1	lib/aws-java-sdk-gluedatabrew-1.12.564.jar	0673ae9e2ca96876cc80b8c46828aaf329cfdf93de16b0012bae3883e15916bd	aws-and-alternative-storage-deferred	retained for complete-corpus structural compatibility; necessity is re-evaluated at the named later-stage scope
161	aws-java-sdk-greengrass-1.12.564.jar	lib/aws-java-sdk-greengrass-1.12.564.jar	27d2cb64ebea962a331576731971008dab9f152950a7e65d44bc346e054af85f	transitive-or-packaged	0	RETAIN_HASH_PINNED_STAGE1	lib/aws-java-sdk-greengrass-1.12.564.jar	27d2cb64ebea962a331576731971008dab9f152950a7e65d44bc346e054af85f	aws-and-alternative-storage-deferred	retained for complete-corpus structural compatibility; necessity is re-evaluated at the named later-stage scope
162	aws-java-sdk-greengrassv2-1.12.564.jar	lib/aws-java-sdk-greengrassv2-1.12.564.jar	fab41e31f0960647a573527c91a1bfb5be24fa3f8d5e75873bde31ea29099c57	transitive-or-packaged	0	RETAIN_HASH_PINNED_STAGE1	lib/aws-java-sdk-greengrassv2-1.12.564.jar	fab41e31f0960647a573527c91a1bfb5be24fa3f8d5e75873bde31ea29099c57	aws-and-alternative-storage-deferred	retained for complete-corpus structural compatibility; necessity is re-evaluated at the named later-stage scope
163	aws-java-sdk-groundstation-1.12.564.jar	lib/aws-java-sdk-groundstation-1.12.564.jar	f31874097811c4b9ca36d11746967206fb90f2da21ca729adf893ae998d3a708	transitive-or-packaged	0	RETAIN_HASH_PINNED_STAGE1	lib/aws-java-sdk-groundstation-1.12.564.jar	f31874097811c4b9ca36d11746967206fb90f2da21ca729adf893ae998d3a708	aws-and-alternative-storage-deferred	retained for complete-corpus structural compatibility; necessity is re-evaluated at the named later-stage scope
164	aws-java-sdk-guardduty-1.12.564.jar	lib/aws-java-sdk-guardduty-1.12.564.jar	db25108b92f278a86562c87ab1007d2ba2e13b91230af42bf371d7bc7232439e	transitive-or-packaged	0	RETAIN_HASH_PINNED_STAGE1	lib/aws-java-sdk-guardduty-1.12.564.jar	db25108b92f278a86562c87ab1007d2ba2e13b91230af42bf371d7bc7232439e	aws-and-alternative-storage-deferred	retained for complete-corpus structural compatibility; necessity is re-evaluated at the named later-stage scope
165	aws-java-sdk-health-1.12.564.jar	lib/aws-java-sdk-health-1.12.564.jar	e4e08bb6ea9d00a120c513b7db6600d59b274d15df85f2a389cfb17448fd7587	transitive-or-packaged	0	RETAIN_HASH_PINNED_STAGE1	lib/aws-java-sdk-health-1.12.564.jar	e4e08bb6ea9d00a120c513b7db6600d59b274d15df85f2a389cfb17448fd7587	aws-and-alternative-storage-deferred	retained for complete-corpus structural compatibility; necessity is re-evaluated at the named later-stage scope
166	aws-java-sdk-healthlake-1.12.564.jar	lib/aws-java-sdk-healthlake-1.12.564.jar	c317ffbafd46fae53c9aa4cb78df8aa8e53e122d359c510b455d10fcd597a0b7	transitive-or-packaged	0	RETAIN_HASH_PINNED_STAGE1	lib/aws-java-sdk-healthlake-1.12.564.jar	c317ffbafd46fae53c9aa4cb78df8aa8e53e122d359c510b455d10fcd597a0b7	aws-and-alternative-storage-deferred	retained for complete-corpus structural compatibility; necessity is re-evaluated at the named later-stage scope
167	aws-java-sdk-honeycode-1.12.564.jar	lib/aws-java-sdk-honeycode-1.12.564.jar	e0ed878bc85da1181f052c2995d1b9d91dcd03ae1a7ffc0039380cf25c9ae4e5	transitive-or-packaged	0	RETAIN_HASH_PINNED_STAGE1	lib/aws-java-sdk-honeycode-1.12.564.jar	e0ed878bc85da1181f052c2995d1b9d91dcd03ae1a7ffc0039380cf25c9ae4e5	aws-and-alternative-storage-deferred	retained for complete-corpus structural compatibility; necessity is re-evaluated at the named later-stage scope
168	aws-java-sdk-iam-1.12.564.jar	lib/aws-java-sdk-iam-1.12.564.jar	21d69f0b08f583d08bd5cb0a1fa82ed08c900431b85054b3f71faaecb129600b	transitive-or-packaged	0	RETAIN_HASH_PINNED_STAGE1	lib/aws-java-sdk-iam-1.12.564.jar	21d69f0b08f583d08bd5cb0a1fa82ed08c900431b85054b3f71faaecb129600b	aws-and-alternative-storage-deferred	retained for complete-corpus structural compatibility; necessity is re-evaluated at the named later-stage scope
169	aws-java-sdk-iamrolesanywhere-1.12.564.jar	lib/aws-java-sdk-iamrolesanywhere-1.12.564.jar	60e3c4ddd8095ce8c64a71c48d88e97c1bccc8b9b5bd438706a3518c058910cb	transitive-or-packaged	0	RETAIN_HASH_PINNED_STAGE1	lib/aws-java-sdk-iamrolesanywhere-1.12.564.jar	60e3c4ddd8095ce8c64a71c48d88e97c1bccc8b9b5bd438706a3518c058910cb	aws-and-alternative-storage-deferred	retained for complete-corpus structural compatibility; necessity is re-evaluated at the named later-stage scope
170	aws-java-sdk-identitystore-1.12.564.jar	lib/aws-java-sdk-identitystore-1.12.564.jar	8f2b0669cefd669f0f5b72cbcc672223a99b7edd2c9be5529c7fa8fcda51140c	transitive-or-packaged	0	RETAIN_HASH_PINNED_STAGE1	lib/aws-java-sdk-identitystore-1.12.564.jar	8f2b0669cefd669f0f5b72cbcc672223a99b7edd2c9be5529c7fa8fcda51140c	aws-and-alternative-storage-deferred	retained for complete-corpus structural compatibility; necessity is re-evaluated at the named later-stage scope
171	aws-java-sdk-imagebuilder-1.12.564.jar	lib/aws-java-sdk-imagebuilder-1.12.564.jar	2f283acebe546a0f4d8f54e9b787284a8b6924fcd9c4b56f8b5b56e7622d78ac	transitive-or-packaged	0	RETAIN_HASH_PINNED_STAGE1	lib/aws-java-sdk-imagebuilder-1.12.564.jar	2f283acebe546a0f4d8f54e9b787284a8b6924fcd9c4b56f8b5b56e7622d78ac	aws-and-alternative-storage-deferred	retained for complete-corpus structural compatibility; necessity is re-evaluated at the named later-stage scope
172	aws-java-sdk-importexport-1.12.564.jar	lib/aws-java-sdk-importexport-1.12.564.jar	33704bf689269e5eee843f5154036be3f5b955606270db5a8d2a1f7145cacdc8	transitive-or-packaged	0	RETAIN_HASH_PINNED_STAGE1	lib/aws-java-sdk-importexport-1.12.564.jar	33704bf689269e5eee843f5154036be3f5b955606270db5a8d2a1f7145cacdc8	aws-and-alternative-storage-deferred	retained for complete-corpus structural compatibility; necessity is re-evaluated at the named later-stage scope
173	aws-java-sdk-inspector-1.12.564.jar	lib/aws-java-sdk-inspector-1.12.564.jar	19feb18daa19bc837d54591ef0b73ac11140d6d848e00b918adfc0309dad9986	transitive-or-packaged	0	RETAIN_HASH_PINNED_STAGE1	lib/aws-java-sdk-inspector-1.12.564.jar	19feb18daa19bc837d54591ef0b73ac11140d6d848e00b918adfc0309dad9986	aws-and-alternative-storage-deferred	retained for complete-corpus structural compatibility; necessity is re-evaluated at the named later-stage scope
174	aws-java-sdk-inspector2-1.12.564.jar	lib/aws-java-sdk-inspector2-1.12.564.jar	72b0c71c52c14a707a0dd61768925ac1eb470c69c0fc2a838871c2dd0e13d921	transitive-or-packaged	0	RETAIN_HASH_PINNED_STAGE1	lib/aws-java-sdk-inspector2-1.12.564.jar	72b0c71c52c14a707a0dd61768925ac1eb470c69c0fc2a838871c2dd0e13d921	aws-and-alternative-storage-deferred	retained for complete-corpus structural compatibility; necessity is re-evaluated at the named later-stage scope
175	aws-java-sdk-internetmonitor-1.12.564.jar	lib/aws-java-sdk-internetmonitor-1.12.564.jar	ec1a8b92bde61fb1dfd76f526a96278b324876196722961901eff754b56707b2	transitive-or-packaged	0	RETAIN_HASH_PINNED_STAGE1	lib/aws-java-sdk-internetmonitor-1.12.564.jar	ec1a8b92bde61fb1dfd76f526a96278b324876196722961901eff754b56707b2	aws-and-alternative-storage-deferred	retained for complete-corpus structural compatibility; necessity is re-evaluated at the named later-stage scope
176	aws-java-sdk-iot-1.12.564.jar	lib/aws-java-sdk-iot-1.12.564.jar	1bd98b1adb4ad61ecc5161ee0a370fc44aa8342663ab1d120d1252ff6d9dc114	transitive-or-packaged	0	RETAIN_HASH_PINNED_STAGE1	lib/aws-java-sdk-iot-1.12.564.jar	1bd98b1adb4ad61ecc5161ee0a370fc44aa8342663ab1d120d1252ff6d9dc114	aws-and-alternative-storage-deferred	retained for complete-corpus structural compatibility; necessity is re-evaluated at the named later-stage scope
177	aws-java-sdk-iot1clickdevices-1.12.564.jar	lib/aws-java-sdk-iot1clickdevices-1.12.564.jar	1b084fdfc557154425e8becb57fdf7bfa513b3d9f2d914ed271d59d86a2ce56a	transitive-or-packaged	0	RETAIN_HASH_PINNED_STAGE1	lib/aws-java-sdk-iot1clickdevices-1.12.564.jar	1b084fdfc557154425e8becb57fdf7bfa513b3d9f2d914ed271d59d86a2ce56a	aws-and-alternative-storage-deferred	retained for complete-corpus structural compatibility; necessity is re-evaluated at the named later-stage scope
178	aws-java-sdk-iot1clickprojects-1.12.564.jar	lib/aws-java-sdk-iot1clickprojects-1.12.564.jar	f06ad3d9019ada14c78c267555970292870e2ba79c63d104f665b49f871307cd	transitive-or-packaged	0	RETAIN_HASH_PINNED_STAGE1	lib/aws-java-sdk-iot1clickprojects-1.12.564.jar	f06ad3d9019ada14c78c267555970292870e2ba79c63d104f665b49f871307cd	aws-and-alternative-storage-deferred	retained for complete-corpus structural compatibility; necessity is re-evaluated at the named later-stage scope
179	aws-java-sdk-iotanalytics-1.12.564.jar	lib/aws-java-sdk-iotanalytics-1.12.564.jar	512110eb29f199193292d9d00c58e9095f9debecdfa90ee0a2fa48b644ab5122	transitive-or-packaged	0	RETAIN_HASH_PINNED_STAGE1	lib/aws-java-sdk-iotanalytics-1.12.564.jar	512110eb29f199193292d9d00c58e9095f9debecdfa90ee0a2fa48b644ab5122	aws-and-alternative-storage-deferred	retained for complete-corpus structural compatibility; necessity is re-evaluated at the named later-stage scope
180	aws-java-sdk-iotdeviceadvisor-1.12.564.jar	lib/aws-java-sdk-iotdeviceadvisor-1.12.564.jar	01e3b5aa1547d32fcd7d7c9dcf029a55f9a141b5983d46fea464a186a0338b14	transitive-or-packaged	0	RETAIN_HASH_PINNED_STAGE1	lib/aws-java-sdk-iotdeviceadvisor-1.12.564.jar	01e3b5aa1547d32fcd7d7c9dcf029a55f9a141b5983d46fea464a186a0338b14	aws-and-alternative-storage-deferred	retained for complete-corpus structural compatibility; necessity is re-evaluated at the named later-stage scope
181	aws-java-sdk-iotevents-1.12.564.jar	lib/aws-java-sdk-iotevents-1.12.564.jar	2594b375109587c6e8346ccba33531e5e74192f1237b73f3bb60b12b5ac97801	transitive-or-packaged	0	RETAIN_HASH_PINNED_STAGE1	lib/aws-java-sdk-iotevents-1.12.564.jar	2594b375109587c6e8346ccba33531e5e74192f1237b73f3bb60b12b5ac97801	aws-and-alternative-storage-deferred	retained for complete-corpus structural compatibility; necessity is re-evaluated at the named later-stage scope
182	aws-java-sdk-ioteventsdata-1.12.564.jar	lib/aws-java-sdk-ioteventsdata-1.12.564.jar	c5011cf18a3e41616ee4d9ee9d4786e4641a8dd9bd03dc7a44c2e028deb0cbf1	transitive-or-packaged	0	RETAIN_HASH_PINNED_STAGE1	lib/aws-java-sdk-ioteventsdata-1.12.564.jar	c5011cf18a3e41616ee4d9ee9d4786e4641a8dd9bd03dc7a44c2e028deb0cbf1	aws-and-alternative-storage-deferred	retained for complete-corpus structural compatibility; necessity is re-evaluated at the named later-stage scope
183	aws-java-sdk-iotfleethub-1.12.564.jar	lib/aws-java-sdk-iotfleethub-1.12.564.jar	547652bb862de037804792f52da56c6c0637ea8628567f7ad92587774eb9975d	transitive-or-packaged	0	RETAIN_HASH_PINNED_STAGE1	lib/aws-java-sdk-iotfleethub-1.12.564.jar	547652bb862de037804792f52da56c6c0637ea8628567f7ad92587774eb9975d	aws-and-alternative-storage-deferred	retained for complete-corpus structural compatibility; necessity is re-evaluated at the named later-stage scope
184	aws-java-sdk-iotfleetwise-1.12.564.jar	lib/aws-java-sdk-iotfleetwise-1.12.564.jar	6fb4576830bb7d59b1d9aec2e1077af2a5a215556d7e0c0da294878910cf1d28	transitive-or-packaged	0	RETAIN_HASH_PINNED_STAGE1	lib/aws-java-sdk-iotfleetwise-1.12.564.jar	6fb4576830bb7d59b1d9aec2e1077af2a5a215556d7e0c0da294878910cf1d28	aws-and-alternative-storage-deferred	retained for complete-corpus structural compatibility; necessity is re-evaluated at the named later-stage scope
185	aws-java-sdk-iotjobsdataplane-1.12.564.jar	lib/aws-java-sdk-iotjobsdataplane-1.12.564.jar	0cb7dd4190a71411906082ef95fba985dbc2d36c9dd40ad09584c95892ba4e14	transitive-or-packaged	0	RETAIN_HASH_PINNED_STAGE1	lib/aws-java-sdk-iotjobsdataplane-1.12.564.jar	0cb7dd4190a71411906082ef95fba985dbc2d36c9dd40ad09584c95892ba4e14	aws-and-alternative-storage-deferred	retained for complete-corpus structural compatibility; necessity is re-evaluated at the named later-stage scope
186	aws-java-sdk-iotroborunner-1.12.564.jar	lib/aws-java-sdk-iotroborunner-1.12.564.jar	b9aafd4cdb698c990289f0b2ba0e8578492cb47d27e66c80d005c3a4f8c3991d	transitive-or-packaged	0	RETAIN_HASH_PINNED_STAGE1	lib/aws-java-sdk-iotroborunner-1.12.564.jar	b9aafd4cdb698c990289f0b2ba0e8578492cb47d27e66c80d005c3a4f8c3991d	aws-and-alternative-storage-deferred	retained for complete-corpus structural compatibility; necessity is re-evaluated at the named later-stage scope
187	aws-java-sdk-iotsecuretunneling-1.12.564.jar	lib/aws-java-sdk-iotsecuretunneling-1.12.564.jar	c9aeb505876ca2820c0fef7f8b8339901825b5ef069bfefcda1792c89829934e	transitive-or-packaged	0	RETAIN_HASH_PINNED_STAGE1	lib/aws-java-sdk-iotsecuretunneling-1.12.564.jar	c9aeb505876ca2820c0fef7f8b8339901825b5ef069bfefcda1792c89829934e	aws-and-alternative-storage-deferred	retained for complete-corpus structural compatibility; necessity is re-evaluated at the named later-stage scope
188	aws-java-sdk-iotsitewise-1.12.564.jar	lib/aws-java-sdk-iotsitewise-1.12.564.jar	c01521faa3df47df45303c6f3be0b51ffe5a3066f3326becc93e91c7ac5edf1a	transitive-or-packaged	0	RETAIN_HASH_PINNED_STAGE1	lib/aws-java-sdk-iotsitewise-1.12.564.jar	c01521faa3df47df45303c6f3be0b51ffe5a3066f3326becc93e91c7ac5edf1a	aws-and-alternative-storage-deferred	retained for complete-corpus structural compatibility; necessity is re-evaluated at the named later-stage scope
189	aws-java-sdk-iotthingsgraph-1.12.564.jar	lib/aws-java-sdk-iotthingsgraph-1.12.564.jar	325f5b6cc483c8bcd73f912bfccee9805050194357653fe4303af733810900fc	transitive-or-packaged	0	RETAIN_HASH_PINNED_STAGE1	lib/aws-java-sdk-iotthingsgraph-1.12.564.jar	325f5b6cc483c8bcd73f912bfccee9805050194357653fe4303af733810900fc	aws-and-alternative-storage-deferred	retained for complete-corpus structural compatibility; necessity is re-evaluated at the named later-stage scope
190	aws-java-sdk-iottwinmaker-1.12.564.jar	lib/aws-java-sdk-iottwinmaker-1.12.564.jar	b547831a81528c9c67f2553773a98184f22345c9d35368807fbb86d87fc1288d	transitive-or-packaged	0	RETAIN_HASH_PINNED_STAGE1	lib/aws-java-sdk-iottwinmaker-1.12.564.jar	b547831a81528c9c67f2553773a98184f22345c9d35368807fbb86d87fc1288d	aws-and-alternative-storage-deferred	retained for complete-corpus structural compatibility; necessity is re-evaluated at the named later-stage scope
191	aws-java-sdk-iotwireless-1.12.564.jar	lib/aws-java-sdk-iotwireless-1.12.564.jar	0ee95e386ae4c2d64942d7b92d79786bb5bef048d971c730397cba37ba3c6349	transitive-or-packaged	0	RETAIN_HASH_PINNED_STAGE1	lib/aws-java-sdk-iotwireless-1.12.564.jar	0ee95e386ae4c2d64942d7b92d79786bb5bef048d971c730397cba37ba3c6349	aws-and-alternative-storage-deferred	retained for complete-corpus structural compatibility; necessity is re-evaluated at the named later-stage scope
192	aws-java-sdk-ivs-1.12.564.jar	lib/aws-java-sdk-ivs-1.12.564.jar	2b6015865ead7485cdb131a5e3fa176b11989b8f8759e54aa68c78c06b1a73cd	transitive-or-packaged	0	RETAIN_HASH_PINNED_STAGE1	lib/aws-java-sdk-ivs-1.12.564.jar	2b6015865ead7485cdb131a5e3fa176b11989b8f8759e54aa68c78c06b1a73cd	aws-and-alternative-storage-deferred	retained for complete-corpus structural compatibility; necessity is re-evaluated at the named later-stage scope
193	aws-java-sdk-ivschat-1.12.564.jar	lib/aws-java-sdk-ivschat-1.12.564.jar	0f9dedbc2e043a461036e31e27885a77d773bbbd50f9ed9172cc49d838b4491b	transitive-or-packaged	0	RETAIN_HASH_PINNED_STAGE1	lib/aws-java-sdk-ivschat-1.12.564.jar	0f9dedbc2e043a461036e31e27885a77d773bbbd50f9ed9172cc49d838b4491b	aws-and-alternative-storage-deferred	retained for complete-corpus structural compatibility; necessity is re-evaluated at the named later-stage scope
194	aws-java-sdk-ivsrealtime-1.12.564.jar	lib/aws-java-sdk-ivsrealtime-1.12.564.jar	86f985687c8e7c4c89185caf3a94a6847986e366c6ff7bdcc1a66f1e4de806f5	transitive-or-packaged	0	RETAIN_HASH_PINNED_STAGE1	lib/aws-java-sdk-ivsrealtime-1.12.564.jar	86f985687c8e7c4c89185caf3a94a6847986e366c6ff7bdcc1a66f1e4de806f5	aws-and-alternative-storage-deferred	retained for complete-corpus structural compatibility; necessity is re-evaluated at the named later-stage scope
195	aws-java-sdk-kafka-1.12.564.jar	lib/aws-java-sdk-kafka-1.12.564.jar	dd9e9544005fd65973ce0836578b55dd87e38fda722012033f5a78e58f92f47e	transitive-or-packaged	0	RETAIN_HASH_PINNED_STAGE1	lib/aws-java-sdk-kafka-1.12.564.jar	dd9e9544005fd65973ce0836578b55dd87e38fda722012033f5a78e58f92f47e	aws-and-alternative-storage-deferred	retained for complete-corpus structural compatibility; necessity is re-evaluated at the named later-stage scope
196	aws-java-sdk-kafkaconnect-1.12.564.jar	lib/aws-java-sdk-kafkaconnect-1.12.564.jar	89077cff5f9d981c29a422e70eb3127df37063ac40763410896c1bd104e5fa04	transitive-or-packaged	0	RETAIN_HASH_PINNED_STAGE1	lib/aws-java-sdk-kafkaconnect-1.12.564.jar	89077cff5f9d981c29a422e70eb3127df37063ac40763410896c1bd104e5fa04	aws-and-alternative-storage-deferred	retained for complete-corpus structural compatibility; necessity is re-evaluated at the named later-stage scope
197	aws-java-sdk-kendra-1.12.564.jar	lib/aws-java-sdk-kendra-1.12.564.jar	85d2b1918ad3193505e1970a7a32172cf2ba925ec542c071c503d2fdbc736644	transitive-or-packaged	0	RETAIN_HASH_PINNED_STAGE1	lib/aws-java-sdk-kendra-1.12.564.jar	85d2b1918ad3193505e1970a7a32172cf2ba925ec542c071c503d2fdbc736644	aws-and-alternative-storage-deferred	retained for complete-corpus structural compatibility; necessity is re-evaluated at the named later-stage scope
198	aws-java-sdk-kendraranking-1.12.564.jar	lib/aws-java-sdk-kendraranking-1.12.564.jar	519209445a28e7c16fc488ffb1ad41d461f616ec98e2f94e6864efb1967487af	transitive-or-packaged	0	RETAIN_HASH_PINNED_STAGE1	lib/aws-java-sdk-kendraranking-1.12.564.jar	519209445a28e7c16fc488ffb1ad41d461f616ec98e2f94e6864efb1967487af	aws-and-alternative-storage-deferred	retained for complete-corpus structural compatibility; necessity is re-evaluated at the named later-stage scope
199	aws-java-sdk-keyspaces-1.12.564.jar	lib/aws-java-sdk-keyspaces-1.12.564.jar	f0c3a475cd4a25aaa01263de0bd0ac2330b6313e3e6460cac43f4e8cc0c83a1a	transitive-or-packaged	0	RETAIN_HASH_PINNED_STAGE1	lib/aws-java-sdk-keyspaces-1.12.564.jar	f0c3a475cd4a25aaa01263de0bd0ac2330b6313e3e6460cac43f4e8cc0c83a1a	aws-and-alternative-storage-deferred	retained for complete-corpus structural compatibility; necessity is re-evaluated at the named later-stage scope
200	aws-java-sdk-kinesis-1.12.564.jar	lib/aws-java-sdk-kinesis-1.12.564.jar	bd5946b4764ae3de47f6bf3f32877e0d8e8d72ebd0b6c5dddfedc99e389bdfe9	transitive-or-packaged	0	RETAIN_HASH_PINNED_STAGE1	lib/aws-java-sdk-kinesis-1.12.564.jar	bd5946b4764ae3de47f6bf3f32877e0d8e8d72ebd0b6c5dddfedc99e389bdfe9	aws-and-alternative-storage-deferred	retained for complete-corpus structural compatibility; necessity is re-evaluated at the named later-stage scope
201	aws-java-sdk-kinesisanalyticsv2-1.12.564.jar	lib/aws-java-sdk-kinesisanalyticsv2-1.12.564.jar	4e21ca9b80d70619155bf50041d5c18d72fabb2b27c1b5b280a98f2dce990f72	transitive-or-packaged	0	RETAIN_HASH_PINNED_STAGE1	lib/aws-java-sdk-kinesisanalyticsv2-1.12.564.jar	4e21ca9b80d70619155bf50041d5c18d72fabb2b27c1b5b280a98f2dce990f72	aws-and-alternative-storage-deferred	retained for complete-corpus structural compatibility; necessity is re-evaluated at the named later-stage scope
202	aws-java-sdk-kinesisvideosignalingchannels-1.12.564.jar	lib/aws-java-sdk-kinesisvideosignalingchannels-1.12.564.jar	92424f22adede3e6c18da07567f8ae44360ea5408758113c285dd8279eb57697	transitive-or-packaged	0	RETAIN_HASH_PINNED_STAGE1	lib/aws-java-sdk-kinesisvideosignalingchannels-1.12.564.jar	92424f22adede3e6c18da07567f8ae44360ea5408758113c285dd8279eb57697	aws-and-alternative-storage-deferred	retained for complete-corpus structural compatibility; necessity is re-evaluated at the named later-stage scope
203	aws-java-sdk-kinesisvideowebrtcstorage-1.12.564.jar	lib/aws-java-sdk-kinesisvideowebrtcstorage-1.12.564.jar	046038305487e1a229a8800de95daf915ccbeced9e6b6b691d1d22c944885e10	transitive-or-packaged	0	RETAIN_HASH_PINNED_STAGE1	lib/aws-java-sdk-kinesisvideowebrtcstorage-1.12.564.jar	046038305487e1a229a8800de95daf915ccbeced9e6b6b691d1d22c944885e10	aws-and-alternative-storage-deferred	retained for complete-corpus structural compatibility; necessity is re-evaluated at the named later-stage scope
204	aws-java-sdk-kms-1.12.564.jar	lib/aws-java-sdk-kms-1.12.564.jar	78f34a37e1e257338745a900caf5a3eb4685bd5dfe972920b9eb0c65a37333a3	transitive-or-packaged	0	RETAIN_HASH_PINNED_STAGE1	lib/aws-java-sdk-kms-1.12.564.jar	78f34a37e1e257338745a900caf5a3eb4685bd5dfe972920b9eb0c65a37333a3	aws-and-alternative-storage-deferred	retained for complete-corpus structural compatibility; necessity is re-evaluated at the named later-stage scope
205	aws-java-sdk-lakeformation-1.12.564.jar	lib/aws-java-sdk-lakeformation-1.12.564.jar	a27d0a2fedfd112366b4156b0f757284fec73547ce3cd68edfbf53b85731a734	transitive-or-packaged	0	RETAIN_HASH_PINNED_STAGE1	lib/aws-java-sdk-lakeformation-1.12.564.jar	a27d0a2fedfd112366b4156b0f757284fec73547ce3cd68edfbf53b85731a734	aws-and-alternative-storage-deferred	retained for complete-corpus structural compatibility; necessity is re-evaluated at the named later-stage scope
206	aws-java-sdk-lambda-1.12.564.jar	lib/aws-java-sdk-lambda-1.12.564.jar	589f18a8bfa2b2afe0afb495b1f407f3d9d365d94dd3ea24b56af1fb95bb65c7	transitive-or-packaged	0	RETAIN_HASH_PINNED_STAGE1	lib/aws-java-sdk-lambda-1.12.564.jar	589f18a8bfa2b2afe0afb495b1f407f3d9d365d94dd3ea24b56af1fb95bb65c7	aws-and-alternative-storage-deferred	retained for complete-corpus structural compatibility; necessity is re-evaluated at the named later-stage scope
207	aws-java-sdk-lex-1.12.564.jar	lib/aws-java-sdk-lex-1.12.564.jar	dfa45b8527d54a5167833a14ca4a94f971b9f20b66407b58fda968fa3495211b	transitive-or-packaged	0	RETAIN_HASH_PINNED_STAGE1	lib/aws-java-sdk-lex-1.12.564.jar	dfa45b8527d54a5167833a14ca4a94f971b9f20b66407b58fda968fa3495211b	aws-and-alternative-storage-deferred	retained for complete-corpus structural compatibility; necessity is re-evaluated at the named later-stage scope
208	aws-java-sdk-lexmodelbuilding-1.12.564.jar	lib/aws-java-sdk-lexmodelbuilding-1.12.564.jar	ff5f43b6b11dbccd8f1b9ae9f1555e2ea569cae08eb7e0ae9881e7df7f871ae5	transitive-or-packaged	0	RETAIN_HASH_PINNED_STAGE1	lib/aws-java-sdk-lexmodelbuilding-1.12.564.jar	ff5f43b6b11dbccd8f1b9ae9f1555e2ea569cae08eb7e0ae9881e7df7f871ae5	aws-and-alternative-storage-deferred	retained for complete-corpus structural compatibility; necessity is re-evaluated at the named later-stage scope
209	aws-java-sdk-lexmodelsv2-1.12.564.jar	lib/aws-java-sdk-lexmodelsv2-1.12.564.jar	a4ce9600a3f51c550dd1df1a0b9e06b5fe7459a3d5e543339d88b10c8c69a3b8	transitive-or-packaged	0	RETAIN_HASH_PINNED_STAGE1	lib/aws-java-sdk-lexmodelsv2-1.12.564.jar	a4ce9600a3f51c550dd1df1a0b9e06b5fe7459a3d5e543339d88b10c8c69a3b8	aws-and-alternative-storage-deferred	retained for complete-corpus structural compatibility; necessity is re-evaluated at the named later-stage scope
210	aws-java-sdk-lexruntimev2-1.12.564.jar	lib/aws-java-sdk-lexruntimev2-1.12.564.jar	85ad0af94135fa88af0ca91cf79c73d6e62943ef34c43feb2810c9f9409481c7	transitive-or-packaged	0	RETAIN_HASH_PINNED_STAGE1	lib/aws-java-sdk-lexruntimev2-1.12.564.jar	85ad0af94135fa88af0ca91cf79c73d6e62943ef34c43feb2810c9f9409481c7	aws-and-alternative-storage-deferred	retained for complete-corpus structural compatibility; necessity is re-evaluated at the named later-stage scope
211	aws-java-sdk-licensemanager-1.12.564.jar	lib/aws-java-sdk-licensemanager-1.12.564.jar	6be4275decf33e07e30fdb1b299393aa5882e661f11e4ff6f93bcb6fce4310b0	transitive-or-packaged	0	RETAIN_HASH_PINNED_STAGE1	lib/aws-java-sdk-licensemanager-1.12.564.jar	6be4275decf33e07e30fdb1b299393aa5882e661f11e4ff6f93bcb6fce4310b0	aws-and-alternative-storage-deferred	retained for complete-corpus structural compatibility; necessity is re-evaluated at the named later-stage scope
212	aws-java-sdk-licensemanagerlinuxsubscriptions-1.12.564.jar	lib/aws-java-sdk-licensemanagerlinuxsubscriptions-1.12.564.jar	d53f74f00a1375bd70027a973a76900ea9c5bac8b1e45324b761a4ae30f37ef5	transitive-or-packaged	0	RETAIN_HASH_PINNED_STAGE1	lib/aws-java-sdk-licensemanagerlinuxsubscriptions-1.12.564.jar	d53f74f00a1375bd70027a973a76900ea9c5bac8b1e45324b761a4ae30f37ef5	aws-and-alternative-storage-deferred	retained for complete-corpus structural compatibility; necessity is re-evaluated at the named later-stage scope
213	aws-java-sdk-licensemanagerusersubscriptions-1.12.564.jar	lib/aws-java-sdk-licensemanagerusersubscriptions-1.12.564.jar	b31bffde958644dc98e32bb827a1bec49aa9b98aa1d55677c1788849a13dec16	transitive-or-packaged	0	RETAIN_HASH_PINNED_STAGE1	lib/aws-java-sdk-licensemanagerusersubscriptions-1.12.564.jar	b31bffde958644dc98e32bb827a1bec49aa9b98aa1d55677c1788849a13dec16	aws-and-alternative-storage-deferred	retained for complete-corpus structural compatibility; necessity is re-evaluated at the named later-stage scope
214	aws-java-sdk-lightsail-1.12.564.jar	lib/aws-java-sdk-lightsail-1.12.564.jar	95b2eba6d5e066c4bd992f67d1bb7e4ef605c54e6d41f9c4003017699e04ab4a	transitive-or-packaged	0	RETAIN_HASH_PINNED_STAGE1	lib/aws-java-sdk-lightsail-1.12.564.jar	95b2eba6d5e066c4bd992f67d1bb7e4ef605c54e6d41f9c4003017699e04ab4a	aws-and-alternative-storage-deferred	retained for complete-corpus structural compatibility; necessity is re-evaluated at the named later-stage scope
215	aws-java-sdk-location-1.12.564.jar	lib/aws-java-sdk-location-1.12.564.jar	747960a1e2c39cb04bc31d2223353e3b6320cd7d1fefc149890a9e3ad3ec0897	transitive-or-packaged	0	RETAIN_HASH_PINNED_STAGE1	lib/aws-java-sdk-location-1.12.564.jar	747960a1e2c39cb04bc31d2223353e3b6320cd7d1fefc149890a9e3ad3ec0897	aws-and-alternative-storage-deferred	retained for complete-corpus structural compatibility; necessity is re-evaluated at the named later-stage scope
216	aws-java-sdk-logs-1.12.564.jar	lib/aws-java-sdk-logs-1.12.564.jar	2332fa1bce57922765fce4111b11adbdf752c137c085e33930354a7f38aede45	transitive-or-packaged	0	RETAIN_HASH_PINNED_STAGE1	lib/aws-java-sdk-logs-1.12.564.jar	2332fa1bce57922765fce4111b11adbdf752c137c085e33930354a7f38aede45	aws-and-alternative-storage-deferred	retained for complete-corpus structural compatibility; necessity is re-evaluated at the named later-stage scope
217	aws-java-sdk-lookoutequipment-1.12.564.jar	lib/aws-java-sdk-lookoutequipment-1.12.564.jar	e346530fd0117c176bb70a8c36d10b7c82f8a608055eae218470ce2a4f2f5312	transitive-or-packaged	0	RETAIN_HASH_PINNED_STAGE1	lib/aws-java-sdk-lookoutequipment-1.12.564.jar	e346530fd0117c176bb70a8c36d10b7c82f8a608055eae218470ce2a4f2f5312	aws-and-alternative-storage-deferred	retained for complete-corpus structural compatibility; necessity is re-evaluated at the named later-stage scope
218	aws-java-sdk-lookoutforvision-1.12.564.jar	lib/aws-java-sdk-lookoutforvision-1.12.564.jar	0c2922173f0b3ed799ca1c78ef518befb23357d91cccbef9292b74ce8609c2ae	transitive-or-packaged	0	RETAIN_HASH_PINNED_STAGE1	lib/aws-java-sdk-lookoutforvision-1.12.564.jar	0c2922173f0b3ed799ca1c78ef518befb23357d91cccbef9292b74ce8609c2ae	aws-and-alternative-storage-deferred	retained for complete-corpus structural compatibility; necessity is re-evaluated at the named later-stage scope
219	aws-java-sdk-lookoutmetrics-1.12.564.jar	lib/aws-java-sdk-lookoutmetrics-1.12.564.jar	4afd2e5a16ae2c55096f601a6ce05315e832e205b9cd040fbee040c12add6d58	transitive-or-packaged	0	RETAIN_HASH_PINNED_STAGE1	lib/aws-java-sdk-lookoutmetrics-1.12.564.jar	4afd2e5a16ae2c55096f601a6ce05315e832e205b9cd040fbee040c12add6d58	aws-and-alternative-storage-deferred	retained for complete-corpus structural compatibility; necessity is re-evaluated at the named later-stage scope
220	aws-java-sdk-machinelearning-1.12.564.jar	lib/aws-java-sdk-machinelearning-1.12.564.jar	61cc6228b66202ec609bd8128013a081ecf0900b41493bbc330cd95110151f2e	transitive-or-packaged	0	RETAIN_HASH_PINNED_STAGE1	lib/aws-java-sdk-machinelearning-1.12.564.jar	61cc6228b66202ec609bd8128013a081ecf0900b41493bbc330cd95110151f2e	aws-and-alternative-storage-deferred	retained for complete-corpus structural compatibility; necessity is re-evaluated at the named later-stage scope
221	aws-java-sdk-macie-1.12.564.jar	lib/aws-java-sdk-macie-1.12.564.jar	cbe1465e1f25d680ed1c82be35b8954cc8bc86f60937831f18d400dc6211a968	transitive-or-packaged	0	RETAIN_HASH_PINNED_STAGE1	lib/aws-java-sdk-macie-1.12.564.jar	cbe1465e1f25d680ed1c82be35b8954cc8bc86f60937831f18d400dc6211a968	aws-and-alternative-storage-deferred	retained for complete-corpus structural compatibility; necessity is re-evaluated at the named later-stage scope
222	aws-java-sdk-macie2-1.12.564.jar	lib/aws-java-sdk-macie2-1.12.564.jar	2f73d67498ed70062f6c6473951949022e2aa06832e0fe84ddb13579a3c2cc39	transitive-or-packaged	0	RETAIN_HASH_PINNED_STAGE1	lib/aws-java-sdk-macie2-1.12.564.jar	2f73d67498ed70062f6c6473951949022e2aa06832e0fe84ddb13579a3c2cc39	aws-and-alternative-storage-deferred	retained for complete-corpus structural compatibility; necessity is re-evaluated at the named later-stage scope
223	aws-java-sdk-mainframemodernization-1.12.564.jar	lib/aws-java-sdk-mainframemodernization-1.12.564.jar	f178107ef24d9b37d292521c00896575a46ead3a8a614eaf7b11f3ef9889bd34	transitive-or-packaged	0	RETAIN_HASH_PINNED_STAGE1	lib/aws-java-sdk-mainframemodernization-1.12.564.jar	f178107ef24d9b37d292521c00896575a46ead3a8a614eaf7b11f3ef9889bd34	aws-and-alternative-storage-deferred	retained for complete-corpus structural compatibility; necessity is re-evaluated at the named later-stage scope
224	aws-java-sdk-managedblockchain-1.12.564.jar	lib/aws-java-sdk-managedblockchain-1.12.564.jar	3d2e764d5c705a86b53c9b0a60346e64af068c6f065b10705e54793b7a26d471	transitive-or-packaged	0	RETAIN_HASH_PINNED_STAGE1	lib/aws-java-sdk-managedblockchain-1.12.564.jar	3d2e764d5c705a86b53c9b0a60346e64af068c6f065b10705e54793b7a26d471	aws-and-alternative-storage-deferred	retained for complete-corpus structural compatibility; necessity is re-evaluated at the named later-stage scope
225	aws-java-sdk-managedblockchainquery-1.12.564.jar	lib/aws-java-sdk-managedblockchainquery-1.12.564.jar	b9269caa88dbc381381f5a03562feff09be8817e274d6033b5e696426b7d3852	transitive-or-packaged	0	RETAIN_HASH_PINNED_STAGE1	lib/aws-java-sdk-managedblockchainquery-1.12.564.jar	b9269caa88dbc381381f5a03562feff09be8817e274d6033b5e696426b7d3852	aws-and-alternative-storage-deferred	retained for complete-corpus structural compatibility; necessity is re-evaluated at the named later-stage scope
226	aws-java-sdk-managedgrafana-1.12.564.jar	lib/aws-java-sdk-managedgrafana-1.12.564.jar	3caec9072f5ce13be620016be0aa3ec0abc393278b1c6e3e76c71f1a27982802	transitive-or-packaged	0	RETAIN_HASH_PINNED_STAGE1	lib/aws-java-sdk-managedgrafana-1.12.564.jar	3caec9072f5ce13be620016be0aa3ec0abc393278b1c6e3e76c71f1a27982802	aws-and-alternative-storage-deferred	retained for complete-corpus structural compatibility; necessity is re-evaluated at the named later-stage scope
227	aws-java-sdk-marketplacecatalog-1.12.564.jar	lib/aws-java-sdk-marketplacecatalog-1.12.564.jar	b4b6c23ff93229b4747b520c42326345f1864578b28880bdb150bdc585622ae3	transitive-or-packaged	0	RETAIN_HASH_PINNED_STAGE1	lib/aws-java-sdk-marketplacecatalog-1.12.564.jar	b4b6c23ff93229b4747b520c42326345f1864578b28880bdb150bdc585622ae3	aws-and-alternative-storage-deferred	retained for complete-corpus structural compatibility; necessity is re-evaluated at the named later-stage scope
228	aws-java-sdk-marketplacecommerceanalytics-1.12.564.jar	lib/aws-java-sdk-marketplacecommerceanalytics-1.12.564.jar	7f53469b9efd4e36ec06812ae588a99a0e9543c3a3a64ef421b8bce3d52d463f	transitive-or-packaged	0	RETAIN_HASH_PINNED_STAGE1	lib/aws-java-sdk-marketplacecommerceanalytics-1.12.564.jar	7f53469b9efd4e36ec06812ae588a99a0e9543c3a3a64ef421b8bce3d52d463f	aws-and-alternative-storage-deferred	retained for complete-corpus structural compatibility; necessity is re-evaluated at the named later-stage scope
229	aws-java-sdk-marketplaceentitlement-1.12.564.jar	lib/aws-java-sdk-marketplaceentitlement-1.12.564.jar	bd7b38464193934a3b67cc912e0899c1f9b9051d8e4936044bf24e1ebdef8aed	transitive-or-packaged	0	RETAIN_HASH_PINNED_STAGE1	lib/aws-java-sdk-marketplaceentitlement-1.12.564.jar	bd7b38464193934a3b67cc912e0899c1f9b9051d8e4936044bf24e1ebdef8aed	aws-and-alternative-storage-deferred	retained for complete-corpus structural compatibility; necessity is re-evaluated at the named later-stage scope
230	aws-java-sdk-marketplacemeteringservice-1.12.564.jar	lib/aws-java-sdk-marketplacemeteringservice-1.12.564.jar	bef968f1f2cbcf464698c9976831541452e21404c13bcb5f1a805e7721fcf240	transitive-or-packaged	0	RETAIN_HASH_PINNED_STAGE1	lib/aws-java-sdk-marketplacemeteringservice-1.12.564.jar	bef968f1f2cbcf464698c9976831541452e21404c13bcb5f1a805e7721fcf240	aws-and-alternative-storage-deferred	retained for complete-corpus structural compatibility; necessity is re-evaluated at the named later-stage scope
231	aws-java-sdk-mechanicalturkrequester-1.12.564.jar	lib/aws-java-sdk-mechanicalturkrequester-1.12.564.jar	fc5475983882c3b37a7c201d43dcfbaed6b834d99b79f14ab4ecc0cabfdb983e	transitive-or-packaged	0	RETAIN_HASH_PINNED_STAGE1	lib/aws-java-sdk-mechanicalturkrequester-1.12.564.jar	fc5475983882c3b37a7c201d43dcfbaed6b834d99b79f14ab4ecc0cabfdb983e	aws-and-alternative-storage-deferred	retained for complete-corpus structural compatibility; necessity is re-evaluated at the named later-stage scope
232	aws-java-sdk-mediaconnect-1.12.564.jar	lib/aws-java-sdk-mediaconnect-1.12.564.jar	49f1448cad13eefdff5af26ff4eab53db77ba0c267b54f3eb482c037fd972737	transitive-or-packaged	0	RETAIN_HASH_PINNED_STAGE1	lib/aws-java-sdk-mediaconnect-1.12.564.jar	49f1448cad13eefdff5af26ff4eab53db77ba0c267b54f3eb482c037fd972737	aws-and-alternative-storage-deferred	retained for complete-corpus structural compatibility; necessity is re-evaluated at the named later-stage scope
233	aws-java-sdk-mediaconvert-1.12.564.jar	lib/aws-java-sdk-mediaconvert-1.12.564.jar	64fa5464656d7604030d26c097027d24d85c617de48a4e6fccae4db29eddbcdf	transitive-or-packaged	0	RETAIN_HASH_PINNED_STAGE1	lib/aws-java-sdk-mediaconvert-1.12.564.jar	64fa5464656d7604030d26c097027d24d85c617de48a4e6fccae4db29eddbcdf	aws-and-alternative-storage-deferred	retained for complete-corpus structural compatibility; necessity is re-evaluated at the named later-stage scope
234	aws-java-sdk-medialive-1.12.564.jar	lib/aws-java-sdk-medialive-1.12.564.jar	335aa66dc54134b1f81ecd8bb5ae616bd9b532d8fa94ddbc33c726c0123078cf	transitive-or-packaged	0	RETAIN_HASH_PINNED_STAGE1	lib/aws-java-sdk-medialive-1.12.564.jar	335aa66dc54134b1f81ecd8bb5ae616bd9b532d8fa94ddbc33c726c0123078cf	aws-and-alternative-storage-deferred	retained for complete-corpus structural compatibility; necessity is re-evaluated at the named later-stage scope
235	aws-java-sdk-mediapackage-1.12.564.jar	lib/aws-java-sdk-mediapackage-1.12.564.jar	009943dc799af02894cb500c228433e68cb2d15a760a9ba825b16c0ed2c8f066	transitive-or-packaged	0	RETAIN_HASH_PINNED_STAGE1	lib/aws-java-sdk-mediapackage-1.12.564.jar	009943dc799af02894cb500c228433e68cb2d15a760a9ba825b16c0ed2c8f066	aws-and-alternative-storage-deferred	retained for complete-corpus structural compatibility; necessity is re-evaluated at the named later-stage scope
236	aws-java-sdk-mediapackagev2-1.12.564.jar	lib/aws-java-sdk-mediapackagev2-1.12.564.jar	4086b08766902d87174bf5b4f3a23028cae5e4874c6c39bcf872cc79a9b1b117	transitive-or-packaged	0	RETAIN_HASH_PINNED_STAGE1	lib/aws-java-sdk-mediapackagev2-1.12.564.jar	4086b08766902d87174bf5b4f3a23028cae5e4874c6c39bcf872cc79a9b1b117	aws-and-alternative-storage-deferred	retained for complete-corpus structural compatibility; necessity is re-evaluated at the named later-stage scope
237	aws-java-sdk-mediapackagevod-1.12.564.jar	lib/aws-java-sdk-mediapackagevod-1.12.564.jar	9784ff527a6a013b05daaa8be1f796c1a8fc67e20433190c44d5bcb244cc6cfd	transitive-or-packaged	0	RETAIN_HASH_PINNED_STAGE1	lib/aws-java-sdk-mediapackagevod-1.12.564.jar	9784ff527a6a013b05daaa8be1f796c1a8fc67e20433190c44d5bcb244cc6cfd	aws-and-alternative-storage-deferred	retained for complete-corpus structural compatibility; necessity is re-evaluated at the named later-stage scope
238	aws-java-sdk-mediastore-1.12.564.jar	lib/aws-java-sdk-mediastore-1.12.564.jar	1560513fb72fe09025ad2e670c749288f091692fd3cc1dbfb71eb7c1c273acdf	transitive-or-packaged	0	RETAIN_HASH_PINNED_STAGE1	lib/aws-java-sdk-mediastore-1.12.564.jar	1560513fb72fe09025ad2e670c749288f091692fd3cc1dbfb71eb7c1c273acdf	aws-and-alternative-storage-deferred	retained for complete-corpus structural compatibility; necessity is re-evaluated at the named later-stage scope
239	aws-java-sdk-mediastoredata-1.12.564.jar	lib/aws-java-sdk-mediastoredata-1.12.564.jar	2f5b93dab0d70f83a7fcd7ca9ea0fde18c069e4419e607dbe9b44e33985ea52d	transitive-or-packaged	0	RETAIN_HASH_PINNED_STAGE1	lib/aws-java-sdk-mediastoredata-1.12.564.jar	2f5b93dab0d70f83a7fcd7ca9ea0fde18c069e4419e607dbe9b44e33985ea52d	aws-and-alternative-storage-deferred	retained for complete-corpus structural compatibility; necessity is re-evaluated at the named later-stage scope
240	aws-java-sdk-mediatailor-1.12.564.jar	lib/aws-java-sdk-mediatailor-1.12.564.jar	4cb587b2f92ab9680233a820ed24d8528774a82a470bd5a632ba0677392242ad	transitive-or-packaged	0	RETAIN_HASH_PINNED_STAGE1	lib/aws-java-sdk-mediatailor-1.12.564.jar	4cb587b2f92ab9680233a820ed24d8528774a82a470bd5a632ba0677392242ad	aws-and-alternative-storage-deferred	retained for complete-corpus structural compatibility; necessity is re-evaluated at the named later-stage scope
241	aws-java-sdk-medicalimaging-1.12.564.jar	lib/aws-java-sdk-medicalimaging-1.12.564.jar	b9009bc44a99c5e65a68c70a1405e3380956503c1c278a9d0f8eec92ba617ad5	transitive-or-packaged	0	RETAIN_HASH_PINNED_STAGE1	lib/aws-java-sdk-medicalimaging-1.12.564.jar	b9009bc44a99c5e65a68c70a1405e3380956503c1c278a9d0f8eec92ba617ad5	aws-and-alternative-storage-deferred	retained for complete-corpus structural compatibility; necessity is re-evaluated at the named later-stage scope
242	aws-java-sdk-memorydb-1.12.564.jar	lib/aws-java-sdk-memorydb-1.12.564.jar	80d65b6490c7999fc338bb495b2c139147c57d2a24579c73690a0c4f0cfa2a2d	transitive-or-packaged	0	RETAIN_HASH_PINNED_STAGE1	lib/aws-java-sdk-memorydb-1.12.564.jar	80d65b6490c7999fc338bb495b2c139147c57d2a24579c73690a0c4f0cfa2a2d	aws-and-alternative-storage-deferred	retained for complete-corpus structural compatibility; necessity is re-evaluated at the named later-stage scope
243	aws-java-sdk-mgn-1.12.564.jar	lib/aws-java-sdk-mgn-1.12.564.jar	fe00e8140ad296bf9aaf2b18b5461051f93b14adc3ebc3e307643ddfca841feb	transitive-or-packaged	0	RETAIN_HASH_PINNED_STAGE1	lib/aws-java-sdk-mgn-1.12.564.jar	fe00e8140ad296bf9aaf2b18b5461051f93b14adc3ebc3e307643ddfca841feb	aws-and-alternative-storage-deferred	retained for complete-corpus structural compatibility; necessity is re-evaluated at the named later-stage scope
244	aws-java-sdk-migrationhub-1.12.564.jar	lib/aws-java-sdk-migrationhub-1.12.564.jar	d334fc1a0699913de233f00bb398721ecd275b620b74b0f0ef57ed70ca51270c	transitive-or-packaged	0	RETAIN_HASH_PINNED_STAGE1	lib/aws-java-sdk-migrationhub-1.12.564.jar	d334fc1a0699913de233f00bb398721ecd275b620b74b0f0ef57ed70ca51270c	aws-and-alternative-storage-deferred	retained for complete-corpus structural compatibility; necessity is re-evaluated at the named later-stage scope
245	aws-java-sdk-migrationhubconfig-1.12.564.jar	lib/aws-java-sdk-migrationhubconfig-1.12.564.jar	78fb32cc7fb41eaa80dab684a6a4f5a86c6e5f73dfe6156808ee0f7cd8cc360c	transitive-or-packaged	0	RETAIN_HASH_PINNED_STAGE1	lib/aws-java-sdk-migrationhubconfig-1.12.564.jar	78fb32cc7fb41eaa80dab684a6a4f5a86c6e5f73dfe6156808ee0f7cd8cc360c	aws-and-alternative-storage-deferred	retained for complete-corpus structural compatibility; necessity is re-evaluated at the named later-stage scope
246	aws-java-sdk-migrationhuborchestrator-1.12.564.jar	lib/aws-java-sdk-migrationhuborchestrator-1.12.564.jar	e805870098ada57287529f675266ec85fb94762da8c8893842e21b7bdfea3d65	transitive-or-packaged	0	RETAIN_HASH_PINNED_STAGE1	lib/aws-java-sdk-migrationhuborchestrator-1.12.564.jar	e805870098ada57287529f675266ec85fb94762da8c8893842e21b7bdfea3d65	aws-and-alternative-storage-deferred	retained for complete-corpus structural compatibility; necessity is re-evaluated at the named later-stage scope
247	aws-java-sdk-migrationhubrefactorspaces-1.12.564.jar	lib/aws-java-sdk-migrationhubrefactorspaces-1.12.564.jar	be49bc9619146d0b56c4ffed56550f1fc4952134c1c57e64db6b5fcb86ac8ed2	transitive-or-packaged	0	RETAIN_HASH_PINNED_STAGE1	lib/aws-java-sdk-migrationhubrefactorspaces-1.12.564.jar	be49bc9619146d0b56c4ffed56550f1fc4952134c1c57e64db6b5fcb86ac8ed2	aws-and-alternative-storage-deferred	retained for complete-corpus structural compatibility; necessity is re-evaluated at the named later-stage scope
248	aws-java-sdk-migrationhubstrategyrecommendations-1.12.564.jar	lib/aws-java-sdk-migrationhubstrategyrecommendations-1.12.564.jar	3be8943dd07009e1cc66d1d933b121dbae12d981e98dad180637535490e17c4c	transitive-or-packaged	0	RETAIN_HASH_PINNED_STAGE1	lib/aws-java-sdk-migrationhubstrategyrecommendations-1.12.564.jar	3be8943dd07009e1cc66d1d933b121dbae12d981e98dad180637535490e17c4c	aws-and-alternative-storage-deferred	retained for complete-corpus structural compatibility; necessity is re-evaluated at the named later-stage scope
249	aws-java-sdk-mobile-1.12.564.jar	lib/aws-java-sdk-mobile-1.12.564.jar	fb0e6ef71e0857dc2eed2abf7c8f6f41ced73baa5689ea3ff64e731320c4b2e8	transitive-or-packaged	0	RETAIN_HASH_PINNED_STAGE1	lib/aws-java-sdk-mobile-1.12.564.jar	fb0e6ef71e0857dc2eed2abf7c8f6f41ced73baa5689ea3ff64e731320c4b2e8	aws-and-alternative-storage-deferred	retained for complete-corpus structural compatibility; necessity is re-evaluated at the named later-stage scope
250	aws-java-sdk-models-1.12.564.jar	lib/aws-java-sdk-models-1.12.564.jar	4ad5d1b10a777daf2441d4c9885e991138fbc57a4641d3e4919de720e183c861	transitive-or-packaged	0	RETAIN_HASH_PINNED_STAGE1	lib/aws-java-sdk-models-1.12.564.jar	4ad5d1b10a777daf2441d4c9885e991138fbc57a4641d3e4919de720e183c861	aws-and-alternative-storage-deferred	retained for complete-corpus structural compatibility; necessity is re-evaluated at the named later-stage scope
251	aws-java-sdk-mq-1.12.564.jar	lib/aws-java-sdk-mq-1.12.564.jar	557d111a3678fe8a8712b26add9366599d6fb816ef4fbe53b6311aefb815fee6	transitive-or-packaged	0	RETAIN_HASH_PINNED_STAGE1	lib/aws-java-sdk-mq-1.12.564.jar	557d111a3678fe8a8712b26add9366599d6fb816ef4fbe53b6311aefb815fee6	aws-and-alternative-storage-deferred	retained for complete-corpus structural compatibility; necessity is re-evaluated at the named later-stage scope
252	aws-java-sdk-mwaa-1.12.564.jar	lib/aws-java-sdk-mwaa-1.12.564.jar	d1d38f2fa7eecb327734b25b3cce079951e55bd64d6c37071c0b6757187516ef	transitive-or-packaged	0	RETAIN_HASH_PINNED_STAGE1	lib/aws-java-sdk-mwaa-1.12.564.jar	d1d38f2fa7eecb327734b25b3cce079951e55bd64d6c37071c0b6757187516ef	aws-and-alternative-storage-deferred	retained for complete-corpus structural compatibility; necessity is re-evaluated at the named later-stage scope
253	aws-java-sdk-neptune-1.12.564.jar	lib/aws-java-sdk-neptune-1.12.564.jar	a81004ddbece0812603cece96b5a31421ed5f8452e87fd6e54c8758cbb38a728	transitive-or-packaged	0	RETAIN_HASH_PINNED_STAGE1	lib/aws-java-sdk-neptune-1.12.564.jar	a81004ddbece0812603cece96b5a31421ed5f8452e87fd6e54c8758cbb38a728	aws-and-alternative-storage-deferred	retained for complete-corpus structural compatibility; necessity is re-evaluated at the named later-stage scope
254	aws-java-sdk-neptunedata-1.12.564.jar	lib/aws-java-sdk-neptunedata-1.12.564.jar	1fb1a200c77881521a837b68e5fdf7d5759a620c304b5dc6f6727746e0e095f5	transitive-or-packaged	0	RETAIN_HASH_PINNED_STAGE1	lib/aws-java-sdk-neptunedata-1.12.564.jar	1fb1a200c77881521a837b68e5fdf7d5759a620c304b5dc6f6727746e0e095f5	aws-and-alternative-storage-deferred	retained for complete-corpus structural compatibility; necessity is re-evaluated at the named later-stage scope
255	aws-java-sdk-networkfirewall-1.12.564.jar	lib/aws-java-sdk-networkfirewall-1.12.564.jar	2d7b4250a8f00f4cdf8d0a6634090e5355d8f3b389031d5659189ca22c69c58b	transitive-or-packaged	0	RETAIN_HASH_PINNED_STAGE1	lib/aws-java-sdk-networkfirewall-1.12.564.jar	2d7b4250a8f00f4cdf8d0a6634090e5355d8f3b389031d5659189ca22c69c58b	aws-and-alternative-storage-deferred	retained for complete-corpus structural compatibility; necessity is re-evaluated at the named later-stage scope
256	aws-java-sdk-networkmanager-1.12.564.jar	lib/aws-java-sdk-networkmanager-1.12.564.jar	4282e21bdea80fea7654dcf9fa6e904d875b9d24e1d1fa62e958b68282fc2e59	transitive-or-packaged	0	RETAIN_HASH_PINNED_STAGE1	lib/aws-java-sdk-networkmanager-1.12.564.jar	4282e21bdea80fea7654dcf9fa6e904d875b9d24e1d1fa62e958b68282fc2e59	aws-and-alternative-storage-deferred	retained for complete-corpus structural compatibility; necessity is re-evaluated at the named later-stage scope
257	aws-java-sdk-nimblestudio-1.12.564.jar	lib/aws-java-sdk-nimblestudio-1.12.564.jar	7c20978f6506c31307a3a2a2e1327f510eeda8591ea510041a37c43dd9608221	transitive-or-packaged	0	RETAIN_HASH_PINNED_STAGE1	lib/aws-java-sdk-nimblestudio-1.12.564.jar	7c20978f6506c31307a3a2a2e1327f510eeda8591ea510041a37c43dd9608221	aws-and-alternative-storage-deferred	retained for complete-corpus structural compatibility; necessity is re-evaluated at the named later-stage scope
258	aws-java-sdk-oam-1.12.564.jar	lib/aws-java-sdk-oam-1.12.564.jar	dcf8be77bcfba37f2f7820895b8f1230c50e2646c4d2f02f8007d26ea095946f	transitive-or-packaged	0	RETAIN_HASH_PINNED_STAGE1	lib/aws-java-sdk-oam-1.12.564.jar	dcf8be77bcfba37f2f7820895b8f1230c50e2646c4d2f02f8007d26ea095946f	aws-and-alternative-storage-deferred	retained for complete-corpus structural compatibility; necessity is re-evaluated at the named later-stage scope
259	aws-java-sdk-omics-1.12.564.jar	lib/aws-java-sdk-omics-1.12.564.jar	acb86c130e3aa0624a7b0522b60d6efa3ce65b65ff1f254dcd77e7c555efae28	transitive-or-packaged	0	RETAIN_HASH_PINNED_STAGE1	lib/aws-java-sdk-omics-1.12.564.jar	acb86c130e3aa0624a7b0522b60d6efa3ce65b65ff1f254dcd77e7c555efae28	aws-and-alternative-storage-deferred	retained for complete-corpus structural compatibility; necessity is re-evaluated at the named later-stage scope
260	aws-java-sdk-opensearch-1.12.564.jar	lib/aws-java-sdk-opensearch-1.12.564.jar	9fab27c1d8e2979b6fa8a9e9d7e7f1f43fe547e962e35fd43a3da5efeb053d6b	transitive-or-packaged	0	RETAIN_HASH_PINNED_STAGE1	lib/aws-java-sdk-opensearch-1.12.564.jar	9fab27c1d8e2979b6fa8a9e9d7e7f1f43fe547e962e35fd43a3da5efeb053d6b	aws-and-alternative-storage-deferred	retained for complete-corpus structural compatibility; necessity is re-evaluated at the named later-stage scope
261	aws-java-sdk-opensearchserverless-1.12.564.jar	lib/aws-java-sdk-opensearchserverless-1.12.564.jar	5e2f700bddd5b691dc68006a8089a89b3e10c7874d02930a74670a59f9c86c03	transitive-or-packaged	0	RETAIN_HASH_PINNED_STAGE1	lib/aws-java-sdk-opensearchserverless-1.12.564.jar	5e2f700bddd5b691dc68006a8089a89b3e10c7874d02930a74670a59f9c86c03	aws-and-alternative-storage-deferred	retained for complete-corpus structural compatibility; necessity is re-evaluated at the named later-stage scope
262	aws-java-sdk-opsworks-1.12.564.jar	lib/aws-java-sdk-opsworks-1.12.564.jar	49295d5ff337d698cf58cd91718e7985461e2be93c3e1d919ce34f7b49b1abe0	transitive-or-packaged	0	RETAIN_HASH_PINNED_STAGE1	lib/aws-java-sdk-opsworks-1.12.564.jar	49295d5ff337d698cf58cd91718e7985461e2be93c3e1d919ce34f7b49b1abe0	aws-and-alternative-storage-deferred	retained for complete-corpus structural compatibility; necessity is re-evaluated at the named later-stage scope
263	aws-java-sdk-opsworkscm-1.12.564.jar	lib/aws-java-sdk-opsworkscm-1.12.564.jar	097cdff2aec274b01f1669f3082f3d16e275760a989ce56dd5b499014f663f4a	transitive-or-packaged	0	RETAIN_HASH_PINNED_STAGE1	lib/aws-java-sdk-opsworkscm-1.12.564.jar	097cdff2aec274b01f1669f3082f3d16e275760a989ce56dd5b499014f663f4a	aws-and-alternative-storage-deferred	retained for complete-corpus structural compatibility; necessity is re-evaluated at the named later-stage scope
264	aws-java-sdk-organizations-1.12.564.jar	lib/aws-java-sdk-organizations-1.12.564.jar	5346ce1a8196e2fb6a9cceeee4c3ca87a9881e4d798b8f146c90560f220b92d8	transitive-or-packaged	0	RETAIN_HASH_PINNED_STAGE1	lib/aws-java-sdk-organizations-1.12.564.jar	5346ce1a8196e2fb6a9cceeee4c3ca87a9881e4d798b8f146c90560f220b92d8	aws-and-alternative-storage-deferred	retained for complete-corpus structural compatibility; necessity is re-evaluated at the named later-stage scope
265	aws-java-sdk-osis-1.12.564.jar	lib/aws-java-sdk-osis-1.12.564.jar	7250c178248339d88d4d3fea445b874ee13428d5c4e1d16556f95eb63e2da403	transitive-or-packaged	0	RETAIN_HASH_PINNED_STAGE1	lib/aws-java-sdk-osis-1.12.564.jar	7250c178248339d88d4d3fea445b874ee13428d5c4e1d16556f95eb63e2da403	aws-and-alternative-storage-deferred	retained for complete-corpus structural compatibility; necessity is re-evaluated at the named later-stage scope
266	aws-java-sdk-outposts-1.12.564.jar	lib/aws-java-sdk-outposts-1.12.564.jar	03271b3fe9e0ab3097401d74f3e4f26d908820d566b6dc4ab8ff38f371bd621e	transitive-or-packaged	0	RETAIN_HASH_PINNED_STAGE1	lib/aws-java-sdk-outposts-1.12.564.jar	03271b3fe9e0ab3097401d74f3e4f26d908820d566b6dc4ab8ff38f371bd621e	aws-and-alternative-storage-deferred	retained for complete-corpus structural compatibility; necessity is re-evaluated at the named later-stage scope
267	aws-java-sdk-panorama-1.12.564.jar	lib/aws-java-sdk-panorama-1.12.564.jar	c061c3b81c3b75503a42f73231ca030dfb5f3fbea65f40a3f45918f1c1d7b9b8	transitive-or-packaged	0	RETAIN_HASH_PINNED_STAGE1	lib/aws-java-sdk-panorama-1.12.564.jar	c061c3b81c3b75503a42f73231ca030dfb5f3fbea65f40a3f45918f1c1d7b9b8	aws-and-alternative-storage-deferred	retained for complete-corpus structural compatibility; necessity is re-evaluated at the named later-stage scope
268	aws-java-sdk-paymentcryptography-1.12.564.jar	lib/aws-java-sdk-paymentcryptography-1.12.564.jar	8b5dbf204adc22edf8f3c51bb8500e49d4f79a155f997c6f34525d22273d254c	transitive-or-packaged	0	RETAIN_HASH_PINNED_STAGE1	lib/aws-java-sdk-paymentcryptography-1.12.564.jar	8b5dbf204adc22edf8f3c51bb8500e49d4f79a155f997c6f34525d22273d254c	aws-and-alternative-storage-deferred	retained for complete-corpus structural compatibility; necessity is re-evaluated at the named later-stage scope
269	aws-java-sdk-paymentcryptographydata-1.12.564.jar	lib/aws-java-sdk-paymentcryptographydata-1.12.564.jar	e76e8f27cd5031c51ef06aefd8ebd6d9fef03b0e6b8a2e9f7d06c395a24c7a57	transitive-or-packaged	0	RETAIN_HASH_PINNED_STAGE1	lib/aws-java-sdk-paymentcryptographydata-1.12.564.jar	e76e8f27cd5031c51ef06aefd8ebd6d9fef03b0e6b8a2e9f7d06c395a24c7a57	aws-and-alternative-storage-deferred	retained for complete-corpus structural compatibility; necessity is re-evaluated at the named later-stage scope
270	aws-java-sdk-pcaconnectorad-1.12.564.jar	lib/aws-java-sdk-pcaconnectorad-1.12.564.jar	282cb0e782b35b3d5a4109d157bc77327acd8e334e52fbcda6218168f83b6216	transitive-or-packaged	0	RETAIN_HASH_PINNED_STAGE1	lib/aws-java-sdk-pcaconnectorad-1.12.564.jar	282cb0e782b35b3d5a4109d157bc77327acd8e334e52fbcda6218168f83b6216	aws-and-alternative-storage-deferred	retained for complete-corpus structural compatibility; necessity is re-evaluated at the named later-stage scope
271	aws-java-sdk-personalize-1.12.564.jar	lib/aws-java-sdk-personalize-1.12.564.jar	e1f177b7fcfa7850d0df62eec3991a3c900fd7fbb4d54de9aa5c678d15399bc1	transitive-or-packaged	0	RETAIN_HASH_PINNED_STAGE1	lib/aws-java-sdk-personalize-1.12.564.jar	e1f177b7fcfa7850d0df62eec3991a3c900fd7fbb4d54de9aa5c678d15399bc1	aws-and-alternative-storage-deferred	retained for complete-corpus structural compatibility; necessity is re-evaluated at the named later-stage scope
272	aws-java-sdk-personalizeevents-1.12.564.jar	lib/aws-java-sdk-personalizeevents-1.12.564.jar	868ddcdb47fd5f5cb57593a3c48d449e188bdb94d63ff7613a4bb0beeb6f7222	transitive-or-packaged	0	RETAIN_HASH_PINNED_STAGE1	lib/aws-java-sdk-personalizeevents-1.12.564.jar	868ddcdb47fd5f5cb57593a3c48d449e188bdb94d63ff7613a4bb0beeb6f7222	aws-and-alternative-storage-deferred	retained for complete-corpus structural compatibility; necessity is re-evaluated at the named later-stage scope
273	aws-java-sdk-personalizeruntime-1.12.564.jar	lib/aws-java-sdk-personalizeruntime-1.12.564.jar	eda953eaf467c4bf4591667fe1e3d90a9ab3b584db8abf018906d535bf90b2f6	transitive-or-packaged	0	RETAIN_HASH_PINNED_STAGE1	lib/aws-java-sdk-personalizeruntime-1.12.564.jar	eda953eaf467c4bf4591667fe1e3d90a9ab3b584db8abf018906d535bf90b2f6	aws-and-alternative-storage-deferred	retained for complete-corpus structural compatibility; necessity is re-evaluated at the named later-stage scope
274	aws-java-sdk-pi-1.12.564.jar	lib/aws-java-sdk-pi-1.12.564.jar	ba99cc1c421212db0f79e369ed1e9e4b7129c86b69ee68db486e74e6592e6493	transitive-or-packaged	0	RETAIN_HASH_PINNED_STAGE1	lib/aws-java-sdk-pi-1.12.564.jar	ba99cc1c421212db0f79e369ed1e9e4b7129c86b69ee68db486e74e6592e6493	aws-and-alternative-storage-deferred	retained for complete-corpus structural compatibility; necessity is re-evaluated at the named later-stage scope
275	aws-java-sdk-pinpoint-1.12.564.jar	lib/aws-java-sdk-pinpoint-1.12.564.jar	580870b3f986bea80988ebf4989236a603bf9dd79b1ed5afdee9884b7d003215	transitive-or-packaged	0	RETAIN_HASH_PINNED_STAGE1	lib/aws-java-sdk-pinpoint-1.12.564.jar	580870b3f986bea80988ebf4989236a603bf9dd79b1ed5afdee9884b7d003215	aws-and-alternative-storage-deferred	retained for complete-corpus structural compatibility; necessity is re-evaluated at the named later-stage scope
276	aws-java-sdk-pinpointemail-1.12.564.jar	lib/aws-java-sdk-pinpointemail-1.12.564.jar	139351fcc0228c676f4e78e0f5b69a59ebcc38e89095317a851e2a58ee858594	transitive-or-packaged	0	RETAIN_HASH_PINNED_STAGE1	lib/aws-java-sdk-pinpointemail-1.12.564.jar	139351fcc0228c676f4e78e0f5b69a59ebcc38e89095317a851e2a58ee858594	aws-and-alternative-storage-deferred	retained for complete-corpus structural compatibility; necessity is re-evaluated at the named later-stage scope
277	aws-java-sdk-pinpointsmsvoice-1.12.564.jar	lib/aws-java-sdk-pinpointsmsvoice-1.12.564.jar	6a55e811fd646df9c758d086ff29d6ae26d696ff057e8ffa6a1f88c78cc24f82	transitive-or-packaged	0	RETAIN_HASH_PINNED_STAGE1	lib/aws-java-sdk-pinpointsmsvoice-1.12.564.jar	6a55e811fd646df9c758d086ff29d6ae26d696ff057e8ffa6a1f88c78cc24f82	aws-and-alternative-storage-deferred	retained for complete-corpus structural compatibility; necessity is re-evaluated at the named later-stage scope
278	aws-java-sdk-pinpointsmsvoicev2-1.12.564.jar	lib/aws-java-sdk-pinpointsmsvoicev2-1.12.564.jar	87acf0d84bb845b564a0fffd3e7e779cfa1325435661c654c9fccac2c0832796	transitive-or-packaged	0	RETAIN_HASH_PINNED_STAGE1	lib/aws-java-sdk-pinpointsmsvoicev2-1.12.564.jar	87acf0d84bb845b564a0fffd3e7e779cfa1325435661c654c9fccac2c0832796	aws-and-alternative-storage-deferred	retained for complete-corpus structural compatibility; necessity is re-evaluated at the named later-stage scope
279	aws-java-sdk-pipes-1.12.564.jar	lib/aws-java-sdk-pipes-1.12.564.jar	3b19db77d717f55336c71253102f10b69a004458902c4b57705e6ce74531fea5	transitive-or-packaged	0	RETAIN_HASH_PINNED_STAGE1	lib/aws-java-sdk-pipes-1.12.564.jar	3b19db77d717f55336c71253102f10b69a004458902c4b57705e6ce74531fea5	aws-and-alternative-storage-deferred	retained for complete-corpus structural compatibility; necessity is re-evaluated at the named later-stage scope
280	aws-java-sdk-polly-1.12.564.jar	lib/aws-java-sdk-polly-1.12.564.jar	405bc318948aea0448c38654cee53899dac3f1f2980f3a2fe0771eb88cef5703	transitive-or-packaged	0	RETAIN_HASH_PINNED_STAGE1	lib/aws-java-sdk-polly-1.12.564.jar	405bc318948aea0448c38654cee53899dac3f1f2980f3a2fe0771eb88cef5703	aws-and-alternative-storage-deferred	retained for complete-corpus structural compatibility; necessity is re-evaluated at the named later-stage scope
281	aws-java-sdk-pricing-1.12.564.jar	lib/aws-java-sdk-pricing-1.12.564.jar	9b4611f57cf7fb99d006263b2bc459bcc469031487cd4c17edb4c2266cbbc7c4	transitive-or-packaged	0	RETAIN_HASH_PINNED_STAGE1	lib/aws-java-sdk-pricing-1.12.564.jar	9b4611f57cf7fb99d006263b2bc459bcc469031487cd4c17edb4c2266cbbc7c4	aws-and-alternative-storage-deferred	retained for complete-corpus structural compatibility; necessity is re-evaluated at the named later-stage scope
282	aws-java-sdk-private5g-1.12.564.jar	lib/aws-java-sdk-private5g-1.12.564.jar	72a2fda2461e3303e3fe310714ddb6c94dc19e343e5df06922c0bb279e6cd10d	transitive-or-packaged	0	RETAIN_HASH_PINNED_STAGE1	lib/aws-java-sdk-private5g-1.12.564.jar	72a2fda2461e3303e3fe310714ddb6c94dc19e343e5df06922c0bb279e6cd10d	aws-and-alternative-storage-deferred	retained for complete-corpus structural compatibility; necessity is re-evaluated at the named later-stage scope
283	aws-java-sdk-prometheus-1.12.564.jar	lib/aws-java-sdk-prometheus-1.12.564.jar	cad2dac2dce9004b19ea822d62896dec7fe2e5f986bbce65a6ffaf8f93d2dabf	transitive-or-packaged	0	RETAIN_HASH_PINNED_STAGE1	lib/aws-java-sdk-prometheus-1.12.564.jar	cad2dac2dce9004b19ea822d62896dec7fe2e5f986bbce65a6ffaf8f93d2dabf	aws-and-alternative-storage-deferred	retained for complete-corpus structural compatibility; necessity is re-evaluated at the named later-stage scope
284	aws-java-sdk-proton-1.12.564.jar	lib/aws-java-sdk-proton-1.12.564.jar	014ceb097ea6b44d53ebcc66afbc3e023c2da9ffa9620b5fbbde67bed5d49595	transitive-or-packaged	0	RETAIN_HASH_PINNED_STAGE1	lib/aws-java-sdk-proton-1.12.564.jar	014ceb097ea6b44d53ebcc66afbc3e023c2da9ffa9620b5fbbde67bed5d49595	aws-and-alternative-storage-deferred	retained for complete-corpus structural compatibility; necessity is re-evaluated at the named later-stage scope
285	aws-java-sdk-qldb-1.12.564.jar	lib/aws-java-sdk-qldb-1.12.564.jar	3e7cf2d31902369f43228cec2d827f877f5ddc459f545635751851b766c5bc14	transitive-or-packaged	0	RETAIN_HASH_PINNED_STAGE1	lib/aws-java-sdk-qldb-1.12.564.jar	3e7cf2d31902369f43228cec2d827f877f5ddc459f545635751851b766c5bc14	aws-and-alternative-storage-deferred	retained for complete-corpus structural compatibility; necessity is re-evaluated at the named later-stage scope
286	aws-java-sdk-qldbsession-1.12.564.jar	lib/aws-java-sdk-qldbsession-1.12.564.jar	79f573cb58b47e2df8ef1e75bd44b7c43f3742d8f0ba795602445d2d80e68795	transitive-or-packaged	0	RETAIN_HASH_PINNED_STAGE1	lib/aws-java-sdk-qldbsession-1.12.564.jar	79f573cb58b47e2df8ef1e75bd44b7c43f3742d8f0ba795602445d2d80e68795	aws-and-alternative-storage-deferred	retained for complete-corpus structural compatibility; necessity is re-evaluated at the named later-stage scope
287	aws-java-sdk-quicksight-1.12.564.jar	lib/aws-java-sdk-quicksight-1.12.564.jar	b01836280e212688f7f160b803cf82f633b43bc3008cb6e286cba2d4e225f4da	transitive-or-packaged	0	RETAIN_HASH_PINNED_STAGE1	lib/aws-java-sdk-quicksight-1.12.564.jar	b01836280e212688f7f160b803cf82f633b43bc3008cb6e286cba2d4e225f4da	aws-and-alternative-storage-deferred	retained for complete-corpus structural compatibility; necessity is re-evaluated at the named later-stage scope
288	aws-java-sdk-ram-1.12.564.jar	lib/aws-java-sdk-ram-1.12.564.jar	5e423f3b029191bd8550af82477873a6ef29e5578949214bb01aab0b022868a8	transitive-or-packaged	0	RETAIN_HASH_PINNED_STAGE1	lib/aws-java-sdk-ram-1.12.564.jar	5e423f3b029191bd8550af82477873a6ef29e5578949214bb01aab0b022868a8	aws-and-alternative-storage-deferred	retained for complete-corpus structural compatibility; necessity is re-evaluated at the named later-stage scope
289	aws-java-sdk-rds-1.12.564.jar	lib/aws-java-sdk-rds-1.12.564.jar	c97ecec71b981ac4459cc22c868f102432e94bfbd9a80af4c294e5d8422c0884	transitive-or-packaged	0	RETAIN_HASH_PINNED_STAGE1	lib/aws-java-sdk-rds-1.12.564.jar	c97ecec71b981ac4459cc22c868f102432e94bfbd9a80af4c294e5d8422c0884	aws-and-alternative-storage-deferred	retained for complete-corpus structural compatibility; necessity is re-evaluated at the named later-stage scope
290	aws-java-sdk-rdsdata-1.12.564.jar	lib/aws-java-sdk-rdsdata-1.12.564.jar	caa0e9949f06fb47be9c09ef68dc4e5dd05b48965c9ac5eefba07c992adb4677	transitive-or-packaged	0	RETAIN_HASH_PINNED_STAGE1	lib/aws-java-sdk-rdsdata-1.12.564.jar	caa0e9949f06fb47be9c09ef68dc4e5dd05b48965c9ac5eefba07c992adb4677	aws-and-alternative-storage-deferred	retained for complete-corpus structural compatibility; necessity is re-evaluated at the named later-stage scope
291	aws-java-sdk-recyclebin-1.12.564.jar	lib/aws-java-sdk-recyclebin-1.12.564.jar	b1e686ad7e86df527b20e8c2b3b11b63963dfa7ca6a5f5d2711266eb4e7865f3	transitive-or-packaged	0	RETAIN_HASH_PINNED_STAGE1	lib/aws-java-sdk-recyclebin-1.12.564.jar	b1e686ad7e86df527b20e8c2b3b11b63963dfa7ca6a5f5d2711266eb4e7865f3	aws-and-alternative-storage-deferred	retained for complete-corpus structural compatibility; necessity is re-evaluated at the named later-stage scope
292	aws-java-sdk-redshift-1.12.564.jar	lib/aws-java-sdk-redshift-1.12.564.jar	db2743734eb7f48ba97aff97a935e8a8d347251cdab60066627646a22a84ccb3	transitive-or-packaged	0	RETAIN_HASH_PINNED_STAGE1	lib/aws-java-sdk-redshift-1.12.564.jar	db2743734eb7f48ba97aff97a935e8a8d347251cdab60066627646a22a84ccb3	aws-and-alternative-storage-deferred	retained for complete-corpus structural compatibility; necessity is re-evaluated at the named later-stage scope
293	aws-java-sdk-redshiftdataapi-1.12.564.jar	lib/aws-java-sdk-redshiftdataapi-1.12.564.jar	581c68e0e35d981793d5a512b3c5465e38253daad8ab5b127b96c0f942cadc00	transitive-or-packaged	0	RETAIN_HASH_PINNED_STAGE1	lib/aws-java-sdk-redshiftdataapi-1.12.564.jar	581c68e0e35d981793d5a512b3c5465e38253daad8ab5b127b96c0f942cadc00	aws-and-alternative-storage-deferred	retained for complete-corpus structural compatibility; necessity is re-evaluated at the named later-stage scope
294	aws-java-sdk-redshiftserverless-1.12.564.jar	lib/aws-java-sdk-redshiftserverless-1.12.564.jar	d1da395c9e63d7fb8732826e98074f529f4e62f1f6edea36ac85981f0dec8c80	transitive-or-packaged	0	RETAIN_HASH_PINNED_STAGE1	lib/aws-java-sdk-redshiftserverless-1.12.564.jar	d1da395c9e63d7fb8732826e98074f529f4e62f1f6edea36ac85981f0dec8c80	aws-and-alternative-storage-deferred	retained for complete-corpus structural compatibility; necessity is re-evaluated at the named later-stage scope
295	aws-java-sdk-rekognition-1.12.564.jar	lib/aws-java-sdk-rekognition-1.12.564.jar	000119b590368a71775e25d610222cf293cfc061d5dc6c973f45c5a6a87f2fd4	transitive-or-packaged	0	RETAIN_HASH_PINNED_STAGE1	lib/aws-java-sdk-rekognition-1.12.564.jar	000119b590368a71775e25d610222cf293cfc061d5dc6c973f45c5a6a87f2fd4	aws-and-alternative-storage-deferred	retained for complete-corpus structural compatibility; necessity is re-evaluated at the named later-stage scope
296	aws-java-sdk-resiliencehub-1.12.564.jar	lib/aws-java-sdk-resiliencehub-1.12.564.jar	1669eb05ba69cfbfb0b45f8525da14a2967a9a528ff8eb8bc80250e977a3d601	transitive-or-packaged	0	RETAIN_HASH_PINNED_STAGE1	lib/aws-java-sdk-resiliencehub-1.12.564.jar	1669eb05ba69cfbfb0b45f8525da14a2967a9a528ff8eb8bc80250e977a3d601	aws-and-alternative-storage-deferred	retained for complete-corpus structural compatibility; necessity is re-evaluated at the named later-stage scope
297	aws-java-sdk-resourceexplorer2-1.12.564.jar	lib/aws-java-sdk-resourceexplorer2-1.12.564.jar	c3c222079627f4ccd60345875aaabf03d2261f078e5f2f4f40ff7fde9b2d2037	transitive-or-packaged	0	RETAIN_HASH_PINNED_STAGE1	lib/aws-java-sdk-resourceexplorer2-1.12.564.jar	c3c222079627f4ccd60345875aaabf03d2261f078e5f2f4f40ff7fde9b2d2037	aws-and-alternative-storage-deferred	retained for complete-corpus structural compatibility; necessity is re-evaluated at the named later-stage scope
298	aws-java-sdk-resourcegroups-1.12.564.jar	lib/aws-java-sdk-resourcegroups-1.12.564.jar	1cc80d552f33252b8f19f7ea6398c49d67c6b421d17fec0e0aedac3532e95e8e	transitive-or-packaged	0	RETAIN_HASH_PINNED_STAGE1	lib/aws-java-sdk-resourcegroups-1.12.564.jar	1cc80d552f33252b8f19f7ea6398c49d67c6b421d17fec0e0aedac3532e95e8e	aws-and-alternative-storage-deferred	retained for complete-corpus structural compatibility; necessity is re-evaluated at the named later-stage scope
299	aws-java-sdk-resourcegroupstaggingapi-1.12.564.jar	lib/aws-java-sdk-resourcegroupstaggingapi-1.12.564.jar	81e64256ca0534167cb7320533a187393efa89e7c2fb573132b304a85355b0de	transitive-or-packaged	0	RETAIN_HASH_PINNED_STAGE1	lib/aws-java-sdk-resourcegroupstaggingapi-1.12.564.jar	81e64256ca0534167cb7320533a187393efa89e7c2fb573132b304a85355b0de	aws-and-alternative-storage-deferred	retained for complete-corpus structural compatibility; necessity is re-evaluated at the named later-stage scope
300	aws-java-sdk-robomaker-1.12.564.jar	lib/aws-java-sdk-robomaker-1.12.564.jar	9b159a1cb7d595b45c0c17be6f3aae3fd68252b4423b0c610f54635897f9ab3a	transitive-or-packaged	0	RETAIN_HASH_PINNED_STAGE1	lib/aws-java-sdk-robomaker-1.12.564.jar	9b159a1cb7d595b45c0c17be6f3aae3fd68252b4423b0c610f54635897f9ab3a	aws-and-alternative-storage-deferred	retained for complete-corpus structural compatibility; necessity is re-evaluated at the named later-stage scope
301	aws-java-sdk-route53-1.12.564.jar	lib/aws-java-sdk-route53-1.12.564.jar	473b12937a9805466e963cbca6b596844bc9570f0b2351683dc5872817988229	transitive-or-packaged	0	RETAIN_HASH_PINNED_STAGE1	lib/aws-java-sdk-route53-1.12.564.jar	473b12937a9805466e963cbca6b596844bc9570f0b2351683dc5872817988229	aws-and-alternative-storage-deferred	retained for complete-corpus structural compatibility; necessity is re-evaluated at the named later-stage scope
302	aws-java-sdk-route53recoverycluster-1.12.564.jar	lib/aws-java-sdk-route53recoverycluster-1.12.564.jar	7077483c29cfc9acf41029842ee8de0fea048eecbe38f43b31e51e85ef669581	transitive-or-packaged	0	RETAIN_HASH_PINNED_STAGE1	lib/aws-java-sdk-route53recoverycluster-1.12.564.jar	7077483c29cfc9acf41029842ee8de0fea048eecbe38f43b31e51e85ef669581	aws-and-alternative-storage-deferred	retained for complete-corpus structural compatibility; necessity is re-evaluated at the named later-stage scope
303	aws-java-sdk-route53recoverycontrolconfig-1.12.564.jar	lib/aws-java-sdk-route53recoverycontrolconfig-1.12.564.jar	e0d61597d13194652df76a77f4ac690d2048da11465741bd5ea01a59c4c2df3c	transitive-or-packaged	0	RETAIN_HASH_PINNED_STAGE1	lib/aws-java-sdk-route53recoverycontrolconfig-1.12.564.jar	e0d61597d13194652df76a77f4ac690d2048da11465741bd5ea01a59c4c2df3c	aws-and-alternative-storage-deferred	retained for complete-corpus structural compatibility; necessity is re-evaluated at the named later-stage scope
304	aws-java-sdk-route53recoveryreadiness-1.12.564.jar	lib/aws-java-sdk-route53recoveryreadiness-1.12.564.jar	90c32306bd18c9111cc06d172c229b175d2a341e022a64a052879379ad9e97b7	transitive-or-packaged	0	RETAIN_HASH_PINNED_STAGE1	lib/aws-java-sdk-route53recoveryreadiness-1.12.564.jar	90c32306bd18c9111cc06d172c229b175d2a341e022a64a052879379ad9e97b7	aws-and-alternative-storage-deferred	retained for complete-corpus structural compatibility; necessity is re-evaluated at the named later-stage scope
305	aws-java-sdk-route53resolver-1.12.564.jar	lib/aws-java-sdk-route53resolver-1.12.564.jar	8a6dde91b61d0d60950b06737b4663a052db92cbc13df27827ca03384d50504f	transitive-or-packaged	0	RETAIN_HASH_PINNED_STAGE1	lib/aws-java-sdk-route53resolver-1.12.564.jar	8a6dde91b61d0d60950b06737b4663a052db92cbc13df27827ca03384d50504f	aws-and-alternative-storage-deferred	retained for complete-corpus structural compatibility; necessity is re-evaluated at the named later-stage scope
306	aws-java-sdk-s3-1.12.564.jar	lib/aws-java-sdk-s3-1.12.564.jar	94fd13f222ce41877f87391e6f89e3522d7efb9a9cc6bf36ef649a13ee70ea98	transitive-or-packaged	0	RETAIN_HASH_PINNED_STAGE1	lib/aws-java-sdk-s3-1.12.564.jar	94fd13f222ce41877f87391e6f89e3522d7efb9a9cc6bf36ef649a13ee70ea98	aws-and-alternative-storage-deferred	retained for complete-corpus structural compatibility; necessity is re-evaluated at the named later-stage scope
307	aws-java-sdk-s3control-1.12.564.jar	lib/aws-java-sdk-s3control-1.12.564.jar	4930c2564b64129562b945d549db7745b3d5621c3aebe785312b5c0016e255ce	transitive-or-packaged	0	RETAIN_HASH_PINNED_STAGE1	lib/aws-java-sdk-s3control-1.12.564.jar	4930c2564b64129562b945d549db7745b3d5621c3aebe785312b5c0016e255ce	aws-and-alternative-storage-deferred	retained for complete-corpus structural compatibility; necessity is re-evaluated at the named later-stage scope
308	aws-java-sdk-s3outposts-1.12.564.jar	lib/aws-java-sdk-s3outposts-1.12.564.jar	740f5075fb45f4fbca2b4cbfd61da173fc45bbe6a3ac6c2c2a40d254b8a2fcfb	transitive-or-packaged	0	RETAIN_HASH_PINNED_STAGE1	lib/aws-java-sdk-s3outposts-1.12.564.jar	740f5075fb45f4fbca2b4cbfd61da173fc45bbe6a3ac6c2c2a40d254b8a2fcfb	aws-and-alternative-storage-deferred	retained for complete-corpus structural compatibility; necessity is re-evaluated at the named later-stage scope
309	aws-java-sdk-sagemaker-1.12.564.jar	lib/aws-java-sdk-sagemaker-1.12.564.jar	7da3e614ff08c4df854535a63b019448cf21931ded26cf89b32bce3dcea3671d	transitive-or-packaged	0	RETAIN_HASH_PINNED_STAGE1	lib/aws-java-sdk-sagemaker-1.12.564.jar	7da3e614ff08c4df854535a63b019448cf21931ded26cf89b32bce3dcea3671d	aws-and-alternative-storage-deferred	retained for complete-corpus structural compatibility; necessity is re-evaluated at the named later-stage scope
310	aws-java-sdk-sagemakeredgemanager-1.12.564.jar	lib/aws-java-sdk-sagemakeredgemanager-1.12.564.jar	338585d5fa5377c1c9826cbc01e0c73575b5abcadcd96f404c8e4878d223644c	transitive-or-packaged	0	RETAIN_HASH_PINNED_STAGE1	lib/aws-java-sdk-sagemakeredgemanager-1.12.564.jar	338585d5fa5377c1c9826cbc01e0c73575b5abcadcd96f404c8e4878d223644c	aws-and-alternative-storage-deferred	retained for complete-corpus structural compatibility; necessity is re-evaluated at the named later-stage scope
311	aws-java-sdk-sagemakerfeaturestoreruntime-1.12.564.jar	lib/aws-java-sdk-sagemakerfeaturestoreruntime-1.12.564.jar	6c1cb768b310cd6bb097f73523607d265d1a30d719e59bf00297533ae677e5a5	transitive-or-packaged	0	RETAIN_HASH_PINNED_STAGE1	lib/aws-java-sdk-sagemakerfeaturestoreruntime-1.12.564.jar	6c1cb768b310cd6bb097f73523607d265d1a30d719e59bf00297533ae677e5a5	aws-and-alternative-storage-deferred	retained for complete-corpus structural compatibility; necessity is re-evaluated at the named later-stage scope
312	aws-java-sdk-sagemakergeospatial-1.12.564.jar	lib/aws-java-sdk-sagemakergeospatial-1.12.564.jar	bc0ffdfc67d0a3356138aca495e921110cfca2312c1d299c648c8d6dcebf809c	transitive-or-packaged	0	RETAIN_HASH_PINNED_STAGE1	lib/aws-java-sdk-sagemakergeospatial-1.12.564.jar	bc0ffdfc67d0a3356138aca495e921110cfca2312c1d299c648c8d6dcebf809c	aws-and-alternative-storage-deferred	retained for complete-corpus structural compatibility; necessity is re-evaluated at the named later-stage scope
313	aws-java-sdk-sagemakermetrics-1.12.564.jar	lib/aws-java-sdk-sagemakermetrics-1.12.564.jar	a5c0489fb264033c33c73efb58eb2d5572b6ea96f5bab6782492a43c635ecb0d	transitive-or-packaged	0	RETAIN_HASH_PINNED_STAGE1	lib/aws-java-sdk-sagemakermetrics-1.12.564.jar	a5c0489fb264033c33c73efb58eb2d5572b6ea96f5bab6782492a43c635ecb0d	aws-and-alternative-storage-deferred	retained for complete-corpus structural compatibility; necessity is re-evaluated at the named later-stage scope
314	aws-java-sdk-sagemakerruntime-1.12.564.jar	lib/aws-java-sdk-sagemakerruntime-1.12.564.jar	3c2fe8963abc0d218990be82af0bdb52e84375b164ad154fdaf21a5370fba6ec	transitive-or-packaged	0	RETAIN_HASH_PINNED_STAGE1	lib/aws-java-sdk-sagemakerruntime-1.12.564.jar	3c2fe8963abc0d218990be82af0bdb52e84375b164ad154fdaf21a5370fba6ec	aws-and-alternative-storage-deferred	retained for complete-corpus structural compatibility; necessity is re-evaluated at the named later-stage scope
315	aws-java-sdk-savingsplans-1.12.564.jar	lib/aws-java-sdk-savingsplans-1.12.564.jar	db9a492cc537053755c83eb77f74a6ab65b31a4f5b478ae152d7fcca89aba094	transitive-or-packaged	0	RETAIN_HASH_PINNED_STAGE1	lib/aws-java-sdk-savingsplans-1.12.564.jar	db9a492cc537053755c83eb77f74a6ab65b31a4f5b478ae152d7fcca89aba094	aws-and-alternative-storage-deferred	retained for complete-corpus structural compatibility; necessity is re-evaluated at the named later-stage scope
316	aws-java-sdk-scheduler-1.12.564.jar	lib/aws-java-sdk-scheduler-1.12.564.jar	321aa2f9bd1dfbf8929dc25c45d14e3f123c272f9fa426309044e0c9e0974d39	transitive-or-packaged	0	RETAIN_HASH_PINNED_STAGE1	lib/aws-java-sdk-scheduler-1.12.564.jar	321aa2f9bd1dfbf8929dc25c45d14e3f123c272f9fa426309044e0c9e0974d39	aws-and-alternative-storage-deferred	retained for complete-corpus structural compatibility; necessity is re-evaluated at the named later-stage scope
317	aws-java-sdk-schemas-1.12.564.jar	lib/aws-java-sdk-schemas-1.12.564.jar	a59189840c14cddc11139464e9b8673511795cf7cc268e0ff661d2fb228e0ea5	transitive-or-packaged	0	RETAIN_HASH_PINNED_STAGE1	lib/aws-java-sdk-schemas-1.12.564.jar	a59189840c14cddc11139464e9b8673511795cf7cc268e0ff661d2fb228e0ea5	aws-and-alternative-storage-deferred	retained for complete-corpus structural compatibility; necessity is re-evaluated at the named later-stage scope
318	aws-java-sdk-secretsmanager-1.12.564.jar	lib/aws-java-sdk-secretsmanager-1.12.564.jar	d80bb3d8153eb83084171d73ed6772fccc1db06071d43aaf88083c786ba64b18	transitive-or-packaged	0	RETAIN_HASH_PINNED_STAGE1	lib/aws-java-sdk-secretsmanager-1.12.564.jar	d80bb3d8153eb83084171d73ed6772fccc1db06071d43aaf88083c786ba64b18	aws-and-alternative-storage-deferred	retained for complete-corpus structural compatibility; necessity is re-evaluated at the named later-stage scope
319	aws-java-sdk-securityhub-1.12.564.jar	lib/aws-java-sdk-securityhub-1.12.564.jar	2feb29e61cf88e75e073771c197a044014b7e83f49c83afd1cddd65c457ea03f	transitive-or-packaged	0	RETAIN_HASH_PINNED_STAGE1	lib/aws-java-sdk-securityhub-1.12.564.jar	2feb29e61cf88e75e073771c197a044014b7e83f49c83afd1cddd65c457ea03f	aws-and-alternative-storage-deferred	retained for complete-corpus structural compatibility; necessity is re-evaluated at the named later-stage scope
320	aws-java-sdk-securitylake-1.12.564.jar	lib/aws-java-sdk-securitylake-1.12.564.jar	5596f51223ff9750f8dedf688706c4317a2999cc8be284efbbe1bd8e65b3b036	transitive-or-packaged	0	RETAIN_HASH_PINNED_STAGE1	lib/aws-java-sdk-securitylake-1.12.564.jar	5596f51223ff9750f8dedf688706c4317a2999cc8be284efbbe1bd8e65b3b036	aws-and-alternative-storage-deferred	retained for complete-corpus structural compatibility; necessity is re-evaluated at the named later-stage scope
321	aws-java-sdk-serverlessapplicationrepository-1.12.564.jar	lib/aws-java-sdk-serverlessapplicationrepository-1.12.564.jar	926ec0bdeb7b07b0ddb6bf35ddf59725506fd4b965ddfd2744cae52ea9d49320	transitive-or-packaged	0	RETAIN_HASH_PINNED_STAGE1	lib/aws-java-sdk-serverlessapplicationrepository-1.12.564.jar	926ec0bdeb7b07b0ddb6bf35ddf59725506fd4b965ddfd2744cae52ea9d49320	aws-and-alternative-storage-deferred	retained for complete-corpus structural compatibility; necessity is re-evaluated at the named later-stage scope
322	aws-java-sdk-servermigration-1.12.564.jar	lib/aws-java-sdk-servermigration-1.12.564.jar	de8cc1f3c72563820f2faa89e5fcafd86fde0fcf14675bcf5d1bf5c9185388fc	transitive-or-packaged	0	RETAIN_HASH_PINNED_STAGE1	lib/aws-java-sdk-servermigration-1.12.564.jar	de8cc1f3c72563820f2faa89e5fcafd86fde0fcf14675bcf5d1bf5c9185388fc	aws-and-alternative-storage-deferred	retained for complete-corpus structural compatibility; necessity is re-evaluated at the named later-stage scope
323	aws-java-sdk-servicecatalog-1.12.564.jar	lib/aws-java-sdk-servicecatalog-1.12.564.jar	a064b8f67e4475ff83f7ed2ff2ab9c563665eaeae6ae46bcb6a0892aff0df257	transitive-or-packaged	0	RETAIN_HASH_PINNED_STAGE1	lib/aws-java-sdk-servicecatalog-1.12.564.jar	a064b8f67e4475ff83f7ed2ff2ab9c563665eaeae6ae46bcb6a0892aff0df257	aws-and-alternative-storage-deferred	retained for complete-corpus structural compatibility; necessity is re-evaluated at the named later-stage scope
324	aws-java-sdk-servicediscovery-1.12.564.jar	lib/aws-java-sdk-servicediscovery-1.12.564.jar	65f99d0ba64bffffeafc4fa08bcc4bc4e094adb51a80e849eadf4eae6382e7d8	transitive-or-packaged	0	RETAIN_HASH_PINNED_STAGE1	lib/aws-java-sdk-servicediscovery-1.12.564.jar	65f99d0ba64bffffeafc4fa08bcc4bc4e094adb51a80e849eadf4eae6382e7d8	aws-and-alternative-storage-deferred	retained for complete-corpus structural compatibility; necessity is re-evaluated at the named later-stage scope
325	aws-java-sdk-servicequotas-1.12.564.jar	lib/aws-java-sdk-servicequotas-1.12.564.jar	260793a68e452dfc293ec595d7983d51c2fecb02646d430f794dada1a194700c	transitive-or-packaged	0	RETAIN_HASH_PINNED_STAGE1	lib/aws-java-sdk-servicequotas-1.12.564.jar	260793a68e452dfc293ec595d7983d51c2fecb02646d430f794dada1a194700c	aws-and-alternative-storage-deferred	retained for complete-corpus structural compatibility; necessity is re-evaluated at the named later-stage scope
326	aws-java-sdk-ses-1.12.564.jar	lib/aws-java-sdk-ses-1.12.564.jar	94988b4155d718ba00c40fb77fa4d9122d001592823e2eb62d272aa7c090557f	transitive-or-packaged	0	RETAIN_HASH_PINNED_STAGE1	lib/aws-java-sdk-ses-1.12.564.jar	94988b4155d718ba00c40fb77fa4d9122d001592823e2eb62d272aa7c090557f	aws-and-alternative-storage-deferred	retained for complete-corpus structural compatibility; necessity is re-evaluated at the named later-stage scope
327	aws-java-sdk-sesv2-1.12.564.jar	lib/aws-java-sdk-sesv2-1.12.564.jar	48b1eea3944fe6f03de3a7858fcf9a9fe0d6ac68c6a83af2d773b8fdf7fd3bf6	transitive-or-packaged	0	RETAIN_HASH_PINNED_STAGE1	lib/aws-java-sdk-sesv2-1.12.564.jar	48b1eea3944fe6f03de3a7858fcf9a9fe0d6ac68c6a83af2d773b8fdf7fd3bf6	aws-and-alternative-storage-deferred	retained for complete-corpus structural compatibility; necessity is re-evaluated at the named later-stage scope
328	aws-java-sdk-shield-1.12.564.jar	lib/aws-java-sdk-shield-1.12.564.jar	afc34f94b5dda6125174b2df4eb74d7efbabc0022127bb9400da18a82fdb5fe8	transitive-or-packaged	0	RETAIN_HASH_PINNED_STAGE1	lib/aws-java-sdk-shield-1.12.564.jar	afc34f94b5dda6125174b2df4eb74d7efbabc0022127bb9400da18a82fdb5fe8	aws-and-alternative-storage-deferred	retained for complete-corpus structural compatibility; necessity is re-evaluated at the named later-stage scope
329	aws-java-sdk-signer-1.12.564.jar	lib/aws-java-sdk-signer-1.12.564.jar	8c7c3ad0fe0e1d702fe8a218560ee1865398e2ddd56a6935020698d6e950f3f1	transitive-or-packaged	0	RETAIN_HASH_PINNED_STAGE1	lib/aws-java-sdk-signer-1.12.564.jar	8c7c3ad0fe0e1d702fe8a218560ee1865398e2ddd56a6935020698d6e950f3f1	aws-and-alternative-storage-deferred	retained for complete-corpus structural compatibility; necessity is re-evaluated at the named later-stage scope
330	aws-java-sdk-simpledb-1.12.564.jar	lib/aws-java-sdk-simpledb-1.12.564.jar	96deda48cdc4fe3422ca8a6fee8c1eabcce7ef0d9b5d463e84b53aea5be847e8	transitive-or-packaged	0	RETAIN_HASH_PINNED_STAGE1	lib/aws-java-sdk-simpledb-1.12.564.jar	96deda48cdc4fe3422ca8a6fee8c1eabcce7ef0d9b5d463e84b53aea5be847e8	aws-and-alternative-storage-deferred	retained for complete-corpus structural compatibility; necessity is re-evaluated at the named later-stage scope
331	aws-java-sdk-simpleworkflow-1.12.564.jar	lib/aws-java-sdk-simpleworkflow-1.12.564.jar	9d615b8caa554ed72af6dd716ab062dfcfe7e8dc4535bdbc211946d193717182	transitive-or-packaged	0	RETAIN_HASH_PINNED_STAGE1	lib/aws-java-sdk-simpleworkflow-1.12.564.jar	9d615b8caa554ed72af6dd716ab062dfcfe7e8dc4535bdbc211946d193717182	aws-and-alternative-storage-deferred	retained for complete-corpus structural compatibility; necessity is re-evaluated at the named later-stage scope
332	aws-java-sdk-simspaceweaver-1.12.564.jar	lib/aws-java-sdk-simspaceweaver-1.12.564.jar	c295b0c2dc7291a75db08954ed241461d5095e6a02eaef933159988df7006fc4	transitive-or-packaged	0	RETAIN_HASH_PINNED_STAGE1	lib/aws-java-sdk-simspaceweaver-1.12.564.jar	c295b0c2dc7291a75db08954ed241461d5095e6a02eaef933159988df7006fc4	aws-and-alternative-storage-deferred	retained for complete-corpus structural compatibility; necessity is re-evaluated at the named later-stage scope
333	aws-java-sdk-snowball-1.12.564.jar	lib/aws-java-sdk-snowball-1.12.564.jar	656c045bee808ca690c590659b2ea86da3ed368335b478f1a25039dd844ca5d9	transitive-or-packaged	0	RETAIN_HASH_PINNED_STAGE1	lib/aws-java-sdk-snowball-1.12.564.jar	656c045bee808ca690c590659b2ea86da3ed368335b478f1a25039dd844ca5d9	aws-and-alternative-storage-deferred	retained for complete-corpus structural compatibility; necessity is re-evaluated at the named later-stage scope
334	aws-java-sdk-snowdevicemanagement-1.12.564.jar	lib/aws-java-sdk-snowdevicemanagement-1.12.564.jar	d02f61e1a62bcd6f77d09be72f29c67274b5428f258fa0c0c92b8018802fe76f	transitive-or-packaged	0	RETAIN_HASH_PINNED_STAGE1	lib/aws-java-sdk-snowdevicemanagement-1.12.564.jar	d02f61e1a62bcd6f77d09be72f29c67274b5428f258fa0c0c92b8018802fe76f	aws-and-alternative-storage-deferred	retained for complete-corpus structural compatibility; necessity is re-evaluated at the named later-stage scope
335	aws-java-sdk-sns-1.12.564.jar	lib/aws-java-sdk-sns-1.12.564.jar	0253713a49c8f423d5aad3c630e427e706a1e2e851617660a46290a85b81ad60	transitive-or-packaged	0	RETAIN_HASH_PINNED_STAGE1	lib/aws-java-sdk-sns-1.12.564.jar	0253713a49c8f423d5aad3c630e427e706a1e2e851617660a46290a85b81ad60	aws-and-alternative-storage-deferred	retained for complete-corpus structural compatibility; necessity is re-evaluated at the named later-stage scope
336	aws-java-sdk-sqs-1.12.564.jar	lib/aws-java-sdk-sqs-1.12.564.jar	d52a45197e9173d8ea60fe60d333aadd1c57eba17d1e6ef26e459f8585eb7750	transitive-or-packaged	0	RETAIN_HASH_PINNED_STAGE1	lib/aws-java-sdk-sqs-1.12.564.jar	d52a45197e9173d8ea60fe60d333aadd1c57eba17d1e6ef26e459f8585eb7750	aws-and-alternative-storage-deferred	retained for complete-corpus structural compatibility; necessity is re-evaluated at the named later-stage scope
337	aws-java-sdk-ssm-1.12.564.jar	lib/aws-java-sdk-ssm-1.12.564.jar	470e70c369dfda7e07f04d547d5d36078af62922bd43eac8227642cc5201d129	transitive-or-packaged	0	RETAIN_HASH_PINNED_STAGE1	lib/aws-java-sdk-ssm-1.12.564.jar	470e70c369dfda7e07f04d547d5d36078af62922bd43eac8227642cc5201d129	aws-and-alternative-storage-deferred	retained for complete-corpus structural compatibility; necessity is re-evaluated at the named later-stage scope
338	aws-java-sdk-ssmcontacts-1.12.564.jar	lib/aws-java-sdk-ssmcontacts-1.12.564.jar	4824c67cc150ce9bf68c522f189bd1c71b717f6c7b42c5893bd9d7121ff0f851	transitive-or-packaged	0	RETAIN_HASH_PINNED_STAGE1	lib/aws-java-sdk-ssmcontacts-1.12.564.jar	4824c67cc150ce9bf68c522f189bd1c71b717f6c7b42c5893bd9d7121ff0f851	aws-and-alternative-storage-deferred	retained for complete-corpus structural compatibility; necessity is re-evaluated at the named later-stage scope
339	aws-java-sdk-ssmincidents-1.12.564.jar	lib/aws-java-sdk-ssmincidents-1.12.564.jar	bb710f9cb617eb127d52f77c23e0acc2f370408f18e1cbccff44630bd7332dea	transitive-or-packaged	0	RETAIN_HASH_PINNED_STAGE1	lib/aws-java-sdk-ssmincidents-1.12.564.jar	bb710f9cb617eb127d52f77c23e0acc2f370408f18e1cbccff44630bd7332dea	aws-and-alternative-storage-deferred	retained for complete-corpus structural compatibility; necessity is re-evaluated at the named later-stage scope
340	aws-java-sdk-ssmsap-1.12.564.jar	lib/aws-java-sdk-ssmsap-1.12.564.jar	5a90cbaeaab585020bb64af6622ed4874780da69317c9121efcce968084af918	transitive-or-packaged	0	RETAIN_HASH_PINNED_STAGE1	lib/aws-java-sdk-ssmsap-1.12.564.jar	5a90cbaeaab585020bb64af6622ed4874780da69317c9121efcce968084af918	aws-and-alternative-storage-deferred	retained for complete-corpus structural compatibility; necessity is re-evaluated at the named later-stage scope
341	aws-java-sdk-sso-1.12.564.jar	lib/aws-java-sdk-sso-1.12.564.jar	842318c91a2bd80d3bd4ca4ffcbbc1293fec112b9af65e775747d35ffbec77f6	transitive-or-packaged	0	RETAIN_HASH_PINNED_STAGE1	lib/aws-java-sdk-sso-1.12.564.jar	842318c91a2bd80d3bd4ca4ffcbbc1293fec112b9af65e775747d35ffbec77f6	aws-and-alternative-storage-deferred	retained for complete-corpus structural compatibility; necessity is re-evaluated at the named later-stage scope
342	aws-java-sdk-ssoadmin-1.12.564.jar	lib/aws-java-sdk-ssoadmin-1.12.564.jar	347d4519160835da7f39b1be6e5429e70590d5f8ebd8a9377ac21da06a6d008b	transitive-or-packaged	0	RETAIN_HASH_PINNED_STAGE1	lib/aws-java-sdk-ssoadmin-1.12.564.jar	347d4519160835da7f39b1be6e5429e70590d5f8ebd8a9377ac21da06a6d008b	aws-and-alternative-storage-deferred	retained for complete-corpus structural compatibility; necessity is re-evaluated at the named later-stage scope
343	aws-java-sdk-ssooidc-1.12.564.jar	lib/aws-java-sdk-ssooidc-1.12.564.jar	9d6eb65f744b2d5214f50df1a343d26bca8b93a5ec524bb62d0a4d389208e9f3	transitive-or-packaged	0	RETAIN_HASH_PINNED_STAGE1	lib/aws-java-sdk-ssooidc-1.12.564.jar	9d6eb65f744b2d5214f50df1a343d26bca8b93a5ec524bb62d0a4d389208e9f3	aws-and-alternative-storage-deferred	retained for complete-corpus structural compatibility; necessity is re-evaluated at the named later-stage scope
344	aws-java-sdk-stepfunctions-1.12.564.jar	lib/aws-java-sdk-stepfunctions-1.12.564.jar	74b60c7aecc05a9c60bc22df2e3af65e7b556e7f253e31a116a297e32ee0f333	transitive-or-packaged	0	RETAIN_HASH_PINNED_STAGE1	lib/aws-java-sdk-stepfunctions-1.12.564.jar	74b60c7aecc05a9c60bc22df2e3af65e7b556e7f253e31a116a297e32ee0f333	aws-and-alternative-storage-deferred	retained for complete-corpus structural compatibility; necessity is re-evaluated at the named later-stage scope
345	aws-java-sdk-storagegateway-1.12.564.jar	lib/aws-java-sdk-storagegateway-1.12.564.jar	c0dae90623e97523027bdce61918f7646f83c4a77eeca5cbb7a4726e7f878c71	transitive-or-packaged	0	RETAIN_HASH_PINNED_STAGE1	lib/aws-java-sdk-storagegateway-1.12.564.jar	c0dae90623e97523027bdce61918f7646f83c4a77eeca5cbb7a4726e7f878c71	aws-and-alternative-storage-deferred	retained for complete-corpus structural compatibility; necessity is re-evaluated at the named later-stage scope
346	aws-java-sdk-sts-1.12.564.jar	lib/aws-java-sdk-sts-1.12.564.jar	03ac90708e50590a07ab8b184168e3f23c755ba6db9857606a5b6a4617e24e1a	transitive-or-packaged	0	RETAIN_HASH_PINNED_STAGE1	lib/aws-java-sdk-sts-1.12.564.jar	03ac90708e50590a07ab8b184168e3f23c755ba6db9857606a5b6a4617e24e1a	aws-and-alternative-storage-deferred	retained for complete-corpus structural compatibility; necessity is re-evaluated at the named later-stage scope
347	aws-java-sdk-support-1.12.564.jar	lib/aws-java-sdk-support-1.12.564.jar	d845d69722967c222b0a607b6b0178dd652f0daf21bf921575906c23a7d03214	transitive-or-packaged	0	RETAIN_HASH_PINNED_STAGE1	lib/aws-java-sdk-support-1.12.564.jar	d845d69722967c222b0a607b6b0178dd652f0daf21bf921575906c23a7d03214	aws-and-alternative-storage-deferred	retained for complete-corpus structural compatibility; necessity is re-evaluated at the named later-stage scope
348	aws-java-sdk-supportapp-1.12.564.jar	lib/aws-java-sdk-supportapp-1.12.564.jar	03d4ae9de8aa679db92e9acef5fe64d5c9ae1ece3a11d6f2215b3f08447e1ff7	transitive-or-packaged	0	RETAIN_HASH_PINNED_STAGE1	lib/aws-java-sdk-supportapp-1.12.564.jar	03d4ae9de8aa679db92e9acef5fe64d5c9ae1ece3a11d6f2215b3f08447e1ff7	aws-and-alternative-storage-deferred	retained for complete-corpus structural compatibility; necessity is re-evaluated at the named later-stage scope
349	aws-java-sdk-swf-libraries-1.11.22.jar	lib/aws-java-sdk-swf-libraries-1.11.22.jar	441bff0b4f9b6b0427eef18df41cec0566a123a93a51b59d5d6b353777551deb	transitive-or-packaged	0	RETAIN_HASH_PINNED_STAGE1	lib/aws-java-sdk-swf-libraries-1.11.22.jar	441bff0b4f9b6b0427eef18df41cec0566a123a93a51b59d5d6b353777551deb	aws-and-alternative-storage-deferred	retained for complete-corpus structural compatibility; necessity is re-evaluated at the named later-stage scope
350	aws-java-sdk-synthetics-1.12.564.jar	lib/aws-java-sdk-synthetics-1.12.564.jar	c4f9c979c634d51e8e5417747437f6033001c78c938c52f6138da68529e3f7d6	transitive-or-packaged	0	RETAIN_HASH_PINNED_STAGE1	lib/aws-java-sdk-synthetics-1.12.564.jar	c4f9c979c634d51e8e5417747437f6033001c78c938c52f6138da68529e3f7d6	aws-and-alternative-storage-deferred	retained for complete-corpus structural compatibility; necessity is re-evaluated at the named later-stage scope
351	aws-java-sdk-textract-1.12.564.jar	lib/aws-java-sdk-textract-1.12.564.jar	825815e4d6fc9a5d9728a1447f4fecbd7fa510c0fd62f38200171be8e36ed9b3	transitive-or-packaged	0	RETAIN_HASH_PINNED_STAGE1	lib/aws-java-sdk-textract-1.12.564.jar	825815e4d6fc9a5d9728a1447f4fecbd7fa510c0fd62f38200171be8e36ed9b3	aws-and-alternative-storage-deferred	retained for complete-corpus structural compatibility; necessity is re-evaluated at the named later-stage scope
352	aws-java-sdk-timestreamquery-1.12.564.jar	lib/aws-java-sdk-timestreamquery-1.12.564.jar	f1b9f864053b840167dc4317144c2ada9da6b1d4be869e759954b843208fff50	transitive-or-packaged	0	RETAIN_HASH_PINNED_STAGE1	lib/aws-java-sdk-timestreamquery-1.12.564.jar	f1b9f864053b840167dc4317144c2ada9da6b1d4be869e759954b843208fff50	aws-and-alternative-storage-deferred	retained for complete-corpus structural compatibility; necessity is re-evaluated at the named later-stage scope
353	aws-java-sdk-timestreamwrite-1.12.564.jar	lib/aws-java-sdk-timestreamwrite-1.12.564.jar	440e3908afdb80799af94185afc9f5c5e8f8517007fcb1fdab4d6c5654d63222	transitive-or-packaged	0	RETAIN_HASH_PINNED_STAGE1	lib/aws-java-sdk-timestreamwrite-1.12.564.jar	440e3908afdb80799af94185afc9f5c5e8f8517007fcb1fdab4d6c5654d63222	aws-and-alternative-storage-deferred	retained for complete-corpus structural compatibility; necessity is re-evaluated at the named later-stage scope
354	aws-java-sdk-tnb-1.12.564.jar	lib/aws-java-sdk-tnb-1.12.564.jar	5a546d666b1bbd1a155f0f41f58084a72a0fb79e168d8bf7748934945d619016	transitive-or-packaged	0	RETAIN_HASH_PINNED_STAGE1	lib/aws-java-sdk-tnb-1.12.564.jar	5a546d666b1bbd1a155f0f41f58084a72a0fb79e168d8bf7748934945d619016	aws-and-alternative-storage-deferred	retained for complete-corpus structural compatibility; necessity is re-evaluated at the named later-stage scope
355	aws-java-sdk-transcribe-1.12.564.jar	lib/aws-java-sdk-transcribe-1.12.564.jar	682cc1a58067d7606786e983cb07c2342e9fda78ff4849176488da3643c182db	transitive-or-packaged	0	RETAIN_HASH_PINNED_STAGE1	lib/aws-java-sdk-transcribe-1.12.564.jar	682cc1a58067d7606786e983cb07c2342e9fda78ff4849176488da3643c182db	aws-and-alternative-storage-deferred	retained for complete-corpus structural compatibility; necessity is re-evaluated at the named later-stage scope
356	aws-java-sdk-transfer-1.12.564.jar	lib/aws-java-sdk-transfer-1.12.564.jar	02df4717a30aa5f0f469e598d279cc9327576b6398fbe6ec3d726fbd928db402	transitive-or-packaged	0	RETAIN_HASH_PINNED_STAGE1	lib/aws-java-sdk-transfer-1.12.564.jar	02df4717a30aa5f0f469e598d279cc9327576b6398fbe6ec3d726fbd928db402	aws-and-alternative-storage-deferred	retained for complete-corpus structural compatibility; necessity is re-evaluated at the named later-stage scope
357	aws-java-sdk-translate-1.12.564.jar	lib/aws-java-sdk-translate-1.12.564.jar	aac7e6ead00bd364cee1137e1180ec8a5477a26cd2737b4615a7812669e7af6a	transitive-or-packaged	0	RETAIN_HASH_PINNED_STAGE1	lib/aws-java-sdk-translate-1.12.564.jar	aac7e6ead00bd364cee1137e1180ec8a5477a26cd2737b4615a7812669e7af6a	aws-and-alternative-storage-deferred	retained for complete-corpus structural compatibility; necessity is re-evaluated at the named later-stage scope
358	aws-java-sdk-verifiedpermissions-1.12.564.jar	lib/aws-java-sdk-verifiedpermissions-1.12.564.jar	6b14b2b2b31d62534674d29f2fa881d26102415661ac758c1d4b9f4b11e85c09	transitive-or-packaged	0	RETAIN_HASH_PINNED_STAGE1	lib/aws-java-sdk-verifiedpermissions-1.12.564.jar	6b14b2b2b31d62534674d29f2fa881d26102415661ac758c1d4b9f4b11e85c09	aws-and-alternative-storage-deferred	retained for complete-corpus structural compatibility; necessity is re-evaluated at the named later-stage scope
359	aws-java-sdk-voiceid-1.12.564.jar	lib/aws-java-sdk-voiceid-1.12.564.jar	ddf16401fad53619891545ecbcc416ce871c35bfe79793e8c9a9498decd04d9e	transitive-or-packaged	0	RETAIN_HASH_PINNED_STAGE1	lib/aws-java-sdk-voiceid-1.12.564.jar	ddf16401fad53619891545ecbcc416ce871c35bfe79793e8c9a9498decd04d9e	aws-and-alternative-storage-deferred	retained for complete-corpus structural compatibility; necessity is re-evaluated at the named later-stage scope
360	aws-java-sdk-vpclattice-1.12.564.jar	lib/aws-java-sdk-vpclattice-1.12.564.jar	65ae7bccad1d7a255a7b1ce4e967a5aada22035aa4a483d4d40a21f52ee5157c	transitive-or-packaged	0	RETAIN_HASH_PINNED_STAGE1	lib/aws-java-sdk-vpclattice-1.12.564.jar	65ae7bccad1d7a255a7b1ce4e967a5aada22035aa4a483d4d40a21f52ee5157c	aws-and-alternative-storage-deferred	retained for complete-corpus structural compatibility; necessity is re-evaluated at the named later-stage scope
361	aws-java-sdk-waf-1.12.564.jar	lib/aws-java-sdk-waf-1.12.564.jar	c739d5757729907a84f05801ee42c5135311c6df71283709f009f666ebc7167d	transitive-or-packaged	0	RETAIN_HASH_PINNED_STAGE1	lib/aws-java-sdk-waf-1.12.564.jar	c739d5757729907a84f05801ee42c5135311c6df71283709f009f666ebc7167d	aws-and-alternative-storage-deferred	retained for complete-corpus structural compatibility; necessity is re-evaluated at the named later-stage scope
362	aws-java-sdk-wafv2-1.12.564.jar	lib/aws-java-sdk-wafv2-1.12.564.jar	4c49ccb48b6f4349ddad6bad4860417790d1537edbbff9eaf507db152dea9adc	transitive-or-packaged	0	RETAIN_HASH_PINNED_STAGE1	lib/aws-java-sdk-wafv2-1.12.564.jar	4c49ccb48b6f4349ddad6bad4860417790d1537edbbff9eaf507db152dea9adc	aws-and-alternative-storage-deferred	retained for complete-corpus structural compatibility; necessity is re-evaluated at the named later-stage scope
363	aws-java-sdk-wellarchitected-1.12.564.jar	lib/aws-java-sdk-wellarchitected-1.12.564.jar	6a2c6170af89a77bba71e668b988c8e60275ec30c1a0f8cab1cfd7d4357bf0fa	transitive-or-packaged	0	RETAIN_HASH_PINNED_STAGE1	lib/aws-java-sdk-wellarchitected-1.12.564.jar	6a2c6170af89a77bba71e668b988c8e60275ec30c1a0f8cab1cfd7d4357bf0fa	aws-and-alternative-storage-deferred	retained for complete-corpus structural compatibility; necessity is re-evaluated at the named later-stage scope
364	aws-java-sdk-workdocs-1.12.564.jar	lib/aws-java-sdk-workdocs-1.12.564.jar	0aa01f35f2c752a81cb060f6200de24cb8d5651a7c3e2be0a8e4561835de54d4	transitive-or-packaged	0	RETAIN_HASH_PINNED_STAGE1	lib/aws-java-sdk-workdocs-1.12.564.jar	0aa01f35f2c752a81cb060f6200de24cb8d5651a7c3e2be0a8e4561835de54d4	aws-and-alternative-storage-deferred	retained for complete-corpus structural compatibility; necessity is re-evaluated at the named later-stage scope
365	aws-java-sdk-worklink-1.12.564.jar	lib/aws-java-sdk-worklink-1.12.564.jar	68b5bd5af147765ddf9c44f867792a3a217feaecf755f3ca1e0e8cae730e807f	transitive-or-packaged	0	RETAIN_HASH_PINNED_STAGE1	lib/aws-java-sdk-worklink-1.12.564.jar	68b5bd5af147765ddf9c44f867792a3a217feaecf755f3ca1e0e8cae730e807f	aws-and-alternative-storage-deferred	retained for complete-corpus structural compatibility; necessity is re-evaluated at the named later-stage scope
366	aws-java-sdk-workmail-1.12.564.jar	lib/aws-java-sdk-workmail-1.12.564.jar	b6a48f33a6044eb663212c8aa88f1bab95a77bf41af84991a2fab176f5177779	transitive-or-packaged	0	RETAIN_HASH_PINNED_STAGE1	lib/aws-java-sdk-workmail-1.12.564.jar	b6a48f33a6044eb663212c8aa88f1bab95a77bf41af84991a2fab176f5177779	aws-and-alternative-storage-deferred	retained for complete-corpus structural compatibility; necessity is re-evaluated at the named later-stage scope
367	aws-java-sdk-workmailmessageflow-1.12.564.jar	lib/aws-java-sdk-workmailmessageflow-1.12.564.jar	39fdfa9e7cd91c478f67aff3f67936c11300096555ef5461fd11e1a0d16795cb	transitive-or-packaged	0	RETAIN_HASH_PINNED_STAGE1	lib/aws-java-sdk-workmailmessageflow-1.12.564.jar	39fdfa9e7cd91c478f67aff3f67936c11300096555ef5461fd11e1a0d16795cb	aws-and-alternative-storage-deferred	retained for complete-corpus structural compatibility; necessity is re-evaluated at the named later-stage scope
368	aws-java-sdk-workspaces-1.12.564.jar	lib/aws-java-sdk-workspaces-1.12.564.jar	445564ec10131cb03348edbffa16f518d24225b84e66ee1c3b3244660c609086	transitive-or-packaged	0	RETAIN_HASH_PINNED_STAGE1	lib/aws-java-sdk-workspaces-1.12.564.jar	445564ec10131cb03348edbffa16f518d24225b84e66ee1c3b3244660c609086	aws-and-alternative-storage-deferred	retained for complete-corpus structural compatibility; necessity is re-evaluated at the named later-stage scope
369	aws-java-sdk-workspacesweb-1.12.564.jar	lib/aws-java-sdk-workspacesweb-1.12.564.jar	8c92a40d6a7635a866519b25b1e4e0ecd0681533aa40ee94d1e037358404a4c4	transitive-or-packaged	0	RETAIN_HASH_PINNED_STAGE1	lib/aws-java-sdk-workspacesweb-1.12.564.jar	8c92a40d6a7635a866519b25b1e4e0ecd0681533aa40ee94d1e037358404a4c4	aws-and-alternative-storage-deferred	retained for complete-corpus structural compatibility; necessity is re-evaluated at the named later-stage scope
370	aws-java-sdk-xray-1.12.564.jar	lib/aws-java-sdk-xray-1.12.564.jar	41530e8d6d6accdc89ec1f2232f743ced2ad8a5d480f41e4657dbeccef12b2de	transitive-or-packaged	0	RETAIN_HASH_PINNED_STAGE1	lib/aws-java-sdk-xray-1.12.564.jar	41530e8d6d6accdc89ec1f2232f743ced2ad8a5d480f41e4657dbeccef12b2de	aws-and-alternative-storage-deferred	retained for complete-corpus structural compatibility; necessity is re-evaluated at the named later-stage scope
371	aws-sigv4-auth-cassandra-java-driver-plugin-4.0.9.jar	lib/aws-sigv4-auth-cassandra-java-driver-plugin-4.0.9.jar	507b2c89a52b34630895ab9c04fd880a91e06ad684d23155c54e5aaacc86e2b9	direct-pom	0	RETAIN_HASH_PINNED_STAGE1	lib/aws-sigv4-auth-cassandra-java-driver-plugin-4.0.9.jar	507b2c89a52b34630895ab9c04fd880a91e06ad684d23155c54e5aaacc86e2b9	alternative-cassandra-deferred	retained for complete-corpus structural compatibility; necessity is re-evaluated at the named later-stage scope
372	bsh-2.1b5.jar	lib/bsh-2.1b5.jar	026047c1de49a4a47db19692dee0876781099ebf086361d6b3ca75008a35ea7b	direct-pom	0	RETAIN_HASH_PINNED_STAGE1	lib/bsh-2.1b5.jar	026047c1de49a4a47db19692dee0876781099ebf086361d6b3ca75008a35ea7b	shared-runtime-support	retained for complete-corpus structural compatibility; necessity is re-evaluated at the named later-stage scope
373	caffeine-3.1.5.jar	lib/caffeine-3.1.5.jar	02c34fd2ba78b1956ef6e5de9ac915aee9bfa498589966fa87255fbadb653499	direct-pom	0	RETAIN_HASH_PINNED_STAGE1	lib/caffeine-3.1.5.jar	02c34fd2ba78b1956ef6e5de9ac915aee9bfa498589966fa87255fbadb653499	shared-runtime-support	retained for complete-corpus structural compatibility; necessity is re-evaluated at the named later-stage scope
374	cassandra-driver-core-3.7.1.jar	lib/cassandra-driver-core-3.7.1.jar	ee794eda1ea4137873bf5c3ade6efcabdc08b638199f3a20a2857419aa798347	direct-pom	0	RETAIN_HASH_PINNED_STAGE1	lib/cassandra-driver-core-3.7.1.jar	ee794eda1ea4137873bf5c3ade6efcabdc08b638199f3a20a2857419aa798347	alternative-cassandra-deferred	retained for complete-corpus structural compatibility; necessity is re-evaluated at the named later-stage scope
375	caster-1.0.45.jar	lib/caster-1.0.45.jar	9ea76327aabca7fd24f3fd97edab6fdbd0ebb0a140b5712fba6ce5fbbe3d36d8	direct-pom	0	RETAIN_HASH_PINNED_STAGE1	lib/caster-1.0.45.jar	9ea76327aabca7fd24f3fd97edab6fdbd0ebb0a140b5712fba6ce5fbbe3d36d8	shared-runtime-support	retained for complete-corpus structural compatibility; necessity is re-evaluated at the named later-stage scope
376	checker-qual-3.32.0.jar	lib/checker-qual-3.32.0.jar	b66e025da0a6bf85f0b7f5fdadca832a32771f85a12cac1401a3c0cd8fd73ccd	transitive-or-packaged	0	RETAIN_HASH_PINNED_STAGE1	lib/checker-qual-3.32.0.jar	b66e025da0a6bf85f0b7f5fdadca832a32771f85a12cac1401a3c0cd8fd73ccd	shared-runtime-support	retained for complete-corpus structural compatibility; necessity is re-evaluated at the named later-stage scope
377	client-1.0.138.jar	lib/client-1.0.138.jar	e24e73152aff36024007889e0bae6e4996988f01ddbb555729a0ea7d53780e34	direct-pom	0	RETAIN_HASH_PINNED_STAGE1	lib/client-1.0.138.jar	e24e73152aff36024007889e0bae6e4996988f01ddbb555729a0ea7d53780e34	shared-runtime-support	retained for complete-corpus structural compatibility; necessity is re-evaluated at the named later-stage scope
378	client-api-1.0.69.jar	lib/client-api-1.0.69.jar	775fcfcd10901cacebd74c480f5ee086b68b8cb71513b3b36f6bf05a76f8a848	direct-pom	0	RETAIN_HASH_PINNED_STAGE1	lib/client-api-1.0.69.jar	775fcfcd10901cacebd74c480f5ee086b68b8cb71513b3b36f6bf05a76f8a848	shared-runtime-support	retained for complete-corpus structural compatibility; necessity is re-evaluated at the named later-stage scope
379	client-impl-shared-1.0.106.jar	lib/client-impl-shared-1.0.106.jar	e6917f9e0ff1d45bbaa7476bfe6ad1b4f3da002ba7f4d9876ea0f9f57e1532c5	direct-pom	0	RETAIN_HASH_PINNED_STAGE1	lib/client-impl-shared-1.0.106.jar	e6917f9e0ff1d45bbaa7476bfe6ad1b4f3da002ba7f4d9876ea0f9f57e1532c5	shared-runtime-support	retained for complete-corpus structural compatibility; necessity is re-evaluated at the named later-stage scope
380	client-pro-1.0.81.jar	lib/client-pro-1.0.81.jar	c32475b86e285836f2bb965e5cf103f32f33ff77a328d1fc6f2c88c8f6f97357	direct-pom	0	RETAIN_HASH_PINNED_STAGE1	lib/client-pro-1.0.81.jar	c32475b86e285836f2bb965e5cf103f32f33ff77a328d1fc6f2c88c8f6f97357	shared-runtime-support	retained for complete-corpus structural compatibility; necessity is re-evaluated at the named later-stage scope
381	client-spi-1.0.154.jar	lib/client-spi-1.0.154.jar	5a054347c2f2c7809998590f1ac23f0e8929b4cb2f4e6d266545e9428c66023a	direct-pom	0	RETAIN_HASH_PINNED_STAGE1	lib/client-spi-1.0.154.jar	5a054347c2f2c7809998590f1ac23f0e8929b4cb2f4e6d266545e9428c66023a	shared-runtime-support	retained for complete-corpus structural compatibility; necessity is re-evaluated at the named later-stage scope
382	client.wire-specs-0.1.41.jar	lib/client.wire-specs-0.1.41.jar	7df941a51c3664d8b3222da63c35ddb720313bb53bf5903705937a7bec86b4fe	transitive-or-packaged	0	RETAIN_HASH_PINNED_STAGE1	lib/client.wire-specs-0.1.41.jar	7df941a51c3664d8b3222da63c35ddb720313bb53bf5903705937a7bec86b4fe	shared-runtime-support	retained for complete-corpus structural compatibility; necessity is re-evaluated at the named later-stage scope
383	clj-stacktrace-0.2.8.jar	lib/clj-stacktrace-0.2.8.jar	2abd00442c5f37523dd99816820c3445456cc5a868b49ba234bb7b2c50e34980	transitive-or-packaged	0	RETAIN_HASH_PINNED_STAGE1	lib/clj-stacktrace-0.2.8.jar	2abd00442c5f37523dd99816820c3445456cc5a868b49ba234bb7b2c50e34980	shared-runtime-support	retained for complete-corpus structural compatibility; necessity is re-evaluated at the named later-stage scope
384	cljfmt-0.6.8.jar	lib/cljfmt-0.6.8.jar	dddbc887d87ad37fe3d7407dfb5865e5e28d1e505f2494cd898bf2bb5f2ccdc1	transitive-or-packaged	0	RETAIN_HASH_PINNED_STAGE1	lib/cljfmt-0.6.8.jar	dddbc887d87ad37fe3d7407dfb5865e5e28d1e505f2494cd898bf2bb5f2ccdc1	shared-runtime-support	retained for complete-corpus structural compatibility; necessity is re-evaluated at the named later-stage scope
385	clojure-1.11.4.jar	lib/clojure-1.11.4.jar	fc7ff1b6610d0e3494a75cc11ef81810bda402ac157012fe4e3b899586cf4133	direct-pom	0	RETAIN_HASH_PINNED_STAGE1	lib/clojure-1.11.4.jar	fc7ff1b6610d0e3494a75cc11ef81810bda402ac157012fe4e3b899586cf4133	shared-runtime-support	retained for complete-corpus structural compatibility; necessity is re-evaluated at the named later-stage scope
386	commons-beanutils-1.9.4.jar	lib/commons-beanutils-1.9.4.jar	7d938c81789028045c08c065e94be75fc280527620d5bd62b519d5838532368a	transitive-or-packaged	0	RETAIN_HASH_PINNED_STAGE1	lib/commons-beanutils-1.9.4.jar	7d938c81789028045c08c065e94be75fc280527620d5bd62b519d5838532368a	shared-runtime-support	retained for complete-corpus structural compatibility; necessity is re-evaluated at the named later-stage scope
387	commons-cli-1.2.jar	lib/commons-cli-1.2.jar	e7cd8951956d349b568b7ccfd4f5b2529a8c113e67c32b028f52ffda371259d9	direct-pom	0	RETAIN_HASH_PINNED_STAGE1	lib/commons-cli-1.2.jar	e7cd8951956d349b568b7ccfd4f5b2529a8c113e67c32b028f52ffda371259d9	shared-runtime-support	retained for complete-corpus structural compatibility; necessity is re-evaluated at the named later-stage scope
388	commons-codec-1.15.jar	lib/commons-codec-1.15.jar	b3e9f6d63a790109bf0d056611fbed1cf69055826defeb9894a71369d246ed63	direct-pom	0	RETAIN_HASH_PINNED_STAGE1	lib/commons-codec-1.15.jar	b3e9f6d63a790109bf0d056611fbed1cf69055826defeb9894a71369d246ed63	shared-runtime-support	retained for complete-corpus structural compatibility; necessity is re-evaluated at the named later-stage scope
389	commons-collections-3.2.2.jar	lib/commons-collections-3.2.2.jar	eeeae917917144a68a741d4c0dff66aa5c5c5fd85593ff217bced3fc8ca783b8	transitive-or-packaged	0	RETAIN_HASH_PINNED_STAGE1	lib/commons-collections-3.2.2.jar	eeeae917917144a68a741d4c0dff66aa5c5c5fd85593ff217bced3fc8ca783b8	shared-runtime-support	retained for complete-corpus structural compatibility; necessity is re-evaluated at the named later-stage scope
390	commons-compiler-3.0.12.jar	lib/commons-compiler-3.0.12.jar	ef2cd7cf105324223def10c6a029a8ba37c7195a2b71da7d6af5c4bf6880b0b0	transitive-or-packaged	0	RETAIN_HASH_PINNED_STAGE1	lib/commons-compiler-3.0.12.jar	ef2cd7cf105324223def10c6a029a8ba37c7195a2b71da7d6af5c4bf6880b0b0	shared-runtime-support	retained for complete-corpus structural compatibility; necessity is re-evaluated at the named later-stage scope
391	commons-compiler-jdk-3.0.12.jar	lib/commons-compiler-jdk-3.0.12.jar	543433e00cddc0986788eb31914b54aade7cea5e199eeaef9c985e5fb81036b7	direct-pom	0	RETAIN_HASH_PINNED_STAGE1	lib/commons-compiler-jdk-3.0.12.jar	543433e00cddc0986788eb31914b54aade7cea5e199eeaef9c985e5fb81036b7	shared-runtime-support	retained for complete-corpus structural compatibility; necessity is re-evaluated at the named later-stage scope
392	commons-configuration2-2.9.0.jar	lib/commons-configuration2-2.9.0.jar	a38ced8312fa893a1f7159958511cdfed13d0b8cb294a4133662c901da0cda53	transitive-or-packaged	0	RETAIN_HASH_PINNED_STAGE1	lib/commons-configuration2-2.9.0.jar	a38ced8312fa893a1f7159958511cdfed13d0b8cb294a4133662c901da0cda53	shared-runtime-support	retained for complete-corpus structural compatibility; necessity is re-evaluated at the named later-stage scope
393	commons-dbcp2-2.7.0.jar	lib/commons-dbcp2-2.7.0.jar	b32117135876ff484e56e25e359cccf6ca84cce7b28c85a86deb53bc166d1ae0	transitive-or-packaged	0	RETAIN_HASH_PINNED_STAGE1	lib/commons-dbcp2-2.7.0.jar	b32117135876ff484e56e25e359cccf6ca84cce7b28c85a86deb53bc166d1ae0	shared-runtime-support	retained for complete-corpus structural compatibility; necessity is re-evaluated at the named later-stage scope
394	commons-fileupload-1.5.jar	lib/commons-fileupload-1.5.jar	51f7b3dcb4e50c7662994da2f47231519ff99707a5c7fb7b05f4c4d3a1728c14	transitive-or-packaged	0	RETAIN_HASH_PINNED_STAGE1	lib/commons-fileupload-1.5.jar	51f7b3dcb4e50c7662994da2f47231519ff99707a5c7fb7b05f4c4d3a1728c14	shared-runtime-support	retained for complete-corpus structural compatibility; necessity is re-evaluated at the named later-stage scope
395	commons-io-2.15.1.jar	lib/commons-io-2.15.1.jar	a58af12ee1b68cfd2ebb0c27caef164f084381a00ec81a48cc275fd7ea54e154	direct-pom	0	RETAIN_HASH_PINNED_STAGE1	lib/commons-io-2.15.1.jar	a58af12ee1b68cfd2ebb0c27caef164f084381a00ec81a48cc275fd7ea54e154	shared-runtime-support	retained for complete-corpus structural compatibility; necessity is re-evaluated at the named later-stage scope
396	commons-lang3-3.12.0.jar	lib/commons-lang3-3.12.0.jar	d919d904486c037f8d193412da0c92e22a9fa24230b9d67a57855c5c31c7e94e	transitive-or-packaged	0	RETAIN_HASH_PINNED_STAGE1	lib/commons-lang3-3.12.0.jar	d919d904486c037f8d193412da0c92e22a9fa24230b9d67a57855c5c31c7e94e	shared-runtime-support	retained for complete-corpus structural compatibility; necessity is re-evaluated at the named later-stage scope
397	commons-pool2-2.7.0.jar	lib/commons-pool2-2.7.0.jar	6b54c675c7387e157d28c7098873f2e772c223c7a35bc9b13717367c9753a1e4	transitive-or-packaged	0	RETAIN_HASH_PINNED_STAGE1	lib/commons-pool2-2.7.0.jar	6b54c675c7387e157d28c7098873f2e772c223c7a35bc9b13717367c9753a1e4	shared-runtime-support	retained for complete-corpus structural compatibility; necessity is re-evaluated at the named later-stage scope
398	commons-text-1.10.0.jar	lib/commons-text-1.10.0.jar	770cd903fa7b604d1f7ef7ba17f84108667294b2b478be8ed1af3bffb4ae0018	transitive-or-packaged	0	RETAIN_HASH_PINNED_STAGE1	lib/commons-text-1.10.0.jar	770cd903fa7b604d1f7ef7ba17f84108667294b2b478be8ed1af3bffb4ae0018	shared-runtime-support	retained for complete-corpus structural compatibility; necessity is re-evaluated at the named later-stage scope
399	config-1.4.1.jar	lib/config-1.4.1.jar	4c0aa7e223c75c8840c41fc183d4cd3118140a1ee503e3e08ce66ed2794c948f	transitive-or-packaged	0	RETAIN_HASH_PINNED_STAGE1	lib/config-1.4.1.jar	4c0aa7e223c75c8840c41fc183d4cd3118140a1ee503e3e08ce66ed2794c948f	shared-runtime-support	retained for complete-corpus structural compatibility; necessity is re-evaluated at the named later-stage scope
400	core.async-1.6.681.jar	lib/core.async-1.6.681.jar	2e9160118c381d418ab1c4d330b6323ff76b7947e6e2d9b1cd1be950fd269d9f	direct-pom	10	RETAIN_HASH_PINNED_STAGE1	lib/core.async-1.6.681.jar	2e9160118c381d418ab1c4d330b6323ff76b7947e6e2d9b1cd1be950fd269d9f	shared-runtime-support	retained for complete-corpus structural compatibility; necessity is re-evaluated at the named later-stage scope
401	core.cache-1.0.225.jar	lib/core.cache-1.0.225.jar	c153aa947eda5cdbd8a93882c8fbabd5037d4ad7311802b4bcd8015469f6a5b1	transitive-or-packaged	1	RETAIN_HASH_PINNED_STAGE1	lib/core.cache-1.0.225.jar	c153aa947eda5cdbd8a93882c8fbabd5037d4ad7311802b4bcd8015469f6a5b1	shared-runtime-support	retained for complete-corpus structural compatibility; necessity is re-evaluated at the named later-stage scope
402	core.memoize-1.0.253.jar	lib/core.memoize-1.0.253.jar	4a910585182ab326c1d0a20d34315be1563b5a58437d41c021dd7fe9911e1ed6	transitive-or-packaged	1	RETAIN_HASH_PINNED_STAGE1	lib/core.memoize-1.0.253.jar	4a910585182ab326c1d0a20d34315be1563b5a58437d41c021dd7fe9911e1ed6	shared-runtime-support	retained for complete-corpus structural compatibility; necessity is re-evaluated at the named later-stage scope
403	core.specs.alpha-0.2.62.jar	lib/core.specs.alpha-0.2.62.jar	06eea8c070bbe45c158567e443439681bc8c46e9123414f81bfa32ba42d6cbc8	transitive-or-packaged	0	RETAIN_HASH_PINNED_STAGE1	lib/core.specs.alpha-0.2.62.jar	06eea8c070bbe45c158567e443439681bc8c46e9123414f81bfa32ba42d6cbc8	shared-runtime-support	retained for complete-corpus structural compatibility; necessity is re-evaluated at the named later-stage scope
404	core2-1.0.140.jar	lib/core2-1.0.140.jar	81fdf81586c7be1a4b61655b568348d12db7892cb4562d0db7529bbc7af8a94b	direct-pom	0	EXCLUDE_ORIGINAL_RECOVER_SOURCE	recovered Peer core2 source	n/a	recovered-peer-core2-support	original core2 AOT excluded; 25 non-Transactor support namespaces come from the recovered Peer source boundary
405	crypto-equality-1.0.1.jar	lib/crypto-equality-1.0.1.jar	ee15cc0b76dcf73f8fc86d02e9effed7160a8a6b40b2f0e9de72e3dd25ed4bdf	transitive-or-packaged	0	RETAIN_HASH_PINNED_STAGE1	lib/crypto-equality-1.0.1.jar	ee15cc0b76dcf73f8fc86d02e9effed7160a8a6b40b2f0e9de72e3dd25ed4bdf	shared-runtime-support	retained for complete-corpus structural compatibility; necessity is re-evaluated at the named later-stage scope
406	crypto-random-1.2.1.jar	lib/crypto-random-1.2.1.jar	5c128846d7b66d53c5e9726773b872f7e02844ff651a996a5e3452a1523ae52c	transitive-or-packaged	0	RETAIN_HASH_PINNED_STAGE1	lib/crypto-random-1.2.1.jar	5c128846d7b66d53c5e9726773b872f7e02844ff651a996a5e3452a1523ae52c	shared-runtime-support	retained for complete-corpus structural compatibility; necessity is re-evaluated at the named later-stage scope
407	data.csv-0.1.3.jar	lib/data.csv-0.1.3.jar	6c30baccb234b583d27e1533e8e17812613da927944720a97b7d9cfc8f812790	transitive-or-packaged	1	RETAIN_HASH_PINNED_STAGE1	lib/data.csv-0.1.3.jar	6c30baccb234b583d27e1533e8e17812613da927944720a97b7d9cfc8f812790	shared-runtime-support	retained for complete-corpus structural compatibility; necessity is re-evaluated at the named later-stage scope
408	data.fressian-1.0.0.jar	lib/data.fressian-1.0.0.jar	062461cca6c261f2492913c06e36c39ba7875391f16d07b5754557f5cb130790	transitive-or-packaged	0	RETAIN_HASH_PINNED_STAGE1	lib/data.fressian-1.0.0.jar	062461cca6c261f2492913c06e36c39ba7875391f16d07b5754557f5cb130790	shared-runtime-support	retained for complete-corpus structural compatibility; necessity is re-evaluated at the named later-stage scope
409	data.json-2.4.0.jar	lib/data.json-2.4.0.jar	ec3f2f994e1eedd420313c452ba5518c5f5c97be5152dfed5650bc6611486adf	direct-pom	1	RETAIN_HASH_PINNED_STAGE1	lib/data.json-2.4.0.jar	ec3f2f994e1eedd420313c452ba5518c5f5c97be5152dfed5650bc6611486adf	shared-runtime-support	retained for complete-corpus structural compatibility; necessity is re-evaluated at the named later-stage scope
410	data.priority-map-1.1.0.jar	lib/data.priority-map-1.1.0.jar	fe51af4472fa0f1bfd66f3871de55076402ff6615a74bcb17b37c402a0ea6f4c	transitive-or-packaged	1	RETAIN_HASH_PINNED_STAGE1	lib/data.priority-map-1.1.0.jar	fe51af4472fa0f1bfd66f3871de55076402ff6615a74bcb17b37c402a0ea6f4c	shared-runtime-support	retained for complete-corpus structural compatibility; necessity is re-evaluated at the named later-stage scope
411	data.xml-0.2.0-alpha8.jar	lib/data.xml-0.2.0-alpha8.jar	b5b10c4f6df654c36c610f2b218cd8f52af3b2677ef9ffb5a3f901ab9fbb3a95	transitive-or-packaged	0	RETAIN_HASH_PINNED_STAGE1	lib/data.xml-0.2.0-alpha8.jar	b5b10c4f6df654c36c610f2b218cd8f52af3b2677ef9ffb5a3f901ab9fbb3a95	shared-runtime-support	retained for complete-corpus structural compatibility; necessity is re-evaluated at the named later-stage scope
412	datomic-lucene-core-3.3.0.jar	lib/datomic-lucene-core-3.3.0.jar	83f7d772fbe31e0c9e84779ee7d60ef688a570561d0b670932e14e7114bcc223	direct-pom	0	RETAIN_HASH_PINNED_STAGE1	lib/datomic-lucene-core-3.3.0.jar	83f7d772fbe31e0c9e84779ee7d60ef688a570561d0b670932e14e7114bcc223	index-and-fulltext	retained for complete-corpus structural compatibility; necessity is re-evaluated at the named later-stage scope
413	datomic.specs-0.1.3.jar	lib/datomic.specs-0.1.3.jar	77480e064e4c4774d5f64effe39b78f998465247d616bcaf11fd237a6358b4a0	direct-pom	1	RETAIN_HASH_PINNED_STAGE1	lib/datomic.specs-0.1.3.jar	77480e064e4c4774d5f64effe39b78f998465247d616bcaf11fd237a6358b4a0	shared-runtime-support	retained for complete-corpus structural compatibility; necessity is re-evaluated at the named later-stage scope
414	diffutils-1.3.0.jar	lib/diffutils-1.3.0.jar	61ba4dc49adca95243beaa0569adc2a23aedb5292ae78aa01186fa782ebdc5c2	transitive-or-packaged	0	RETAIN_HASH_PINNED_STAGE1	lib/diffutils-1.3.0.jar	61ba4dc49adca95243beaa0569adc2a23aedb5292ae78aa01186fa782ebdc5c2	shared-runtime-support	retained for complete-corpus structural compatibility; necessity is re-evaluated at the named later-stage scope
415	dynamodb-848.2.1413.0.jar	lib/dynamodb-848.2.1413.0.jar	bc7bc3afea34a51f10ab99b87b5f958cebac1dd1a40282d8fe5f7427758c2d69	transitive-or-packaged	0	RETAIN_HASH_PINNED_STAGE1	lib/dynamodb-848.2.1413.0.jar	bc7bc3afea34a51f10ab99b87b5f958cebac1dd1a40282d8fe5f7427758c2d69	aws-and-alternative-storage-deferred	retained for complete-corpus structural compatibility; necessity is re-evaluated at the named later-stage scope
416	endpoints-1.1.12.504.jar	lib/endpoints-1.1.12.504.jar	807be9eb591bfe50c8e4bef763f1cab301d5ece79d449dd895a9f1e9c2fde3a4	transitive-or-packaged	0	RETAIN_HASH_PINNED_STAGE1	lib/endpoints-1.1.12.504.jar	807be9eb591bfe50c8e4bef763f1cab301d5ece79d449dd895a9f1e9c2fde3a4	shared-runtime-support	retained for complete-corpus structural compatibility; necessity is re-evaluated at the named later-stage scope
417	error_prone_annotations-2.18.0.jar	lib/error_prone_annotations-2.18.0.jar	9e6814cb71816988a4fd1b07a993a8f21bb7058d522c162b1de849e19bea54ae	transitive-or-packaged	0	RETAIN_HASH_PINNED_STAGE1	lib/error_prone_annotations-2.18.0.jar	9e6814cb71816988a4fd1b07a993a8f21bb7058d522c162b1de849e19bea54ae	shared-runtime-support	retained for complete-corpus structural compatibility; necessity is re-evaluated at the named later-stage scope
418	eventstream-1.0.1.jar	lib/eventstream-1.0.1.jar	0c37d8e696117f02c302191b8110b0d0eb20fa412fce34c3a269ec73c16ce822	transitive-or-packaged	0	RETAIN_HASH_PINNED_STAGE1	lib/eventstream-1.0.1.jar	0c37d8e696117f02c302191b8110b0d0eb20fa412fce34c3a269ec73c16ce822	shared-runtime-support	retained for complete-corpus structural compatibility; necessity is re-evaluated at the named later-stage scope
419	failureaccess-1.0.1.jar	lib/failureaccess-1.0.1.jar	a171ee4c734dd2da837e4b16be9df4661afab72a41adaf31eb84dfdaf936ca26	transitive-or-packaged	0	RETAIN_HASH_PINNED_STAGE1	lib/failureaccess-1.0.1.jar	a171ee4c734dd2da837e4b16be9df4661afab72a41adaf31eb84dfdaf936ca26	shared-runtime-support	retained for complete-corpus structural compatibility; necessity is re-evaluated at the named later-stage scope
420	fressian-0.6.8.jar	lib/fressian-0.6.8.jar	369bfd851ac23cb5b319791567d101de070cafd76fe2765eaf5a948ef6369915	direct-pom	0	RETAIN_HASH_PINNED_STAGE1	lib/fressian-0.6.8.jar	369bfd851ac23cb5b319791567d101de070cafd76fe2765eaf5a948ef6369915	shared-runtime-support	retained for complete-corpus structural compatibility; necessity is re-evaluated at the named later-stage scope
421	guava-32.0.1-android.jar	lib/guava-32.0.1-android.jar	12429ff9ac33b7afd8b1a5071179757cf4d3c47f0f4099bc0384e644ecbf82dd	transitive-or-packaged	0	RETAIN_HASH_PINNED_STAGE1	lib/guava-32.0.1-android.jar	12429ff9ac33b7afd8b1a5071179757cf4d3c47f0f4099bc0384e644ecbf82dd	shared-runtime-support	retained for complete-corpus structural compatibility; necessity is re-evaluated at the named later-stage scope
422	h2-2.1.214.jar	lib/h2-2.1.214.jar	d623cdc0f61d218cf549a8d09f1c391ff91096116b22e2475475fce4fbe72bd0	direct-pom	0	RETAIN_HASH_PINNED_STAGE1	lib/h2-2.1.214.jar	d623cdc0f61d218cf549a8d09f1c391ff91096116b22e2475475fce4fbe72bd0	h2-development-deferred	retained for complete-corpus structural compatibility; necessity is re-evaluated at the named later-stage scope
423	hiccup-1.0.1.jar	lib/hiccup-1.0.1.jar	2606d017e7dbf7b371ea7709000272094dc64a0455331320a9bdd2d091f075ff	direct-pom	6	RETAIN_HASH_PINNED_STAGE1	lib/hiccup-1.0.1.jar	2606d017e7dbf7b371ea7709000272094dc64a0455331320a9bdd2d091f075ff	http-and-optional-access	retained for complete-corpus structural compatibility; necessity is re-evaluated at the named later-stage scope
424	hmac-authn-0.1.211.jar	lib/hmac-authn-0.1.211.jar	99246e8dff08ff384e5c6603e5877776fa6c9e9fa9ee2fb494a62b7279b4a33a	transitive-or-packaged	1	RETAIN_HASH_PINNED_STAGE1	lib/hmac-authn-0.1.211.jar	99246e8dff08ff384e5c6603e5877776fa6c9e9fa9ee2fb494a62b7279b4a33a	shared-runtime-support	retained for complete-corpus structural compatibility; necessity is re-evaluated at the named later-stage scope
425	http-client-1.0.126.jar	lib/http-client-1.0.126.jar	398bc055536ea1e8fb10d18330fef15b585b4da7b8ee0923bebef64a95023665	direct-pom	2	RETAIN_HASH_PINNED_STAGE1	lib/http-client-1.0.126.jar	398bc055536ea1e8fb10d18330fef15b585b4da7b8ee0923bebef64a95023665	shared-runtime-support	retained for complete-corpus structural compatibility; necessity is re-evaluated at the named later-stage scope
426	http-client-spi-2.15.66.jar	lib/http-client-spi-2.15.66.jar	52b5cd8238cd1589e9e9a2154c739b24768ba3fd3b3fc0bccf8e0541748d408f	transitive-or-packaged	0	RETAIN_HASH_PINNED_STAGE1	lib/http-client-spi-2.15.66.jar	52b5cd8238cd1589e9e9a2154c739b24768ba3fd3b3fc0bccf8e0541748d408f	shared-runtime-support	retained for complete-corpus structural compatibility; necessity is re-evaluated at the named later-stage scope
427	http-endpoint-1.0.104.jar	lib/http-endpoint-1.0.104.jar	1119bdacdb3c96cdcf73ffefc19a6abc2c6c62d511034be2ff572c19c0c56000	transitive-or-packaged	0	RETAIN_HASH_PINNED_STAGE1	lib/http-endpoint-1.0.104.jar	1119bdacdb3c96cdcf73ffefc19a6abc2c6c62d511034be2ff572c19c0c56000	shared-runtime-support	retained for complete-corpus structural compatibility; necessity is re-evaluated at the named later-stage scope
428	httpclient-4.5.13.jar	lib/httpclient-4.5.13.jar	6fe9026a566c6a5001608cf3fc32196641f6c1e5e1986d1037ccdbd5f31ef743	direct-pom	0	RETAIN_HASH_PINNED_STAGE1	lib/httpclient-4.5.13.jar	6fe9026a566c6a5001608cf3fc32196641f6c1e5e1986d1037ccdbd5f31ef743	shared-runtime-support	retained for complete-corpus structural compatibility; necessity is re-evaluated at the named later-stage scope
429	httpcore-4.4.13.jar	lib/httpcore-4.4.13.jar	e06e89d40943245fcfa39ec537cdbfce3762aecde8f9c597780d2b00c2b43424	transitive-or-packaged	0	RETAIN_HASH_PINNED_STAGE1	lib/httpcore-4.4.13.jar	e06e89d40943245fcfa39ec537cdbfce3762aecde8f9c597780d2b00c2b43424	shared-runtime-support	retained for complete-corpus structural compatibility; necessity is re-evaluated at the named later-stage scope
430	io-stats-1.0.14.jar	lib/io-stats-1.0.14.jar	2492424bde37f366c77d0425800385f6c8e9a6459bca38a4fc2d315bcb14e7d5	direct-pom	0	RETAIN_HASH_PINNED_STAGE1	lib/io-stats-1.0.14.jar	2492424bde37f366c77d0425800385f6c8e9a6459bca38a4fc2d315bcb14e7d5	shared-runtime-support	retained for complete-corpus structural compatibility; necessity is re-evaluated at the named later-stage scope
431	ion-1.0.67.jar	lib/ion-1.0.67.jar	726da9bfffa2746cc0f5147a4b62feae571fc475cf824e991e703984b9f1bd7b	direct-pom	0	RETAIN_HASH_PINNED_STAGE1	lib/ion-1.0.67.jar	726da9bfffa2746cc0f5147a4b62feae571fc475cf824e991e703984b9f1bd7b	shared-runtime-support	retained for complete-corpus structural compatibility; necessity is re-evaluated at the named later-stage scope
432	ion-java-1.0.2.jar	lib/ion-java-1.0.2.jar	0d127b205a1fce0abc2a3757a041748651bc66c15cf4c059bac5833b27d471a5	transitive-or-packaged	0	RETAIN_HASH_PINNED_STAGE1	lib/ion-java-1.0.2.jar	0d127b205a1fce0abc2a3757a041748651bc66c15cf4c059bac5833b27d471a5	shared-runtime-support	retained for complete-corpus structural compatibility; necessity is re-evaluated at the named later-stage scope
433	j2objc-annotations-2.8.jar	lib/j2objc-annotations-2.8.jar	f02a95fa1a5e95edb3ed859fd0fb7df709d121a35290eff8b74dce2ab7f4d6ed	transitive-or-packaged	0	RETAIN_HASH_PINNED_STAGE1	lib/j2objc-annotations-2.8.jar	f02a95fa1a5e95edb3ed859fd0fb7df709d121a35290eff8b74dce2ab7f4d6ed	shared-runtime-support	retained for complete-corpus structural compatibility; necessity is re-evaluated at the named later-stage scope
434	jackson-annotations-2.13.4.jar	lib/jackson-annotations-2.13.4.jar	ac5b27a634942391ca113850ee7db01df1499a240174021263501c05fc653b44	transitive-or-packaged	0	RETAIN_HASH_PINNED_STAGE1	lib/jackson-annotations-2.13.4.jar	ac5b27a634942391ca113850ee7db01df1499a240174021263501c05fc653b44	shared-runtime-support	retained for complete-corpus structural compatibility; necessity is re-evaluated at the named later-stage scope
435	jackson-core-2.13.4.jar	lib/jackson-core-2.13.4.jar	4c2e043200edd9ee7ba6fc378bd5c17784a5bf2388e152d208068b51fd0839cf	transitive-or-packaged	0	RETAIN_HASH_PINNED_STAGE1	lib/jackson-core-2.13.4.jar	4c2e043200edd9ee7ba6fc378bd5c17784a5bf2388e152d208068b51fd0839cf	shared-runtime-support	retained for complete-corpus structural compatibility; necessity is re-evaluated at the named later-stage scope
436	jackson-databind-2.13.4.2.jar	lib/jackson-databind-2.13.4.2.jar	ba1a368137f9b92f48dd07f299ff7a782a69487b853ef5578215426fcde8f08b	transitive-or-packaged	0	RETAIN_HASH_PINNED_STAGE1	lib/jackson-databind-2.13.4.2.jar	ba1a368137f9b92f48dd07f299ff7a782a69487b853ef5578215426fcde8f08b	shared-runtime-support	retained for complete-corpus structural compatibility; necessity is re-evaluated at the named later-stage scope
437	jackson-dataformat-cbor-2.12.6.jar	lib/jackson-dataformat-cbor-2.12.6.jar	cfa008d15f052e69221e8c3193056ff95c3c594271321ccac8d72dc1a770619c	transitive-or-packaged	0	RETAIN_HASH_PINNED_STAGE1	lib/jackson-dataformat-cbor-2.12.6.jar	cfa008d15f052e69221e8c3193056ff95c3c594271321ccac8d72dc1a770619c	shared-runtime-support	retained for complete-corpus structural compatibility; necessity is re-evaluated at the named later-stage scope
438	jansi-1.11.jar	lib/jansi-1.11.jar	9e82163ed2fc6257fe627132ce554726e796edee4e5efe9d9e523aee217d60b8	direct-pom	0	RETAIN_HASH_PINNED_STAGE1	lib/jansi-1.11.jar	9e82163ed2fc6257fe627132ce554726e796edee4e5efe9d9e523aee217d60b8	shared-runtime-support	retained for complete-corpus structural compatibility; necessity is re-evaluated at the named later-stage scope
439	java-driver-core-shaded-4.17.0.jar	lib/java-driver-core-shaded-4.17.0.jar	d8796e5b905ca29813054bff43edfbc8329a26992f19c6dd9da66179a909d151	direct-pom	0	RETAIN_HASH_PINNED_STAGE1	lib/java-driver-core-shaded-4.17.0.jar	d8796e5b905ca29813054bff43edfbc8329a26992f19c6dd9da66179a909d151	shared-runtime-support	retained for complete-corpus structural compatibility; necessity is re-evaluated at the named later-stage scope
440	java-driver-shaded-guava-25.1-jre-graal-sub-1.jar	lib/java-driver-shaded-guava-25.1-jre-graal-sub-1.jar	8d1e57ab48ff4cc09b1a1f033218ad50f96cf92922f732cf333ec386c9e5c9ae	transitive-or-packaged	0	RETAIN_HASH_PINNED_STAGE1	lib/java-driver-shaded-guava-25.1-jre-graal-sub-1.jar	8d1e57ab48ff4cc09b1a1f033218ad50f96cf92922f732cf333ec386c9e5c9ae	shared-runtime-support	retained for complete-corpus structural compatibility; necessity is re-evaluated at the named later-stage scope
441	java-io-0.1.29.jar	lib/java-io-0.1.29.jar	dad7eb77c59ad76ce19f6dbc056994f8c8041220dafb6f21fd2e0c8003b93343	direct-pom	0	RETAIN_HASH_PINNED_STAGE1	lib/java-io-0.1.29.jar	dad7eb77c59ad76ce19f6dbc056994f8c8041220dafb6f21fd2e0c8003b93343	shared-runtime-support	retained for complete-corpus structural compatibility; necessity is re-evaluated at the named later-stage scope
442	java.classpath-0.3.0.jar	lib/java.classpath-0.3.0.jar	2176f6bed34c58675df7d54d814665a09118fb265f1ae666de1960f3cbb1510e	transitive-or-packaged	0	RETAIN_HASH_PINNED_STAGE1	lib/java.classpath-0.3.0.jar	2176f6bed34c58675df7d54d814665a09118fb265f1ae666de1960f3cbb1510e	shared-runtime-support	retained for complete-corpus structural compatibility; necessity is re-evaluated at the named later-stage scope
443	java.jmx-1.0.0.jar	lib/java.jmx-1.0.0.jar	7846b47d3c151c71663cf92d6fcd19af19811ba0358951f43614bd26d94edec0	direct-pom	1	RETAIN_HASH_PINNED_STAGE1	lib/java.jmx-1.0.0.jar	7846b47d3c151c71663cf92d6fcd19af19811ba0358951f43614bd26d94edec0	operations-and-observability	retained for complete-corpus structural compatibility; necessity is re-evaluated at the named later-stage scope
444	javassist-3.18.1-GA.jar	lib/javassist-3.18.1-GA.jar	3fb71231afd098bb0f93f5eb97aa8291c8d0556379125e596f92ec8f944c6162	transitive-or-packaged	0	RETAIN_HASH_PINNED_STAGE1	lib/javassist-3.18.1-GA.jar	3fb71231afd098bb0f93f5eb97aa8291c8d0556379125e596f92ec8f944c6162	shared-runtime-support	retained for complete-corpus structural compatibility; necessity is re-evaluated at the named later-stage scope
445	javax.activation-api-1.2.0.jar	lib/javax.activation-api-1.2.0.jar	43fdef0b5b6ceb31b0424b208b930c74ab58fac2ceeb7b3f6fd3aeb8b5ca4393	transitive-or-packaged	0	RETAIN_HASH_PINNED_STAGE1	lib/javax.activation-api-1.2.0.jar	43fdef0b5b6ceb31b0424b208b930c74ab58fac2ceeb7b3f6fd3aeb8b5ca4393	shared-runtime-support	retained for complete-corpus structural compatibility; necessity is re-evaluated at the named later-stage scope
446	javax.servlet-api-3.1.0.jar	lib/javax.servlet-api-3.1.0.jar	af456b2dd41c4e82cf54f3e743bc678973d9fe35bd4d3071fa05c7e5333b8482	transitive-or-packaged	0	RETAIN_HASH_PINNED_STAGE1	lib/javax.servlet-api-3.1.0.jar	af456b2dd41c4e82cf54f3e743bc678973d9fe35bd4d3071fa05c7e5333b8482	http-and-optional-access	retained for complete-corpus structural compatibility; necessity is re-evaluated at the named later-stage scope
447	jaxb-api-2.4.0-b180830.0359.jar	lib/jaxb-api-2.4.0-b180830.0359.jar	56b9e9702753763007435162ea788055efcfefc86ab920f032c0411dc547b836	transitive-or-packaged	0	RETAIN_HASH_PINNED_STAGE1	lib/jaxb-api-2.4.0-b180830.0359.jar	56b9e9702753763007435162ea788055efcfefc86ab920f032c0411dc547b836	shared-runtime-support	retained for complete-corpus structural compatibility; necessity is re-evaluated at the named later-stage scope
448	jcip-annotations-1.0-1.jar	lib/jcip-annotations-1.0-1.jar	4fccff8382aafc589962c4edb262f6aa595e34f1e11e61057d1c6a96e8fc7323	transitive-or-packaged	0	RETAIN_HASH_PINNED_STAGE1	lib/jcip-annotations-1.0-1.jar	4fccff8382aafc589962c4edb262f6aa595e34f1e11e61057d1c6a96e8fc7323	shared-runtime-support	retained for complete-corpus structural compatibility; necessity is re-evaluated at the named later-stage scope
449	jcl-over-slf4j-1.7.36.jar	lib/jcl-over-slf4j-1.7.36.jar	ab57ca8fd223772c17365d121f59e94ecbf0ae59d08c03a3cb5b81071c019195	direct-pom	0	RETAIN_HASH_PINNED_STAGE1	lib/jcl-over-slf4j-1.7.36.jar	ab57ca8fd223772c17365d121f59e94ecbf0ae59d08c03a3cb5b81071c019195	operations-and-observability	retained for complete-corpus structural compatibility; necessity is re-evaluated at the named later-stage scope
450	jctools-core-2.1.2.jar	lib/jctools-core-2.1.2.jar	93dcfe1b4b5c2ae8109a98003e2092d04f83ace4ed0cc0b1754c895c81ddaee6	transitive-or-packaged	0	RETAIN_HASH_PINNED_STAGE1	lib/jctools-core-2.1.2.jar	93dcfe1b4b5c2ae8109a98003e2092d04f83ace4ed0cc0b1754c895c81ddaee6	shared-runtime-support	retained for complete-corpus structural compatibility; necessity is re-evaluated at the named later-stage scope
451	jetty-client-9.4.53.v20231009.jar	lib/jetty-client-9.4.53.v20231009.jar	9f5b83f64307bbb5d42dd4273e88d642214b275490363bac954369f029643c66	direct-pom	0	RETAIN_HASH_PINNED_STAGE1	lib/jetty-client-9.4.53.v20231009.jar	9f5b83f64307bbb5d42dd4273e88d642214b275490363bac954369f029643c66	http-and-optional-access	retained for complete-corpus structural compatibility; necessity is re-evaluated at the named later-stage scope
452	jetty-continuation-9.4.53.v20231009.jar	lib/jetty-continuation-9.4.53.v20231009.jar	f00b5ec1cd2c0c29b7f1bde11f519f0e1cc854b40f292c2a73f20f4617ea6adf	direct-pom	0	RETAIN_HASH_PINNED_STAGE1	lib/jetty-continuation-9.4.53.v20231009.jar	f00b5ec1cd2c0c29b7f1bde11f519f0e1cc854b40f292c2a73f20f4617ea6adf	http-and-optional-access	retained for complete-corpus structural compatibility; necessity is re-evaluated at the named later-stage scope
453	jetty-http-9.4.53.v20231009.jar	lib/jetty-http-9.4.53.v20231009.jar	c0a0cbd25998a13ce68481d6002757e6489ea0253463db761fec0cb30d15d612	transitive-or-packaged	0	RETAIN_HASH_PINNED_STAGE1	lib/jetty-http-9.4.53.v20231009.jar	c0a0cbd25998a13ce68481d6002757e6489ea0253463db761fec0cb30d15d612	http-and-optional-access	retained for complete-corpus structural compatibility; necessity is re-evaluated at the named later-stage scope
454	jetty-io-9.4.53.v20231009.jar	lib/jetty-io-9.4.53.v20231009.jar	779a91750a60957c613ce5013404269717c504c2b21f3a73145e81c3dc41c67f	transitive-or-packaged	0	RETAIN_HASH_PINNED_STAGE1	lib/jetty-io-9.4.53.v20231009.jar	779a91750a60957c613ce5013404269717c504c2b21f3a73145e81c3dc41c67f	http-and-optional-access	retained for complete-corpus structural compatibility; necessity is re-evaluated at the named later-stage scope
455	jetty-security-9.4.53.v20231009.jar	lib/jetty-security-9.4.53.v20231009.jar	6d958d0065013e0a8d64b3e683d2301cf83de4a25d34552ad60714b6cbe2a7be	transitive-or-packaged	0	RETAIN_HASH_PINNED_STAGE1	lib/jetty-security-9.4.53.v20231009.jar	6d958d0065013e0a8d64b3e683d2301cf83de4a25d34552ad60714b6cbe2a7be	http-and-optional-access	retained for complete-corpus structural compatibility; necessity is re-evaluated at the named later-stage scope
456	jetty-server-9.4.53.v20231009.jar	lib/jetty-server-9.4.53.v20231009.jar	9c4e9c6cb0a7a541031500af0823b678f65d809f481efa9cadd1ff81bda19f78	direct-pom	0	RETAIN_HASH_PINNED_STAGE1	lib/jetty-server-9.4.53.v20231009.jar	9c4e9c6cb0a7a541031500af0823b678f65d809f481efa9cadd1ff81bda19f78	http-and-optional-access	retained for complete-corpus structural compatibility; necessity is re-evaluated at the named later-stage scope
457	jetty-servlet-9.4.53.v20231009.jar	lib/jetty-servlet-9.4.53.v20231009.jar	b0d372f7033b42ff72c3639d0da9c9fc0d84a89f548f0b8888716863424ed4b7	direct-pom	0	RETAIN_HASH_PINNED_STAGE1	lib/jetty-servlet-9.4.53.v20231009.jar	b0d372f7033b42ff72c3639d0da9c9fc0d84a89f548f0b8888716863424ed4b7	http-and-optional-access	retained for complete-corpus structural compatibility; necessity is re-evaluated at the named later-stage scope
458	jetty-util-9.4.53.v20231009.jar	lib/jetty-util-9.4.53.v20231009.jar	7e5370022ecd1f682653641169a33e62e26730dd1e786433bed506cb0dcb1abc	direct-pom	0	RETAIN_HASH_PINNED_STAGE1	lib/jetty-util-9.4.53.v20231009.jar	7e5370022ecd1f682653641169a33e62e26730dd1e786433bed506cb0dcb1abc	http-and-optional-access	retained for complete-corpus structural compatibility; necessity is re-evaluated at the named later-stage scope
459	jetty-util-ajax-9.4.53.v20231009.jar	lib/jetty-util-ajax-9.4.53.v20231009.jar	c32c1e170615e366d90d92c1172588babc72ba31fdca85d84fa9172db26b73f4	transitive-or-packaged	0	RETAIN_HASH_PINNED_STAGE1	lib/jetty-util-ajax-9.4.53.v20231009.jar	c32c1e170615e366d90d92c1172588babc72ba31fdca85d84fa9172db26b73f4	http-and-optional-access	retained for complete-corpus structural compatibility; necessity is re-evaluated at the named later-stage scope
460	jffi-1.2.16-native.jar	lib/jffi-1.2.16-native.jar	ef78953e3dbf47fab94469190bc2a6d601566a21d4651f73c822bad1c02b64fe	transitive-or-packaged	0	RETAIN_HASH_PINNED_STAGE1	lib/jffi-1.2.16-native.jar	ef78953e3dbf47fab94469190bc2a6d601566a21d4651f73c822bad1c02b64fe	shared-runtime-support	retained for complete-corpus structural compatibility; necessity is re-evaluated at the named later-stage scope
461	jffi-1.2.16.jar	lib/jffi-1.2.16.jar	7a616bb7dc6e10531a28a098078f8184df9b008d5231bdc5f1c131839385335f	transitive-or-packaged	0	RETAIN_HASH_PINNED_STAGE1	lib/jffi-1.2.16.jar	7a616bb7dc6e10531a28a098078f8184df9b008d5231bdc5f1c131839385335f	shared-runtime-support	retained for complete-corpus structural compatibility; necessity is re-evaluated at the named later-stage scope
462	jline-0.9.9.jar	lib/jline-0.9.9.jar	dae00d17aa8931b8c7339930880d30dbdc61227ae22fa579db38c42488743c71	direct-pom	0	RETAIN_HASH_PINNED_STAGE1	lib/jline-0.9.9.jar	dae00d17aa8931b8c7339930880d30dbdc61227ae22fa579db38c42488743c71	shared-runtime-support	retained for complete-corpus structural compatibility; necessity is re-evaluated at the named later-stage scope
463	jline-win-1.0.jar	lib/jline-win-1.0.jar	b0d884980fab1df2f948c568f576c365f3379dc8bc930272fa508843d1f3652b	direct-pom	0	RETAIN_HASH_PINNED_STAGE1	lib/jline-win-1.0.jar	b0d884980fab1df2f948c568f576c365f3379dc8bc930272fa508843d1f3652b	shared-runtime-support	retained for complete-corpus structural compatibility; necessity is re-evaluated at the named later-stage scope
464	jmespath-java-1.12.564.jar	lib/jmespath-java-1.12.564.jar	fdb0dd2bb3d6ae818b5ca66fa2b144147d79c98bf50b02aa12b31f770a45dd38	transitive-or-packaged	0	RETAIN_HASH_PINNED_STAGE1	lib/jmespath-java-1.12.564.jar	fdb0dd2bb3d6ae818b5ca66fa2b144147d79c98bf50b02aa12b31f770a45dd38	shared-runtime-support	retained for complete-corpus structural compatibility; necessity is re-evaluated at the named later-stage scope
465	jnr-constants-0.9.9.jar	lib/jnr-constants-0.9.9.jar	6862e69646fb726684d8610bc5a65740feab5f235d8d1dc7596113bd1ad54181	transitive-or-packaged	0	RETAIN_HASH_PINNED_STAGE1	lib/jnr-constants-0.9.9.jar	6862e69646fb726684d8610bc5a65740feab5f235d8d1dc7596113bd1ad54181	shared-runtime-support	retained for complete-corpus structural compatibility; necessity is re-evaluated at the named later-stage scope
466	jnr-ffi-2.1.7.jar	lib/jnr-ffi-2.1.7.jar	2ed1bedf59935cd3cc0964bac5cd91638b2e966a82041fe0a6c85f52279c9b34	transitive-or-packaged	0	RETAIN_HASH_PINNED_STAGE1	lib/jnr-ffi-2.1.7.jar	2ed1bedf59935cd3cc0964bac5cd91638b2e966a82041fe0a6c85f52279c9b34	shared-runtime-support	retained for complete-corpus structural compatibility; necessity is re-evaluated at the named later-stage scope
467	jnr-posix-3.0.44.jar	lib/jnr-posix-3.0.44.jar	8442c39b21a82eab9f07039ddd5caeb1707247e1bf45c2abf3150869393ce182	transitive-or-packaged	0	RETAIN_HASH_PINNED_STAGE1	lib/jnr-posix-3.0.44.jar	8442c39b21a82eab9f07039ddd5caeb1707247e1bf45c2abf3150869393ce182	shared-runtime-support	retained for complete-corpus structural compatibility; necessity is re-evaluated at the named later-stage scope
468	jnr-x86asm-1.0.2.jar	lib/jnr-x86asm-1.0.2.jar	39f3675b910e6e9b93825f8284bec9f4ad3044cd20a6f7c8ff9e2f8695ebf21e	transitive-or-packaged	0	RETAIN_HASH_PINNED_STAGE1	lib/jnr-x86asm-1.0.2.jar	39f3675b910e6e9b93825f8284bec9f4ad3044cd20a6f7c8ff9e2f8695ebf21e	shared-runtime-support	retained for complete-corpus structural compatibility; necessity is re-evaluated at the named later-stage scope
469	joda-time-2.8.1.jar	lib/joda-time-2.8.1.jar	b4670b95f75957c974284c5f3ada966040be2578f643c5c6083d262162061fa2	transitive-or-packaged	0	RETAIN_HASH_PINNED_STAGE1	lib/joda-time-2.8.1.jar	b4670b95f75957c974284c5f3ada966040be2578f643c5c6083d262162061fa2	shared-runtime-support	retained for complete-corpus structural compatibility; necessity is re-evaluated at the named later-stage scope
470	json-simple-1.1.1.jar	lib/json-simple-1.1.1.jar	4e69696892b88b41c55d49ab2fdcc21eead92bf54acc588c0050596c3b75199c	transitive-or-packaged	0	RETAIN_HASH_PINNED_STAGE1	lib/json-simple-1.1.1.jar	4e69696892b88b41c55d49ab2fdcc21eead92bf54acc588c0050596c3b75199c	shared-runtime-support	retained for complete-corpus structural compatibility; necessity is re-evaluated at the named later-stage scope
471	jsr305-3.0.2.jar	lib/jsr305-3.0.2.jar	766ad2a0783f2687962c8ad74ceecc38a28b9f72a2d085ee438b7813e928d0c7	transitive-or-packaged	0	RETAIN_HASH_PINNED_STAGE1	lib/jsr305-3.0.2.jar	766ad2a0783f2687962c8ad74ceecc38a28b9f72a2d085ee438b7813e928d0c7	shared-runtime-support	retained for complete-corpus structural compatibility; necessity is re-evaluated at the named later-stage scope
472	jul-to-slf4j-1.7.36.jar	lib/jul-to-slf4j-1.7.36.jar	9e641fb142c5f0b0623d6222c09ea87523a41bf6bed48ac79940724010b989de	direct-pom	0	RETAIN_HASH_PINNED_STAGE1	lib/jul-to-slf4j-1.7.36.jar	9e641fb142c5f0b0623d6222c09ea87523a41bf6bed48ac79940724010b989de	operations-and-observability	retained for complete-corpus structural compatibility; necessity is re-evaluated at the named later-stage scope
473	liberator-0.15.3.jar	lib/liberator-0.15.3.jar	f22c45ee0dea0065915d5777e2dfb756d1fd30cd36bafcc2699bbc09bfc579f8	direct-pom	4	RETAIN_HASH_PINNED_STAGE1	lib/liberator-0.15.3.jar	f22c45ee0dea0065915d5777e2dfb756d1fd30cd36bafcc2699bbc09bfc579f8	http-and-optional-access	retained for complete-corpus structural compatibility; necessity is re-evaluated at the named later-stage scope
474	listenablefuture-9999.0-empty-to-avoid-conflict-with-guava.jar	lib/listenablefuture-9999.0-empty-to-avoid-conflict-with-guava.jar	b372a037d4230aa57fbeffdef30fd6123f9c0c2db85d0aced00c91b974f33f99	transitive-or-packaged	0	RETAIN_HASH_PINNED_STAGE1	lib/listenablefuture-9999.0-empty-to-avoid-conflict-with-guava.jar	b372a037d4230aa57fbeffdef30fd6123f9c0c2db85d0aced00c91b974f33f99	shared-runtime-support	retained for complete-corpus structural compatibility; necessity is re-evaluated at the named later-stage scope
475	log4j-over-slf4j-1.7.36.jar	lib/log4j-over-slf4j-1.7.36.jar	0a7e032bf5bcdd5b2bf8bf2e5cf02c5646f2aa6fee66933b8150dbe84e651e8a	direct-pom	0	RETAIN_HASH_PINNED_STAGE1	lib/log4j-over-slf4j-1.7.36.jar	0a7e032bf5bcdd5b2bf8bf2e5cf02c5646f2aa6fee66933b8150dbe84e651e8a	operations-and-observability	retained for complete-corpus structural compatibility; necessity is re-evaluated at the named later-stage scope
476	logback-classic-1.2.8.jar	lib/logback-classic-1.2.8.jar	707d0f8ccacb080c8178b9b045414bb62503d403f003505a443df659e3831735	direct-pom	0	RETAIN_HASH_PINNED_STAGE1	lib/logback-classic-1.2.8.jar	707d0f8ccacb080c8178b9b045414bb62503d403f003505a443df659e3831735	operations-and-observability	retained for complete-corpus structural compatibility; necessity is re-evaluated at the named later-stage scope
477	logback-core-1.2.8.jar	lib/logback-core-1.2.8.jar	799fc59faec20f5043ab50bd03e3c9f83381adf1818eae3307257923afd1e44d	transitive-or-packaged	0	RETAIN_HASH_PINNED_STAGE1	lib/logback-core-1.2.8.jar	799fc59faec20f5043ab50bd03e3c9f83381adf1818eae3307257923afd1e44d	operations-and-observability	retained for complete-corpus structural compatibility; necessity is re-evaluated at the named later-stage scope
478	memcache-asg-java-client-1.1.0.36.jar	lib/memcache-asg-java-client-1.1.0.36.jar	abbfb1455d2164d5c79ed42cf1c83f5adb48ffa175c8d9292fda9569441be363	direct-pom	0	RETAIN_HASH_PINNED_STAGE1	lib/memcache-asg-java-client-1.1.0.36.jar	abbfb1455d2164d5c79ed42cf1c83f5adb48ffa175c8d9292fda9569441be363	optional-cache-deferred	retained for complete-corpus structural compatibility; necessity is re-evaluated at the named later-stage scope
479	metrics-core-3.2.2.jar	lib/metrics-core-3.2.2.jar	5c6f685e41664d10c70c65837cba9e58d39ff3896811e3b5707a934b11c85ad0	transitive-or-packaged	0	RETAIN_HASH_PINNED_STAGE1	lib/metrics-core-3.2.2.jar	5c6f685e41664d10c70c65837cba9e58d39ff3896811e3b5707a934b11c85ad0	operations-and-observability	retained for complete-corpus structural compatibility; necessity is re-evaluated at the named later-stage scope
480	metrics-spi-2.15.66.jar	lib/metrics-spi-2.15.66.jar	a363d71cd87b2f62fb0788ac59a2d5ae61fd42f6b63eca305af3e194786dbe78	transitive-or-packaged	0	RETAIN_HASH_PINNED_STAGE1	lib/metrics-spi-2.15.66.jar	a363d71cd87b2f62fb0788ac59a2d5ae61fd42f6b63eca305af3e194786dbe78	operations-and-observability	retained for complete-corpus structural compatibility; necessity is re-evaluated at the named later-stage scope
481	micrometer-core-1.9.5.jar	lib/micrometer-core-1.9.5.jar	2618c65acea9785edaca0804be9bbac664890f09c71b2a67871d09cb1830d4ab	transitive-or-packaged	0	RETAIN_HASH_PINNED_STAGE1	lib/micrometer-core-1.9.5.jar	2618c65acea9785edaca0804be9bbac664890f09c71b2a67871d09cb1830d4ab	shared-runtime-support	retained for complete-corpus structural compatibility; necessity is re-evaluated at the named later-stage scope
482	moustache-1.1.0.jar	lib/moustache-1.1.0.jar	fd2790ed3241f11698698e195210d92f0266bc4e8905033225df52c61c6748c6	direct-pom	1	RETAIN_HASH_PINNED_STAGE1	lib/moustache-1.1.0.jar	fd2790ed3241f11698698e195210d92f0266bc4e8905033225df52c61c6748c6	http-and-optional-access	retained for complete-corpus structural compatibility; necessity is re-evaluated at the named later-stage scope
483	msgpack-0.6.12.jar	lib/msgpack-0.6.12.jar	e09ca65d8520488e80a5dc426848a8afccfd40f4a2eb3b9646042595d3bd9b5e	direct-pom	0	RETAIN_HASH_PINNED_STAGE1	lib/msgpack-0.6.12.jar	e09ca65d8520488e80a5dc426848a8afccfd40f4a2eb3b9646042595d3bd9b5e	shared-runtime-support	retained for complete-corpus structural compatibility; necessity is re-evaluated at the named later-stage scope
484	nano-impl-0.1.325.jar	lib/nano-impl-0.1.325.jar	fbde8184da356bd3a9995a9f05f01493efe4baa87c4d48377cda3e53331807cd	direct-pom	5	SANITIZE_AND_REPLACE	nano-impl-0.1.325-sanitized.jar	08f9699d6e35b9e052ec85ee15e0896b3a685c74e6e226d8cd89d9c61dbf8d5f	transactor-extension	JKS-bearing original replaced by the deterministic derivative with both forbidden payloads removed
485	native-protocol-1.5.1.jar	lib/native-protocol-1.5.1.jar	955120805ddadd0771b36124679e337a20959c5639bc5de82bb8bce96b10441e	transitive-or-packaged	0	RETAIN_HASH_PINNED_STAGE1	lib/native-protocol-1.5.1.jar	955120805ddadd0771b36124679e337a20959c5639bc5de82bb8bce96b10441e	shared-runtime-support	retained for complete-corpus structural compatibility; necessity is re-evaluated at the named later-stage scope
486	netty-buffer-4.1.100.Final.jar	lib/netty-buffer-4.1.100.Final.jar	462874b44ee782fbefec64078cda6eb8e7bf9f0e0af71a928ef4c1f2d564f7ee	transitive-or-packaged	0	RETAIN_HASH_PINNED_STAGE1	lib/netty-buffer-4.1.100.Final.jar	462874b44ee782fbefec64078cda6eb8e7bf9f0e0af71a928ef4c1f2d564f7ee	shared-runtime-support	retained for complete-corpus structural compatibility; necessity is re-evaluated at the named later-stage scope
487	netty-codec-4.1.100.Final.jar	lib/netty-codec-4.1.100.Final.jar	180a01ed67af399602e24ff1c32864e7f57f57c4a0fa5e9ab3fe9b0e5e9cf051	transitive-or-packaged	0	RETAIN_HASH_PINNED_STAGE1	lib/netty-codec-4.1.100.Final.jar	180a01ed67af399602e24ff1c32864e7f57f57c4a0fa5e9ab3fe9b0e5e9cf051	shared-runtime-support	retained for complete-corpus structural compatibility; necessity is re-evaluated at the named later-stage scope
488	netty-codec-http-4.1.100.Final.jar	lib/netty-codec-http-4.1.100.Final.jar	326811d249cb0e5555e78e026e877834e792261c38f0666d80464426695d9590	transitive-or-packaged	0	RETAIN_HASH_PINNED_STAGE1	lib/netty-codec-http-4.1.100.Final.jar	326811d249cb0e5555e78e026e877834e792261c38f0666d80464426695d9590	shared-runtime-support	retained for complete-corpus structural compatibility; necessity is re-evaluated at the named later-stage scope
489	netty-codec-socks-4.1.100.Final.jar	lib/netty-codec-socks-4.1.100.Final.jar	608a453b90f8384ba4efcdc6db7f899a1f10b9ea1890954696e6cfac45ff1ba9	transitive-or-packaged	0	RETAIN_HASH_PINNED_STAGE1	lib/netty-codec-socks-4.1.100.Final.jar	608a453b90f8384ba4efcdc6db7f899a1f10b9ea1890954696e6cfac45ff1ba9	shared-runtime-support	retained for complete-corpus structural compatibility; necessity is re-evaluated at the named later-stage scope
490	netty-common-4.1.100.Final.jar	lib/netty-common-4.1.100.Final.jar	d2908301f1ac6f2910900742473c15d701765d3d4467acdb1eebb9df3aa82885	transitive-or-packaged	0	RETAIN_HASH_PINNED_STAGE1	lib/netty-common-4.1.100.Final.jar	d2908301f1ac6f2910900742473c15d701765d3d4467acdb1eebb9df3aa82885	shared-runtime-support	retained for complete-corpus structural compatibility; necessity is re-evaluated at the named later-stage scope
491	netty-handler-4.1.100.Final.jar	lib/netty-handler-4.1.100.Final.jar	0e10e584c2e7fdf7f4804e14760ed987003f1b62ab982f62eaf13a9892793d3a	transitive-or-packaged	0	RETAIN_HASH_PINNED_STAGE1	lib/netty-handler-4.1.100.Final.jar	0e10e584c2e7fdf7f4804e14760ed987003f1b62ab982f62eaf13a9892793d3a	shared-runtime-support	retained for complete-corpus structural compatibility; necessity is re-evaluated at the named later-stage scope
492	netty-handler-proxy-4.1.100.Final.jar	lib/netty-handler-proxy-4.1.100.Final.jar	686dbc2e61407f216d6cb267dd7954896f851dd34b58be3e757c5a89f20a5e67	transitive-or-packaged	0	RETAIN_HASH_PINNED_STAGE1	lib/netty-handler-proxy-4.1.100.Final.jar	686dbc2e61407f216d6cb267dd7954896f851dd34b58be3e757c5a89f20a5e67	shared-runtime-support	retained for complete-corpus structural compatibility; necessity is re-evaluated at the named later-stage scope
493	netty-resolver-4.1.100.Final.jar	lib/netty-resolver-4.1.100.Final.jar	c42c481c776e9d367a45cc3a67a06f65897d280334eb30b2362b8c55b7523f4f	transitive-or-packaged	0	RETAIN_HASH_PINNED_STAGE1	lib/netty-resolver-4.1.100.Final.jar	c42c481c776e9d367a45cc3a67a06f65897d280334eb30b2362b8c55b7523f4f	shared-runtime-support	retained for complete-corpus structural compatibility; necessity is re-evaluated at the named later-stage scope
494	netty-transport-4.1.100.Final.jar	lib/netty-transport-4.1.100.Final.jar	b1deeceedab3734cdb959c55f4be5ab4a667a8aed59121ff93763f49470f5470	transitive-or-packaged	0	RETAIN_HASH_PINNED_STAGE1	lib/netty-transport-4.1.100.Final.jar	b1deeceedab3734cdb959c55f4be5ab4a667a8aed59121ff93763f49470f5470	shared-runtime-support	retained for complete-corpus structural compatibility; necessity is re-evaluated at the named later-stage scope
495	netty-transport-classes-epoll-4.1.100.Final.jar	lib/netty-transport-classes-epoll-4.1.100.Final.jar	9abc4b17b1212b33666eae4e8013d0bb78a9a2bcd0a9a621b9bd06a7e5fc0050	transitive-or-packaged	0	RETAIN_HASH_PINNED_STAGE1	lib/netty-transport-classes-epoll-4.1.100.Final.jar	9abc4b17b1212b33666eae4e8013d0bb78a9a2bcd0a9a621b9bd06a7e5fc0050	shared-runtime-support	retained for complete-corpus structural compatibility; necessity is re-evaluated at the named later-stage scope
496	netty-transport-classes-kqueue-4.1.100.Final.jar	lib/netty-transport-classes-kqueue-4.1.100.Final.jar	70b40962b01ab594bed5cd311cd8768b224155c948118af60412ab23bc55ed50	transitive-or-packaged	0	RETAIN_HASH_PINNED_STAGE1	lib/netty-transport-classes-kqueue-4.1.100.Final.jar	70b40962b01ab594bed5cd311cd8768b224155c948118af60412ab23bc55ed50	shared-runtime-support	retained for complete-corpus structural compatibility; necessity is re-evaluated at the named later-stage scope
497	netty-transport-native-epoll-4.1.100.Final-linux-x86_64.jar	lib/netty-transport-native-epoll-4.1.100.Final-linux-x86_64.jar	a108fb47babb7678b5b2abb1fc8b34510bd2f705faa450447860647f2de4ebaa	transitive-or-packaged	0	RETAIN_HASH_PINNED_STAGE1	lib/netty-transport-native-epoll-4.1.100.Final-linux-x86_64.jar	a108fb47babb7678b5b2abb1fc8b34510bd2f705faa450447860647f2de4ebaa	shared-runtime-support	retained for complete-corpus structural compatibility; necessity is re-evaluated at the named later-stage scope
498	netty-transport-native-kqueue-4.1.100.Final-osx-x86_64.jar	lib/netty-transport-native-kqueue-4.1.100.Final-osx-x86_64.jar	9ca2ba0121e35ea25228cf27ec553279966ca0a7f9c61e33ad1d9ea50477360d	transitive-or-packaged	0	RETAIN_HASH_PINNED_STAGE1	lib/netty-transport-native-kqueue-4.1.100.Final-osx-x86_64.jar	9ca2ba0121e35ea25228cf27ec553279966ca0a7f9c61e33ad1d9ea50477360d	shared-runtime-support	retained for complete-corpus structural compatibility; necessity is re-evaluated at the named later-stage scope
499	netty-transport-native-unix-common-4.1.100.Final.jar	lib/netty-transport-native-unix-common-4.1.100.Final.jar	5d888230a04c4a3e647c64e933cefb64fd49056f969bfb734c8a3fcedf0bea8a	transitive-or-packaged	0	RETAIN_HASH_PINNED_STAGE1	lib/netty-transport-native-unix-common-4.1.100.Final.jar	5d888230a04c4a3e647c64e933cefb64fd49056f969bfb734c8a3fcedf0bea8a	shared-runtime-support	retained for complete-corpus structural compatibility; necessity is re-evaluated at the named later-stage scope
500	ns-tracker-0.4.0.jar	lib/ns-tracker-0.4.0.jar	127b0b8a0c47c6868244d322dd28611515b4079d2b1c87639a789a64135299a5	transitive-or-packaged	0	RETAIN_HASH_PINNED_STAGE1	lib/ns-tracker-0.4.0.jar	127b0b8a0c47c6868244d322dd28611515b4079d2b1c87639a789a64135299a5	shared-runtime-support	retained for complete-corpus structural compatibility; necessity is re-evaluated at the named later-stage scope
501	postgresql-42.5.1.jar	lib/postgresql-42.5.1.jar	89e8bffa8b37b9487946012c690cf04f3103953051c1c193d88ee36b68d365ae	direct-pom	0	RETAIN_HASH_PINNED_STAGE1	lib/postgresql-42.5.1.jar	89e8bffa8b37b9487946012c690cf04f3103953051c1c193d88ee36b68d365ae	postgresql-primary	retained for complete-corpus structural compatibility; necessity is re-evaluated at the named later-stage scope
502	profiles-2.15.66.jar	lib/profiles-2.15.66.jar	5548754f205aa4293a7108496ce61137c252c0679c7d6912a0a71f6b52a1f0db	transitive-or-packaged	0	RETAIN_HASH_PINNED_STAGE1	lib/profiles-2.15.66.jar	5548754f205aa4293a7108496ce61137c252c0679c7d6912a0a71f6b52a1f0db	shared-runtime-support	retained for complete-corpus structural compatibility; necessity is re-evaluated at the named later-stage scope
503	query-stats-1.0.13.jar	lib/query-stats-1.0.13.jar	55a447d5d493156866a9d0dbd0a47b5e34c75285a1915ed06ff42f76fb39f290	direct-pom	0	RETAIN_HASH_PINNED_STAGE1	lib/query-stats-1.0.13.jar	55a447d5d493156866a9d0dbd0a47b5e34c75285a1915ed06ff42f76fb39f290	shared-runtime-support	retained for complete-corpus structural compatibility; necessity is re-evaluated at the named later-stage scope
504	query-support-0.8.28.jar	lib/query-support-0.8.28.jar	086973461a46353cb10f6f4a9bfff9e083bd05f3754494069acf6f0a7651f84e	direct-pom	1	RETAIN_HASH_PINNED_STAGE1	lib/query-support-0.8.28.jar	086973461a46353cb10f6f4a9bfff9e083bd05f3754494069acf6f0a7651f84e	shared-runtime-support	retained for complete-corpus structural compatibility; necessity is re-evaluated at the named later-stage scope
505	reactive-streams-1.0.3.jar	lib/reactive-streams-1.0.3.jar	1dee0481072d19c929b623e155e14d2f6085dc011529a0a0dbefc84cf571d865	transitive-or-packaged	0	RETAIN_HASH_PINNED_STAGE1	lib/reactive-streams-1.0.3.jar	1dee0481072d19c929b623e155e14d2f6085dc011529a0a0dbefc84cf571d865	shared-runtime-support	retained for complete-corpus structural compatibility; necessity is re-evaluated at the named later-stage scope
506	rebl-0.9.242.jar	lib/rebl-0.9.242.jar	9da01d1e84a8268cb59bfd35f15315d63af720c2eec81bc247ef3883383bf602	direct-pom	0	RETAIN_HASH_PINNED_STAGE1	lib/rebl-0.9.242.jar	9da01d1e84a8268cb59bfd35f15315d63af720c2eec81bc247ef3883383bf602	shared-runtime-support	retained for complete-corpus structural compatibility; necessity is re-evaluated at the named later-stage scope
507	regions-2.15.66.jar	lib/regions-2.15.66.jar	a19ad2bf981c3fd2d930b6978c816511363223732df0ceabf7b67948cd1e5cd0	transitive-or-packaged	0	RETAIN_HASH_PINNED_STAGE1	lib/regions-2.15.66.jar	a19ad2bf981c3fd2d930b6978c816511363223732df0ceabf7b67948cd1e5cd0	shared-runtime-support	retained for complete-corpus structural compatibility; necessity is re-evaluated at the named later-stage scope
508	rewrite-clj-0.6.1.jar	lib/rewrite-clj-0.6.1.jar	71b2e0d614117c0836b204b840133768da9c6ad07f94a3562d1cc26c93550363	transitive-or-packaged	0	RETAIN_HASH_PINNED_STAGE1	lib/rewrite-clj-0.6.1.jar	71b2e0d614117c0836b204b840133768da9c6ad07f94a3562d1cc26c93550363	shared-runtime-support	retained for complete-corpus structural compatibility; necessity is re-evaluated at the named later-stage scope
509	rewrite-cljs-0.4.4.jar	lib/rewrite-cljs-0.4.4.jar	84881a4dcefe0156d39e29436b86164b8e65033718e9cf91954bc4701e3f6041	transitive-or-packaged	0	RETAIN_HASH_PINNED_STAGE1	lib/rewrite-cljs-0.4.4.jar	84881a4dcefe0156d39e29436b86164b8e65033718e9cf91954bc4701e3f6041	shared-runtime-support	retained for complete-corpus structural compatibility; necessity is re-evaluated at the named later-stage scope
510	ring-1.10.0.jar	lib/ring-1.10.0.jar	6e31261fc1aac7e7e08d15483eb796bba49d9902936c686a52b09a9407137a7d	direct-pom	0	RETAIN_HASH_PINNED_STAGE1	lib/ring-1.10.0.jar	6e31261fc1aac7e7e08d15483eb796bba49d9902936c686a52b09a9407137a7d	http-and-optional-access	retained for complete-corpus structural compatibility; necessity is re-evaluated at the named later-stage scope
511	ring-codec-1.2.0.jar	lib/ring-codec-1.2.0.jar	6fd8ad050062055b57b738110671f68f435774443d1826e62f4ec64d2c4565c2	transitive-or-packaged	1	RETAIN_HASH_PINNED_STAGE1	lib/ring-codec-1.2.0.jar	6fd8ad050062055b57b738110671f68f435774443d1826e62f4ec64d2c4565c2	http-and-optional-access	retained for complete-corpus structural compatibility; necessity is re-evaluated at the named later-stage scope
512	ring-core-1.10.0.jar	lib/ring-core-1.10.0.jar	f3dd27387369fbbc627c7aed04c2cfdd5965a349e2ebfb54e8b9bf962b20c58a	transitive-or-packaged	8	RETAIN_HASH_PINNED_STAGE1	lib/ring-core-1.10.0.jar	f3dd27387369fbbc627c7aed04c2cfdd5965a349e2ebfb54e8b9bf962b20c58a	http-and-optional-access	retained for complete-corpus structural compatibility; necessity is re-evaluated at the named later-stage scope
513	ring-devel-1.10.0.jar	lib/ring-devel-1.10.0.jar	3d1d110cf741cef99bbffc4b8a598967b5af42618c713026d6aad95e6054695a	transitive-or-packaged	0	RETAIN_HASH_PINNED_STAGE1	lib/ring-devel-1.10.0.jar	3d1d110cf741cef99bbffc4b8a598967b5af42618c713026d6aad95e6054695a	http-and-optional-access	retained for complete-corpus structural compatibility; necessity is re-evaluated at the named later-stage scope
514	ring-jetty-adapter-1.10.0.jar	lib/ring-jetty-adapter-1.10.0.jar	8d224dc95a88da7e42da9b7f68527eca18070803fe0b1c74ee2da6a794281dfc	transitive-or-packaged	0	RETAIN_HASH_PINNED_STAGE1	lib/ring-jetty-adapter-1.10.0.jar	8d224dc95a88da7e42da9b7f68527eca18070803fe0b1c74ee2da6a794281dfc	http-and-optional-access	retained for complete-corpus structural compatibility; necessity is re-evaluated at the named later-stage scope
515	ring-servlet-1.10.0.jar	lib/ring-servlet-1.10.0.jar	5e822497a1d5814c527f492bb5d5f38e6671ec714845f72724b1bd9d12fbebc2	transitive-or-packaged	1	RETAIN_HASH_PINNED_STAGE1	lib/ring-servlet-1.10.0.jar	5e822497a1d5814c527f492bb5d5f38e6671ec714845f72724b1bd9d12fbebc2	http-and-optional-access	retained for complete-corpus structural compatibility; necessity is re-evaluated at the named later-stage scope
516	s3-848.2.1413.0.jar	lib/s3-848.2.1413.0.jar	43227bda5ec8d3c76dcf166a0710c19aa1e2ab66ee5a1aae6590521c89edd35c	transitive-or-packaged	0	RETAIN_HASH_PINNED_STAGE1	lib/s3-848.2.1413.0.jar	43227bda5ec8d3c76dcf166a0710c19aa1e2ab66ee5a1aae6590521c89edd35c	shared-runtime-support	retained for complete-corpus structural compatibility; necessity is re-evaluated at the named later-stage scope
517	sdk-core-2.15.66.jar	lib/sdk-core-2.15.66.jar	e2b124b05fb833cee569402d133800ab0b2a2bd60adc2b2bac4f1af2bdd0baf8	transitive-or-packaged	0	RETAIN_HASH_PINNED_STAGE1	lib/sdk-core-2.15.66.jar	e2b124b05fb833cee569402d133800ab0b2a2bd60adc2b2bac4f1af2bdd0baf8	shared-runtime-support	retained for complete-corpus structural compatibility; necessity is re-evaluated at the named later-stage scope
518	slf4j-api-1.7.32.jar	lib/slf4j-api-1.7.32.jar	3624f8474c1af46d75f98bc097d7864a323c81b3808aa43689a6e1c601c027be	transitive-or-packaged	0	RETAIN_HASH_PINNED_STAGE1	lib/slf4j-api-1.7.32.jar	3624f8474c1af46d75f98bc097d7864a323c81b3808aa43689a6e1c601c027be	operations-and-observability	retained for complete-corpus structural compatibility; necessity is re-evaluated at the named later-stage scope
519	spec.alpha-0.3.218.jar	lib/spec.alpha-0.3.218.jar	67ec898eb55c66a957a55279dd85d1376bb994bd87668b2b0de1eb3b97e8aae0	transitive-or-packaged	0	RETAIN_HASH_PINNED_STAGE1	lib/spec.alpha-0.3.218.jar	67ec898eb55c66a957a55279dd85d1376bb994bd87668b2b0de1eb3b97e8aae0	shared-runtime-support	retained for complete-corpus structural compatibility; necessity is re-evaluated at the named later-stage scope
520	spotbugs-annotations-3.1.12.jar	lib/spotbugs-annotations-3.1.12.jar	b0954eeb5fbca69ab648dab24e812e24587ad67638a101d8fd16363431da7cb7	transitive-or-packaged	0	RETAIN_HASH_PINNED_STAGE1	lib/spotbugs-annotations-3.1.12.jar	b0954eeb5fbca69ab648dab24e812e24587ad67638a101d8fd16363431da7cb7	shared-runtime-support	retained for complete-corpus structural compatibility; necessity is re-evaluated at the named later-stage scope
521	tap-0.1.38.jar	lib/tap-0.1.38.jar	046f0d4cd680930f3a3c6aef4d3c265f6f06ac55801b58b0a91322e1322ed044	direct-pom	0	RETAIN_HASH_PINNED_STAGE1	lib/tap-0.1.38.jar	046f0d4cd680930f3a3c6aef4d3c265f6f06ac55801b58b0a91322e1322ed044	shared-runtime-support	retained for complete-corpus structural compatibility; necessity is re-evaluated at the named later-stage scope
522	tomcat-jdbc-7.0.109.jar	lib/tomcat-jdbc-7.0.109.jar	7f94076cbf859a3ab66ed91ba625afc314c2f7d9163bc314287e2485e50160a4	direct-pom	0	RETAIN_HASH_PINNED_STAGE1	lib/tomcat-jdbc-7.0.109.jar	7f94076cbf859a3ab66ed91ba625afc314c2f7d9163bc314287e2485e50160a4	shared-runtime-support	retained for complete-corpus structural compatibility; necessity is re-evaluated at the named later-stage scope
523	tomcat-juli-7.0.109.jar	lib/tomcat-juli-7.0.109.jar	71d6f40372884e26695c25e762f83d94c75d58bf1a007f5f1505900d3b1570db	transitive-or-packaged	0	RETAIN_HASH_PINNED_STAGE1	lib/tomcat-juli-7.0.109.jar	71d6f40372884e26695c25e762f83d94c75d58bf1a007f5f1505900d3b1570db	shared-runtime-support	retained for complete-corpus structural compatibility; necessity is re-evaluated at the named later-stage scope
524	tools.analyzer-1.1.1.jar	lib/tools.analyzer-1.1.1.jar	eba167fca1179fb156a8e38bdc2e9d49dff491e5150965b54839b952fceed060	transitive-or-packaged	14	RETAIN_HASH_PINNED_STAGE1	lib/tools.analyzer-1.1.1.jar	eba167fca1179fb156a8e38bdc2e9d49dff491e5150965b54839b952fceed060	shared-runtime-support	retained for complete-corpus structural compatibility; necessity is re-evaluated at the named later-stage scope
525	tools.analyzer.jvm-1.2.3.jar	lib/tools.analyzer.jvm-1.2.3.jar	86332ef629ede50e1ad910dfb835e4cf3427073cfab2907e52b9ab2fb2f61416	transitive-or-packaged	16	RETAIN_HASH_PINNED_STAGE1	lib/tools.analyzer.jvm-1.2.3.jar	86332ef629ede50e1ad910dfb835e4cf3427073cfab2907e52b9ab2fb2f61416	shared-runtime-support	retained for complete-corpus structural compatibility; necessity is re-evaluated at the named later-stage scope
526	tools.cli-1.0.219.jar	lib/tools.cli-1.0.219.jar	946003ac2f2288e0c0c58861624df3ef98111c9e8877eb401ca528cc377f97a9	direct-pom	1	RETAIN_HASH_PINNED_STAGE1	lib/tools.cli-1.0.219.jar	946003ac2f2288e0c0c58861624df3ef98111c9e8877eb401ca528cc377f97a9	shared-runtime-support	retained for complete-corpus structural compatibility; necessity is re-evaluated at the named later-stage scope
527	tools.logging-1.2.4.jar	lib/tools.logging-1.2.4.jar	46fe0a3cd0234980be7fed8e437b1de107beaea4953194be8f71ba3b048f1929	transitive-or-packaged	0	RETAIN_HASH_PINNED_STAGE1	lib/tools.logging-1.2.4.jar	46fe0a3cd0234980be7fed8e437b1de107beaea4953194be8f71ba3b048f1929	shared-runtime-support	retained for complete-corpus structural compatibility; necessity is re-evaluated at the named later-stage scope
528	tools.namespace-0.2.11.jar	lib/tools.namespace-0.2.11.jar	0c5f0be70614edf5b0772d157de067c4f276c1f7ed27a3cd20bc0654aed8adae	transitive-or-packaged	0	RETAIN_HASH_PINNED_STAGE1	lib/tools.namespace-0.2.11.jar	0c5f0be70614edf5b0772d157de067c4f276c1f7ed27a3cd20bc0654aed8adae	shared-runtime-support	retained for complete-corpus structural compatibility; necessity is re-evaluated at the named later-stage scope
529	tools.reader-1.3.2.jar	lib/tools.reader-1.3.2.jar	13b7536d7903753fb026f5471930e2ee7cb55e187a9e1411e7572b9b9e876980	transitive-or-packaged	7	RETAIN_HASH_PINNED_STAGE1	lib/tools.reader-1.3.2.jar	13b7536d7903753fb026f5471930e2ee7cb55e187a9e1411e7572b9b9e876980	shared-runtime-support	retained for complete-corpus structural compatibility; necessity is re-evaluated at the named later-stage scope
530	transit-clj-1.0.333.jar	lib/transit-clj-1.0.333.jar	8e0352a002cf95ddeb52770b950c1eb5ea96b7351fce39e0fee93e21ca63befb	direct-pom	1	RETAIN_HASH_PINNED_STAGE1	lib/transit-clj-1.0.333.jar	8e0352a002cf95ddeb52770b950c1eb5ea96b7351fce39e0fee93e21ca63befb	shared-runtime-support	retained for complete-corpus structural compatibility; necessity is re-evaluated at the named later-stage scope
531	transit-java-1.0.371.jar	lib/transit-java-1.0.371.jar	9267acceaa6bc8e89d5cbf65f847838647876d721af208324e38cd0040b23696	transitive-or-packaged	0	RETAIN_HASH_PINNED_STAGE1	lib/transit-java-1.0.371.jar	9267acceaa6bc8e89d5cbf65f847838647876d721af208324e38cd0040b23696	shared-runtime-support	retained for complete-corpus structural compatibility; necessity is re-evaluated at the named later-stage scope
532	utils-2.15.66.jar	lib/utils-2.15.66.jar	9cbe2ae701e815258986d6732108ed3b2d8c4c0eb510f9d5561be847e19c832e	transitive-or-packaged	0	RETAIN_HASH_PINNED_STAGE1	lib/utils-2.15.66.jar	9cbe2ae701e815258986d6732108ed3b2d8c4c0eb510f9d5561be847e19c832e	shared-runtime-support	retained for complete-corpus structural compatibility; necessity is re-evaluated at the named later-stage scope
533	validation-api-2.0.0.Final.jar	lib/validation-api-2.0.0.Final.jar	85a0326d97f5439bbfa7888cd48588f948f2eb8cce907643ee7e7b0793906e5d	transitive-or-packaged	0	RETAIN_HASH_PINNED_STAGE1	lib/validation-api-2.0.0.Final.jar	85a0326d97f5439bbfa7888cd48588f948f2eb8cce907643ee7e7b0793906e5d	shared-runtime-support	retained for complete-corpus structural compatibility; necessity is re-evaluated at the named later-stage scope
