jar	entry	size	compressed_size	crc32	method	sha256
HdrHistogram-2.1.12.jar	META-INF/MANIFEST.MF	1225	624	d9d74a4f	deflated	3298d59ffa8aa5b681388adbdbd81c4999d27ed3e44e1a1db22f8af1e9d3d20e
HdrHistogram-2.1.12.jar	META-INF/maven/org.hdrhistogram/HdrHistogram/pom.properties	139	124	3ba2cae9	deflated	65d79caa85ec0dd68a8e7113e953da49744933eec0ec10f52dfe87a705fdf5bf
HdrHistogram-2.1.12.jar	META-INF/maven/org.hdrhistogram/HdrHistogram/pom.xml	10800	2024	7d4e5c41	deflated	7fb3e790c154d1b5e23170bb8cbf7f70ef0809af17229f1dcb010d7799651080
activemq-artemis-native-2.0.0.jar	META-INF/DEPENDENCIES	273	117	2d6614c9	deflated	0f8b0440fc845ecb7b6a6e29aed591c4e135cfb6a6637ea958107fbdd5de2c89
activemq-artemis-native-2.0.0.jar	META-INF/LICENSE	11358	3949	86e2b4b4	deflated	cfc7749b96f63bd31c3c42b5c471bf756814053e847c10f3eb003417bc523d30
activemq-artemis-native-2.0.0.jar	META-INF/MANIFEST.MF	1858	813	78564540	deflated	8fc316df464ed2213444b89a4ed9651ad1da0b36d1959994fa819e6892b6461f
activemq-artemis-native-2.0.0.jar	META-INF/NOTICE	175	128	c8c3fe55	deflated	f635070a0b034418e30c82aae83d21a76989ecfa22d44fc3c5a4815d22675f77
activemq-artemis-native-2.0.0.jar	META-INF/maven/org.apache.activemq/activemq-artemis-native/pom.properties	77	67	3f34bfa2	deflated	e3299ddb3dea35c108295b63fedd36a9791058177ebc9ec02e79d4ffc9acc7fe
activemq-artemis-native-2.0.0.jar	META-INF/maven/org.apache.activemq/activemq-artemis-native/pom.xml	26784	4058	87161bf4	deflated	074ef944db54006bc26abe76aa0faedb142235ea131ec3dbd500992bdd48e36c
activemq-artemis-native-2.0.0.jar	lib/linux-i686/libartemis-native-32.so	27300	10053	ca621caa	deflated	8e115b882656affb79365af2be71c6737422b9ca51fe0215469fd5bbf1ea30a0
activemq-artemis-native-2.0.0.jar	lib/linux-x86_64/libartemis-native-64.so	29096	10084	153aa0fe	deflated	ce8af8d3ce8d4705c600927cd06997e6ed524e8eb44fed68dbc1c2882ddfa2b8
annotations-2.15.66.jar	META-INF/LICENSE.txt	11679	4051	ba81ea6b	deflated	14c6a5fbdbd6b87244abeb494712b9922d43f53afb658a42014c66da8e0c4403
annotations-2.15.66.jar	META-INF/MANIFEST.MF	154	134	29afd316	deflated	547fb306f34b5cc06db98691a0ed01a026d9fd582fff04a6aaf57025b3cabeff
annotations-2.15.66.jar	META-INF/NOTICE.txt	775	446	2311f95b	deflated	b5bbdba9fccbdae9fef728b4d17c5d14dbaa9fb2476afa32d68f7dbe3472dddd
annotations-2.15.66.jar	META-INF/maven/software.amazon.awssdk/annotations/pom.properties	101	97	1b585124	deflated	08cbc3b6d77a8556337dd9902c5898b183f158609d569598341df5f34caaab64
annotations-2.15.66.jar	META-INF/maven/software.amazon.awssdk/annotations/pom.xml	1685	732	03f53b27	deflated	4fcf82d0c7e2426c3ce86930849de6663c5c30f574247ddf4aa1433981bce0d3
anomalies-0.1.12.jar	COPYRIGHT	47	46	f7897766	deflated	9558711bcd62b6ebcb1752295198c291268c4d137c90c23672688e189da2a566
anomalies-0.1.12.jar	LICENSE	11358	3949	86e2b4b4	deflated	cfc7749b96f63bd31c3c42b5c471bf756814053e847c10f3eb003417bc523d30
anomalies-0.1.12.jar	META-INF/MANIFEST.MF	25	27	ee027fb2	deflated	566ad1a80220026d05099562645ce968ff0e7c36cde22634332605bb34cc3eff
anomalies-0.1.12.jar	META-INF/maven/com.cognitect/anomalies/pom.properties	134	113	e9acf2a7	deflated	298f1fd5346e3223e8ebf0fc987dc18d18a9c54deafca0efc74a350c2d1e4a47
anomalies-0.1.12.jar	META-INF/maven/com.cognitect/anomalies/pom.xml	1016	493	ba700f09	deflated	33211a6bef2c1ff2181ef3db7147a4f66d73a44ff451b41791a43ccfde4aa13a
anomalies-0.1.12.jar	cognitect/anomalies.clj	1082	550	8f500883	deflated	4151725d525af1832cee2e1e831f1bd22b7be892f3738a36e261339d0aba8be4
api-0.8.686.jar	META-INF/MANIFEST.MF	81	80	7928fefc	deflated	2a185c3a3a6b39d2987b2acabd0af36555390a556370ce50072b34e97c317963
api-0.8.686.jar	META-INF/maven/com.cognitect.aws/api/pom.properties	57	57	d64dd471	deflated	7455ca9b0e7a38548dfb45d405370a3300d816b214e54c252e5457a243cd00ed
api-0.8.686.jar	META-INF/maven/com.cognitect.aws/api/pom.xml	5889	1375	dd705274	deflated	9f663f2519b090a621c0ff061bb98cb136b8f2756d34185d41d0317454821bcc
api-0.8.686.jar	cognitect/aws/client/api.clj	11048	2835	e28a6ecc	deflated	e587ca55dee51ac02f0821a05152987fcb9f34ec9d226bf9a4d4926e3e69c5db
api-0.8.686.jar	cognitect/aws/client/api/async.clj	348	194	bda12832	deflated	65286c34252279f385e7f58b73aefeaa6cf6bba051c2c30c78ee7c23d5831d34
api-0.8.686.jar	cognitect/aws/client/impl.clj	5934	1682	e22bd3d5	deflated	259212db16f0f2a92794b60cce45c71a608fb083fa9d76f0a6e308c5608c10da
api-0.8.686.jar	cognitect/aws/client/protocol.clj	944	418	00093932	deflated	ba4c855e221a0b06c6d548385af5f42e347c299270bc2c4080336f4abeee3ff8
api-0.8.686.jar	cognitect/aws/client/shared.clj	1407	441	f9d00f2b	deflated	8826f5d1f14beb155e913cccae9febead456094ad0443e04e77ba89818c1a5d9
api-0.8.686.jar	cognitect/aws/client/test_double.clj	3850	1396	c34f99c3	deflated	4d53f94d0c320cb2a56cc20ea75ac247df0f81fbc4d77cd0e5ec189bcabc5489
api-0.8.686.jar	cognitect/aws/client/validation.clj	1735	558	16e2aa80	deflated	09462a4f5cab8f9f867a8981908cbc187cacabe83f28078de14304205f3df081
api-0.8.686.jar	cognitect/aws/config.clj	2067	708	64fdfbd2	deflated	5a33b6338c0f0ea0138db4482f8c7f99f1413411dadc00345ddd7585ac566a40
api-0.8.686.jar	cognitect/aws/credentials.clj	12580	3368	526e95c1	deflated	0280c116f7b77314ef9626caa89fe5ad6d83c73c8107d36aaab232a82a05dec2
api-0.8.686.jar	cognitect/aws/dynaload.clj	422	266	b643179d	deflated	ddafd083a7117f4e984214bb17602674d1c7cf2a3303fb25f3ce27b7dd1382c5
api-0.8.686.jar	cognitect/aws/ec2_metadata_utils.clj	3874	1307	55669bce	deflated	f69414e1ffeb5fd20baf86cbde5f95638dd7be52dad17f7b6346d80a8c0c3c98
api-0.8.686.jar	cognitect/aws/endpoint.clj	3818	1309	136921ea	deflated	1cfb4b709c59f9843e974649ffbc2a67860b7b4c8b2ca4d1f9fd1ef9196a21fb
api-0.8.686.jar	cognitect/aws/http.clj	2972	1182	c07be22c	deflated	4c2a83a40c344710f912b2caabc7708d2bd1fc04ed383b2a87e163be4fc17136
api-0.8.686.jar	cognitect/aws/http/cognitect.clj	440	249	95ad1c6d	deflated	463f7da26f899e23d85d2197824d91f8c156ab0e53133dea787d3f38930b00cf
api-0.8.686.jar	cognitect/aws/interceptors.clj	1724	726	d039d0fe	deflated	e6557d32a49feb334bb78157361a897812cf4ef6d3e9d75737780225b0677261
api-0.8.686.jar	cognitect/aws/protocols.clj	5513	1805	d146246d	deflated	5c7ef031d4e154103319b50121ed95462545e312305e1d82595e86d8e45e3c70
api-0.8.686.jar	cognitect/aws/protocols/ec2.clj	1874	622	a8b7943b	deflated	9aa5cb911ebd5c977de8aa4f9e89c6fd66b395399daea9283cf2b0b58dced0b9
api-0.8.686.jar	cognitect/aws/protocols/json.clj	1391	523	411086b9	deflated	8b0b18b55c65642ec74213491d04d3e3ce67761a760b289260d70a82bd727db5
api-0.8.686.jar	cognitect/aws/protocols/query.clj	4472	1222	81bd8f09	deflated	69771880feef63e66a93e41f40dabc2b50de1ae9fd450297a1fa5743e6ab97cd
api-0.8.686.jar	cognitect/aws/protocols/rest.clj	12453	2864	5a831d71	deflated	c3ae295af5aad6bcff2943bcd7dbdc49faa854d4641b105ab8d3addf0bb6c620
api-0.8.686.jar	cognitect/aws/protocols/rest_json.clj	1373	507	b6749b7d	deflated	75c35398b83541877106dea1d199acf6505fe2f96656d34a34e962b68c59a6eb
api-0.8.686.jar	cognitect/aws/protocols/rest_xml.clj	950	358	6caca4c5	deflated	54aa1a94190b9328a259bfcf2a252d40fabd249a508c40760deb8661078feb17
api-0.8.686.jar	cognitect/aws/region.clj	3805	1250	05276fca	deflated	90693e738da3699c9ebd2cc6dc989cf3ff5f5f8fb1273f5afc1fd375d16e02b9
api-0.8.686.jar	cognitect/aws/retry.clj	1853	756	4e98b195	deflated	b8c5b6c2b926893cf2248d81cef2a73ceecf3dc82abc88fef1bc8f08b2c82739
api-0.8.686.jar	cognitect/aws/service.clj	3429	1112	c250ab84	deflated	7de401ca71fb52a51ccd61f35a57b4264ac097c2e03849af5675ec9d229597c8
api-0.8.686.jar	cognitect/aws/shape.clj	14138	3181	7fc583da	deflated	328c06e65b218270068b8a5f4d0527ccf8a71c1c0b8a2adfdf954e6a8f05f8d2
api-0.8.686.jar	cognitect/aws/signers.clj	7971	2416	29acacf0	deflated	86bc30ce78d5f8e4af2ca9955cbc404dee385e333075d7446a4ad7cd7cb6685e
api-0.8.686.jar	cognitect/aws/util.clj	9113	3225	84640a74	deflated	2ae632192f32225b941161c22edc2ce6305414098be5fcedb08b06a9b0bf74e7
api-0.8.686.jar	cognitect_aws_http.edn	55	50	2bf22395	deflated	614ff8793fe67c3501fde1cecf2435f3b86cfec93725cf8e4d1c2281b79c9b18
artemis-commons-2.31.2.jar	META-INF/DEPENDENCIES	2283	680	397d44a5	deflated	abd9690cde93938c7b9013301c97ea14ac3859feede01cfe44a7b52325411e76
artemis-commons-2.31.2.jar	META-INF/LICENSE	11667	4039	8d660a30	deflated	fc133c2698f3498589ea7d71918f6c4f9ecfb4168cbcb78bbf8449fba62d5779
artemis-commons-2.31.2.jar	META-INF/LICENSE.md	35084	11570	4688ba38	deflated	6e1f002892b81cbe0647019b150c8a056efc1add565671a4f8af629b6cd2cc7b
artemis-commons-2.31.2.jar	META-INF/MANIFEST.MF	346	176	8f25fca2	deflated	2fbc43e15ebd2a94f8e8f2794a6a48ef3d64d80a2e4cc63964076ffef7f9c6ef
artemis-commons-2.31.2.jar	META-INF/NOTICE	174	127	cdf639f0	deflated	60e0e191aac9b4b97e0fa00e573f8e32dad9e03b8596abb655118d9cbb32451c
artemis-commons-2.31.2.jar	META-INF/NOTICE.md	1707	817	ec5366ec	deflated	10ed15789b786b1137930d0b2fb6f2e771d72ad48db7425224385aec7050d7fd
artemis-commons-2.31.2.jar	META-INF/maven/jakarta.json/jakarta.json-api/pom.properties	137	119	57bf39fe	deflated	527540c71e1122241597c86c2fd2b15d2fabb860b7d5df56da26420e9994d200
artemis-commons-2.31.2.jar	META-INF/maven/jakarta.json/jakarta.json-api/pom.xml	6013	1766	dbdc2cfa	deflated	afb017976a217aad94e1b580709e29cf9f94942bb9c9449995c507c25402e73f
artemis-commons-2.31.2.jar	META-INF/maven/org.apache.activemq/artemis-commons/pom.properties	70	68	dc086cba	deflated	e8484270eeb1cb0767b5b3ab6162c904eee2186594c9c6bc1ce9935df2fccec7
artemis-commons-2.31.2.jar	META-INF/maven/org.apache.activemq/artemis-commons/pom.xml	6496	1716	016d6a8a	deflated	c3a69e39d61d3768e20a7d668c48e729b8898bd401edf2b1f540c748ff36e05e
artemis-commons-2.31.2.jar	META-INF/maven/org.apache.johnzon/johnzon-core/pom.properties	66	61	814ec5c7	deflated	55a3b0536a53598617ef98c491188d2aaa972f25b6a64afef2f6755de571328c
artemis-commons-2.31.2.jar	META-INF/maven/org.apache.johnzon/johnzon-core/pom.xml	3017	1206	10ebf9c4	deflated	5f0478be32fa49d3497db3a532d298d7ee673bc14bb85c9b32348932ce05a9e3
artemis-core-client-2.31.2.jar	META-INF/DEPENDENCIES	4588	801	3e4af097	deflated	7f2b5bdfa82ac5c6093e7f9064628b1edd84a7803e951c1342b0a90bcd27e051
artemis-core-client-2.31.2.jar	META-INF/LICENSE	11358	3949	86e2b4b4	deflated	cfc7749b96f63bd31c3c42b5c471bf756814053e847c10f3eb003417bc523d30
artemis-core-client-2.31.2.jar	META-INF/MANIFEST.MF	354	178	d7e09727	deflated	5fd532036c7b9a54fb181af1efd179b6febd027d1a629471a41fd622179a3d97
artemis-core-client-2.31.2.jar	META-INF/NOTICE	178	128	e9035019	deflated	b9eb9a5bffe40c6b91607abf0ed96cee76630fe61b50faf7698be60163bf9511
artemis-core-client-2.31.2.jar	META-INF/maven/org.apache.activemq/artemis-core-client/pom.properties	74	70	88179934	deflated	9a395ef01ccc53a46d34ed5c27c6496f97805249ef15d4f6c8bff61ed9746db3
artemis-core-client-2.31.2.jar	META-INF/maven/org.apache.activemq/artemis-core-client/pom.xml	6904	1622	0fa74b19	deflated	a7ef6ed54a1e503ac21e9c41ca3c7754940dc0780e2a810a8029843157ce5f75
artemis-core-client-2.31.2.jar	META-INF/services/org.apache.activemq.artemis.spi.core.remoting.ssl.OpenSSLContextFactory	80	76	25c69526	deflated	e09cc33550c8c95e6751efb1cfe49422dc7e697937a5e97cd22d06a192b177bd
artemis-core-client-2.31.2.jar	META-INF/services/org.apache.activemq.artemis.spi.core.remoting.ssl.SSLContextFactory	76	73	866c31cc	deflated	822512a89d02f1f055df86b6006d9c389a207b0480debf2108b6271c7fa4ac15
artemis-core-client-2.31.2.jar	activemq-version.properties	1141	590	f901d462	deflated	d8abf108019f9da2317d353e73e5b0f86f5ee884f92a7c09ac9356f8a0be406b
artemis-jdbc-store-2.31.2.jar	META-INF/DEPENDENCIES	5852	984	fb1b4208	deflated	f6a84eb07368cc1a187030094e22d6e8b945eceb9732990fb4f81bd2001329d7
artemis-jdbc-store-2.31.2.jar	META-INF/LICENSE	11358	3949	86e2b4b4	deflated	cfc7749b96f63bd31c3c42b5c471bf756814053e847c10f3eb003417bc523d30
artemis-jdbc-store-2.31.2.jar	META-INF/MANIFEST.MF	352	178	a1c30e3d	deflated	59c4bb7fcc5cb73d831fc7b028895cc7ad8ef17e180d5a7f8dec472ce217593e
artemis-jdbc-store-2.31.2.jar	META-INF/NOTICE	177	130	1eea10de	deflated	41dbe652cd56848c593630255d56c3391b40f7d549e0f9f6584a6d1c22ded459
artemis-jdbc-store-2.31.2.jar	META-INF/maven/org.apache.activemq/artemis-jdbc-store/pom.properties	73	70	89ebf857	deflated	fb14cff92724b1b8729e43eafcf536e0729896caee902a1e7d61c1129aae4ef7
artemis-jdbc-store-2.31.2.jar	META-INF/maven/org.apache.activemq/artemis-jdbc-store/pom.xml	3350	993	4fa2be6f	deflated	22f70ef52601bd81841943a3c60a100532206ad4fc1dcc0f1822ecdaec95d834
artemis-jdbc-store-2.31.2.jar	journal-sql.properties	7707	2109	be887b0b	deflated	e6bbc9811b672bd1dfdf1dba34ceb30387f3bffce4f793210e047d0e7a6be898
artemis-journal-2.31.2.jar	META-INF/DEPENDENCIES	2296	639	1a7077b3	deflated	36430059babb5daf1e93c06980c66cac114aa21297c2fa6eae4967acaa7167c5
artemis-journal-2.31.2.jar	META-INF/LICENSE	11358	3949	86e2b4b4	deflated	cfc7749b96f63bd31c3c42b5c471bf756814053e847c10f3eb003417bc523d30
artemis-journal-2.31.2.jar	META-INF/MANIFEST.MF	346	176	01ebc723	deflated	16fd764fc6592d3015d4eb20f61bbde44c094808d3eb2209600a11a4eea9c6fb
artemis-journal-2.31.2.jar	META-INF/NOTICE	174	127	f338e684	deflated	9e1fc422577ea5e6336f1d1d0134e2f30fff653389c5a05525f08f7b0b78eb24
artemis-journal-2.31.2.jar	META-INF/maven/org.apache.activemq/artemis-journal/pom.properties	70	69	5fcbb228	deflated	91f0e9c20da0ebd927c97c17a4cb4ec4e1d00210ce634c035f7119d05d2cb9f4
artemis-journal-2.31.2.jar	META-INF/maven/org.apache.activemq/artemis-journal/pom.xml	3378	1017	59e093f4	deflated	f59940a991e4eeecf62b47245fc9ad0151df2be4c4f196d8f65fa8cf6a090171
artemis-quorum-api-2.31.2.jar	META-INF/DEPENDENCIES	277	123	9b3181a2	deflated	33a78f44afe1481f44f7f3aa0ac0258fc9c10bcfdec782dc26cdc0daa7bd5a0f
artemis-quorum-api-2.31.2.jar	META-INF/LICENSE	11358	3949	86e2b4b4	deflated	cfc7749b96f63bd31c3c42b5c471bf756814053e847c10f3eb003417bc523d30
artemis-quorum-api-2.31.2.jar	META-INF/MANIFEST.MF	1249	674	6c9993cb	deflated	5e3815658dc43ea90d0f4b0c41b3cdeab185d73fae3083a69d5f79a311ac9a09
artemis-quorum-api-2.31.2.jar	META-INF/NOTICE	177	130	7af61df1	deflated	19863aa9beab78207a8acbed8c949f7a48520eec1607bd043bfd2a62d3e90b0e
artemis-quorum-api-2.31.2.jar	META-INF/maven/org.apache.activemq/artemis-quorum-api/pom.properties	73	70	ff86da63	deflated	7098a423eb8fa13b8b19447d347687bd10c5b990e242397266762795958f7041
artemis-quorum-api-2.31.2.jar	META-INF/maven/org.apache.activemq/artemis-quorum-api/pom.xml	1406	725	d7c2d3a4	deflated	8052d91986ebd32cc3a658cb9b3fa7739a90c3fb8d74d6fdb78fc843bc5c3e77
artemis-selector-2.31.2.jar	META-INF/DEPENDENCIES	1708	465	d2f75a0d	deflated	d2d24ea42254362f4c72ac771072e3b64d9d019332109b194aa5a17fbc7818ca
artemis-selector-2.31.2.jar	META-INF/LICENSE	11358	3949	86e2b4b4	deflated	cfc7749b96f63bd31c3c42b5c471bf756814053e847c10f3eb003417bc523d30
artemis-selector-2.31.2.jar	META-INF/MANIFEST.MF	378	180	bbdea6d8	deflated	7dee0caaa9df4b1a3187a7aa12b31c54f93c23985fa4af7de865d23bc20a575a
artemis-selector-2.31.2.jar	META-INF/NOTICE	190	136	dd1145b0	deflated	4cb90e2f97f9e5fceba90c077251461aa6de4ada82ad0c6ecdf2a4857832039e
artemis-selector-2.31.2.jar	META-INF/maven/org.apache.activemq/artemis-selector/pom.properties	71	68	c2caf0fe	deflated	499a8140f39a8b83ba79cee2a15e9406e84630cf9906681c13726594e787a2cb
artemis-selector-2.31.2.jar	META-INF/maven/org.apache.activemq/artemis-selector/pom.xml	4897	1365	04bb3567	deflated	111c8d8a31850401a3ea42dec1a531c43bbb2073aeba38fe4f882110559460bb
artemis-server-2.31.2.jar	META-INF/DEPENDENCIES	7419	1162	025f67fc	deflated	7f67c9b3973cb5a01352be69b6c5cf388d5343b8231ebf88f680b718b6a06990
artemis-server-2.31.2.jar	META-INF/LICENSE	11358	3949	86e2b4b4	deflated	cfc7749b96f63bd31c3c42b5c471bf756814053e847c10f3eb003417bc523d30
artemis-server-2.31.2.jar	META-INF/MANIFEST.MF	344	175	e5b45d79	deflated	cb5e8b81ee0078b805a7813024bd49c50cd17cf019ca776018b8b4666b2e7057
artemis-server-2.31.2.jar	META-INF/NOTICE	173	125	ccdbec1b	deflated	20955e3c5eb962f92cff51ff2fd6d4268770ccca16033649785d1fe18bddb9e0
artemis-server-2.31.2.jar	META-INF/maven/org.apache.activemq/artemis-server/pom.properties	69	67	64da4626	deflated	92b2f22bd24e9c0e46f842c0d9a2a649c760687433fa018c0bc2b5330c15ec76
artemis-server-2.31.2.jar	META-INF/maven/org.apache.activemq/artemis-server/pom.xml	12937	2231	5e97e661	deflated	45a7ef2f1bed6f589773a7df4aadf309147056cb666491475ad3745604625270
artemis-server-2.31.2.jar	schema/artemis-configuration.xsd	222602	22239	93f930a7	deflated	e3c5c1906ea4b50f06e05fe5c04a2ae35d6c3791e4eef774eb512478efada32a
artemis-server-2.31.2.jar	schema/artemis-server.xsd	2145	913	ef9d3c53	deflated	b9a5821784dce492d8cda6c3d338ad743b30fc1c48654d11c16c9acd34ba4eb7
artemis-server-2.31.2.jar	schema/xml.xsd	5832	1949	11006b67	deflated	a20d46f47bc925931ec19e4bcbedfbe4233a39b42bfa45a81077978442d21ccc
asm-9.2.jar	META-INF/MANIFEST.MF	508	287	e73ce69f	deflated	6c4751f51044686640143f55b82fc916cb7acf0295fc9a8cbd954d27c74c0fc9
asm-analysis-5.0.3.jar	META-INF/MANIFEST.MF	745	357	edba790a	deflated	2b6a20ec6635dad0570622f42abbcb6781310f32821b9b985cca6ae9928be9d6
asm-commons-5.0.3.jar	META-INF/MANIFEST.MF	792	363	33524d82	deflated	6ca83edadfe11fefca800ebe97cbcdf46207c3a8d56f54d9b1a3fcc64fd11df1
asm-tree-5.0.3.jar	META-INF/MANIFEST.MF	634	331	5978fafb	deflated	7136ea31ecc78a635b0c69720fdfe84c0b7111e007e28fcb16468c698f4a642d
asm-util-5.0.3.jar	META-INF/MANIFEST.MF	869	381	71bd5edc	deflated	5ae62cd7e501e7d2276c5aed0d303b35a0570637ca6bdf0a6945ef5eae967d84
auth-2.15.66.jar	META-INF/LICENSE.txt	11679	4051	ba81ea6b	deflated	14c6a5fbdbd6b87244abeb494712b9922d43f53afb658a42014c66da8e0c4403
auth-2.15.66.jar	META-INF/MANIFEST.MF	147	130	5b9fcb02	deflated	dc66a78e613907effdb719c46bdeeb1648a02894697389647c193a1d61c7c659
auth-2.15.66.jar	META-INF/NOTICE.txt	775	446	2311f95b	deflated	b5bbdba9fccbdae9fef728b4d17c5d14dbaa9fb2476afa32d68f7dbe3472dddd
auth-2.15.66.jar	META-INF/maven/software.amazon.awssdk/auth/pom.properties	94	92	ca1618b8	deflated	4db27a6bb02f8d7fd6a4a6e699fe6eeb143fbd6a99e8a66feb9c3c29b7802339
auth-2.15.66.jar	META-INF/maven/software.amazon.awssdk/auth/pom.xml	5579	1186	802c9132	deflated	a72f009f89ed9b7f2f53dfc05d502c6b7d2eef094e9f206bb8e43459c50eb132
aws-java-sdk-1.12.564.jar	META-INF/MANIFEST.MF	130	108	08960c59	deflated	3361b4fae45527150983b918ea4f23f365809055f11e87101dc864076e083a81
aws-java-sdk-1.12.564.jar	META-INF/maven/com.amazonaws/aws-java-sdk/pom.properties	113	111	43251d24	deflated	46656726501d1f01a9676a96abaf8c6814fc63e53616716b40364226714c2e8e
aws-java-sdk-1.12.564.jar	META-INF/maven/com.amazonaws/aws-java-sdk/pom.xml	80104	3957	1039e6e8	deflated	11b12f76a4ce8cfc908e4ab3032c92ff7fad44117cd12345d670cfa21a675d48
aws-java-sdk-accessanalyzer-1.12.564.jar	META-INF/MANIFEST.MF	130	108	08960c59	deflated	3361b4fae45527150983b918ea4f23f365809055f11e87101dc864076e083a81
aws-java-sdk-accessanalyzer-1.12.564.jar	META-INF/maven/com.amazonaws/aws-java-sdk-accessanalyzer/pom.properties	128	121	732bea6e	deflated	1072e0d5dfa94b135ca8f1adde38086a4beda0457ef46496382d5bd8f6200400
aws-java-sdk-accessanalyzer-1.12.564.jar	META-INF/maven/com.amazonaws/aws-java-sdk-accessanalyzer/pom.xml	3578	1047	892c16f2	deflated	37c1599380139decb93e716936fd0b9ccc3436be108dd264a745e5177983df58
aws-java-sdk-account-1.12.564.jar	META-INF/MANIFEST.MF	130	108	08960c59	deflated	3361b4fae45527150983b918ea4f23f365809055f11e87101dc864076e083a81
aws-java-sdk-account-1.12.564.jar	META-INF/maven/com.amazonaws/aws-java-sdk-account/pom.properties	121	117	a117b7f8	deflated	54e7ce441eb525a5946f274e761321efee54cd6feb49a69c33fca225576a5999
aws-java-sdk-account-1.12.564.jar	META-INF/maven/com.amazonaws/aws-java-sdk-account/pom.xml	3552	1042	5307253b	deflated	215441ea4e3476c3e35b3d7d312ffcb5a0a347ca50ef0a17fed25ad125013a84
aws-java-sdk-acm-1.12.564.jar	META-INF/MANIFEST.MF	130	108	08960c59	deflated	3361b4fae45527150983b918ea4f23f365809055f11e87101dc864076e083a81
aws-java-sdk-acm-1.12.564.jar	META-INF/maven/com.amazonaws/aws-java-sdk-acm/pom.properties	117	115	b4d02bb0	deflated	76981e04a0fc5b69052cb272a962d2cf34c0735a0cd488a918381f336c19fbf9
aws-java-sdk-acm-1.12.564.jar	META-INF/maven/com.amazonaws/aws-java-sdk-acm/pom.xml	3581	1046	0eb72127	deflated	c1ad74188c2202ae80a9015f48c873e7af3cb442663d0c24c3e606e6a2cf2f9c
aws-java-sdk-acmpca-1.12.564.jar	META-INF/MANIFEST.MF	130	108	08960c59	deflated	3361b4fae45527150983b918ea4f23f365809055f11e87101dc864076e083a81
aws-java-sdk-acmpca-1.12.564.jar	META-INF/maven/com.amazonaws/aws-java-sdk-acmpca/pom.properties	120	115	e82150e7	deflated	59b17292c0f857055f4ebd03e7ba674ed7276a4a8ea549c28289d5a5b751b571
aws-java-sdk-acmpca-1.12.564.jar	META-INF/maven/com.amazonaws/aws-java-sdk-acmpca/pom.xml	3676	1065	8aa4880c	deflated	a9efb8762e1e5f08d0f5411967f7fc5f32f0ffe0728a4ef041ec31a50d8e48fc
aws-java-sdk-alexaforbusiness-1.12.564.jar	META-INF/MANIFEST.MF	130	108	08960c59	deflated	3361b4fae45527150983b918ea4f23f365809055f11e87101dc864076e083a81
aws-java-sdk-alexaforbusiness-1.12.564.jar	META-INF/maven/com.amazonaws/aws-java-sdk-alexaforbusiness/pom.properties	130	123	c3ea0bc2	deflated	18a22c4dcecfa9445822222752e511d7dcbcc3e9793703b81c9cff276927e373
aws-java-sdk-alexaforbusiness-1.12.564.jar	META-INF/maven/com.amazonaws/aws-java-sdk-alexaforbusiness/pom.xml	3591	1052	b61c1ac8	deflated	afa9c8044020427c1da568443c931ce3329d6e7502c2858fc89b0e5590b2d0fb
aws-java-sdk-amplify-1.12.564.jar	META-INF/MANIFEST.MF	130	108	08960c59	deflated	3361b4fae45527150983b918ea4f23f365809055f11e87101dc864076e083a81
aws-java-sdk-amplify-1.12.564.jar	META-INF/maven/com.amazonaws/aws-java-sdk-amplify/pom.properties	121	117	82b7dec7	deflated	19e9c9fac6643308733992637b6ec39a20fd8b693beae897d2b5a54047f29b89
aws-java-sdk-amplify-1.12.564.jar	META-INF/maven/com.amazonaws/aws-java-sdk-amplify/pom.xml	3552	1040	d5cf50e6	deflated	8afca05f2b41fdcb40a5594edfb9de4137a9c745690b4f419c068655a3110577
aws-java-sdk-amplifybackend-1.12.564.jar	META-INF/MANIFEST.MF	130	108	08960c59	deflated	3361b4fae45527150983b918ea4f23f365809055f11e87101dc864076e083a81
aws-java-sdk-amplifybackend-1.12.564.jar	META-INF/maven/com.amazonaws/aws-java-sdk-amplifybackend/pom.properties	128	122	f789e2ea	deflated	b4a7ab4f8495f07b18efea2e3b2e432b24d98cae3250d6b45981e7a83d5efb81
aws-java-sdk-amplifybackend-1.12.564.jar	META-INF/maven/com.amazonaws/aws-java-sdk-amplifybackend/pom.xml	3575	1050	a2d1979e	deflated	dd4fede3d535260b8b5987979c1d448756a3d513e290c65c43a308e76f64ea27
aws-java-sdk-amplifyuibuilder-1.12.564.jar	META-INF/MANIFEST.MF	130	108	08960c59	deflated	3361b4fae45527150983b918ea4f23f365809055f11e87101dc864076e083a81
aws-java-sdk-amplifyuibuilder-1.12.564.jar	META-INF/maven/com.amazonaws/aws-java-sdk-amplifyuibuilder/pom.properties	130	123	de2f209e	deflated	2d69ea9d8a3a7afdcafb599d06c6ca1a1730be769880ece18d36bdc1c8b24294
aws-java-sdk-amplifyuibuilder-1.12.564.jar	META-INF/maven/com.amazonaws/aws-java-sdk-amplifyuibuilder/pom.xml	3603	1054	29b5c009	deflated	5186af6246f5103ca3f7a29373fd28a0660c37fcba1ca5ce304b5ab9ab3be08c
aws-java-sdk-api-gateway-1.12.564.jar	META-INF/MANIFEST.MF	130	108	08960c59	deflated	3361b4fae45527150983b918ea4f23f365809055f11e87101dc864076e083a81
aws-java-sdk-api-gateway-1.12.564.jar	META-INF/maven/com.amazonaws/aws-java-sdk-api-gateway/pom.properties	125	121	bc09a62a	deflated	8006071611171b97bd3e975de00a640db6579d816fe49a4c7996af6633130fc6
aws-java-sdk-api-gateway-1.12.564.jar	META-INF/maven/com.amazonaws/aws-java-sdk-api-gateway/pom.xml	3573	1044	9f6b00a2	deflated	9d053c83ea6909f85fffa61f277dd2dd41b44fe3489d65ea995d30410767f182
aws-java-sdk-api-gateway-1.12.564.jar	com/amazonaws/services/apigateway/request.handler2s	68	67	61f963af	deflated	15f2838f127fe2ac24161ad09d5cf843bc980f3af0824dd9fbb59bfce0b5fa55
aws-java-sdk-apigatewaymanagementapi-1.12.564.jar	META-INF/MANIFEST.MF	130	108	08960c59	deflated	3361b4fae45527150983b918ea4f23f365809055f11e87101dc864076e083a81
aws-java-sdk-apigatewaymanagementapi-1.12.564.jar	META-INF/maven/com.amazonaws/aws-java-sdk-apigatewaymanagementapi/pom.properties	137	127	e268f07e	deflated	c2e774b2fda8f65d017cad63511836118b3d5dfd06f9ff9f62459edd49337fa2
aws-java-sdk-apigatewaymanagementapi-1.12.564.jar	META-INF/maven/com.amazonaws/aws-java-sdk-apigatewaymanagementapi/pom.xml	3638	1062	dd6ef65a	deflated	abf5dbab6e6eb593bd8a758fd9c6cc647544b4530af7a60557c571bc1dbf6e47
aws-java-sdk-apigatewayv2-1.12.564.jar	META-INF/MANIFEST.MF	130	108	08960c59	deflated	3361b4fae45527150983b918ea4f23f365809055f11e87101dc864076e083a81
aws-java-sdk-apigatewayv2-1.12.564.jar	META-INF/maven/com.amazonaws/aws-java-sdk-apigatewayv2/pom.properties	126	121	4262ec7d	deflated	fc545b893fdcfa16d9a8713ab566fb9dca68772a2206e513f950c300d6dae4fc
aws-java-sdk-apigatewayv2-1.12.564.jar	META-INF/maven/com.amazonaws/aws-java-sdk-apigatewayv2/pom.xml	3583	1054	fdd52cd7	deflated	5914fa186147204f0523784e8997f234789e2550519da4aed8535918ff1f1c59
aws-java-sdk-appconfig-1.12.564.jar	META-INF/MANIFEST.MF	130	108	08960c59	deflated	3361b4fae45527150983b918ea4f23f365809055f11e87101dc864076e083a81
aws-java-sdk-appconfig-1.12.564.jar	META-INF/maven/com.amazonaws/aws-java-sdk-appconfig/pom.properties	123	118	67641051	deflated	1c8a0d85e6565cc9bd264eb00c604330103eaa0507f0360ed8e0be54cbe5fa49
aws-java-sdk-appconfig-1.12.564.jar	META-INF/maven/com.amazonaws/aws-java-sdk-appconfig/pom.xml	3571	1045	3aa5946b	deflated	d482774e78936ca6f5de3cf693de8fdbdcb23aad54f14a42495add288b0466bb
aws-java-sdk-appconfigdata-1.12.564.jar	META-INF/MANIFEST.MF	130	108	08960c59	deflated	3361b4fae45527150983b918ea4f23f365809055f11e87101dc864076e083a81
aws-java-sdk-appconfigdata-1.12.564.jar	META-INF/maven/com.amazonaws/aws-java-sdk-appconfigdata/pom.properties	127	120	d11b6fbc	deflated	ba8fd79f2a231f582a50637bf7e9fca59958733ba51f8f929e0d176ba1bb70ca
aws-java-sdk-appconfigdata-1.12.564.jar	META-INF/maven/com.amazonaws/aws-java-sdk-appconfigdata/pom.xml	3585	1050	303e6c41	deflated	0ee03160d742337b745ef4971db91a6ef66278312f2f85af082a264f6cce5f78
aws-java-sdk-appfabric-1.12.564.jar	META-INF/MANIFEST.MF	130	108	08960c59	deflated	3361b4fae45527150983b918ea4f23f365809055f11e87101dc864076e083a81
aws-java-sdk-appfabric-1.12.564.jar	META-INF/maven/com.amazonaws/aws-java-sdk-appfabric/pom.properties	123	119	2ffd5bb7	deflated	50cd82fea62e5f7e2d5f8a3fc4bc274cc4da9935a5571e90e1474adbf8e296bb
aws-java-sdk-appfabric-1.12.564.jar	META-INF/maven/com.amazonaws/aws-java-sdk-appfabric/pom.xml	3550	1043	14972f2a	deflated	1847961ffe3f9e868e5e931badbd38d64dcc2295797d1f8ac0daf6d2d06e94bd
aws-java-sdk-appflow-1.12.564.jar	META-INF/MANIFEST.MF	130	108	08960c59	deflated	3361b4fae45527150983b918ea4f23f365809055f11e87101dc864076e083a81
aws-java-sdk-appflow-1.12.564.jar	META-INF/maven/com.amazonaws/aws-java-sdk-appflow/pom.properties	121	117	3820b4d4	deflated	f09a246c4da6644644277a6617aea7111cc351e672b3cff7bb89f04a5bb87813
aws-java-sdk-appflow-1.12.564.jar	META-INF/maven/com.amazonaws/aws-java-sdk-appflow/pom.xml	3561	1044	50665fab	deflated	e301c1108941c028a6444e4f8d243769775a83c237c5aeb554c3d268b71ce6b1
aws-java-sdk-appintegrations-1.12.564.jar	META-INF/MANIFEST.MF	130	108	08960c59	deflated	3361b4fae45527150983b918ea4f23f365809055f11e87101dc864076e083a81
aws-java-sdk-appintegrations-1.12.564.jar	META-INF/maven/com.amazonaws/aws-java-sdk-appintegrations/pom.properties	129	123	64aa0418	deflated	9072dab4dfeae0879e5cfb63c9fc24819ce1871ebc4e422969cb497f7c504e1b
aws-java-sdk-appintegrations-1.12.564.jar	META-INF/maven/com.amazonaws/aws-java-sdk-appintegrations/pom.xml	3601	1051	f245945d	deflated	b361c49355fefde2e476acc6ce617366cda2c09a158b7c1aeb03a55066726a67
aws-java-sdk-applicationautoscaling-1.12.564.jar	META-INF/MANIFEST.MF	130	108	08960c59	deflated	3361b4fae45527150983b918ea4f23f365809055f11e87101dc864076e083a81
aws-java-sdk-applicationautoscaling-1.12.564.jar	META-INF/maven/com.amazonaws/aws-java-sdk-applicationautoscaling/pom.properties	136	127	7827506e	deflated	12dcf00360fb1bcf69a7b6b501570c5b277aa7cac3bd2d73da8361d73fa1903e
aws-java-sdk-applicationautoscaling-1.12.564.jar	META-INF/maven/com.amazonaws/aws-java-sdk-applicationautoscaling/pom.xml	3634	1052	cc2b5242	deflated	619abc94a42f75844bcb55b67ca1ac62cc02e3a75bf87c7cecf3037287563ab5
aws-java-sdk-applicationcostprofiler-1.12.564.jar	META-INF/MANIFEST.MF	130	108	08960c59	deflated	3361b4fae45527150983b918ea4f23f365809055f11e87101dc864076e083a81
aws-java-sdk-applicationcostprofiler-1.12.564.jar	META-INF/maven/com.amazonaws/aws-java-sdk-applicationcostprofiler/pom.properties	137	128	619ec886	deflated	dc90928b2324a0400be3d503d34c01aea30a9e9be73e0d31e583d1a6d64ca2d2
aws-java-sdk-applicationcostprofiler-1.12.564.jar	META-INF/maven/com.amazonaws/aws-java-sdk-applicationcostprofiler/pom.xml	3638	1050	a1c2aa33	deflated	c381a247af3eff552edd8fa4e3572d7f469c1773a559bdb113e1b5cedc5fec41
aws-java-sdk-applicationinsights-1.12.564.jar	META-INF/MANIFEST.MF	130	108	08960c59	deflated	3361b4fae45527150983b918ea4f23f365809055f11e87101dc864076e083a81
aws-java-sdk-applicationinsights-1.12.564.jar	META-INF/maven/com.amazonaws/aws-java-sdk-applicationinsights/pom.properties	133	126	97b84ebd	deflated	c9238658aa11b3cb10481f116d4ee19dfbf2c70e7812d2c378d99a6b296fe58b
aws-java-sdk-applicationinsights-1.12.564.jar	META-INF/maven/com.amazonaws/aws-java-sdk-applicationinsights/pom.xml	3657	1061	937d2674	deflated	af28a9c6154a80a9c918cd551a1cb009e4c0911c44b096bd3b900120defedbdc
aws-java-sdk-appmesh-1.12.564.jar	META-INF/MANIFEST.MF	130	108	08960c59	deflated	3361b4fae45527150983b918ea4f23f365809055f11e87101dc864076e083a81
aws-java-sdk-appmesh-1.12.564.jar	META-INF/maven/com.amazonaws/aws-java-sdk-appmesh/pom.properties	121	117	3711dabb	deflated	31ee7666dbae75d31f5aad9b40be9b55f67bc4c62d082fe560803d55fbae5790
aws-java-sdk-appmesh-1.12.564.jar	META-INF/maven/com.amazonaws/aws-java-sdk-appmesh/pom.xml	3555	1045	092359d1	deflated	f5d3e4661906df2ee30b649d3a1c4cf84a27790a1c8dc81a261638ba6c4c0396
aws-java-sdk-appregistry-1.12.564.jar	META-INF/MANIFEST.MF	130	108	08960c59	deflated	3361b4fae45527150983b918ea4f23f365809055f11e87101dc864076e083a81
aws-java-sdk-appregistry-1.12.564.jar	META-INF/maven/com.amazonaws/aws-java-sdk-appregistry/pom.properties	125	120	a377ffdb	deflated	dce11f57cd36ca6bdf1aaa67c37e4ef609683d92e4597f91a27c4a45a0b6b56e
aws-java-sdk-appregistry-1.12.564.jar	META-INF/maven/com.amazonaws/aws-java-sdk-appregistry/pom.xml	3623	1056	d85b24e6	deflated	40f8b410d02d4ca521d4f69db54aebd28e5cf8447d5f528aff92533dfd33c592
aws-java-sdk-apprunner-1.12.564.jar	META-INF/MANIFEST.MF	130	108	08960c59	deflated	3361b4fae45527150983b918ea4f23f365809055f11e87101dc864076e083a81
aws-java-sdk-apprunner-1.12.564.jar	META-INF/maven/com.amazonaws/aws-java-sdk-apprunner/pom.properties	123	119	3f3176a0	deflated	215ae2b43213b4b0fab0248e31016a505f848846d775135b48e02f918b88c7e3
aws-java-sdk-apprunner-1.12.564.jar	META-INF/maven/com.amazonaws/aws-java-sdk-apprunner/pom.xml	3565	1046	17435d6d	deflated	497dfc5bf127081a6c4117a45ff26a94bc492f6376231f39d4d7e0dd8af553ec
aws-java-sdk-appstream-1.12.564.jar	META-INF/MANIFEST.MF	130	108	08960c59	deflated	3361b4fae45527150983b918ea4f23f365809055f11e87101dc864076e083a81
aws-java-sdk-appstream-1.12.564.jar	META-INF/maven/com.amazonaws/aws-java-sdk-appstream/pom.properties	123	118	b3f2b312	deflated	00817b1e41a132117004b4e88c3b05088f98aa1263b5de3493c788fef6da8cda
aws-java-sdk-appstream-1.12.564.jar	META-INF/maven/com.amazonaws/aws-java-sdk-appstream/pom.xml	3564	1043	ae8cd96a	deflated	0bd3455532591e3bf71a69d839ada6d2c25af7eeb32eab60204c0841e8257d86
aws-java-sdk-appsync-1.12.564.jar	META-INF/MANIFEST.MF	130	108	08960c59	deflated	3361b4fae45527150983b918ea4f23f365809055f11e87101dc864076e083a81
aws-java-sdk-appsync-1.12.564.jar	META-INF/maven/com.amazonaws/aws-java-sdk-appsync/pom.properties	121	117	fa55114f	deflated	8a2da4e0072f6d117e4e957f6e23fa6151bdfa954484c1424f0d1f1de19f1046
aws-java-sdk-appsync-1.12.564.jar	META-INF/maven/com.amazonaws/aws-java-sdk-appsync/pom.xml	3552	1044	ea05ff7d	deflated	c95c31b82a6c912cf0d2e2392091d39e98a8d9a4f2dea1a4e4c8f4abd34f2524
aws-java-sdk-arczonalshift-1.12.564.jar	META-INF/MANIFEST.MF	130	108	08960c59	deflated	3361b4fae45527150983b918ea4f23f365809055f11e87101dc864076e083a81
aws-java-sdk-arczonalshift-1.12.564.jar	META-INF/maven/com.amazonaws/aws-java-sdk-arczonalshift/pom.properties	127	121	f85b92a4	deflated	60d326c58e71948e69e871364c5c0736b08ec15554b3111528f76ac115cf8723
aws-java-sdk-arczonalshift-1.12.564.jar	META-INF/maven/com.amazonaws/aws-java-sdk-arczonalshift/pom.xml	3594	1054	9e178cbb	deflated	392abc84e0b49b84de6b1c18cbcda8e6173a3f39e22c82538cbd1042d3ae3509
aws-java-sdk-athena-1.12.564.jar	META-INF/MANIFEST.MF	130	108	08960c59	deflated	3361b4fae45527150983b918ea4f23f365809055f11e87101dc864076e083a81
aws-java-sdk-athena-1.12.564.jar	META-INF/maven/com.amazonaws/aws-java-sdk-athena/pom.properties	120	116	a1581a69	deflated	cc23246a46762399220f6b49f7ec2844617428e0ed1621956191addfd9d34634
aws-java-sdk-athena-1.12.564.jar	META-INF/maven/com.amazonaws/aws-java-sdk-athena/pom.xml	3556	1043	4cd69ad7	deflated	eaf71beff2a2affb325fff29e6891abcf32b8d7f07853c858196ed72fea265ae
aws-java-sdk-auditmanager-1.12.564.jar	META-INF/MANIFEST.MF	130	108	08960c59	deflated	3361b4fae45527150983b918ea4f23f365809055f11e87101dc864076e083a81
aws-java-sdk-auditmanager-1.12.564.jar	META-INF/maven/com.amazonaws/aws-java-sdk-auditmanager/pom.properties	126	119	75eb3303	deflated	0799e255f338a7a0869b8118515cfb32c35278357a8819fb2ae2be084363ed72
aws-java-sdk-auditmanager-1.12.564.jar	META-INF/maven/com.amazonaws/aws-java-sdk-auditmanager/pom.xml	3580	1048	10f00310	deflated	5353f71ade8a28db9a9c473263abb3778b0f8be3f1e937324130c22eadf89cfc
aws-java-sdk-augmentedairuntime-1.12.564.jar	META-INF/MANIFEST.MF	130	108	08960c59	deflated	3361b4fae45527150983b918ea4f23f365809055f11e87101dc864076e083a81
aws-java-sdk-augmentedairuntime-1.12.564.jar	META-INF/maven/com.amazonaws/aws-java-sdk-augmentedairuntime/pom.properties	132	125	38a0d679	deflated	a359447c28ced35817024ab85679b6dd4bc743bb51cfbf07dfae4fb304792c93
aws-java-sdk-augmentedairuntime-1.12.564.jar	META-INF/maven/com.amazonaws/aws-java-sdk-augmentedairuntime/pom.xml	3622	1058	e1b521a5	deflated	a74a89a5221ccbc786621e9451300de33f848377b3c59212b0fe182d96daddc4
aws-java-sdk-autoscaling-1.12.564.jar	META-INF/MANIFEST.MF	130	108	08960c59	deflated	3361b4fae45527150983b918ea4f23f365809055f11e87101dc864076e083a81
aws-java-sdk-autoscaling-1.12.564.jar	META-INF/maven/com.amazonaws/aws-java-sdk-autoscaling/pom.properties	125	119	8d8a5918	deflated	aca161bbe7a243c29169710d10fe3be3ca3c01169d2b7bf8d8195c3e392c7fd0
aws-java-sdk-autoscaling-1.12.564.jar	META-INF/maven/com.amazonaws/aws-java-sdk-autoscaling/pom.xml	3563	1045	5c7a727c	deflated	c8ec0c03f0e07c18795a9fdd331bc22ddf4d92129691c8d0a03a815924c4d966
aws-java-sdk-autoscalingplans-1.12.564.jar	META-INF/MANIFEST.MF	130	108	08960c59	deflated	3361b4fae45527150983b918ea4f23f365809055f11e87101dc864076e083a81
aws-java-sdk-autoscalingplans-1.12.564.jar	META-INF/maven/com.amazonaws/aws-java-sdk-autoscalingplans/pom.properties	130	122	58310256	deflated	3a481fe36dca90afde629cfaf99993e0688698620ee79299d579dce2fbc16b83
aws-java-sdk-autoscalingplans-1.12.564.jar	META-INF/maven/com.amazonaws/aws-java-sdk-autoscalingplans/pom.xml	3603	1054	9820ba77	deflated	e22334ddf642e8e185b1d6106e836037dd31945ec28dda1b755988901468210d
aws-java-sdk-backup-1.12.564.jar	META-INF/MANIFEST.MF	130	108	08960c59	deflated	3361b4fae45527150983b918ea4f23f365809055f11e87101dc864076e083a81
aws-java-sdk-backup-1.12.564.jar	META-INF/maven/com.amazonaws/aws-java-sdk-backup/pom.properties	120	116	c457721b	deflated	37710db0b65f8a04edfd45c2aadeedda139fff598c0265b99e9ec7b4bdfbec01
aws-java-sdk-backup-1.12.564.jar	META-INF/maven/com.amazonaws/aws-java-sdk-backup/pom.xml	3547	1041	61991f5b	deflated	11704b96f3e79dd2de429925afef61d12ae5dd3c6ed1e035f5705f75df003d3c
aws-java-sdk-backupgateway-1.12.564.jar	META-INF/MANIFEST.MF	130	108	08960c59	deflated	3361b4fae45527150983b918ea4f23f365809055f11e87101dc864076e083a81
aws-java-sdk-backupgateway-1.12.564.jar	META-INF/maven/com.amazonaws/aws-java-sdk-backupgateway/pom.properties	127	122	efbfe98b	deflated	49efbe20172dcee2ba108f29f0c683efc0f3e9e17793342b3f236ae94d6f49ca
aws-java-sdk-backupgateway-1.12.564.jar	META-INF/maven/com.amazonaws/aws-java-sdk-backupgateway/pom.xml	3585	1051	20b0142b	deflated	d0312970b311680135a2a937f35b9b27e582eae39357dba870898c6659e90851
aws-java-sdk-backupstorage-1.12.564.jar	META-INF/MANIFEST.MF	130	108	08960c59	deflated	3361b4fae45527150983b918ea4f23f365809055f11e87101dc864076e083a81
aws-java-sdk-backupstorage-1.12.564.jar	META-INF/maven/com.amazonaws/aws-java-sdk-backupstorage/pom.properties	127	121	c2ae07a3	deflated	b52f89afafb8707af68bf620d6e9a41cddbf65fd0be4361dd0900b042ab85db0
aws-java-sdk-backupstorage-1.12.564.jar	META-INF/maven/com.amazonaws/aws-java-sdk-backupstorage/pom.xml	3585	1052	0249d0d8	deflated	6008fe8bc5133302f6bbd2b8c92875a1fe4099a78dc8caa97f0b9de4988eed83
aws-java-sdk-batch-1.12.564.jar	META-INF/MANIFEST.MF	130	108	08960c59	deflated	3361b4fae45527150983b918ea4f23f365809055f11e87101dc864076e083a81
aws-java-sdk-batch-1.12.564.jar	META-INF/maven/com.amazonaws/aws-java-sdk-batch/pom.properties	119	116	9aa5e3c3	deflated	e540f91e96986c2c0061736b76a863bb96550a6ad96d2e585495ec4f4b6eadad
aws-java-sdk-batch-1.12.564.jar	META-INF/maven/com.amazonaws/aws-java-sdk-batch/pom.xml	3535	1035	929a3a51	deflated	e5dbd2fe925f185da5f5382052a10a39def32d6a1a945b8762aca4df752f7534
aws-java-sdk-bedrock-1.12.564.jar	META-INF/MANIFEST.MF	130	108	08960c59	deflated	3361b4fae45527150983b918ea4f23f365809055f11e87101dc864076e083a81
aws-java-sdk-bedrock-1.12.564.jar	META-INF/maven/com.amazonaws/aws-java-sdk-bedrock/pom.properties	121	118	58e2be24	deflated	ab3fcddd1acc2d52a1e21fcf736220d6d4da2d2d4474861a35395a8bbfd068f7
aws-java-sdk-bedrock-1.12.564.jar	META-INF/maven/com.amazonaws/aws-java-sdk-bedrock/pom.xml	3561	1045	7dcf7db8	deflated	0c2db431207ff63b3b2d4c3c25f2bbe0fdd91296c3a4e4c25c6f4d208621917a
aws-java-sdk-bedrockruntime-1.12.564.jar	META-INF/MANIFEST.MF	130	108	08960c59	deflated	3361b4fae45527150983b918ea4f23f365809055f11e87101dc864076e083a81
aws-java-sdk-bedrockruntime-1.12.564.jar	META-INF/maven/com.amazonaws/aws-java-sdk-bedrockruntime/pom.properties	128	122	0745182f	deflated	10e9c51402c7e3b540eea8eed2da692c46ced7d5242a72564055d42748aaa5dd
aws-java-sdk-bedrockruntime-1.12.564.jar	META-INF/maven/com.amazonaws/aws-java-sdk-bedrockruntime/pom.xml	3599	1053	e3672816	deflated	0c0f15ff2c2e32c0c3df5f7f356a7c56d1135a71f4f3ffb132adaa89bd93239d
aws-java-sdk-billingconductor-1.12.564.jar	META-INF/MANIFEST.MF	130	108	08960c59	deflated	3361b4fae45527150983b918ea4f23f365809055f11e87101dc864076e083a81
aws-java-sdk-billingconductor-1.12.564.jar	META-INF/maven/com.amazonaws/aws-java-sdk-billingconductor/pom.properties	130	123	3aa745c3	deflated	7c699a06353550a02983715d62edad19e17971260fb3972d876ab7cc08aba46e
aws-java-sdk-billingconductor-1.12.564.jar	META-INF/maven/com.amazonaws/aws-java-sdk-billingconductor/pom.xml	3594	1051	59bc729b	deflated	136eb6e07a1ab6c3086f2bfa3f62d6a6a7705dd696c245162ef573c61119eb98
aws-java-sdk-braket-1.12.564.jar	META-INF/MANIFEST.MF	130	108	08960c59	deflated	3361b4fae45527150983b918ea4f23f365809055f11e87101dc864076e083a81
aws-java-sdk-braket-1.12.564.jar	META-INF/maven/com.amazonaws/aws-java-sdk-braket/pom.properties	120	116	4197a69e	deflated	99bdc210035b72249d330e12452d0dc4b63e5a3a026a139555b72f9c51e6e6aa
aws-java-sdk-braket-1.12.564.jar	META-INF/maven/com.amazonaws/aws-java-sdk-braket/pom.xml	3535	1037	48710faf	deflated	4acaade24f0faf8aec61bd989a036447b0635a772d5637041454b7f2349dc660
aws-java-sdk-budgets-1.12.564.jar	META-INF/MANIFEST.MF	130	108	08960c59	deflated	3361b4fae45527150983b918ea4f23f365809055f11e87101dc864076e083a81
aws-java-sdk-budgets-1.12.564.jar	META-INF/maven/com.amazonaws/aws-java-sdk-budgets/pom.properties	121	117	0f899e46	deflated	a8817fbbb58c5d6a5abcc1ab90b80571b9e9a0e38ca2384ea7f407d361d9d8df
aws-java-sdk-budgets-1.12.564.jar	META-INF/maven/com.amazonaws/aws-java-sdk-budgets/pom.xml	3552	1044	9f9b6c51	deflated	8a4e34416e0725539c0ed3c8f0af6243e6752799f9db9bbab959ee1c85f022dc
aws-java-sdk-chime-1.12.564.jar	META-INF/MANIFEST.MF	130	108	08960c59	deflated	3361b4fae45527150983b918ea4f23f365809055f11e87101dc864076e083a81
aws-java-sdk-chime-1.12.564.jar	META-INF/maven/com.amazonaws/aws-java-sdk-chime/pom.properties	119	114	a6c0dcb8	deflated	23ba68a96e55edae8d0596d56eb96877c0a840c0bf33e20b338f655e65b4669c
aws-java-sdk-chime-1.12.564.jar	META-INF/maven/com.amazonaws/aws-java-sdk-chime/pom.xml	3551	1043	fc76f1ec	deflated	885b22b09951602b3320fabe14a11dd755933f63eed7b67f2edab71f5db64c3e
aws-java-sdk-chimesdkidentity-1.12.564.jar	META-INF/MANIFEST.MF	130	108	08960c59	deflated	3361b4fae45527150983b918ea4f23f365809055f11e87101dc864076e083a81
aws-java-sdk-chimesdkidentity-1.12.564.jar	META-INF/maven/com.amazonaws/aws-java-sdk-chimesdkidentity/pom.properties	130	123	6102a6a1	deflated	a526e9052979f5b5a710847c1f48fa1280008796353dba200a09038e616a32b0
aws-java-sdk-chimesdkidentity-1.12.564.jar	META-INF/maven/com.amazonaws/aws-java-sdk-chimesdkidentity/pom.xml	3612	1054	fc18636d	deflated	d12e0b7876386944b49541cb34801f8a2661cc6f7f52932f437ff0364d209111
aws-java-sdk-chimesdkmediapipelines-1.12.564.jar	META-INF/MANIFEST.MF	130	108	08960c59	deflated	3361b4fae45527150983b918ea4f23f365809055f11e87101dc864076e083a81
aws-java-sdk-chimesdkmediapipelines-1.12.564.jar	META-INF/maven/com.amazonaws/aws-java-sdk-chimesdkmediapipelines/pom.properties	136	126	11e1fc4f	deflated	520faa66e5cd0f4020f8ae915740c2afbfb6312cb0f4f7537fd7558f8d0b1db8
aws-java-sdk-chimesdkmediapipelines-1.12.564.jar	META-INF/maven/com.amazonaws/aws-java-sdk-chimesdkmediapipelines/pom.xml	3645	1065	35d78fb4	deflated	ece6f7540e70b7ccd99e1dd405b2b05e06ce995d6edfb6e6ea4ff6d3a2cbb6e8
aws-java-sdk-chimesdkmeetings-1.12.564.jar	META-INF/MANIFEST.MF	130	108	08960c59	deflated	3361b4fae45527150983b918ea4f23f365809055f11e87101dc864076e083a81
aws-java-sdk-chimesdkmeetings-1.12.564.jar	META-INF/maven/com.amazonaws/aws-java-sdk-chimesdkmeetings/pom.properties	130	122	db1626e6	deflated	c9b26f35da9bfc5f5f54e9dcd1e4d72669ac59675b404de542f1f3f3dacc87c6
aws-java-sdk-chimesdkmeetings-1.12.564.jar	META-INF/maven/com.amazonaws/aws-java-sdk-chimesdkmeetings/pom.xml	3612	1057	cbd1f8f9	deflated	b578a666d7866723a1564c283295a43292e03307b8a6b1eb16f9d56831da26f1
aws-java-sdk-chimesdkmessaging-1.12.564.jar	META-INF/MANIFEST.MF	130	108	08960c59	deflated	3361b4fae45527150983b918ea4f23f365809055f11e87101dc864076e083a81
aws-java-sdk-chimesdkmessaging-1.12.564.jar	META-INF/maven/com.amazonaws/aws-java-sdk-chimesdkmessaging/pom.properties	131	122	78b6fb20	deflated	392d50b8f052e1b5b667af1e24300d5aa21d83fc5c90dd8511919afa3b0fe6b6
aws-java-sdk-chimesdkmessaging-1.12.564.jar	META-INF/maven/com.amazonaws/aws-java-sdk-chimesdkmessaging/pom.xml	3617	1055	8db1c24a	deflated	ed2a30bb1bb44341ac2c1befd432b6c21038eb4431d246c635f3a57263a86f52
aws-java-sdk-chimesdkvoice-1.12.564.jar	META-INF/MANIFEST.MF	130	108	08960c59	deflated	3361b4fae45527150983b918ea4f23f365809055f11e87101dc864076e083a81
aws-java-sdk-chimesdkvoice-1.12.564.jar	META-INF/maven/com.amazonaws/aws-java-sdk-chimesdkvoice/pom.properties	127	120	412cdf0c	deflated	efc82ad36a0d10515d8a9b71244fb37d5b3e23ea558b1313841b4aac8c0e60ff
aws-java-sdk-chimesdkvoice-1.12.564.jar	META-INF/maven/com.amazonaws/aws-java-sdk-chimesdkvoice/pom.xml	3597	1052	2aa2b993	deflated	ec30f90456cf3238aa7138578bc27d4b9eb8d251c5e70489aafcd4bc653ebc5f
aws-java-sdk-cleanrooms-1.12.564.jar	META-INF/MANIFEST.MF	130	108	08960c59	deflated	3361b4fae45527150983b918ea4f23f365809055f11e87101dc864076e083a81
aws-java-sdk-cleanrooms-1.12.564.jar	META-INF/maven/com.amazonaws/aws-java-sdk-cleanrooms/pom.properties	124	118	3b885f01	deflated	d2752679a259cfc36f883f2fd96d8a34544463d51362a05f630140dec25805b8
aws-java-sdk-cleanrooms-1.12.564.jar	META-INF/maven/com.amazonaws/aws-java-sdk-cleanrooms/pom.xml	3570	1049	e05e4f97	deflated	482a467def19878f591fdb68e916562f269c467ac1ceb894c2a9ecf454b21901
aws-java-sdk-cloud9-1.12.564.jar	META-INF/MANIFEST.MF	130	108	08960c59	deflated	3361b4fae45527150983b918ea4f23f365809055f11e87101dc864076e083a81
aws-java-sdk-cloud9-1.12.564.jar	META-INF/maven/com.amazonaws/aws-java-sdk-cloud9/pom.properties	120	117	5a3c7384	deflated	b3db4db2e2dfdd56591ae93f03d3bbc3cae31620ef704632e12d79dda11ad9b2
aws-java-sdk-cloud9-1.12.564.jar	META-INF/maven/com.amazonaws/aws-java-sdk-cloud9/pom.xml	3547	1041	e74135b8	deflated	3de69279ac621a576335ce058dabdcb7797ccb0d2cb662908108e1b723e06a79
aws-java-sdk-cloudcontrolapi-1.12.564.jar	META-INF/MANIFEST.MF	130	108	08960c59	deflated	3361b4fae45527150983b918ea4f23f365809055f11e87101dc864076e083a81
aws-java-sdk-cloudcontrolapi-1.12.564.jar	META-INF/maven/com.amazonaws/aws-java-sdk-cloudcontrolapi/pom.properties	129	122	d38f2821	deflated	ee1257255ca9726424d89291a5dbaf30bf9a7ee82024d010061852f616910207
aws-java-sdk-cloudcontrolapi-1.12.564.jar	META-INF/maven/com.amazonaws/aws-java-sdk-cloudcontrolapi/pom.xml	3598	1055	ee59a958	deflated	f0d81d24c8a2875c7debae2f0567724cd334faac2f6f78ce72cd3652f89ec8b3
aws-java-sdk-clouddirectory-1.12.564.jar	META-INF/MANIFEST.MF	130	108	08960c59	deflated	3361b4fae45527150983b918ea4f23f365809055f11e87101dc864076e083a81
aws-java-sdk-clouddirectory-1.12.564.jar	META-INF/maven/com.amazonaws/aws-java-sdk-clouddirectory/pom.properties	128	122	12ff39bc	deflated	ee80a3c1adfb4a5821d7be88432eaca8688e469d5aebf8b00f46c3999a99c048
aws-java-sdk-clouddirectory-1.12.564.jar	META-INF/maven/com.amazonaws/aws-java-sdk-clouddirectory/pom.xml	3596	1048	48da5028	deflated	0565bcacc3f1c51d0b77c20a58681b3c29c76da5e46a6d6c57769e69f5043fb6
aws-java-sdk-cloudformation-1.12.564.jar	META-INF/MANIFEST.MF	130	108	08960c59	deflated	3361b4fae45527150983b918ea4f23f365809055f11e87101dc864076e083a81
aws-java-sdk-cloudformation-1.12.564.jar	META-INF/maven/com.amazonaws/aws-java-sdk-cloudformation/pom.properties	128	123	d421fd6c	deflated	84036a22bdfa19d00020ce01a50db934ba246365ad8617e4b1d708b85c46925f
aws-java-sdk-cloudformation-1.12.564.jar	META-INF/maven/com.amazonaws/aws-java-sdk-cloudformation/pom.xml	3587	1044	5cd03682	deflated	ec26dd32db7820446c1f0bfb14ffce5cc521f2cc55cdb3f295d41707741dd226
aws-java-sdk-cloudfront-1.12.564.jar	META-INF/MANIFEST.MF	130	108	08960c59	deflated	3361b4fae45527150983b918ea4f23f365809055f11e87101dc864076e083a81
aws-java-sdk-cloudfront-1.12.564.jar	META-INF/maven/com.amazonaws/aws-java-sdk-cloudfront/pom.properties	124	119	2711a8f6	deflated	d55edb70e6d57d43395c50040079dc990c37a7d89b0838052707755fafd633d5
aws-java-sdk-cloudfront-1.12.564.jar	META-INF/maven/com.amazonaws/aws-java-sdk-cloudfront/pom.xml	3576	1049	1a064941	deflated	3d4f4426e1fe7f87ce2bc7decd52e3695e4fbdfa67cfa82037a31bd3a190545d
aws-java-sdk-cloudhsm-1.12.564.jar	META-INF/MANIFEST.MF	130	108	08960c59	deflated	3361b4fae45527150983b918ea4f23f365809055f11e87101dc864076e083a81
aws-java-sdk-cloudhsm-1.12.564.jar	META-INF/maven/com.amazonaws/aws-java-sdk-cloudhsm/pom.properties	122	117	740da869	deflated	5f7b7c4ff6fa801a3e2376adeab6f260f32cd484123172bf4ae112296f7478a4
aws-java-sdk-cloudhsm-1.12.564.jar	META-INF/maven/com.amazonaws/aws-java-sdk-cloudhsm/pom.xml	3558	1046	63760647	deflated	dd54fec01d967e3c349c6c5cee7699f201ed89bdad17ae7e25fd6a44a899c0c7
aws-java-sdk-cloudhsmv2-1.12.564.jar	META-INF/MANIFEST.MF	130	108	08960c59	deflated	3361b4fae45527150983b918ea4f23f365809055f11e87101dc864076e083a81
aws-java-sdk-cloudhsmv2-1.12.564.jar	META-INF/maven/com.amazonaws/aws-java-sdk-cloudhsmv2/pom.properties	124	119	d75de5c1	deflated	4a3edfb68a3912146ea0c92f7e77975946d40a03865569f0ccf587a7e6f44a3e
aws-java-sdk-cloudhsmv2-1.12.564.jar	META-INF/maven/com.amazonaws/aws-java-sdk-cloudhsmv2/pom.xml	3570	1052	1199368a	deflated	ae40856b497c42b45f3924bfe3ba472bd4a70dc3065ec883949cc495db93b9ca
aws-java-sdk-cloudsearch-1.12.564.jar	META-INF/MANIFEST.MF	130	108	08960c59	deflated	3361b4fae45527150983b918ea4f23f365809055f11e87101dc864076e083a81
aws-java-sdk-cloudsearch-1.12.564.jar	META-INF/maven/com.amazonaws/aws-java-sdk-cloudsearch/pom.properties	125	119	bc6046dc	deflated	1c9fbd0b0414c6300acf739c56e4d2dd80c045e022182a3f8d4307578d6f831b
aws-java-sdk-cloudsearch-1.12.564.jar	META-INF/maven/com.amazonaws/aws-java-sdk-cloudsearch/pom.xml	3581	1050	37da17ea	deflated	1aa45c98c27ac63ccad012ff7ef4a17cd10e32bed3f3663528cd62127e8a6819
aws-java-sdk-cloudsearch-1.12.564.jar	com/amazonaws/services/cloudsearchdomain/request.handler2s	60	59	c69fa415	deflated	04df411ef651594998b4620a1c05b66060ce0bcb1fbec0f27ec9fd7f489297f7
aws-java-sdk-cloudtrail-1.12.564.jar	META-INF/MANIFEST.MF	130	108	08960c59	deflated	3361b4fae45527150983b918ea4f23f365809055f11e87101dc864076e083a81
aws-java-sdk-cloudtrail-1.12.564.jar	META-INF/maven/com.amazonaws/aws-java-sdk-cloudtrail/pom.properties	124	119	9e1c696a	deflated	2d8f341276d4c173d2fb101bc102ef9323b54cb5a8142f5bd40c99d4e0c666f1
aws-java-sdk-cloudtrail-1.12.564.jar	META-INF/maven/com.amazonaws/aws-java-sdk-cloudtrail/pom.xml	3567	1047	a596a597	deflated	25ee309a70a3bc9bec2eb90a46f2e1a4026228081b62f4413b6ebcec7fba6261
aws-java-sdk-cloudtraildata-1.12.564.jar	META-INF/MANIFEST.MF	130	108	08960c59	deflated	3361b4fae45527150983b918ea4f23f365809055f11e87101dc864076e083a81
aws-java-sdk-cloudtraildata-1.12.564.jar	META-INF/maven/com.amazonaws/aws-java-sdk-cloudtraildata/pom.properties	128	121	5b9ce2bb	deflated	1e88ab4caa7af8954fedbd7309960f6842c0ecfe60067be3794401162dc14e10
aws-java-sdk-cloudtraildata-1.12.564.jar	META-INF/maven/com.amazonaws/aws-java-sdk-cloudtraildata/pom.xml	3590	1053	d72f9cc0	deflated	b05d74f80ac5a028b223f483fe41cf6ce95f8a2f1f4b2b4d68bbac455ce31639
aws-java-sdk-cloudwatch-1.12.564.jar	META-INF/MANIFEST.MF	130	108	08960c59	deflated	3361b4fae45527150983b918ea4f23f365809055f11e87101dc864076e083a81
aws-java-sdk-cloudwatch-1.12.564.jar	META-INF/maven/com.amazonaws/aws-java-sdk-cloudwatch/pom.properties	124	119	7af94ce3	deflated	11a2fa5b6c94c79f4448d31c70ce71e061138245d5a9493068b52c9a0638bbab
aws-java-sdk-cloudwatch-1.12.564.jar	META-INF/maven/com.amazonaws/aws-java-sdk-cloudwatch/pom.xml	3576	1050	4ef2d4f9	deflated	55c997d937a4c2b42f3d1a3973d47c69d56983c308e6b24670b815d25480006b
aws-java-sdk-cloudwatchevidently-1.12.564.jar	META-INF/MANIFEST.MF	130	108	08960c59	deflated	3361b4fae45527150983b918ea4f23f365809055f11e87101dc864076e083a81
aws-java-sdk-cloudwatchevidently-1.12.564.jar	META-INF/maven/com.amazonaws/aws-java-sdk-cloudwatchevidently/pom.properties	133	125	f493efee	deflated	62fce4a0112a20e8ea0fe612b249cbbd3ab6eed1a12cb0fdb465f5f7154a6f26
aws-java-sdk-cloudwatchevidently-1.12.564.jar	META-INF/maven/com.amazonaws/aws-java-sdk-cloudwatchevidently/pom.xml	3624	1057	e859f3ac	deflated	0e7c11a76967e33983a4f35d004e90f7a0e254147dbd340706fc8a40a90684bc
aws-java-sdk-cloudwatchmetrics-1.12.564.jar	META-INF/MANIFEST.MF	130	108	08960c59	deflated	3361b4fae45527150983b918ea4f23f365809055f11e87101dc864076e083a81
aws-java-sdk-cloudwatchmetrics-1.12.564.jar	META-INF/maven/com.amazonaws/aws-java-sdk-cloudwatchmetrics/pom.properties	131	123	3eb8dc08	deflated	ae62ffc8df6d47fb62d9a7a3e9e6db6316aca245a4d736012463cfc9f36b904b
aws-java-sdk-cloudwatchmetrics-1.12.564.jar	META-INF/maven/com.amazonaws/aws-java-sdk-cloudwatchmetrics/pom.xml	3603	1041	8c9e2e3f	deflated	25ef76d354d7b1d1081556b01e861019e13fab75e0088e01c91cdf21ff013aa8
aws-java-sdk-cloudwatchrum-1.12.564.jar	META-INF/MANIFEST.MF	130	108	08960c59	deflated	3361b4fae45527150983b918ea4f23f365809055f11e87101dc864076e083a81
aws-java-sdk-cloudwatchrum-1.12.564.jar	META-INF/maven/com.amazonaws/aws-java-sdk-cloudwatchrum/pom.properties	127	120	fc4fd2ab	deflated	10eba3eccd4c5d832d26169aa22b806b362bf6c7e5563499d7cf4f5a00fca7f0
aws-java-sdk-cloudwatchrum-1.12.564.jar	META-INF/maven/com.amazonaws/aws-java-sdk-cloudwatchrum/pom.xml	3573	1053	bd6c6b86	deflated	00e20f7e26d86b82d335c1edd20a821cf509723fd2b0e4e67374ca28cf98bb73
aws-java-sdk-codeartifact-1.12.564.jar	META-INF/MANIFEST.MF	130	108	08960c59	deflated	3361b4fae45527150983b918ea4f23f365809055f11e87101dc864076e083a81
aws-java-sdk-codeartifact-1.12.564.jar	META-INF/maven/com.amazonaws/aws-java-sdk-codeartifact/pom.properties	126	118	b32782eb	deflated	c41d34c38a8643053441a09c98b61b7b22c238834f1556d442de2eddb0afacf9
aws-java-sdk-codeartifact-1.12.564.jar	META-INF/maven/com.amazonaws/aws-java-sdk-codeartifact/pom.xml	3565	1043	40f3caa2	deflated	cf3659a644426b21570042730f73ba8af8d5b57c1bcdba0bde95e68ad8ab5d96
aws-java-sdk-codebuild-1.12.564.jar	META-INF/MANIFEST.MF	130	108	08960c59	deflated	3361b4fae45527150983b918ea4f23f365809055f11e87101dc864076e083a81
aws-java-sdk-codebuild-1.12.564.jar	META-INF/maven/com.amazonaws/aws-java-sdk-codebuild/pom.properties	123	119	7f3abc74	deflated	da682ff920ad08ba30460de689e73456b055ce6fcc16989a60174c957801da30
aws-java-sdk-codebuild-1.12.564.jar	META-INF/maven/com.amazonaws/aws-java-sdk-codebuild/pom.xml	3558	1041	ee0dfff8	deflated	ed62e75ecdfb52999d8d3b8bc3f026c68f89a29ad2a2ede89a22cbc8bbec4711
aws-java-sdk-codecommit-1.12.564.jar	META-INF/MANIFEST.MF	130	108	08960c59	deflated	3361b4fae45527150983b918ea4f23f365809055f11e87101dc864076e083a81
aws-java-sdk-codecommit-1.12.564.jar	META-INF/maven/com.amazonaws/aws-java-sdk-codecommit/pom.properties	124	118	fc92e39d	deflated	e1963772c45cac63300e625485153e27904333efb0012f65dbefe248984da0f1
aws-java-sdk-codecommit-1.12.564.jar	META-INF/maven/com.amazonaws/aws-java-sdk-codecommit/pom.xml	3559	1038	e3387714	deflated	7e68b8df3e6d4b116784c0be83f893ba716f77b6df3a2aa1aba0fb80ef18d15c
aws-java-sdk-codedeploy-1.12.564.jar	META-INF/MANIFEST.MF	130	108	08960c59	deflated	3361b4fae45527150983b918ea4f23f365809055f11e87101dc864076e083a81
aws-java-sdk-codedeploy-1.12.564.jar	META-INF/maven/com.amazonaws/aws-java-sdk-codedeploy/pom.properties	124	119	99d9533f	deflated	2e77d99ef2b34025dc4d7380095e9a02052b90729c2790532734e6bb7a81d07f
aws-java-sdk-codedeploy-1.12.564.jar	META-INF/maven/com.amazonaws/aws-java-sdk-codedeploy/pom.xml	3567	1046	3bf24ed6	deflated	34a98874ef03c2d097992ec0cdc3a50d5e420ad1d8d23ffb3fadbe8314a7f959
aws-java-sdk-codeguruprofiler-1.12.564.jar	META-INF/MANIFEST.MF	130	108	08960c59	deflated	3361b4fae45527150983b918ea4f23f365809055f11e87101dc864076e083a81
aws-java-sdk-codeguruprofiler-1.12.564.jar	META-INF/maven/com.amazonaws/aws-java-sdk-codeguruprofiler/pom.properties	130	123	9b9d5902	deflated	e5d0be3e8db654192236d815fee544449ef1d88693944c4c59e781fd75e6a433
aws-java-sdk-codeguruprofiler-1.12.564.jar	META-INF/maven/com.amazonaws/aws-java-sdk-codeguruprofiler/pom.xml	3609	1053	795a3148	deflated	8f0b479966675693e0416bf2997bf38c1ccb5d377183f0e5dc9d2d8d13cffc9b
aws-java-sdk-codegurureviewer-1.12.564.jar	META-INF/MANIFEST.MF	130	108	08960c59	deflated	3361b4fae45527150983b918ea4f23f365809055f11e87101dc864076e083a81
aws-java-sdk-codegurureviewer-1.12.564.jar	META-INF/maven/com.amazonaws/aws-java-sdk-codegurureviewer/pom.properties	130	122	8114fe9e	deflated	cfac51f603abd42f4a70233c1eaccbba4a720b730a8fccae3b2c6bb96aaca079
aws-java-sdk-codegurureviewer-1.12.564.jar	META-INF/maven/com.amazonaws/aws-java-sdk-codegurureviewer/pom.xml	3609	1057	51e0aaf7	deflated	3d96a3e061ee9d0ef02b75dd1a4406dcc73e0a51896dfa033df5543364af906e
aws-java-sdk-codegurusecurity-1.12.564.jar	META-INF/MANIFEST.MF	130	108	08960c59	deflated	3361b4fae45527150983b918ea4f23f365809055f11e87101dc864076e083a81
aws-java-sdk-codegurusecurity-1.12.564.jar	META-INF/maven/com.amazonaws/aws-java-sdk-codegurusecurity/pom.properties	130	124	5aa83339	deflated	dd148689fb32300e5597636301f582baac14d250a431f48ef46f13a5f58fdb2b
aws-java-sdk-codegurusecurity-1.12.564.jar	META-INF/maven/com.amazonaws/aws-java-sdk-codegurusecurity/pom.xml	3609	1056	fd44e2aa	deflated	84c5e01b310169eef65a722582726961a28103e749a7afee0c1000393b39b49f
aws-java-sdk-codepipeline-1.12.564.jar	META-INF/MANIFEST.MF	130	108	08960c59	deflated	3361b4fae45527150983b918ea4f23f365809055f11e87101dc864076e083a81
aws-java-sdk-codepipeline-1.12.564.jar	META-INF/maven/com.amazonaws/aws-java-sdk-codepipeline/pom.properties	126	120	47737deb	deflated	1b86d560ba6da305a7ed8d76b2113939965192805025edbf6f1bc8f6b9c9e2e9
aws-java-sdk-codepipeline-1.12.564.jar	META-INF/maven/com.amazonaws/aws-java-sdk-codepipeline/pom.xml	3569	1043	4b5e0bde	deflated	5d03116814c95eae91da9da1fd5f2a369dd1171302d7a9baf81eb944d07324df
aws-java-sdk-codestar-1.12.564.jar	META-INF/MANIFEST.MF	130	108	08960c59	deflated	3361b4fae45527150983b918ea4f23f365809055f11e87101dc864076e083a81
aws-java-sdk-codestar-1.12.564.jar	META-INF/maven/com.amazonaws/aws-java-sdk-codestar/pom.properties	122	117	b5147079	deflated	f09b6a889a66f5e097b83e630b1651d000e1c99830b78a3e4e250c377f90cf03
aws-java-sdk-codestar-1.12.564.jar	META-INF/maven/com.amazonaws/aws-java-sdk-codestar/pom.xml	3557	1043	7fb240f1	deflated	cd2615e4d52105be9febda9def8d7d49b7c7488fc3d92c72f5b8adc241059e44
aws-java-sdk-codestarconnections-1.12.564.jar	META-INF/MANIFEST.MF	130	108	08960c59	deflated	3361b4fae45527150983b918ea4f23f365809055f11e87101dc864076e083a81
aws-java-sdk-codestarconnections-1.12.564.jar	META-INF/maven/com.amazonaws/aws-java-sdk-codestarconnections/pom.properties	133	125	38ec3efa	deflated	b019f55e81d5a384320ca0ffbca2a8388ec7af21f4634ba08f0b157496ce2d91
aws-java-sdk-codestarconnections-1.12.564.jar	META-INF/maven/com.amazonaws/aws-java-sdk-codestarconnections/pom.xml	3615	1053	59a0f0ce	deflated	3b14cf363294c037dc53258aeea3a9e38abea6dc8271ebae0218eb5cf54a8ea8
aws-java-sdk-codestarnotifications-1.12.564.jar	META-INF/MANIFEST.MF	130	108	08960c59	deflated	3361b4fae45527150983b918ea4f23f365809055f11e87101dc864076e083a81
aws-java-sdk-codestarnotifications-1.12.564.jar	META-INF/maven/com.amazonaws/aws-java-sdk-codestarnotifications/pom.properties	135	125	e1e7187b	deflated	f8f480713a1f4a4b33f8ebefb428951ae4264af8491e5b9b84023a798c19d211
aws-java-sdk-codestarnotifications-1.12.564.jar	META-INF/maven/com.amazonaws/aws-java-sdk-codestarnotifications/pom.xml	3625	1052	4ce96f3f	deflated	310cd11755b23de7e28a6dadddea5175e91547c1820363b773cce9034be6409c
aws-java-sdk-cognitoidentity-1.12.564.jar	META-INF/MANIFEST.MF	130	108	08960c59	deflated	3361b4fae45527150983b918ea4f23f365809055f11e87101dc864076e083a81
aws-java-sdk-cognitoidentity-1.12.564.jar	META-INF/maven/com.amazonaws/aws-java-sdk-cognitoidentity/pom.properties	129	121	972627c8	deflated	4ea7cc22791e81eaac72a929cb822e10b5705f07cc67de43e354f9cb98a079a4
aws-java-sdk-cognitoidentity-1.12.564.jar	META-INF/maven/com.amazonaws/aws-java-sdk-cognitoidentity/pom.xml	3604	1051	93c575c5	deflated	bdbba08f53587b62318af0eccf3d8d5fe096380dd16cb122619815a3378a73dd
aws-java-sdk-cognitoidp-1.12.564.jar	META-INF/MANIFEST.MF	130	108	08960c59	deflated	3361b4fae45527150983b918ea4f23f365809055f11e87101dc864076e083a81
aws-java-sdk-cognitoidp-1.12.564.jar	META-INF/maven/com.amazonaws/aws-java-sdk-cognitoidp/pom.properties	124	120	4accdd25	deflated	cbac08477c1e9e765c3f7c7accaddf08d645e29bd36b8fb7e327afc5a100d5ef
aws-java-sdk-cognitoidp-1.12.564.jar	META-INF/maven/com.amazonaws/aws-java-sdk-cognitoidp/pom.xml	3638	1061	489d4902	deflated	2310cd8d82807155244daa7e2e23eedc6fbfb7d0d3c77a04de6958ca73d2dff5
aws-java-sdk-cognitosync-1.12.564.jar	META-INF/MANIFEST.MF	130	108	08960c59	deflated	3361b4fae45527150983b918ea4f23f365809055f11e87101dc864076e083a81
aws-java-sdk-cognitosync-1.12.564.jar	META-INF/maven/com.amazonaws/aws-java-sdk-cognitosync/pom.properties	125	119	2630bb3e	deflated	a962b3be21b518e30bf3d4d9832a76cb7c8b3d13de7542312683e629d1de4f7f
aws-java-sdk-cognitosync-1.12.564.jar	META-INF/maven/com.amazonaws/aws-java-sdk-cognitosync/pom.xml	3584	1050	152e7a8a	deflated	dcfa257803761422186d1bab8cdccad63017595dc9549aaa7299fec49f547fc8
aws-java-sdk-comprehend-1.12.564.jar	META-INF/MANIFEST.MF	130	108	08960c59	deflated	3361b4fae45527150983b918ea4f23f365809055f11e87101dc864076e083a81
aws-java-sdk-comprehend-1.12.564.jar	META-INF/maven/com.amazonaws/aws-java-sdk-comprehend/pom.properties	124	119	adb88f82	deflated	eaba84f03588fe2077a6ab199c80a24f4a4ddbb32b0675a8e2265d4d553f33b3
aws-java-sdk-comprehend-1.12.564.jar	META-INF/maven/com.amazonaws/aws-java-sdk-comprehend/pom.xml	3576	1044	8eb0d29f	deflated	0914fec931a77cca610c8eee2f206bec003b29b04e0b671a2002b9eb64254c48
aws-java-sdk-comprehendmedical-1.12.564.jar	META-INF/MANIFEST.MF	130	108	08960c59	deflated	3361b4fae45527150983b918ea4f23f365809055f11e87101dc864076e083a81
aws-java-sdk-comprehendmedical-1.12.564.jar	META-INF/maven/com.amazonaws/aws-java-sdk-comprehendmedical/pom.properties	131	124	35707265	deflated	8d273c66d68ae8cc742e0e5fff85217ef732285850781c8e4024a132b7443fdf
aws-java-sdk-comprehendmedical-1.12.564.jar	META-INF/maven/com.amazonaws/aws-java-sdk-comprehendmedical/pom.xml	3605	1050	5a0ba729	deflated	84a2b9107b6e4ac2bc168c469779e29f9a6e371caebceefdfae66d6ee5b0ba29
aws-java-sdk-computeoptimizer-1.12.564.jar	META-INF/MANIFEST.MF	130	108	08960c59	deflated	3361b4fae45527150983b918ea4f23f365809055f11e87101dc864076e083a81
aws-java-sdk-computeoptimizer-1.12.564.jar	META-INF/maven/com.amazonaws/aws-java-sdk-computeoptimizer/pom.properties	130	123	f17d9bac	deflated	2ec02b28ab1e798a6277d0c9219172f728a5ed3d6fa23f6fd5397122dd9a3790
aws-java-sdk-computeoptimizer-1.12.564.jar	META-INF/maven/com.amazonaws/aws-java-sdk-computeoptimizer/pom.xml	3600	1049	9b6fce75	deflated	40850a8aabfa273a6d63744ea885683cd5e51ea590af8a37f141ce98bcc18239
aws-java-sdk-config-1.12.564.jar	META-INF/MANIFEST.MF	130	108	08960c59	deflated	3361b4fae45527150983b918ea4f23f365809055f11e87101dc864076e083a81
aws-java-sdk-config-1.12.564.jar	META-INF/maven/com.amazonaws/aws-java-sdk-config/pom.properties	120	117	4ac0d40c	deflated	16b27bef369ae8745d2da254141d9f839ffde737b2d8dc8695ec06d6905085f4
aws-java-sdk-config-1.12.564.jar	META-INF/maven/com.amazonaws/aws-java-sdk-config/pom.xml	3547	1039	31559413	deflated	ea5eb92c0ed12f57bdfdd08fd9bd071f5dfb2bd8bf2797f24cbee7f15f48848f
aws-java-sdk-connect-1.12.564.jar	META-INF/MANIFEST.MF	130	108	08960c59	deflated	3361b4fae45527150983b918ea4f23f365809055f11e87101dc864076e083a81
aws-java-sdk-connect-1.12.564.jar	META-INF/maven/com.amazonaws/aws-java-sdk-connect/pom.properties	121	117	9e16164e	deflated	d6a4e7dbe2f9d06c70561dc161197de92800d1421e2ffbf354d9111937e29b15
aws-java-sdk-connect-1.12.564.jar	META-INF/maven/com.amazonaws/aws-java-sdk-connect/pom.xml	3561	1042	96158c36	deflated	79e0e8c5e6516815fd8e2d82130f10bbdbd689d3dd38f0ba8909e3cf6f12e731
aws-java-sdk-connectcampaign-1.12.564.jar	META-INF/MANIFEST.MF	130	108	08960c59	deflated	3361b4fae45527150983b918ea4f23f365809055f11e87101dc864076e083a81
aws-java-sdk-connectcampaign-1.12.564.jar	META-INF/maven/com.amazonaws/aws-java-sdk-connectcampaign/pom.properties	129	121	995dc1c8	deflated	0ab68941f7205ff34018f377ddac71bc8c0acae35ea1a83797304dcf9b10e737
aws-java-sdk-connectcampaign-1.12.564.jar	META-INF/maven/com.amazonaws/aws-java-sdk-connectcampaign/pom.xml	3598	1051	2368390d	deflated	3ccadeffc7b8578afbec99df001475ba832774cbfd4e3b8febf402e0f7584138
aws-java-sdk-connectcases-1.12.564.jar	META-INF/MANIFEST.MF	130	108	08960c59	deflated	3361b4fae45527150983b918ea4f23f365809055f11e87101dc864076e083a81
aws-java-sdk-connectcases-1.12.564.jar	META-INF/maven/com.amazonaws/aws-java-sdk-connectcases/pom.properties	126	119	8719e77b	deflated	ca5f5bb4b229b9658b5b6ba90ebf7b06206e9c3d976cb4b26af7a2daf58559c0
aws-java-sdk-connectcases-1.12.564.jar	META-INF/maven/com.amazonaws/aws-java-sdk-connectcases/pom.xml	3589	1051	6e33749c	deflated	d90399afec5b8ff6070d2d8cc2958ce847221ec7799753f4ac0cf6dc57fc02a4
aws-java-sdk-connectcontactlens-1.12.564.jar	META-INF/MANIFEST.MF	130	108	08960c59	deflated	3361b4fae45527150983b918ea4f23f365809055f11e87101dc864076e083a81
aws-java-sdk-connectcontactlens-1.12.564.jar	META-INF/maven/com.amazonaws/aws-java-sdk-connectcontactlens/pom.properties	132	123	052b6807	deflated	fff2cf6f1e0ff1569bf842bcbff8bada47f7871d9309a7bdd3a1cf8039a05e6d
aws-java-sdk-connectcontactlens-1.12.564.jar	META-INF/maven/com.amazonaws/aws-java-sdk-connectcontactlens/pom.xml	3622	1059	0f62bd97	deflated	d547394c7970e29f8da8e23b73222957587f07daa2cc331ac1eb78c473640e6e
aws-java-sdk-connectparticipant-1.12.564.jar	META-INF/MANIFEST.MF	130	108	08960c59	deflated	3361b4fae45527150983b918ea4f23f365809055f11e87101dc864076e083a81
aws-java-sdk-connectparticipant-1.12.564.jar	META-INF/maven/com.amazonaws/aws-java-sdk-connectparticipant/pom.properties	132	122	e060d363	deflated	fba73d14da1efa0940d29c31aa9f3e35d6862d7f9ff23e00330b34ec6994ed6b
aws-java-sdk-connectparticipant-1.12.564.jar	META-INF/maven/com.amazonaws/aws-java-sdk-connectparticipant/pom.xml	3619	1054	98594809	deflated	8b01a023961adcb5f200924c8da14d289bb367f62d76d8594b0d817c5b72d051
aws-java-sdk-connectwisdom-1.12.564.jar	META-INF/MANIFEST.MF	130	108	08960c59	deflated	3361b4fae45527150983b918ea4f23f365809055f11e87101dc864076e083a81
aws-java-sdk-connectwisdom-1.12.564.jar	META-INF/maven/com.amazonaws/aws-java-sdk-connectwisdom/pom.properties	127	120	4a90872a	deflated	ba38554b7d26862da560123ba649f112e10fb59a1e6a938359abb86ab6bcdab2
aws-java-sdk-connectwisdom-1.12.564.jar	META-INF/maven/com.amazonaws/aws-java-sdk-connectwisdom/pom.xml	3594	1049	c526bf85	deflated	ab20080ee7f99b62ddfad72c9681197edab2b46b0fbe53ae70720cfb039c084a
aws-java-sdk-controltower-1.12.564.jar	META-INF/MANIFEST.MF	130	108	08960c59	deflated	3361b4fae45527150983b918ea4f23f365809055f11e87101dc864076e083a81
aws-java-sdk-controltower-1.12.564.jar	META-INF/maven/com.amazonaws/aws-java-sdk-controltower/pom.properties	126	120	82c2c12a	deflated	4546bfb286231c041cfb7bfda1444e69b000418855f7b9bac6c7d4d50c18602f
aws-java-sdk-controltower-1.12.564.jar	META-INF/maven/com.amazonaws/aws-java-sdk-controltower/pom.xml	3580	1047	ecefbaf9	deflated	b11f54ef11a8def2a1f6f7799c659bd0b64c4bc21fe4ecc90ce6a42157432097
aws-java-sdk-core-1.12.564.jar	META-INF/MANIFEST.MF	130	108	08960c59	deflated	3361b4fae45527150983b918ea4f23f365809055f11e87101dc864076e083a81
aws-java-sdk-core-1.12.564.jar	META-INF/maven/com.amazonaws/aws-java-sdk-core/pom.properties	118	116	da6792f7	deflated	dbf7d4e0e34f4cdfaefd4eb7814edc69f2d31552cdaea4662caaf8c104c3d80f
aws-java-sdk-core-1.12.564.jar	META-INF/maven/com.amazonaws/aws-java-sdk-core/pom.xml	4500	1017	d9865b6f	deflated	aa7cf34b4a74b333984e38c33780a50c9e4f3e013de04c4124975f17034ca0e0
aws-java-sdk-core-1.12.564.jar	com/amazonaws/internal/config/awssdk_config_default.json	4277	978	c95d57a0	deflated	3245110e6f298af494512a0c6b525f22187535e15eef0ae06689e7cb0c38b48d
aws-java-sdk-core-1.12.564.jar	com/amazonaws/partitions/endpoints.json	784271	32567	5d7d8d6a	deflated	131c7715eaff278149795e3e09d0a2ee9177d1c794a40b9e6f969bb72e897601
aws-java-sdk-core-1.12.564.jar	com/amazonaws/sdk/versionInfo.properties	88	85	be93a17e	deflated	bf639d04246d1fc7e5eef5332b59014d0c11dc1ae33ca2631c2d7fece8ba25a1
aws-java-sdk-costandusagereport-1.12.564.jar	META-INF/MANIFEST.MF	130	108	08960c59	deflated	3361b4fae45527150983b918ea4f23f365809055f11e87101dc864076e083a81
aws-java-sdk-costandusagereport-1.12.564.jar	META-INF/maven/com.amazonaws/aws-java-sdk-costandusagereport/pom.properties	132	124	6b0fd79e	deflated	5772df0ec692ee5f08dc8e3d4b31ed18650f057fe50f62ca179e9e685b674531
aws-java-sdk-costandusagereport-1.12.564.jar	META-INF/maven/com.amazonaws/aws-java-sdk-costandusagereport/pom.xml	3617	1055	199e8495	deflated	928336159363c47da8f869ed51efb8252d3e2f735065e91da7b145194949a74a
aws-java-sdk-costexplorer-1.12.564.jar	META-INF/MANIFEST.MF	130	108	08960c59	deflated	3361b4fae45527150983b918ea4f23f365809055f11e87101dc864076e083a81
aws-java-sdk-costexplorer-1.12.564.jar	META-INF/maven/com.amazonaws/aws-java-sdk-costexplorer/pom.properties	126	121	c4b8d8b5	deflated	01ea00dd333b74dabcd8278550bd70a51d4aebc1cde71ad38ddeed22781f8bb9
aws-java-sdk-costexplorer-1.12.564.jar	META-INF/maven/com.amazonaws/aws-java-sdk-costexplorer/pom.xml	3580	1048	62bd51bc	deflated	cdb4c810decb4aca38fb8707c321f76e7b0909b6500a29504728447c6571f086
aws-java-sdk-customerprofiles-1.12.564.jar	META-INF/MANIFEST.MF	130	108	08960c59	deflated	3361b4fae45527150983b918ea4f23f365809055f11e87101dc864076e083a81
aws-java-sdk-customerprofiles-1.12.564.jar	META-INF/maven/com.amazonaws/aws-java-sdk-customerprofiles/pom.properties	130	122	a910721b	deflated	888f6caddc6258ac7208dd1265d2e910e0cca08c32ef23853d0a870297dc4fb8
aws-java-sdk-customerprofiles-1.12.564.jar	META-INF/maven/com.amazonaws/aws-java-sdk-customerprofiles/pom.xml	3633	1058	159baf95	deflated	908d3dff942d3d056f60d982468d7aca5180088b587c76b4f7eac8662a6a40b8
aws-java-sdk-dataexchange-1.12.564.jar	META-INF/MANIFEST.MF	130	108	08960c59	deflated	3361b4fae45527150983b918ea4f23f365809055f11e87101dc864076e083a81
aws-java-sdk-dataexchange-1.12.564.jar	META-INF/maven/com.amazonaws/aws-java-sdk-dataexchange/pom.properties	126	119	a3e432db	deflated	637cdd7d735936ad2bb1903eaa796194c50aad1a671c32686a9b2ae1c05e1993
aws-java-sdk-dataexchange-1.12.564.jar	META-INF/maven/com.amazonaws/aws-java-sdk-dataexchange/pom.xml	3580	1048	5cc3ca68	deflated	44a60e00b71be1f20211a7a527c010a2d89267d8c62af064e288ceb79b3c26d4
aws-java-sdk-datapipeline-1.12.564.jar	META-INF/MANIFEST.MF	130	108	08960c59	deflated	3361b4fae45527150983b918ea4f23f365809055f11e87101dc864076e083a81
aws-java-sdk-datapipeline-1.12.564.jar	META-INF/maven/com.amazonaws/aws-java-sdk-datapipeline/pom.properties	126	119	57ed5e70	deflated	a4d40d7db6c937257dbc526b57d3a54000da621d9b6237229d6b9db4e2510783
aws-java-sdk-datapipeline-1.12.564.jar	META-INF/maven/com.amazonaws/aws-java-sdk-datapipeline/pom.xml	3580	1050	486c6efe	deflated	f2f9501561a059e6c3532b788d2241414e90f109566e84e7798b61312e32b339
aws-java-sdk-datasync-1.12.564.jar	META-INF/MANIFEST.MF	130	108	08960c59	deflated	3361b4fae45527150983b918ea4f23f365809055f11e87101dc864076e083a81
aws-java-sdk-datasync-1.12.564.jar	META-INF/maven/com.amazonaws/aws-java-sdk-datasync/pom.properties	122	117	a2c376a9	deflated	edd6b57dec9c709b8209cda7d485222fdd36b5723dcd30e851bc82d645848fb8
aws-java-sdk-datasync-1.12.564.jar	META-INF/maven/com.amazonaws/aws-java-sdk-datasync/pom.xml	3557	1044	cc5f54b8	deflated	50da33dfe14493069c2eedc91cd804ef57ce366fcfc55f9515365c2349eaa1ee
aws-java-sdk-datazoneexternal-1.12.564.jar	META-INF/MANIFEST.MF	130	108	08960c59	deflated	3361b4fae45527150983b918ea4f23f365809055f11e87101dc864076e083a81
aws-java-sdk-datazoneexternal-1.12.564.jar	META-INF/maven/com.amazonaws/aws-java-sdk-datazoneexternal/pom.properties	130	123	b873d058	deflated	b9c7d6ebf254275388cb02367beca726812ae52bcebc0a9552be9c5cbbd68ccd
aws-java-sdk-datazoneexternal-1.12.564.jar	META-INF/maven/com.amazonaws/aws-java-sdk-datazoneexternal/pom.xml	3582	1054	cd056794	deflated	0cef00d5466c7aafe2b11d72998f98e5eea9b2c5c3c20dba46a55bc9772d5386
aws-java-sdk-dax-1.12.564.jar	META-INF/MANIFEST.MF	130	108	08960c59	deflated	3361b4fae45527150983b918ea4f23f365809055f11e87101dc864076e083a81
aws-java-sdk-dax-1.12.564.jar	META-INF/maven/com.amazonaws/aws-java-sdk-dax/pom.properties	117	115	3b9363a0	deflated	be92f37d839e0b4d2d4bbacc67eb760c66acc9377670b0e6f8b4c321b9c9f2fd
aws-java-sdk-dax-1.12.564.jar	META-INF/maven/com.amazonaws/aws-java-sdk-dax/pom.xml	3610	1063	6e4ee5ad	deflated	4d95f0df52e3963c79b1029eb65358001b8e38b797a2e15d16efbdb31c6b1505
aws-java-sdk-detective-1.12.564.jar	META-INF/MANIFEST.MF	130	108	08960c59	deflated	3361b4fae45527150983b918ea4f23f365809055f11e87101dc864076e083a81
aws-java-sdk-detective-1.12.564.jar	META-INF/maven/com.amazonaws/aws-java-sdk-detective/pom.properties	123	117	0736e089	deflated	30b907f5da837a5cd43229eed5255fc5c482e013a37fc6ca018a5769d406ddd2
aws-java-sdk-detective-1.12.564.jar	META-INF/maven/com.amazonaws/aws-java-sdk-detective/pom.xml	3571	1044	d2488f7b	deflated	716e6739556fcfad04818e8509d716be160629bed0d2816c6642e07360ff3250
aws-java-sdk-devicefarm-1.12.564.jar	META-INF/MANIFEST.MF	130	108	08960c59	deflated	3361b4fae45527150983b918ea4f23f365809055f11e87101dc864076e083a81
aws-java-sdk-devicefarm-1.12.564.jar	META-INF/maven/com.amazonaws/aws-java-sdk-devicefarm/pom.properties	124	119	5cf2b521	deflated	3882eade2bae148a4241c01ad7d2e25ebc85484d37dbf6afa9f114bd94b650ff
aws-java-sdk-devicefarm-1.12.564.jar	META-INF/maven/com.amazonaws/aws-java-sdk-devicefarm/pom.xml	3562	1041	3073a7d8	deflated	a0140d4eb5ef17b70f9dcbaf1f8d5f602b7619df8d0b30c9c6a68c7824f64af7
aws-java-sdk-devopsguru-1.12.564.jar	META-INF/MANIFEST.MF	130	108	08960c59	deflated	3361b4fae45527150983b918ea4f23f365809055f11e87101dc864076e083a81
aws-java-sdk-devopsguru-1.12.564.jar	META-INF/maven/com.amazonaws/aws-java-sdk-devopsguru/pom.properties	124	119	f78c408e	deflated	cd3a98cf99c144f6afa71f4a96addce9dc748be6a4fe72bba141397b6f2c5238
aws-java-sdk-devopsguru-1.12.564.jar	META-INF/maven/com.amazonaws/aws-java-sdk-devopsguru/pom.xml	3579	1051	4eac3d04	deflated	11df9d96d07bc65dc9e03b8d8330379fe2ad867ec28ee13364fb2b3775d42385
aws-java-sdk-directconnect-1.12.564.jar	META-INF/MANIFEST.MF	130	108	08960c59	deflated	3361b4fae45527150983b918ea4f23f365809055f11e87101dc864076e083a81
aws-java-sdk-directconnect-1.12.564.jar	META-INF/maven/com.amazonaws/aws-java-sdk-directconnect/pom.properties	127	119	9e64b23b	deflated	9dfa58bb50bb96e8bf2c3f3488cf050b0960199bedcd8d904eae4bb136573292
aws-java-sdk-directconnect-1.12.564.jar	META-INF/maven/com.amazonaws/aws-java-sdk-directconnect/pom.xml	3585	1046	2b4090c9	deflated	46b66f5d08c220f106c44c80dce9335e433dab1bc081c029e8969277f6fb4e0c
aws-java-sdk-directory-1.12.564.jar	META-INF/MANIFEST.MF	130	108	08960c59	deflated	3361b4fae45527150983b918ea4f23f365809055f11e87101dc864076e083a81
aws-java-sdk-directory-1.12.564.jar	META-INF/maven/com.amazonaws/aws-java-sdk-directory/pom.properties	123	117	30a9b85f	deflated	a042b040487e0cb4eb404a1b9c981ec8d65cd52aeedb0010e892c036e9b2af42
aws-java-sdk-directory-1.12.564.jar	META-INF/maven/com.amazonaws/aws-java-sdk-directory/pom.xml	3577	1038	0f34e2d5	deflated	bb2fe4fd2d054a9d588009cffed0764029a604c3b6a20e37959e7f598dced4bd
aws-java-sdk-discovery-1.12.564.jar	META-INF/MANIFEST.MF	130	108	08960c59	deflated	3361b4fae45527150983b918ea4f23f365809055f11e87101dc864076e083a81
aws-java-sdk-discovery-1.12.564.jar	META-INF/maven/com.amazonaws/aws-java-sdk-discovery/pom.properties	123	120	dee378b1	deflated	e13c1b152c9f156c804ae7ee6433ac9cc2c6c207523d29a333684f63fd84ed01
aws-java-sdk-discovery-1.12.564.jar	META-INF/maven/com.amazonaws/aws-java-sdk-discovery/pom.xml	3615	1049	1715dce2	deflated	cdae961021655e430e0cb3194a5a0fae4d9ba87b080d5031bb4cb450af1a96f7
aws-java-sdk-dlm-1.12.564.jar	META-INF/MANIFEST.MF	130	108	08960c59	deflated	3361b4fae45527150983b918ea4f23f365809055f11e87101dc864076e083a81
aws-java-sdk-dlm-1.12.564.jar	META-INF/maven/com.amazonaws/aws-java-sdk-dlm/pom.properties	117	114	89da9021	deflated	cb907701e3a321ba94dd4a3586e74c5f4ef94cee7372e77ac558a2e74f6ae830
aws-java-sdk-dlm-1.12.564.jar	META-INF/maven/com.amazonaws/aws-java-sdk-dlm/pom.xml	3598	1053	b73f8cbd	deflated	6d8610528ec468c36c940c568dc90a65262465778a6cde4d52ff8f4fec5741cf
aws-java-sdk-dms-1.12.564.jar	META-INF/MANIFEST.MF	130	108	08960c59	deflated	3361b4fae45527150983b918ea4f23f365809055f11e87101dc864076e083a81
aws-java-sdk-dms-1.12.564.jar	META-INF/maven/com.amazonaws/aws-java-sdk-dms/pom.properties	117	114	9e5c7ed7	deflated	84f32516f1ac94d008c1be1e0c40bbcf17764538258a2c9f8777aa94144a4d75
aws-java-sdk-dms-1.12.564.jar	META-INF/maven/com.amazonaws/aws-java-sdk-dms/pom.xml	3594	1050	954f270a	deflated	96594b35107ddc0f948a46a80fbbb88ae9740d1e95b5710ab14dbf25ad0c9e22
aws-java-sdk-docdb-1.12.564.jar	META-INF/MANIFEST.MF	130	108	08960c59	deflated	3361b4fae45527150983b918ea4f23f365809055f11e87101dc864076e083a81
aws-java-sdk-docdb-1.12.564.jar	META-INF/maven/com.amazonaws/aws-java-sdk-docdb/pom.properties	119	115	a6e5855e	deflated	96b60d7cd296f9184cf2fde4400b6b984d5298f73e2fe8117f3540755893727d
aws-java-sdk-docdb-1.12.564.jar	META-INF/maven/com.amazonaws/aws-java-sdk-docdb/pom.xml	3647	1063	cdc3fb5a	deflated	cec33ca2bcc019ea7257613a86d457684cb57e2ad9b53ee6116e511a15f8956e
aws-java-sdk-docdb-1.12.564.jar	com/amazonaws/services/docdb/request.handler2s	123	79	dcbf77d7	deflated	03d37561d54efc8089af1011c6ffac6f9df2f0777d21cc8e0fa905886a8633a4
aws-java-sdk-docdbelastic-1.12.564.jar	META-INF/MANIFEST.MF	130	108	08960c59	deflated	3361b4fae45527150983b918ea4f23f365809055f11e87101dc864076e083a81
aws-java-sdk-docdbelastic-1.12.564.jar	META-INF/maven/com.amazonaws/aws-java-sdk-docdbelastic/pom.properties	126	120	c628f51e	deflated	60e684bb77e9b8d1e7de7b616745d70251122adb26cbc72b5bb696dd013d6c80
aws-java-sdk-docdbelastic-1.12.564.jar	META-INF/maven/com.amazonaws/aws-java-sdk-docdbelastic/pom.xml	3631	1063	5340348d	deflated	d64bf72edd4584c7cf70ff5754b43d11e38ba82feaef5532c412cc199adbb3a0
aws-java-sdk-drs-1.12.564.jar	META-INF/MANIFEST.MF	130	108	08960c59	deflated	3361b4fae45527150983b918ea4f23f365809055f11e87101dc864076e083a81
aws-java-sdk-drs-1.12.564.jar	META-INF/maven/com.amazonaws/aws-java-sdk-drs/pom.properties	117	114	e22bf71e	deflated	f8cced086d115dea51fcd0b579b85c4a6f21419bd390b4e45d4b794a4cf1b8bf
aws-java-sdk-drs-1.12.564.jar	META-INF/maven/com.amazonaws/aws-java-sdk-drs/pom.xml	3586	1054	82dc6a81	deflated	622c4d51c2089373e801f1b5b3f312caad5b7d838675aae5879a5954ecaa67fe
aws-java-sdk-dynamodb-1.12.564.jar	.gitkeep	86	73	ba173259	deflated	d2dc20368af87eb263cafc162e8da4cb35b5ba0378ab06c5058df0265950a022
aws-java-sdk-dynamodb-1.12.564.jar	META-INF/MANIFEST.MF	130	108	08960c59	deflated	3361b4fae45527150983b918ea4f23f365809055f11e87101dc864076e083a81
aws-java-sdk-dynamodb-1.12.564.jar	META-INF/maven/com.amazonaws/aws-java-sdk-dynamodb/pom.properties	122	117	cd5f0735	deflated	b2b408ba763af75d4bbf6501a18aaa36cd90b1b928ec066696981be1456c7b61
aws-java-sdk-dynamodb-1.12.564.jar	META-INF/maven/com.amazonaws/aws-java-sdk-dynamodb/pom.xml	4448	1113	a9ae73a8	deflated	d119e3b78913fbabbcae035561d5de91d660af90d57f0b4c0a5f8f7e14a238a9
aws-java-sdk-ebs-1.12.564.jar	META-INF/MANIFEST.MF	130	108	08960c59	deflated	3361b4fae45527150983b918ea4f23f365809055f11e87101dc864076e083a81
aws-java-sdk-ebs-1.12.564.jar	META-INF/maven/com.amazonaws/aws-java-sdk-ebs/pom.properties	117	115	4441072a	deflated	74dd50e59fb1d7d214616cf861ba74f4b4adee6c1ed399e739ecc5e31490cf19
aws-java-sdk-ebs-1.12.564.jar	META-INF/maven/com.amazonaws/aws-java-sdk-ebs/pom.xml	3589	1054	409973f1	deflated	cc80b0bf57e057d6107139975525034624ffa8c52e27238ff9e5180ab7bf1755
aws-java-sdk-ec2-1.11.22.jar	META-INF/MANIFEST.MF	132	110	2a6b988d	deflated	485690693e6ae9f500c7de878e6eba636e0a2f092e356af8c2aab0f48e09aea2
aws-java-sdk-ec2-1.11.22.jar	META-INF/maven/com.amazonaws/aws-java-sdk-ec2/pom.properties	116	114	e94a6aa5	deflated	b262433640efd67364bfdb4aa813fc6963396df38d4ad845e68c49fcd3c6faba
aws-java-sdk-ec2-1.11.22.jar	META-INF/maven/com.amazonaws/aws-java-sdk-ec2/pom.xml	3354	1014	7b53f8a9	deflated	b3b42b8a60d9c63becc3bac009b96e15a4073c9f59de23ef5e42822558e909a8
aws-java-sdk-ec2-1.11.22.jar	com/amazonaws/services/ec2/request.handler2s	148	93	ccd08ec2	deflated	8cd4e33714aa6658f1d9cc4900d2a59d93b84a87d5296f2fb4ea5ac4f11c1c64
aws-java-sdk-ec2-1.11.22.jar	com/amazonaws/services/ec2/request.handlers	61	63	95288faa	deflated	8a1ed417b774cd43caae539616daff27edac337ff88772ed9f1bee06027793d1
aws-java-sdk-ec2-1.11.22.jar	models/ec2-2016-04-01-intermediate.json	15575196	773086	07a77a06	deflated	03d59f9629de820e9eb6fb1f9a46d1abcab9b776034ae11c39e641382892a759
aws-java-sdk-ec2-1.11.22.jar	models/ec2-2016-04-01-model.json	856727	109158	8ffa171e	deflated	5ce0c773742bf362ab0b26d3d5ce059bcd5881c4a4140aeec412fb926b684c2c
aws-java-sdk-ec2instanceconnect-1.12.564.jar	META-INF/MANIFEST.MF	130	108	08960c59	deflated	3361b4fae45527150983b918ea4f23f365809055f11e87101dc864076e083a81
aws-java-sdk-ec2instanceconnect-1.12.564.jar	META-INF/maven/com.amazonaws/aws-java-sdk-ec2instanceconnect/pom.properties	132	122	b23c76fe	deflated	0073a70bf4f3bedcc1239c4813426f10b264f77ed7322606e831b7bedc8b822b
aws-java-sdk-ec2instanceconnect-1.12.564.jar	META-INF/maven/com.amazonaws/aws-java-sdk-ec2instanceconnect/pom.xml	3613	1053	bcbfa08c	deflated	ef9fb7e6b217ba6dc3f7ac0d963a5a6bd8fa31c3de8b80c1118a8f8414fce370
aws-java-sdk-ecr-1.12.564.jar	META-INF/MANIFEST.MF	130	108	08960c59	deflated	3361b4fae45527150983b918ea4f23f365809055f11e87101dc864076e083a81
aws-java-sdk-ecr-1.12.564.jar	META-INF/maven/com.amazonaws/aws-java-sdk-ecr/pom.properties	117	114	4e0d0138	deflated	ff45b5f64c85a29775a792fe1e6f4ea53bd6ccc777bee1f707839106415ac6f0
aws-java-sdk-ecr-1.12.564.jar	META-INF/maven/com.amazonaws/aws-java-sdk-ecr/pom.xml	3603	1051	3a4f2ad6	deflated	11b3c49d80c002391334bfcb83a8efecc41957fd3df618e8f80291adb04574e3
aws-java-sdk-ecrpublic-1.12.564.jar	META-INF/MANIFEST.MF	130	108	08960c59	deflated	3361b4fae45527150983b918ea4f23f365809055f11e87101dc864076e083a81
aws-java-sdk-ecrpublic-1.12.564.jar	META-INF/maven/com.amazonaws/aws-java-sdk-ecrpublic/pom.properties	123	119	28e88b7b	deflated	cbcc239341a94bd892ed79546edd5a809ff90d3d635ab7e75a029ad2a99978ae
aws-java-sdk-ecrpublic-1.12.564.jar	META-INF/maven/com.amazonaws/aws-java-sdk-ecrpublic/pom.xml	3643	1061	7337b908	deflated	fffa0b2b3ceee1368fc7c0d7ebca6de735e6934d395f2b158b824cbedbc99bcc
aws-java-sdk-ecs-1.12.564.jar	META-INF/MANIFEST.MF	130	108	08960c59	deflated	3361b4fae45527150983b918ea4f23f365809055f11e87101dc864076e083a81
aws-java-sdk-ecs-1.12.564.jar	META-INF/maven/com.amazonaws/aws-java-sdk-ecs/pom.properties	117	114	0a5ea47b	deflated	dc8a3cc00dbb16f4f666a08fd9118a29aa649073fdaea8e3365627935045ff06
aws-java-sdk-ecs-1.12.564.jar	META-INF/maven/com.amazonaws/aws-java-sdk-ecs/pom.xml	3592	1047	e476f978	deflated	6da04c1a23d6255f1c2d4865f39546661733474532d4ec171c2c881fab86dd55
aws-java-sdk-efs-1.12.564.jar	META-INF/MANIFEST.MF	130	108	08960c59	deflated	3361b4fae45527150983b918ea4f23f365809055f11e87101dc864076e083a81
aws-java-sdk-efs-1.12.564.jar	META-INF/maven/com.amazonaws/aws-java-sdk-efs/pom.properties	117	114	425cc452	deflated	2b309b71bed58b4c2a18189f3ef5e7563b5b65c7a827dbe4462e05cde8ce7e37
aws-java-sdk-efs-1.12.564.jar	META-INF/maven/com.amazonaws/aws-java-sdk-efs/pom.xml	3581	1047	9e73b05b	deflated	ed8d895e464aa37616e3a925fcab879931efbe575548bbdfae0531c4f6f398fd
aws-java-sdk-eks-1.12.564.jar	META-INF/MANIFEST.MF	130	108	08960c59	deflated	3361b4fae45527150983b918ea4f23f365809055f11e87101dc864076e083a81
aws-java-sdk-eks-1.12.564.jar	META-INF/maven/com.amazonaws/aws-java-sdk-eks/pom.properties	117	113	e1f77bc3	deflated	c755babcca8fa53d773e65fba5bca7fe7ee1034efa132955ef3e4165f38737dd
aws-java-sdk-eks-1.12.564.jar	META-INF/maven/com.amazonaws/aws-java-sdk-eks/pom.xml	3652	1064	2a1cb27f	deflated	23d452ffcc957d15887570978ff90aa20445bf38f51d89d3f4775e8b8308160d
aws-java-sdk-elasticache-1.12.564.jar	META-INF/MANIFEST.MF	130	108	08960c59	deflated	3361b4fae45527150983b918ea4f23f365809055f11e87101dc864076e083a81
aws-java-sdk-elasticache-1.12.564.jar	META-INF/maven/com.amazonaws/aws-java-sdk-elasticache/pom.properties	125	119	503d86bd	deflated	53e81389dae3782707832ba7fe939179f994be0bddf6924e34f00774437b59c5
aws-java-sdk-elasticache-1.12.564.jar	META-INF/maven/com.amazonaws/aws-java-sdk-elasticache/pom.xml	3581	1050	50622905	deflated	7e925edf9ea2b185a443c386a21ae072765dfca30bbe47a3f0ba0b8493a958f1
aws-java-sdk-elasticbeanstalk-1.12.564.jar	META-INF/MANIFEST.MF	130	108	08960c59	deflated	3361b4fae45527150983b918ea4f23f365809055f11e87101dc864076e083a81
aws-java-sdk-elasticbeanstalk-1.12.564.jar	META-INF/maven/com.amazonaws/aws-java-sdk-elasticbeanstalk/pom.properties	130	123	e9baa1b2	deflated	58f93d2d15546c4f1448e8c8f845a9adf2e9f78bde2c6d4f9faff3bc195ebc46
aws-java-sdk-elasticbeanstalk-1.12.564.jar	META-INF/maven/com.amazonaws/aws-java-sdk-elasticbeanstalk/pom.xml	3600	1050	e77ddc03	deflated	d56a72fb4c279438fe3be1d2238c7481412f3e9cf427a93d8db103ed7124706a
aws-java-sdk-elasticinference-1.12.564.jar	META-INF/MANIFEST.MF	130	108	08960c59	deflated	3361b4fae45527150983b918ea4f23f365809055f11e87101dc864076e083a81
aws-java-sdk-elasticinference-1.12.564.jar	META-INF/maven/com.amazonaws/aws-java-sdk-elasticinference/pom.properties	130	122	4da7ea78	deflated	0d31ee9b55cc229fd2677b20bb91ecd5e6cab431da091ee24089a6b700e62a9d
aws-java-sdk-elasticinference-1.12.564.jar	META-INF/maven/com.amazonaws/aws-java-sdk-elasticinference/pom.xml	3612	1053	0fc2f4fa	deflated	2dae387915511581831a40ce347a550ce2e5c445ecaeeb748f634a128efc45b8
aws-java-sdk-elasticloadbalancing-1.12.564.jar	META-INF/MANIFEST.MF	130	108	08960c59	deflated	3361b4fae45527150983b918ea4f23f365809055f11e87101dc864076e083a81
aws-java-sdk-elasticloadbalancing-1.12.564.jar	META-INF/maven/com.amazonaws/aws-java-sdk-elasticloadbalancing/pom.properties	134	124	929973bf	deflated	a3c748854ad49163e0b3a6a595500ffbfeba85a44b957095ac3b29c435b52061
aws-java-sdk-elasticloadbalancing-1.12.564.jar	META-INF/maven/com.amazonaws/aws-java-sdk-elasticloadbalancing/pom.xml	3636	1073	1ad60bf7	deflated	b47893fb0034cd5a89791783ffd6bc4717345bb2ae642f9c0480bcb884e63f5a
aws-java-sdk-elasticloadbalancingv2-1.12.564.jar	META-INF/MANIFEST.MF	130	108	08960c59	deflated	3361b4fae45527150983b918ea4f23f365809055f11e87101dc864076e083a81
aws-java-sdk-elasticloadbalancingv2-1.12.564.jar	META-INF/maven/com.amazonaws/aws-java-sdk-elasticloadbalancingv2/pom.properties	136	125	ad2e88c3	deflated	842851707a788d6be4f94865413e6fd0130dee2af79cf28a1826980b720a3916
aws-java-sdk-elasticloadbalancingv2-1.12.564.jar	META-INF/maven/com.amazonaws/aws-java-sdk-elasticloadbalancingv2/pom.xml	3640	1076	8bef89db	deflated	e52eb16791b16df305b32ac19ed0326b2035212b82febdefb3e186070b555a08
aws-java-sdk-elasticsearch-1.12.564.jar	META-INF/MANIFEST.MF	130	108	08960c59	deflated	3361b4fae45527150983b918ea4f23f365809055f11e87101dc864076e083a81
aws-java-sdk-elasticsearch-1.12.564.jar	META-INF/maven/com.amazonaws/aws-java-sdk-elasticsearch/pom.properties	127	120	f8428ecf	deflated	057c6852b666d8f9503dbad3e023946ddc7ef1823a68ad472772668011c84abc
aws-java-sdk-elasticsearch-1.12.564.jar	META-INF/maven/com.amazonaws/aws-java-sdk-elasticsearch/pom.xml	3607	1049	2f9e8a07	deflated	970c406864832a8c4470a4c70beecda1eccbe4644c1d761a5f04708527caffe4
aws-java-sdk-elastictranscoder-1.12.564.jar	META-INF/MANIFEST.MF	130	108	08960c59	deflated	3361b4fae45527150983b918ea4f23f365809055f11e87101dc864076e083a81
aws-java-sdk-elastictranscoder-1.12.564.jar	META-INF/maven/com.amazonaws/aws-java-sdk-elastictranscoder/pom.properties	131	122	2ae39b67	deflated	6a08f510610a186f42f8408369964b1727a3c9612bd60716a1f20c5e9e9e997f
aws-java-sdk-elastictranscoder-1.12.564.jar	META-INF/maven/com.amazonaws/aws-java-sdk-elastictranscoder/pom.xml	3614	1053	6a6b8767	deflated	7230745a6c34f05527a920c56961bdc6f2a8104e0dc5b21bfe89e402f78a38ae
aws-java-sdk-emr-1.12.564.jar	META-INF/MANIFEST.MF	130	108	08960c59	deflated	3361b4fae45527150983b918ea4f23f365809055f11e87101dc864076e083a81
aws-java-sdk-emr-1.12.564.jar	META-INF/maven/com.amazonaws/aws-java-sdk-emr/pom.properties	117	113	86a9534c	deflated	e0e7c266c36da2f4942fd6bd285014bf7ed63ca8c6a31a2f7f5c6e46e1ab3c5f
aws-java-sdk-emr-1.12.564.jar	META-INF/maven/com.amazonaws/aws-java-sdk-emr/pom.xml	3555	1054	de077ac1	deflated	712f54bc4cda8d07b37a32b542d3708637c6c8eb999992098fd8d969d1289278
aws-java-sdk-emrcontainers-1.12.564.jar	META-INF/MANIFEST.MF	130	108	08960c59	deflated	3361b4fae45527150983b918ea4f23f365809055f11e87101dc864076e083a81
aws-java-sdk-emrcontainers-1.12.564.jar	META-INF/maven/com.amazonaws/aws-java-sdk-emrcontainers/pom.properties	127	122	fa8cec65	deflated	696d37f8b51140f3e0f00a57242f52140968a30af3c3b7643341bfd71fffd82b
aws-java-sdk-emrcontainers-1.12.564.jar	META-INF/maven/com.amazonaws/aws-java-sdk-emrcontainers/pom.xml	3594	1053	4ffd28ab	deflated	12ec3daddd2606e1a38fa19771b497e81cbad96f912fc95d38cd7513a8bf16fd
aws-java-sdk-emrserverless-1.12.564.jar	META-INF/MANIFEST.MF	130	108	08960c59	deflated	3361b4fae45527150983b918ea4f23f365809055f11e87101dc864076e083a81
aws-java-sdk-emrserverless-1.12.564.jar	META-INF/maven/com.amazonaws/aws-java-sdk-emrserverless/pom.properties	127	121	d660d750	deflated	597348581e2f91987bc594809597d073b1e9fc6c8dc68741da19c9e7954ac50f
aws-java-sdk-emrserverless-1.12.564.jar	META-INF/maven/com.amazonaws/aws-java-sdk-emrserverless/pom.xml	3573	1049	4dd6ba2a	deflated	e758cd33d811d2c70bd1b8c423ea47f45ad96e5f738d672be6602f0d52b0fa72
aws-java-sdk-entityresolution-1.12.564.jar	META-INF/MANIFEST.MF	130	108	08960c59	deflated	3361b4fae45527150983b918ea4f23f365809055f11e87101dc864076e083a81
aws-java-sdk-entityresolution-1.12.564.jar	META-INF/maven/com.amazonaws/aws-java-sdk-entityresolution/pom.properties	130	125	3ce92475	deflated	589cda4e5c227ce140d29b0f5096a2872bbdac503a5552cf5f1ca44804a10078
aws-java-sdk-entityresolution-1.12.564.jar	META-INF/maven/com.amazonaws/aws-java-sdk-entityresolution/pom.xml	3597	1048	af6535ff	deflated	d9e191bbf6d35833e8ca2473eb70414ba4cb8b69d12229cfb475c4c40472e783
aws-java-sdk-eventbridge-1.12.564.jar	META-INF/MANIFEST.MF	130	108	08960c59	deflated	3361b4fae45527150983b918ea4f23f365809055f11e87101dc864076e083a81
aws-java-sdk-eventbridge-1.12.564.jar	META-INF/maven/com.amazonaws/aws-java-sdk-eventbridge/pom.properties	125	121	a313b05e	deflated	336b1002fe8e8ad540a5ee2671a1640cf6572245c169e851f2ff749c792f63aa
aws-java-sdk-eventbridge-1.12.564.jar	META-INF/maven/com.amazonaws/aws-java-sdk-eventbridge/pom.xml	3581	1048	94707d21	deflated	a9cf57beaea3d0dd4d58a034fc48b8b92ae75fa2b72a6e008050fa40a2c80b0e
aws-java-sdk-events-1.12.564.jar	META-INF/MANIFEST.MF	130	108	08960c59	deflated	3361b4fae45527150983b918ea4f23f365809055f11e87101dc864076e083a81
aws-java-sdk-events-1.12.564.jar	META-INF/maven/com.amazonaws/aws-java-sdk-events/pom.properties	120	117	374c973e	deflated	68dc23312c2be9187887b7250e3d82b961ec24b553e9ff5468d96a7959604450
aws-java-sdk-events-1.12.564.jar	META-INF/maven/com.amazonaws/aws-java-sdk-events/pom.xml	3589	1051	f81029b5	deflated	093543e6556b0c6eda03185bb63f32f311891454c660952a529d251c948ee94b
aws-java-sdk-finspace-1.12.564.jar	META-INF/MANIFEST.MF	130	108	08960c59	deflated	3361b4fae45527150983b918ea4f23f365809055f11e87101dc864076e083a81
aws-java-sdk-finspace-1.12.564.jar	META-INF/maven/com.amazonaws/aws-java-sdk-finspace/pom.properties	122	117	04cf1e6e	deflated	c7e0fe3f7189ecb0384aad1134b33ce6bebbda9a1d34e3afc17872baf7c5beaa
aws-java-sdk-finspace-1.12.564.jar	META-INF/maven/com.amazonaws/aws-java-sdk-finspace/pom.xml	3629	1063	4dfb31c7	deflated	c6d3e125b61c97e1d937eac7cee6dc98ae2a350003e4595265c048d6af928075
aws-java-sdk-finspacedata-1.12.564.jar	META-INF/MANIFEST.MF	130	108	08960c59	deflated	3361b4fae45527150983b918ea4f23f365809055f11e87101dc864076e083a81
aws-java-sdk-finspacedata-1.12.564.jar	META-INF/maven/com.amazonaws/aws-java-sdk-finspacedata/pom.properties	126	118	bac33397	deflated	449ae78bf6e5d4d1836f876596268ee0e57ba681e910b8a4a411753eed0ba43c
aws-java-sdk-finspacedata-1.12.564.jar	META-INF/maven/com.amazonaws/aws-java-sdk-finspacedata/pom.xml	3586	1055	afad06b6	deflated	c123e7c3c800545ec82425e22322b7c72808043689de659496aaa407123f8a60
aws-java-sdk-fis-1.12.564.jar	META-INF/MANIFEST.MF	130	108	08960c59	deflated	3361b4fae45527150983b918ea4f23f365809055f11e87101dc864076e083a81
aws-java-sdk-fis-1.12.564.jar	META-INF/maven/com.amazonaws/aws-java-sdk-fis/pom.properties	117	114	5156f7e6	deflated	aad644ef704a7de67a895e00f6ec9b4326ef3e08fb78da0160951771f2b77758
aws-java-sdk-fis-1.12.564.jar	META-INF/maven/com.amazonaws/aws-java-sdk-fis/pom.xml	3598	1052	664d1287	deflated	edb89ef8fbc87f1398125c5fbb275b7540c46bde926bed5eb89601e1b4e1138f
aws-java-sdk-fms-1.12.564.jar	META-INF/MANIFEST.MF	130	108	08960c59	deflated	3361b4fae45527150983b918ea4f23f365809055f11e87101dc864076e083a81
aws-java-sdk-fms-1.12.564.jar	META-INF/maven/com.amazonaws/aws-java-sdk-fms/pom.properties	117	114	d67f03a8	deflated	7cee7620d99884c4086ee42de32b7930f185c2ebb0e68b3e02c2b114827d3a2d
aws-java-sdk-fms-1.12.564.jar	META-INF/maven/com.amazonaws/aws-java-sdk-fms/pom.xml	3568	1049	2d1c833a	deflated	c19b7bf480681bfd6d0483594e2510fb3e727642aad63e00b1f96279f315159d
aws-java-sdk-forecast-1.12.564.jar	META-INF/MANIFEST.MF	130	108	08960c59	deflated	3361b4fae45527150983b918ea4f23f365809055f11e87101dc864076e083a81
aws-java-sdk-forecast-1.12.564.jar	META-INF/maven/com.amazonaws/aws-java-sdk-forecast/pom.properties	122	117	c157d366	deflated	1e27f796a1028b5cac4dfa7b129744dca34186e7890f116a2a58a4138b3fcb4d
aws-java-sdk-forecast-1.12.564.jar	META-INF/maven/com.amazonaws/aws-java-sdk-forecast/pom.xml	3566	1044	3511ab24	deflated	65308692799c2ffccd168b168a57f6e0b3f5c98c7cdef9df277552e25eeff608
aws-java-sdk-forecastquery-1.12.564.jar	META-INF/MANIFEST.MF	130	108	08960c59	deflated	3361b4fae45527150983b918ea4f23f365809055f11e87101dc864076e083a81
aws-java-sdk-forecastquery-1.12.564.jar	META-INF/maven/com.amazonaws/aws-java-sdk-forecastquery/pom.properties	127	121	b29e6785	deflated	d7bdd6238bdc0a8e9d4b691e6190e3c48e4c33b7590bf4130def4c341735a063
aws-java-sdk-forecastquery-1.12.564.jar	META-INF/maven/com.amazonaws/aws-java-sdk-forecastquery/pom.xml	3594	1052	0be4b9db	deflated	5e254be8f61e787a990561e9e0cac4d880ce1aac24f440c586de7829c5aae145
aws-java-sdk-frauddetector-1.12.564.jar	META-INF/MANIFEST.MF	130	108	08960c59	deflated	3361b4fae45527150983b918ea4f23f365809055f11e87101dc864076e083a81
aws-java-sdk-frauddetector-1.12.564.jar	META-INF/maven/com.amazonaws/aws-java-sdk-frauddetector/pom.properties	127	120	fe25827b	deflated	edee9f04b04e0d36f4d4643ed9a128ddce7edf20f4dacbdbd1ef16bc2041b429
aws-java-sdk-frauddetector-1.12.564.jar	META-INF/maven/com.amazonaws/aws-java-sdk-frauddetector/pom.xml	3594	1051	5881b8d3	deflated	b54b2d93546706bb3b61e900563da9e8edbd7cd5f9ab1c39fa5a3a7a9a92840d
aws-java-sdk-fsx-1.12.564.jar	META-INF/MANIFEST.MF	130	108	08960c59	deflated	3361b4fae45527150983b918ea4f23f365809055f11e87101dc864076e083a81
aws-java-sdk-fsx-1.12.564.jar	META-INF/maven/com.amazonaws/aws-java-sdk-fsx/pom.properties	117	115	697debb6	deflated	45c84143a825401801fda23fd313e59923a754a4936aa5214c816ad6d65ef368
aws-java-sdk-fsx-1.12.564.jar	META-INF/maven/com.amazonaws/aws-java-sdk-fsx/pom.xml	3541	1042	6a8250d5	deflated	1bcca8a6c54ca84c6deb635d516eaef882fbac13ef9dd7ebd92c2a34afcfa696
aws-java-sdk-gamelift-1.12.564.jar	META-INF/MANIFEST.MF	130	108	08960c59	deflated	3361b4fae45527150983b918ea4f23f365809055f11e87101dc864076e083a81
aws-java-sdk-gamelift-1.12.564.jar	META-INF/maven/com.amazonaws/aws-java-sdk-gamelift/pom.properties	122	117	e85ecea3	deflated	03f914f48cc8f732a6b9e85045e1c15aebdf75884e7e005deff7c3b7faeb8497
aws-java-sdk-gamelift-1.12.564.jar	META-INF/maven/com.amazonaws/aws-java-sdk-gamelift/pom.xml	3558	1044	75dcb6f3	deflated	33719397f06ea8a3fb1de3d441cf5f8d8c6b61cdb79927f0ee7e8024cf37854e
aws-java-sdk-gamesparks-1.12.564.jar	META-INF/MANIFEST.MF	130	108	08960c59	deflated	3361b4fae45527150983b918ea4f23f365809055f11e87101dc864076e083a81
aws-java-sdk-gamesparks-1.12.564.jar	META-INF/maven/com.amazonaws/aws-java-sdk-gamesparks/pom.properties	124	118	5e63f708	deflated	2520fc8762fc9a150ece07d91ec74bdd4e4b78247d6c02ffefd3fa310b41bd91
aws-java-sdk-gamesparks-1.12.564.jar	META-INF/maven/com.amazonaws/aws-java-sdk-gamesparks/pom.xml	3555	1044	bb95e6eb	deflated	54a28c8075e0ce3cec20617b61cfef9f59374e43abd88f3f5e8fa1b7fc441193
aws-java-sdk-glacier-1.12.564.jar	META-INF/MANIFEST.MF	130	108	08960c59	deflated	3361b4fae45527150983b918ea4f23f365809055f11e87101dc864076e083a81
aws-java-sdk-glacier-1.12.564.jar	META-INF/maven/com.amazonaws/aws-java-sdk-glacier/pom.properties	121	116	b53ab6fc	deflated	5fc6f9be1426e7f83502599c6253347e8db807c70117ac4add9f3c650ae8ce5b
aws-java-sdk-glacier-1.12.564.jar	META-INF/maven/com.amazonaws/aws-java-sdk-glacier/pom.xml	4190	1060	b8947582	deflated	ca622a48650533406e9ff8dd30bd6cdb06b83cc8e5f145aea34299ca817bac66
aws-java-sdk-glacier-1.12.564.jar	com/amazonaws/services/glacier/request.handlers	126	75	09460484	deflated	cf7fa60de19bd6e4df6c8a62470f08a049b7cc0ef5c8d61330bce7529ce4235e
aws-java-sdk-globalaccelerator-1.12.564.jar	META-INF/MANIFEST.MF	130	108	08960c59	deflated	3361b4fae45527150983b918ea4f23f365809055f11e87101dc864076e083a81
aws-java-sdk-globalaccelerator-1.12.564.jar	META-INF/maven/com.amazonaws/aws-java-sdk-globalaccelerator/pom.properties	131	124	c7b61bfd	deflated	16cb737ef2751d8ca9f5b0908247c2cb1aa7b717c77b976153107e4bf1b1a0ac
aws-java-sdk-globalaccelerator-1.12.564.jar	META-INF/maven/com.amazonaws/aws-java-sdk-globalaccelerator/pom.xml	3605	1051	883a8336	deflated	a3f954137c02b4878c0471380f594e945efa601684ec0340f3dac54c5420f2f6
aws-java-sdk-glue-1.12.564.jar	META-INF/MANIFEST.MF	130	108	08960c59	deflated	3361b4fae45527150983b918ea4f23f365809055f11e87101dc864076e083a81
aws-java-sdk-glue-1.12.564.jar	META-INF/maven/com.amazonaws/aws-java-sdk-glue/pom.properties	118	115	2a5ff424	deflated	07a5d935df93c1d858d657a16ff0cdffaf1e838f1e3f6c28b8a56690de9c3de5
aws-java-sdk-glue-1.12.564.jar	META-INF/maven/com.amazonaws/aws-java-sdk-glue/pom.xml	3537	1037	0cb9c442	deflated	32f45c725c8d8497ab9839918faa7c9aebe9b1581edf3bc8a10999fcc98c1c4e
aws-java-sdk-gluedatabrew-1.12.564.jar	META-INF/MANIFEST.MF	130	108	08960c59	deflated	3361b4fae45527150983b918ea4f23f365809055f11e87101dc864076e083a81
aws-java-sdk-gluedatabrew-1.12.564.jar	META-INF/maven/com.amazonaws/aws-java-sdk-gluedatabrew/pom.properties	126	120	1dceb487	deflated	78724147d232cb24b97d56c1c827776830a7a1de9abb9c3c057b57967a318cc8
aws-java-sdk-gluedatabrew-1.12.564.jar	META-INF/maven/com.amazonaws/aws-java-sdk-gluedatabrew/pom.xml	3580	1052	cb38e332	deflated	c66fb1fbe7771287eb61de8ccf54b0742417223a4b6e23943628ce849d189883
aws-java-sdk-greengrass-1.12.564.jar	META-INF/MANIFEST.MF	130	108	08960c59	deflated	3361b4fae45527150983b918ea4f23f365809055f11e87101dc864076e083a81
aws-java-sdk-greengrass-1.12.564.jar	META-INF/maven/com.amazonaws/aws-java-sdk-greengrass/pom.properties	124	119	2b2ed57b	deflated	4e5fab6b8512ed9d09b2f7f9738cb2f14b64427fa47703ccc1241c07288a42e7
aws-java-sdk-greengrass-1.12.564.jar	META-INF/maven/com.amazonaws/aws-java-sdk-greengrass/pom.xml	3567	1046	da591104	deflated	3aae383f9e043e243723decae42a7387b2b8c05786a2e92c09a356f1aad86634
aws-java-sdk-greengrassv2-1.12.564.jar	META-INF/MANIFEST.MF	130	108	08960c59	deflated	3361b4fae45527150983b918ea4f23f365809055f11e87101dc864076e083a81
aws-java-sdk-greengrassv2-1.12.564.jar	META-INF/maven/com.amazonaws/aws-java-sdk-greengrassv2/pom.properties	126	120	8ffe4ec2	deflated	6e0de44296c37f676b0e685dec382c275e85f9c54ced43316c96f584f0b2f4f2
aws-java-sdk-greengrassv2-1.12.564.jar	META-INF/maven/com.amazonaws/aws-java-sdk-greengrassv2/pom.xml	3592	1053	0a116935	deflated	c064194ad45ea3f70820012e297960cb0587353d3758b3ef4eb323f0642e6c46
aws-java-sdk-groundstation-1.12.564.jar	META-INF/MANIFEST.MF	130	108	08960c59	deflated	3361b4fae45527150983b918ea4f23f365809055f11e87101dc864076e083a81
aws-java-sdk-groundstation-1.12.564.jar	META-INF/maven/com.amazonaws/aws-java-sdk-groundstation/pom.properties	127	121	152b7f89	deflated	3032a015bd237817b794f4c7ada1121040c34a25feb9bf03a36128904a4d16cb
aws-java-sdk-groundstation-1.12.564.jar	META-INF/maven/com.amazonaws/aws-java-sdk-groundstation/pom.xml	3585	1047	cdce79df	deflated	ec858655ea408b395b22775b86686ef94133e237ef9df7df687d98c8f47dae23
aws-java-sdk-guardduty-1.12.564.jar	META-INF/MANIFEST.MF	130	108	08960c59	deflated	3361b4fae45527150983b918ea4f23f365809055f11e87101dc864076e083a81
aws-java-sdk-guardduty-1.12.564.jar	META-INF/maven/com.amazonaws/aws-java-sdk-guardduty/pom.properties	123	119	cad23f24	deflated	ca5fd59cd0ae41a17cfeb4234fe5c046a9370ac66990937412fc35e73e8d9969
aws-java-sdk-guardduty-1.12.564.jar	META-INF/maven/com.amazonaws/aws-java-sdk-guardduty/pom.xml	3571	1049	c9dcc225	deflated	91b634d991d9df433645ed7773c7609211cbc166002779b80109dec0d8eb39fc
aws-java-sdk-health-1.12.564.jar	META-INF/MANIFEST.MF	130	108	08960c59	deflated	3361b4fae45527150983b918ea4f23f365809055f11e87101dc864076e083a81
aws-java-sdk-health-1.12.564.jar	META-INF/maven/com.amazonaws/aws-java-sdk-health/pom.properties	120	116	a2b39c3b	deflated	796a99082386267cf5fa6b73bbc9c4b0bbce01626f96a66cea154073c0d106fb
aws-java-sdk-health-1.12.564.jar	META-INF/maven/com.amazonaws/aws-java-sdk-health/pom.xml	3617	1050	b613298c	deflated	2d8278babbb7249fe75c1544a94585530055ec0b29fd3e932dbf10c2ea5ce9b8
aws-java-sdk-healthlake-1.12.564.jar	META-INF/MANIFEST.MF	130	108	08960c59	deflated	3361b4fae45527150983b918ea4f23f365809055f11e87101dc864076e083a81
aws-java-sdk-healthlake-1.12.564.jar	META-INF/maven/com.amazonaws/aws-java-sdk-healthlake/pom.properties	124	118	af5d68ab	deflated	d3d8120fa5d814b5cfaafcc538da9686916d7c34dc5b15a860d32b3d1ad6e7f3
aws-java-sdk-healthlake-1.12.564.jar	META-INF/maven/com.amazonaws/aws-java-sdk-healthlake/pom.xml	3576	1051	c8b3be30	deflated	754f0a9ca50bf108f22d5c88d290b68569e939298a614d6e88fe12b486a69e5b
aws-java-sdk-honeycode-1.12.564.jar	META-INF/MANIFEST.MF	130	108	08960c59	deflated	3361b4fae45527150983b918ea4f23f365809055f11e87101dc864076e083a81
aws-java-sdk-honeycode-1.12.564.jar	META-INF/maven/com.amazonaws/aws-java-sdk-honeycode/pom.properties	123	118	fd6b9ac7	deflated	96670acf2da41d834ad800bb1cd4cae55aa680fa4877d7adb10878a8d67dabb2
aws-java-sdk-honeycode-1.12.564.jar	META-INF/maven/com.amazonaws/aws-java-sdk-honeycode/pom.xml	3571	1047	4ca791d0	deflated	7ea98aa661fcd2217ced265e31d42965af0d45d4f40f6c721e9b484b25332e62
aws-java-sdk-iam-1.12.564.jar	META-INF/MANIFEST.MF	130	108	08960c59	deflated	3361b4fae45527150983b918ea4f23f365809055f11e87101dc864076e083a81
aws-java-sdk-iam-1.12.564.jar	META-INF/maven/com.amazonaws/aws-java-sdk-iam/pom.properties	117	113	626ee389	deflated	070321884d69838f2e165a42d9e885e2facca9acc914b04712247f1c6dce4b7f
aws-java-sdk-iam-1.12.564.jar	META-INF/maven/com.amazonaws/aws-java-sdk-iam/pom.xml	3559	1055	6660e02e	deflated	c4914cf20555a566b9b656684105cc1a83fc827b1fb3c6525373cc4a9f16330d
aws-java-sdk-iamrolesanywhere-1.12.564.jar	META-INF/MANIFEST.MF	130	108	08960c59	deflated	3361b4fae45527150983b918ea4f23f365809055f11e87101dc864076e083a81
aws-java-sdk-iamrolesanywhere-1.12.564.jar	META-INF/maven/com.amazonaws/aws-java-sdk-iamrolesanywhere/pom.properties	130	122	0d09011b	deflated	1769656a83d095b40dd7257ce30dc268aa9ee92fbcfa07d8033c001e0a9c5823
aws-java-sdk-iamrolesanywhere-1.12.564.jar	META-INF/maven/com.amazonaws/aws-java-sdk-iamrolesanywhere/pom.xml	3591	1055	9f32c2b3	deflated	0ecc89d5873f239209e9c21da0323d07523e74675ed1aa995f95e45e296845eb
aws-java-sdk-identitystore-1.12.564.jar	META-INF/MANIFEST.MF	130	108	08960c59	deflated	3361b4fae45527150983b918ea4f23f365809055f11e87101dc864076e083a81
aws-java-sdk-identitystore-1.12.564.jar	META-INF/maven/com.amazonaws/aws-java-sdk-identitystore/pom.properties	127	120	1b337cb1	deflated	ef3240e333f68cb1de796a6f1ed5af234fb295aafc8dde72a333dce420c77414
aws-java-sdk-identitystore-1.12.564.jar	META-INF/maven/com.amazonaws/aws-java-sdk-identitystore/pom.xml	3597	1050	5247a3d4	deflated	d32ed9f3457b5088f77c704f51062b1f140da8d28d3849d98bd539b5ad8fcff0
aws-java-sdk-imagebuilder-1.12.564.jar	META-INF/MANIFEST.MF	130	108	08960c59	deflated	3361b4fae45527150983b918ea4f23f365809055f11e87101dc864076e083a81
aws-java-sdk-imagebuilder-1.12.564.jar	META-INF/maven/com.amazonaws/aws-java-sdk-imagebuilder/pom.properties	126	120	070b1816	deflated	da151931b8a75ec27f3ac813e56f5887219eee2f28eb189dd1b3f7d98e957198
aws-java-sdk-imagebuilder-1.12.564.jar	META-INF/maven/com.amazonaws/aws-java-sdk-imagebuilder/pom.xml	3580	1050	24e03935	deflated	7fc8314d8b54c14c46fc6b00588f2797ade299c80861591df3c5f2e6d882b8dd
aws-java-sdk-importexport-1.12.564.jar	META-INF/MANIFEST.MF	130	108	08960c59	deflated	3361b4fae45527150983b918ea4f23f365809055f11e87101dc864076e083a81
aws-java-sdk-importexport-1.12.564.jar	META-INF/maven/com.amazonaws/aws-java-sdk-importexport/pom.properties	126	119	87487070	deflated	3d0233ade5d5e374e7f81d077622de32eb6e4edc48ac90e94ac2b7d08e0f175a
aws-java-sdk-importexport-1.12.564.jar	META-INF/maven/com.amazonaws/aws-java-sdk-importexport/pom.xml	3580	1049	6de766b9	deflated	fc030855db07e57948327bb89f7554f75f7900a680167ddebd89f27bf75d772a
aws-java-sdk-inspector-1.12.564.jar	META-INF/MANIFEST.MF	130	108	08960c59	deflated	3361b4fae45527150983b918ea4f23f365809055f11e87101dc864076e083a81
aws-java-sdk-inspector-1.12.564.jar	META-INF/maven/com.amazonaws/aws-java-sdk-inspector/pom.properties	123	118	4c872738	deflated	fb0e1e1802930229ac4a7763c4b5cf85d6b076e2cd20935c78715f840a83504e
aws-java-sdk-inspector-1.12.564.jar	META-INF/maven/com.amazonaws/aws-java-sdk-inspector/pom.xml	3587	1046	5c0dc25f	deflated	3f1554d14e2a90edd97ea3b1bd2099c86f6d4d795313fa45125185aa72d30618
aws-java-sdk-inspector2-1.12.564.jar	META-INF/MANIFEST.MF	130	108	08960c59	deflated	3361b4fae45527150983b918ea4f23f365809055f11e87101dc864076e083a81
aws-java-sdk-inspector2-1.12.564.jar	META-INF/maven/com.amazonaws/aws-java-sdk-inspector2/pom.properties	124	118	47f4ce87	deflated	1d8c72a9003912a9cafd852bac15a3eb480edd21a2cbf272e97b5cfa04d8272d
aws-java-sdk-inspector2-1.12.564.jar	META-INF/maven/com.amazonaws/aws-java-sdk-inspector2/pom.xml	3555	1041	57e58803	deflated	616110a5e6deb16e68d3079e2ea0f33d3d9bd41d6e66497aa7b84bfa91d76bec
aws-java-sdk-internetmonitor-1.12.564.jar	META-INF/MANIFEST.MF	130	108	08960c59	deflated	3361b4fae45527150983b918ea4f23f365809055f11e87101dc864076e083a81
aws-java-sdk-internetmonitor-1.12.564.jar	META-INF/maven/com.amazonaws/aws-java-sdk-internetmonitor/pom.properties	129	121	78cac1fc	deflated	7adfff0819f838b5e6395fa0483e9e0a33a3121653713b4754ee1708e9072649
aws-java-sdk-internetmonitor-1.12.564.jar	META-INF/maven/com.amazonaws/aws-java-sdk-internetmonitor/pom.xml	3637	1060	b4c4ff53	deflated	ae73f8f477e454daf1950cdd340fc7f190124bbcdb29cd6266e46f9f90e12b0c
aws-java-sdk-iot-1.12.564.jar	META-INF/MANIFEST.MF	130	108	08960c59	deflated	3361b4fae45527150983b918ea4f23f365809055f11e87101dc864076e083a81
aws-java-sdk-iot-1.12.564.jar	META-INF/maven/com.amazonaws/aws-java-sdk-iot/pom.properties	117	114	748cbd81	deflated	f2de272f3ce4ef71edac12278e013022f622658a9567e8ab9b4d29dfad5b67d6
aws-java-sdk-iot-1.12.564.jar	META-INF/maven/com.amazonaws/aws-java-sdk-iot/pom.xml	3540	1043	6aceab13	deflated	1a775ea68cdffcad5e37eaf326a1c0de6d43443740b31f858be690c71553d982
aws-java-sdk-iot1clickdevices-1.12.564.jar	META-INF/MANIFEST.MF	130	108	08960c59	deflated	3361b4fae45527150983b918ea4f23f365809055f11e87101dc864076e083a81
aws-java-sdk-iot1clickdevices-1.12.564.jar	META-INF/maven/com.amazonaws/aws-java-sdk-iot1clickdevices/pom.properties	130	122	5179b036	deflated	46e411f24d2ba719f83c92f76b07474d5c3758754dc474943e758d4ee006cf8a
aws-java-sdk-iot1clickdevices-1.12.564.jar	META-INF/maven/com.amazonaws/aws-java-sdk-iot1clickdevices/pom.xml	3606	1057	ba2e5f4c	deflated	37b2da0f5c90045e8d2af832fb4cfa8fcf799bb66a6f4cfc027e290b95d5ee5a
aws-java-sdk-iot1clickprojects-1.12.564.jar	META-INF/MANIFEST.MF	130	108	08960c59	deflated	3361b4fae45527150983b918ea4f23f365809055f11e87101dc864076e083a81
aws-java-sdk-iot1clickprojects-1.12.564.jar	META-INF/maven/com.amazonaws/aws-java-sdk-iot1clickprojects/pom.properties	131	124	91db0be4	deflated	f707cf3515c431950031a6d341861bc4d7e65867cd414398def6cd32ee40786e
aws-java-sdk-iot1clickprojects-1.12.564.jar	META-INF/maven/com.amazonaws/aws-java-sdk-iot1clickprojects/pom.xml	3611	1057	a128b3a2	deflated	9526b93a97888a7951232dee08f76efb8674fa1890c17bf70e818a36389f66e0
aws-java-sdk-iotanalytics-1.12.564.jar	META-INF/MANIFEST.MF	130	108	08960c59	deflated	3361b4fae45527150983b918ea4f23f365809055f11e87101dc864076e083a81
aws-java-sdk-iotanalytics-1.12.564.jar	META-INF/maven/com.amazonaws/aws-java-sdk-iotanalytics/pom.properties	126	120	0ecbf9e7	deflated	c3527ff485c3dc9613c463c382b6f8c66fdd1fb5577cb12f39eb7aecd1a99b20
aws-java-sdk-iotanalytics-1.12.564.jar	META-INF/maven/com.amazonaws/aws-java-sdk-iotanalytics/pom.xml	3580	1050	cdb32501	deflated	17beb6c76bf94d927d1f2be0a96a9a39e068db44d7be4302514f0de984aa9efd
aws-java-sdk-iotdeviceadvisor-1.12.564.jar	META-INF/MANIFEST.MF	130	108	08960c59	deflated	3361b4fae45527150983b918ea4f23f365809055f11e87101dc864076e083a81
aws-java-sdk-iotdeviceadvisor-1.12.564.jar	META-INF/maven/com.amazonaws/aws-java-sdk-iotdeviceadvisor/pom.properties	130	122	7cab92a8	deflated	800250640d2118bcbe5856fdde9566ccee4624aad8aab202dfc7cf3e31736d4f
aws-java-sdk-iotdeviceadvisor-1.12.564.jar	META-INF/maven/com.amazonaws/aws-java-sdk-iotdeviceadvisor/pom.xml	3618	1056	072b7713	deflated	c8b653b27620aacbb284cce19a5566f7cb23c35bbe214986b4b4f9a86017d5ba
aws-java-sdk-iotevents-1.12.564.jar	META-INF/MANIFEST.MF	130	108	08960c59	deflated	3361b4fae45527150983b918ea4f23f365809055f11e87101dc864076e083a81
aws-java-sdk-iotevents-1.12.564.jar	META-INF/maven/com.amazonaws/aws-java-sdk-iotevents/pom.properties	123	118	234b759b	deflated	f8a45cbd915b3ae07831bf0f43975860262b8698a5dced2f31976fc18898e344
aws-java-sdk-iotevents-1.12.564.jar	META-INF/maven/com.amazonaws/aws-java-sdk-iotevents/pom.xml	3565	1048	d2704eb5	deflated	badbfcb51050f51f4e564d1902aff3ec10b731a68954e9c88c6a72708e3d0518
aws-java-sdk-ioteventsdata-1.12.564.jar	META-INF/MANIFEST.MF	130	108	08960c59	deflated	3361b4fae45527150983b918ea4f23f365809055f11e87101dc864076e083a81
aws-java-sdk-ioteventsdata-1.12.564.jar	META-INF/maven/com.amazonaws/aws-java-sdk-ioteventsdata/pom.properties	127	121	8d54051f	deflated	6ba55c82c07d2c9ddbbeb82f4f7b72887e103e16ac04c2dae4a2081bad7fd990
aws-java-sdk-ioteventsdata-1.12.564.jar	META-INF/maven/com.amazonaws/aws-java-sdk-ioteventsdata/pom.xml	3588	1051	7f6eb624	deflated	091e51accdaa305c11f2658aea534ccec5aaba7c980a4ac9dfbcc6605a3121e8
aws-java-sdk-iotfleethub-1.12.564.jar	META-INF/MANIFEST.MF	130	108	08960c59	deflated	3361b4fae45527150983b918ea4f23f365809055f11e87101dc864076e083a81
aws-java-sdk-iotfleethub-1.12.564.jar	META-INF/maven/com.amazonaws/aws-java-sdk-iotfleethub/pom.properties	125	119	3811304d	deflated	adc18004eee8810f6f333708ea143f24a90b92bdb661a0792692b2b8ba231d09
aws-java-sdk-iotfleethub-1.12.564.jar	META-INF/maven/com.amazonaws/aws-java-sdk-iotfleethub/pom.xml	3578	1052	41c84f42	deflated	ac23aa96e16bd5cb076913b1983786aa482a00d5b4ae434d763afa3735b4efa7
aws-java-sdk-iotfleetwise-1.12.564.jar	META-INF/MANIFEST.MF	130	108	08960c59	deflated	3361b4fae45527150983b918ea4f23f365809055f11e87101dc864076e083a81
aws-java-sdk-iotfleetwise-1.12.564.jar	META-INF/maven/com.amazonaws/aws-java-sdk-iotfleetwise/pom.properties	126	119	529f3ad5	deflated	8a3f3a781631408c3012f1b66f2999985982e10aeed38fa4f692b447bd040232
aws-java-sdk-iotfleetwise-1.12.564.jar	META-INF/maven/com.amazonaws/aws-java-sdk-iotfleetwise/pom.xml	3580	1053	3266a696	deflated	645dc273589f071f9d2f3bf0b65179e8964cdd85d616fbf3a95f336a2b9d4ef4
aws-java-sdk-iotjobsdataplane-1.12.564.jar	META-INF/MANIFEST.MF	130	108	08960c59	deflated	3361b4fae45527150983b918ea4f23f365809055f11e87101dc864076e083a81
aws-java-sdk-iotjobsdataplane-1.12.564.jar	META-INF/maven/com.amazonaws/aws-java-sdk-iotjobsdataplane/pom.properties	130	123	da2f328b	deflated	43a602adb5c159073a5ba73e3abccdf095e4ef7ad0452cab49598558c6b0516b
aws-java-sdk-iotjobsdataplane-1.12.564.jar	META-INF/maven/com.amazonaws/aws-java-sdk-iotjobsdataplane/pom.xml	3606	1058	e7d9b496	deflated	7773aa2e7de2ee0ee1d1b8cd67f292df92494c2198b4ca2924f53d2e2ed599fc
aws-java-sdk-iotroborunner-1.12.564.jar	META-INF/MANIFEST.MF	130	108	08960c59	deflated	3361b4fae45527150983b918ea4f23f365809055f11e87101dc864076e083a81
aws-java-sdk-iotroborunner-1.12.564.jar	META-INF/maven/com.amazonaws/aws-java-sdk-iotroborunner/pom.properties	127	122	32942bcd	deflated	25b3384aac33fe9b50b6d1954a87b68bcd47325ecf5efa180bcff6b93e0b7d59
aws-java-sdk-iotroborunner-1.12.564.jar	META-INF/maven/com.amazonaws/aws-java-sdk-iotroborunner/pom.xml	3585	1052	3655b303	deflated	f5668f35c5e202f69e2d9e510f14cdbb9dbca3b52b14e8a595e5b88b027bcb0b
aws-java-sdk-iotsecuretunneling-1.12.564.jar	META-INF/MANIFEST.MF	130	108	08960c59	deflated	3361b4fae45527150983b918ea4f23f365809055f11e87101dc864076e083a81
aws-java-sdk-iotsecuretunneling-1.12.564.jar	META-INF/maven/com.amazonaws/aws-java-sdk-iotsecuretunneling/pom.properties	132	123	264e8e97	deflated	9d1c00e469c9ed594ae2f4d9d80037b38a1080e22ce3de054dc1d88dbb48e405
aws-java-sdk-iotsecuretunneling-1.12.564.jar	META-INF/maven/com.amazonaws/aws-java-sdk-iotsecuretunneling/pom.xml	3613	1054	757367a3	deflated	d8c1683733cbe7d965a6e796c1b7522901b74c4e66abb5fd7116ef874e54d643
aws-java-sdk-iotsitewise-1.12.564.jar	META-INF/MANIFEST.MF	130	108	08960c59	deflated	3361b4fae45527150983b918ea4f23f365809055f11e87101dc864076e083a81
aws-java-sdk-iotsitewise-1.12.564.jar	META-INF/maven/com.amazonaws/aws-java-sdk-iotsitewise/pom.properties	125	119	43d3b531	deflated	164fcf8d56fb41512544dcdadbb573c3dc5ddc9c17c25eaa6a8157cdfd40d702
aws-java-sdk-iotsitewise-1.12.564.jar	META-INF/maven/com.amazonaws/aws-java-sdk-iotsitewise/pom.xml	3575	1052	97940511	deflated	a350bccd7fc494c1c31c630ba9b4f83fa05e3609c18a60ba4a42b6abdda536fd
aws-java-sdk-iotthingsgraph-1.12.564.jar	META-INF/MANIFEST.MF	130	108	08960c59	deflated	3361b4fae45527150983b918ea4f23f365809055f11e87101dc864076e083a81
aws-java-sdk-iotthingsgraph-1.12.564.jar	META-INF/maven/com.amazonaws/aws-java-sdk-iotthingsgraph/pom.properties	128	121	9b24d327	deflated	a863472489a258dac6ca0e9838182f1f003b6b746963023a8365e9eb08cad290
aws-java-sdk-iotthingsgraph-1.12.564.jar	META-INF/maven/com.amazonaws/aws-java-sdk-iotthingsgraph/pom.xml	3593	1054	1016317b	deflated	578075d5241fbb57d5c858368e646e96e194e9e4e3e93bdd799ceb0c6458ec0d
aws-java-sdk-iottwinmaker-1.12.564.jar	META-INF/MANIFEST.MF	130	108	08960c59	deflated	3361b4fae45527150983b918ea4f23f365809055f11e87101dc864076e083a81
aws-java-sdk-iottwinmaker-1.12.564.jar	META-INF/maven/com.amazonaws/aws-java-sdk-iottwinmaker/pom.properties	126	120	c2cc58f0	deflated	add6a0a09c5e5bf39617f39b1293fadc5680b45b7e0835bacab63833b110d384
aws-java-sdk-iottwinmaker-1.12.564.jar	META-INF/maven/com.amazonaws/aws-java-sdk-iottwinmaker/pom.xml	3580	1051	638bceb3	deflated	31b953f2206413ee99c8bd447186b57e2176693aa0abdeb7871afc3ed9ec8131
aws-java-sdk-iotwireless-1.12.564.jar	META-INF/MANIFEST.MF	130	108	08960c59	deflated	3361b4fae45527150983b918ea4f23f365809055f11e87101dc864076e083a81
aws-java-sdk-iotwireless-1.12.564.jar	META-INF/maven/com.amazonaws/aws-java-sdk-iotwireless/pom.properties	125	119	d83a0ced	deflated	d8cdbc6a5322b56067f5edb54805d97a36a236788287c4641d7d5c33b279c9a8
aws-java-sdk-iotwireless-1.12.564.jar	META-INF/maven/com.amazonaws/aws-java-sdk-iotwireless/pom.xml	3575	1050	cabc5d68	deflated	c6d23b74ca0f5398538e8b7105b5af2ee19eacd2aa4ec173e9f1d5dfe56a3fb8
aws-java-sdk-ivs-1.12.564.jar	META-INF/MANIFEST.MF	130	108	08960c59	deflated	3361b4fae45527150983b918ea4f23f365809055f11e87101dc864076e083a81
aws-java-sdk-ivs-1.12.564.jar	META-INF/maven/com.amazonaws/aws-java-sdk-ivs/pom.properties	117	114	7271f6d7	deflated	7f7715fce74c203b6d2279fb8258da3d8c3710bb83cad1e1f41d46517b32292f
aws-java-sdk-ivs-1.12.564.jar	META-INF/maven/com.amazonaws/aws-java-sdk-ivs/pom.xml	3583	1052	b9b4f6ec	deflated	287746e407e320a570eb9a4adacf6a81dcd1935f6e263d45da862235549c7909
aws-java-sdk-ivschat-1.12.564.jar	META-INF/MANIFEST.MF	130	108	08960c59	deflated	3361b4fae45527150983b918ea4f23f365809055f11e87101dc864076e083a81
aws-java-sdk-ivschat-1.12.564.jar	META-INF/maven/com.amazonaws/aws-java-sdk-ivschat/pom.properties	121	116	af915f63	deflated	bc83779717c45a07d61623d4afa70f052e2d6308b2c40d6bb02ba62f1ecc3e3a
aws-java-sdk-ivschat-1.12.564.jar	META-INF/maven/com.amazonaws/aws-java-sdk-ivschat/pom.xml	3630	1058	b48941a1	deflated	bc39f2a73f58033ec9dad78adf3b6496396c7e2f51e70ffc4cf1bc73f2d12786
aws-java-sdk-ivsrealtime-1.12.564.jar	META-INF/MANIFEST.MF	130	108	08960c59	deflated	3361b4fae45527150983b918ea4f23f365809055f11e87101dc864076e083a81
aws-java-sdk-ivsrealtime-1.12.564.jar	META-INF/maven/com.amazonaws/aws-java-sdk-ivsrealtime/pom.properties	125	118	a043eaba	deflated	e2b60210619b37ec16cba3f15a7b47a6e3ad964e3c9e67bf01486eadae77b014
aws-java-sdk-ivsrealtime-1.12.564.jar	META-INF/maven/com.amazonaws/aws-java-sdk-ivsrealtime/pom.xml	3650	1066	4c308c5b	deflated	edcbb86154fe1ee27a9bf4dbab8bda681f59a5c2bbbfe3c39a5d0c84bf3daa0c
aws-java-sdk-kafka-1.12.564.jar	META-INF/MANIFEST.MF	130	108	08960c59	deflated	3361b4fae45527150983b918ea4f23f365809055f11e87101dc864076e083a81
aws-java-sdk-kafka-1.12.564.jar	META-INF/maven/com.amazonaws/aws-java-sdk-kafka/pom.properties	119	115	0008b033	deflated	df2077af3451dea65caba75f2e223efe16ed3fc562bf572ab78f27c1e2512b06
aws-java-sdk-kafka-1.12.564.jar	META-INF/maven/com.amazonaws/aws-java-sdk-kafka/pom.xml	3596	1053	af858bb8	deflated	a201067b1577946cda219437fc2714b894d12fad3efb90a5fdce5be805575d40
aws-java-sdk-kafkaconnect-1.12.564.jar	META-INF/MANIFEST.MF	130	108	08960c59	deflated	3361b4fae45527150983b918ea4f23f365809055f11e87101dc864076e083a81
aws-java-sdk-kafkaconnect-1.12.564.jar	META-INF/maven/com.amazonaws/aws-java-sdk-kafkaconnect/pom.properties	126	119	a9225b77	deflated	b937fda7218cc543bf8327f411cc6fe2c68b966a48829db23c058911f90e1b4f
aws-java-sdk-kafkaconnect-1.12.564.jar	META-INF/maven/com.amazonaws/aws-java-sdk-kafkaconnect/pom.xml	3634	1062	476da84c	deflated	74438335c9c3e79952016ae6798b06fa250b095e05d174956aa89fde9d40979d
aws-java-sdk-kendra-1.12.564.jar	META-INF/MANIFEST.MF	130	108	08960c59	deflated	3361b4fae45527150983b918ea4f23f365809055f11e87101dc864076e083a81
aws-java-sdk-kendra-1.12.564.jar	META-INF/maven/com.amazonaws/aws-java-sdk-kendra/pom.properties	120	116	d11d71ae	deflated	af3e470bbc19837b9b1ce94f7242a766f7dfd8038909f8569df85c8be588c721
aws-java-sdk-kendra-1.12.564.jar	META-INF/maven/com.amazonaws/aws-java-sdk-kendra/pom.xml	3568	1047	d82b355c	deflated	9fedaa83d483795db8ffd55636361a9a397f31e3df83738a7893542444a6d1ff
aws-java-sdk-kendraranking-1.12.564.jar	META-INF/MANIFEST.MF	130	108	08960c59	deflated	3361b4fae45527150983b918ea4f23f365809055f11e87101dc864076e083a81
aws-java-sdk-kendraranking-1.12.564.jar	META-INF/maven/com.amazonaws/aws-java-sdk-kendraranking/pom.properties	127	119	2f82cf18	deflated	33fab6994edafb93a096e2333d77df5cacc8a9e6b241682f9f66a7c73d5c2959
aws-java-sdk-kendraranking-1.12.564.jar	META-INF/maven/com.amazonaws/aws-java-sdk-kendraranking/pom.xml	3630	1059	d6b3cae8	deflated	071d58aaa65ce9177b69103074274b1525a11fd8ade354016f6d2e122400251f
aws-java-sdk-keyspaces-1.12.564.jar	META-INF/MANIFEST.MF	130	108	08960c59	deflated	3361b4fae45527150983b918ea4f23f365809055f11e87101dc864076e083a81
aws-java-sdk-keyspaces-1.12.564.jar	META-INF/maven/com.amazonaws/aws-java-sdk-keyspaces/pom.properties	123	118	7773bd6b	deflated	41fcc8a385201d99994b4dab4e21c2169ac6f34b5fbb9409cd3d8b5eae89abfb
aws-java-sdk-keyspaces-1.12.564.jar	META-INF/maven/com.amazonaws/aws-java-sdk-keyspaces/pom.xml	3571	1047	95418bdd	deflated	3c2d1da2772f0826e56828c73aa40c51d83c8989b95c8b2b19357b0bb8e4b6e4
aws-java-sdk-kinesis-1.12.564.jar	META-INF/MANIFEST.MF	130	108	08960c59	deflated	3361b4fae45527150983b918ea4f23f365809055f11e87101dc864076e083a81
aws-java-sdk-kinesis-1.12.564.jar	META-INF/maven/com.amazonaws/aws-java-sdk-kinesis/pom.properties	121	116	7af8032d	deflated	0f48af5238615835bf9b850037eedc90eef8ed2a0fb18ce57dfcee58ee54fbdd
aws-java-sdk-kinesis-1.12.564.jar	META-INF/maven/com.amazonaws/aws-java-sdk-kinesis/pom.xml	3561	1046	a664bc63	deflated	b20b543c82e6c1fd64a043cf92938b8ff88d954a2c7c7b9a479769567cf0ae49
aws-java-sdk-kinesisanalyticsv2-1.12.564.jar	META-INF/MANIFEST.MF	130	108	08960c59	deflated	3361b4fae45527150983b918ea4f23f365809055f11e87101dc864076e083a81
aws-java-sdk-kinesisanalyticsv2-1.12.564.jar	META-INF/maven/com.amazonaws/aws-java-sdk-kinesisanalyticsv2/pom.properties	132	123	051c1e24	deflated	47fcfae92e31799821569ac919ae33ab6f35fdd13ae2c776ddbd2f16d4f15215
aws-java-sdk-kinesisanalyticsv2-1.12.564.jar	META-INF/maven/com.amazonaws/aws-java-sdk-kinesisanalyticsv2/pom.xml	3613	1056	e9bb2d21	deflated	0fec75827d5f6b34237bcd2869e7b44e92afa018a3a28cff0b88965ee40f60a4
aws-java-sdk-kinesisvideosignalingchannels-1.12.564.jar	META-INF/MANIFEST.MF	130	108	08960c59	deflated	3361b4fae45527150983b918ea4f23f365809055f11e87101dc864076e083a81
aws-java-sdk-kinesisvideosignalingchannels-1.12.564.jar	META-INF/maven/com.amazonaws/aws-java-sdk-kinesisvideosignalingchannels/pom.properties	143	130	0e47bb4e	deflated	ae6b229431a67c7ee04b6e566b603c5d78b14b65140f0d9c0cbbc8ea8ca47a6e
aws-java-sdk-kinesisvideosignalingchannels-1.12.564.jar	META-INF/maven/com.amazonaws/aws-java-sdk-kinesisvideosignalingchannels/pom.xml	3680	1070	970ceb68	deflated	0db9baa4ba70707f40fa2794e446364bd2b60d623fa2c70b4bb9231086ff3632
aws-java-sdk-kinesisvideowebrtcstorage-1.12.564.jar	META-INF/MANIFEST.MF	130	108	08960c59	deflated	3361b4fae45527150983b918ea4f23f365809055f11e87101dc864076e083a81
aws-java-sdk-kinesisvideowebrtcstorage-1.12.564.jar	META-INF/maven/com.amazonaws/aws-java-sdk-kinesisvideowebrtcstorage/pom.properties	139	128	c5d37c52	deflated	2542ee5c8875eba66fa32cccb4a3a27c4c8e148a25b0a1621745da6ae6242175
aws-java-sdk-kinesisvideowebrtcstorage-1.12.564.jar	META-INF/maven/com.amazonaws/aws-java-sdk-kinesisvideowebrtcstorage/pom.xml	3660	1072	758b8fcb	deflated	0e4f492c12e00cf22d9e58113f2e277863264a0a88770598e5a7d31b7498f566
aws-java-sdk-kms-1.12.564.jar	META-INF/MANIFEST.MF	130	108	08960c59	deflated	3361b4fae45527150983b918ea4f23f365809055f11e87101dc864076e083a81
aws-java-sdk-kms-1.12.564.jar	META-INF/maven/com.amazonaws/aws-java-sdk-kms/pom.properties	117	114	239dc460	deflated	5a4b98069d3fda43e9059d5394e18c1459ef3444e2c10cb97a8e2c37391a70da
aws-java-sdk-kms-1.12.564.jar	META-INF/maven/com.amazonaws/aws-java-sdk-kms/pom.xml	3543	1050	3e010da0	deflated	8f8b9d3330b0ab104a1705dc278bc867081d4c6976f908f43522973c5d3b793a
aws-java-sdk-lakeformation-1.12.564.jar	META-INF/MANIFEST.MF	130	108	08960c59	deflated	3361b4fae45527150983b918ea4f23f365809055f11e87101dc864076e083a81
aws-java-sdk-lakeformation-1.12.564.jar	META-INF/maven/com.amazonaws/aws-java-sdk-lakeformation/pom.properties	127	122	66f31c36	deflated	8415dfaa7b1268510a93aada18b2270a63859bf7a222b8c73e90b8d4c70877f5
aws-java-sdk-lakeformation-1.12.564.jar	META-INF/maven/com.amazonaws/aws-java-sdk-lakeformation/pom.xml	3585	1044	6a0424c3	deflated	b85b2636f992809f34df4eeb66b1f663d6e272eb796572160623cf1116b924b1
aws-java-sdk-lambda-1.12.564.jar	META-INF/MANIFEST.MF	130	108	08960c59	deflated	3361b4fae45527150983b918ea4f23f365809055f11e87101dc864076e083a81
aws-java-sdk-lambda-1.12.564.jar	META-INF/maven/com.amazonaws/aws-java-sdk-lambda/pom.properties	120	115	d8f73639	deflated	fd049b6d8e94b1d577455b255a9af2f118dcff12e17b36d55c1fb11f8285351a
aws-java-sdk-lambda-1.12.564.jar	META-INF/maven/com.amazonaws/aws-java-sdk-lambda/pom.xml	3547	1041	ba07cbee	deflated	00a5d72feae83d085809f1e91932ff54fabd3ceed767f11a1c20b65d6d5d9cf7
aws-java-sdk-lex-1.12.564.jar	META-INF/MANIFEST.MF	130	108	08960c59	deflated	3361b4fae45527150983b918ea4f23f365809055f11e87101dc864076e083a81
aws-java-sdk-lex-1.12.564.jar	META-INF/maven/com.amazonaws/aws-java-sdk-lex/pom.properties	117	115	d1be2cc7	deflated	c056a10b97e37efb055e2245f776d144fe87f9f1efca6d40b996a564f2aaa1b2
aws-java-sdk-lex-1.12.564.jar	META-INF/maven/com.amazonaws/aws-java-sdk-lex/pom.xml	3525	1032	d547c016	deflated	ec9292d4297db9edf3ef39950e2f2b5607efe6033484bf8b9525999b9e56672b
aws-java-sdk-lexmodelbuilding-1.12.564.jar	META-INF/MANIFEST.MF	130	108	08960c59	deflated	3361b4fae45527150983b918ea4f23f365809055f11e87101dc864076e083a81
aws-java-sdk-lexmodelbuilding-1.12.564.jar	META-INF/maven/com.amazonaws/aws-java-sdk-lexmodelbuilding/pom.properties	130	123	ceedc5cc	deflated	950d879ca9e9f30a798ff982d1b8e80662e033519c47fb0a75083d449df2d784
aws-java-sdk-lexmodelbuilding-1.12.564.jar	META-INF/maven/com.amazonaws/aws-java-sdk-lexmodelbuilding/pom.xml	3612	1054	95b0b36c	deflated	99d3088eb5eb5b7bafbeda1bbcc2400d9b065d3d97a7fe130ae16e8397767055
aws-java-sdk-lexmodelsv2-1.12.564.jar	META-INF/MANIFEST.MF	130	108	08960c59	deflated	3361b4fae45527150983b918ea4f23f365809055f11e87101dc864076e083a81
aws-java-sdk-lexmodelsv2-1.12.564.jar	META-INF/maven/com.amazonaws/aws-java-sdk-lexmodelsv2/pom.properties	125	120	bbc59819	deflated	19cb488bba110f0b340d09ec7475d0088556d1bf19a42c84dc164a4dac2972d2
aws-java-sdk-lexmodelsv2-1.12.564.jar	META-INF/maven/com.amazonaws/aws-java-sdk-lexmodelsv2/pom.xml	3611	1057	0d50e73b	deflated	ca1ecbd4a81a9b0c855b95ce670af5b69e2a46dd8d6058251e25715159a5126f
aws-java-sdk-lexruntimev2-1.12.564.jar	META-INF/MANIFEST.MF	130	108	08960c59	deflated	3361b4fae45527150983b918ea4f23f365809055f11e87101dc864076e083a81
aws-java-sdk-lexruntimev2-1.12.564.jar	META-INF/maven/com.amazonaws/aws-java-sdk-lexruntimev2/pom.properties	126	120	5c136f14	deflated	aaffd6882ae826c121b521477a44ccbbfaa9c1ea31a42000a50a2dcfd72adeec
aws-java-sdk-lexruntimev2-1.12.564.jar	META-INF/maven/com.amazonaws/aws-java-sdk-lexruntimev2/pom.xml	3592	1054	d0e33ca0	deflated	b1cd58661d2d91544690aa9c85ecd3e8b1ff49bf05634badd6b1311a030c291e
aws-java-sdk-licensemanager-1.12.564.jar	META-INF/MANIFEST.MF	130	108	08960c59	deflated	3361b4fae45527150983b918ea4f23f365809055f11e87101dc864076e083a81
aws-java-sdk-licensemanager-1.12.564.jar	META-INF/maven/com.amazonaws/aws-java-sdk-licensemanager/pom.properties	128	120	a5333327	deflated	7610ad5b574f5011b14116acf83c43490345fd6fe319bb556e19da40d2a3c94e
aws-java-sdk-licensemanager-1.12.564.jar	META-INF/maven/com.amazonaws/aws-java-sdk-licensemanager/pom.xml	3590	1050	3ad9cabf	deflated	8db15961c3cdc5a1de125525084c6949743b7828e5a9a3ed4b572c6458e3d6e4
aws-java-sdk-licensemanagerlinuxsubscriptions-1.12.564.jar	META-INF/MANIFEST.MF	130	108	08960c59	deflated	3361b4fae45527150983b918ea4f23f365809055f11e87101dc864076e083a81
aws-java-sdk-licensemanagerlinuxsubscriptions-1.12.564.jar	META-INF/maven/com.amazonaws/aws-java-sdk-licensemanagerlinuxsubscriptions/pom.properties	146	135	b9c82c7a	deflated	9ff65a619bf75db1f710e9c690728534a79bc7a15c4e5323034dcbe4b4d0ebe7
aws-java-sdk-licensemanagerlinuxsubscriptions-1.12.564.jar	META-INF/maven/com.amazonaws/aws-java-sdk-licensemanagerlinuxsubscriptions/pom.xml	3686	1067	7648291a	deflated	c6178e8aac01f0f2dc411ea240535c115f104a7c66fe5329a8cebd91285d9572
aws-java-sdk-licensemanagerusersubscriptions-1.12.564.jar	META-INF/MANIFEST.MF	130	108	08960c59	deflated	3361b4fae45527150983b918ea4f23f365809055f11e87101dc864076e083a81
aws-java-sdk-licensemanagerusersubscriptions-1.12.564.jar	META-INF/maven/com.amazonaws/aws-java-sdk-licensemanagerusersubscriptions/pom.properties	145	131	da5c1af9	deflated	387d9d7c9a9634a87cfdad030c3d1f62e560ed211627f9a4c8123dadd5cef2b5
aws-java-sdk-licensemanagerusersubscriptions-1.12.564.jar	META-INF/maven/com.amazonaws/aws-java-sdk-licensemanagerusersubscriptions/pom.xml	3681	1067	be726f9c	deflated	aa218ffe6ed682983e21470eb08eef744211b587a11357007c7ea0bdc1596f2a
aws-java-sdk-lightsail-1.12.564.jar	META-INF/MANIFEST.MF	130	108	08960c59	deflated	3361b4fae45527150983b918ea4f23f365809055f11e87101dc864076e083a81
aws-java-sdk-lightsail-1.12.564.jar	META-INF/maven/com.amazonaws/aws-java-sdk-lightsail/pom.properties	123	119	c0e88f24	deflated	464c347f96ec701e33b5410031478960ec98a87da3d0a4a185028415d568f322
aws-java-sdk-lightsail-1.12.564.jar	META-INF/maven/com.amazonaws/aws-java-sdk-lightsail/pom.xml	3564	1041	ff451452	deflated	bd6e9d7c3aef41e0a50607a1aa290176fa355361bf825735872ee58c95f318e0
aws-java-sdk-location-1.12.564.jar	META-INF/MANIFEST.MF	130	108	08960c59	deflated	3361b4fae45527150983b918ea4f23f365809055f11e87101dc864076e083a81
aws-java-sdk-location-1.12.564.jar	META-INF/maven/com.amazonaws/aws-java-sdk-location/pom.properties	122	119	38344009	deflated	e36b59645774f6d661cc526e52368c668c171f52609eb970f03713a9659f0f32
aws-java-sdk-location-1.12.564.jar	META-INF/maven/com.amazonaws/aws-java-sdk-location/pom.xml	3566	1039	d75d5d8b	deflated	563f298816ce503207432032ac35056b06b5b6cec41ddf8508acd8839013203b
aws-java-sdk-logs-1.12.564.jar	META-INF/MANIFEST.MF	130	108	08960c59	deflated	3361b4fae45527150983b918ea4f23f365809055f11e87101dc864076e083a81
aws-java-sdk-logs-1.12.564.jar	META-INF/maven/com.amazonaws/aws-java-sdk-logs/pom.properties	118	115	4b7785a7	deflated	dfdb03597593a37e11033a73b0cddf8aed836d0712c20ca91698a078ee0bd4d1
aws-java-sdk-logs-1.12.564.jar	META-INF/maven/com.amazonaws/aws-java-sdk-logs/pom.xml	3579	1050	035052e2	deflated	7f8fe131695a1f183bcd85b93fcaf65586824623c548f3edb94cd97932a5196b
aws-java-sdk-logs-1.12.564.jar	com/amazonaws/services/logs/request.handlers	61	61	e9d25b2f	deflated	2c8871a133c4004779a5e413764fd393e668d2ad994719d6250a113d586521c4
aws-java-sdk-lookoutequipment-1.12.564.jar	META-INF/MANIFEST.MF	130	108	08960c59	deflated	3361b4fae45527150983b918ea4f23f365809055f11e87101dc864076e083a81
aws-java-sdk-lookoutequipment-1.12.564.jar	META-INF/maven/com.amazonaws/aws-java-sdk-lookoutequipment/pom.properties	130	123	035059c8	deflated	55602f6fdcc600483553012a9d0d0fee32deadfdfd32a2b1910c9ca6691feedf
aws-java-sdk-lookoutequipment-1.12.564.jar	META-INF/maven/com.amazonaws/aws-java-sdk-lookoutequipment/pom.xml	3621	1054	6f49d02b	deflated	1af025e1ed9c1dc470161f4b5fd859c738b1815fba427a0b75c2d3e8d33b6f16
aws-java-sdk-lookoutforvision-1.12.564.jar	META-INF/MANIFEST.MF	130	108	08960c59	deflated	3361b4fae45527150983b918ea4f23f365809055f11e87101dc864076e083a81
aws-java-sdk-lookoutforvision-1.12.564.jar	META-INF/maven/com.amazonaws/aws-java-sdk-lookoutforvision/pom.properties	130	123	ef5c6315	deflated	f045782db81127a190d5f57f89445abedbe4522d16220ff29256d6cadecdda38
aws-java-sdk-lookoutforvision-1.12.564.jar	META-INF/maven/com.amazonaws/aws-java-sdk-lookoutforvision/pom.xml	3612	1054	160ed079	deflated	c58d25b9ab0c5657d2f9a0aa192ab10dfcd014ab51680ee62f5ae1789208d486
aws-java-sdk-lookoutmetrics-1.12.564.jar	META-INF/MANIFEST.MF	130	108	08960c59	deflated	3361b4fae45527150983b918ea4f23f365809055f11e87101dc864076e083a81
aws-java-sdk-lookoutmetrics-1.12.564.jar	META-INF/maven/com.amazonaws/aws-java-sdk-lookoutmetrics/pom.properties	128	121	80d49d8e	deflated	59fd0297a63a8abe1887c24315cbf60b45862886eb457eefec0d5c04733d5e13
aws-java-sdk-lookoutmetrics-1.12.564.jar	META-INF/maven/com.amazonaws/aws-java-sdk-lookoutmetrics/pom.xml	3611	1055	c19d9ee9	deflated	4da81baa0a21c2e25841981ac744aa3b4eb3b34c0528db807e190d5c1be3bf7a
aws-java-sdk-machinelearning-1.12.564.jar	META-INF/MANIFEST.MF	130	108	08960c59	deflated	3361b4fae45527150983b918ea4f23f365809055f11e87101dc864076e083a81
aws-java-sdk-machinelearning-1.12.564.jar	META-INF/maven/com.amazonaws/aws-java-sdk-machinelearning/pom.properties	129	121	166b77a9	deflated	39f5302add433f614a1ad1e3e198352445285d675b83307a5b239b70f3382ba4
aws-java-sdk-machinelearning-1.12.564.jar	META-INF/maven/com.amazonaws/aws-java-sdk-machinelearning/pom.xml	3603	1051	94849ca2	deflated	95be54201076197dc8820ba70357c79340bd5ee9a7847b20ab15a7eeac16604e
aws-java-sdk-machinelearning-1.12.564.jar	com/amazonaws/services/machinelearning/request.handler2s	135	81	765e7a44	deflated	84795459d1065d51e51bed03e4a6246e474f0b67dba1ead97d8d4941ba31a986
aws-java-sdk-macie-1.12.564.jar	META-INF/MANIFEST.MF	130	108	08960c59	deflated	3361b4fae45527150983b918ea4f23f365809055f11e87101dc864076e083a81
aws-java-sdk-macie-1.12.564.jar	META-INF/maven/com.amazonaws/aws-java-sdk-macie/pom.properties	119	115	dc7e040c	deflated	9336e6576079cebd81ff0ea4c8a01b59694dde3a437a304ef2b97a79a6616ee9
aws-java-sdk-macie-1.12.564.jar	META-INF/maven/com.amazonaws/aws-java-sdk-macie/pom.xml	3551	1043	9cd8cd9e	deflated	5a6aefe2a37c297bfd7432e9e6f4f70e96a7969f11580eba59be4d8b18245465
aws-java-sdk-macie2-1.12.564.jar	META-INF/MANIFEST.MF	130	108	08960c59	deflated	3361b4fae45527150983b918ea4f23f365809055f11e87101dc864076e083a81
aws-java-sdk-macie2-1.12.564.jar	META-INF/maven/com.amazonaws/aws-java-sdk-macie2/pom.properties	120	116	57227a77	deflated	2fca4d23a84aae1531bd0443cbd1d03b776afb3761891389693ce5e44a70f90c
aws-java-sdk-macie2-1.12.564.jar	META-INF/maven/com.amazonaws/aws-java-sdk-macie2/pom.xml	3559	1045	0dadc859	deflated	a809e4a57aece92ab8366e3cc3623d90a27fa6e9b5f59227e3a4430e402e4516
aws-java-sdk-mainframemodernization-1.12.564.jar	META-INF/MANIFEST.MF	130	108	08960c59	deflated	3361b4fae45527150983b918ea4f23f365809055f11e87101dc864076e083a81
aws-java-sdk-mainframemodernization-1.12.564.jar	META-INF/maven/com.amazonaws/aws-java-sdk-mainframemodernization/pom.properties	136	127	cd4864cf	deflated	b03fd38d3e16405371d1744f6a53afd4c5ea508b7ced82c66461402692209545
aws-java-sdk-mainframemodernization-1.12.564.jar	META-INF/maven/com.amazonaws/aws-java-sdk-mainframemodernization/pom.xml	3624	1050	8715aaac	deflated	b2ffb198cdd05428f8d1d7b8bce5619bb0696b0443152cfb4aec18d1e55b4c10
aws-java-sdk-managedblockchain-1.12.564.jar	META-INF/MANIFEST.MF	130	108	08960c59	deflated	3361b4fae45527150983b918ea4f23f365809055f11e87101dc864076e083a81
aws-java-sdk-managedblockchain-1.12.564.jar	META-INF/maven/com.amazonaws/aws-java-sdk-managedblockchain/pom.properties	131	123	373d629b	deflated	9f62f077a2ad1d0445a2b43354c4c67ffb74831ee95620dd3573e3fbaaad253f
aws-java-sdk-managedblockchain-1.12.564.jar	META-INF/maven/com.amazonaws/aws-java-sdk-managedblockchain/pom.xml	3614	1054	9769388a	deflated	b1652f273c31c3ccfb35f79ea75aebab10bf921ec0154a5eef731bd8602af514
aws-java-sdk-managedblockchainquery-1.12.564.jar	META-INF/MANIFEST.MF	130	108	08960c59	deflated	3361b4fae45527150983b918ea4f23f365809055f11e87101dc864076e083a81
aws-java-sdk-managedblockchainquery-1.12.564.jar	META-INF/maven/com.amazonaws/aws-java-sdk-managedblockchainquery/pom.properties	136	128	7c40949c	deflated	487860557bdb2d158c6722dc54b2a81319d7f0e17df30a9d82d36c6de1328337
aws-java-sdk-managedblockchainquery-1.12.564.jar	META-INF/maven/com.amazonaws/aws-java-sdk-managedblockchainquery/pom.xml	3642	1062	aa29bd1b	deflated	36523f8e45955181c3f3d6b8d8b0667a14d0a9911823ca4b21f963ab73f1e82f
aws-java-sdk-managedgrafana-1.12.564.jar	META-INF/MANIFEST.MF	130	108	08960c59	deflated	3361b4fae45527150983b918ea4f23f365809055f11e87101dc864076e083a81
aws-java-sdk-managedgrafana-1.12.564.jar	META-INF/maven/com.amazonaws/aws-java-sdk-managedgrafana/pom.properties	128	121	090745de	deflated	43da577b17735b489bdbe79d316eec91a791f2e0b026736ceb5ef2f60ec02b61
aws-java-sdk-managedgrafana-1.12.564.jar	META-INF/maven/com.amazonaws/aws-java-sdk-managedgrafana/pom.xml	3599	1052	b098c476	deflated	1a3c4e7f0eb5fbdc4ddd5765db00d83360a94d9240ebe9e8858b1fee8731ad98
aws-java-sdk-marketplacecatalog-1.12.564.jar	META-INF/MANIFEST.MF	130	108	08960c59	deflated	3361b4fae45527150983b918ea4f23f365809055f11e87101dc864076e083a81
aws-java-sdk-marketplacecatalog-1.12.564.jar	META-INF/maven/com.amazonaws/aws-java-sdk-marketplacecatalog/pom.properties	132	124	dd2af6da	deflated	352633bd9fba3f8a3b85449564d61fd9e6aa0e31429d704d2adeae5005c64669
aws-java-sdk-marketplacecatalog-1.12.564.jar	META-INF/maven/com.amazonaws/aws-java-sdk-marketplacecatalog/pom.xml	3610	1052	fc87204c	deflated	091988c8e5ff1f0958ea0b832c4e1ba9005a4f1aa970d5182551269c1080c6ea
aws-java-sdk-marketplacecommerceanalytics-1.12.564.jar	META-INF/MANIFEST.MF	130	108	08960c59	deflated	3361b4fae45527150983b918ea4f23f365809055f11e87101dc864076e083a81
aws-java-sdk-marketplacecommerceanalytics-1.12.564.jar	META-INF/maven/com.amazonaws/aws-java-sdk-marketplacecommerceanalytics/pom.properties	142	131	5bd9a761	deflated	3260f5dc48892bf20f540ada582198c8319da7cc02d2d56cdb738d340a11cb47
aws-java-sdk-marketplacecommerceanalytics-1.12.564.jar	META-INF/maven/com.amazonaws/aws-java-sdk-marketplacecommerceanalytics/pom.xml	3671	1065	595b6fc7	deflated	36263108c0099a6e096b3050e4f9b3eda00d35525a6588357eff5b2c735716c0
aws-java-sdk-marketplaceentitlement-1.12.564.jar	META-INF/MANIFEST.MF	130	108	08960c59	deflated	3361b4fae45527150983b918ea4f23f365809055f11e87101dc864076e083a81
aws-java-sdk-marketplaceentitlement-1.12.564.jar	META-INF/maven/com.amazonaws/aws-java-sdk-marketplaceentitlement/pom.properties	136	127	4dfe5119	deflated	4957a8d9aaa9fd87eb8e1fa2a47d2e97244e16a6947e571429dbc6c5f0b135da
aws-java-sdk-marketplaceentitlement-1.12.564.jar	META-INF/maven/com.amazonaws/aws-java-sdk-marketplaceentitlement/pom.xml	3630	1055	4e9cef98	deflated	a2c194612943f89601d7c6763233a95f096076e18fb6bb65ac9ecd0220c1ac4c
aws-java-sdk-marketplacemeteringservice-1.12.564.jar	META-INF/MANIFEST.MF	130	108	08960c59	deflated	3361b4fae45527150983b918ea4f23f365809055f11e87101dc864076e083a81
aws-java-sdk-marketplacemeteringservice-1.12.564.jar	META-INF/maven/com.amazonaws/aws-java-sdk-marketplacemeteringservice/pom.properties	140	128	198d0c9d	deflated	54b0933359917c692357d1d56dbdd1bd23eebb118812e5ba7ffff2a062fda9c8
aws-java-sdk-marketplacemeteringservice-1.12.564.jar	META-INF/maven/com.amazonaws/aws-java-sdk-marketplacemeteringservice/pom.xml	3646	1057	a77d25c9	deflated	41a7ad683d72b98673ae014a98f3ed923898866fc7bd9bc715478a8e8929d9c7
aws-java-sdk-mechanicalturkrequester-1.12.564.jar	META-INF/MANIFEST.MF	130	108	08960c59	deflated	3361b4fae45527150983b918ea4f23f365809055f11e87101dc864076e083a81
aws-java-sdk-mechanicalturkrequester-1.12.564.jar	META-INF/maven/com.amazonaws/aws-java-sdk-mechanicalturkrequester/pom.properties	137	127	8e82fd34	deflated	b71da7c90ca731b8a722248e80713d011aa52321153978a2394a8703a97f96a6
aws-java-sdk-mechanicalturkrequester-1.12.564.jar	META-INF/maven/com.amazonaws/aws-java-sdk-mechanicalturkrequester/pom.xml	3630	1056	9379699c	deflated	4cda4b1cf59e26c9537190b6336ac85d6ae2ecb8a3a10601def0875626b63a47
aws-java-sdk-mediaconnect-1.12.564.jar	META-INF/MANIFEST.MF	130	108	08960c59	deflated	3361b4fae45527150983b918ea4f23f365809055f11e87101dc864076e083a81
aws-java-sdk-mediaconnect-1.12.564.jar	META-INF/maven/com.amazonaws/aws-java-sdk-mediaconnect/pom.properties	126	119	5dd952e8	deflated	ef3bf662cdfa822331bd530301ae9838b396ff201f11e8c6cbdc55890f41ee6c
aws-java-sdk-mediaconnect-1.12.564.jar	META-INF/maven/com.amazonaws/aws-java-sdk-mediaconnect/pom.xml	3577	1047	3ea8032d	deflated	a0a650cbcc7102b81daf1a3bfc71b32f2b560eec69bf574be02bf920a748b55a
aws-java-sdk-mediaconvert-1.12.564.jar	META-INF/MANIFEST.MF	130	108	08960c59	deflated	3361b4fae45527150983b918ea4f23f365809055f11e87101dc864076e083a81
aws-java-sdk-mediaconvert-1.12.564.jar	META-INF/maven/com.amazonaws/aws-java-sdk-mediaconvert/pom.properties	126	121	3698f91e	deflated	a088b0d02d58fb0f01764f37accbdabc49d5bb2277fb236ac141a42c517a374e
aws-java-sdk-mediaconvert-1.12.564.jar	META-INF/maven/com.amazonaws/aws-java-sdk-mediaconvert/pom.xml	3607	1054	8ae99e75	deflated	703ae0bec671831ed0b09bcd3e461acfec040db11a24920c6464d9b4d9e2d729
aws-java-sdk-medialive-1.12.564.jar	META-INF/MANIFEST.MF	130	108	08960c59	deflated	3361b4fae45527150983b918ea4f23f365809055f11e87101dc864076e083a81
aws-java-sdk-medialive-1.12.564.jar	META-INF/maven/com.amazonaws/aws-java-sdk-medialive/pom.properties	123	118	97dd5234	deflated	91c5d263005dacba9040d31f59574935f8e397e6f1232dd99a079977ad4e0274
aws-java-sdk-medialive-1.12.564.jar	META-INF/maven/com.amazonaws/aws-java-sdk-medialive/pom.xml	3592	1052	dfa794e4	deflated	ba0858772d1e1dac5652f93d911ebf080fb91b7be60a9b746271d76bb8a4411e
aws-java-sdk-mediapackage-1.12.564.jar	META-INF/MANIFEST.MF	130	108	08960c59	deflated	3361b4fae45527150983b918ea4f23f365809055f11e87101dc864076e083a81
aws-java-sdk-mediapackage-1.12.564.jar	META-INF/maven/com.amazonaws/aws-java-sdk-mediapackage/pom.properties	126	119	544e7d38	deflated	a5d202c35a7f797ed5193a61ec393e1bd3a9ec289bc84daebd180bc0e9521451
aws-java-sdk-mediapackage-1.12.564.jar	META-INF/maven/com.amazonaws/aws-java-sdk-mediapackage/pom.xml	3607	1055	8b79fa3d	deflated	9fa0e31ec0fa40c85cd458e4cf92b603a48555b34512cd18cf4b48f705e0df7b
aws-java-sdk-mediapackagev2-1.12.564.jar	META-INF/MANIFEST.MF	130	108	08960c59	deflated	3361b4fae45527150983b918ea4f23f365809055f11e87101dc864076e083a81
aws-java-sdk-mediapackagev2-1.12.564.jar	META-INF/maven/com.amazonaws/aws-java-sdk-mediapackagev2/pom.properties	128	122	5dbfe5fb	deflated	3e8d4c3787ce6b2d2b462ed22d29fda22fdc6d11d175f46500f5d61bb66553f6
aws-java-sdk-mediapackagev2-1.12.564.jar	META-INF/maven/com.amazonaws/aws-java-sdk-mediapackagev2/pom.xml	3620	1058	36f1ac69	deflated	82d2525b20050811141541ac0bfb77f07f3e92f4545b1afaff0e88ce4381774f
aws-java-sdk-mediapackagevod-1.12.564.jar	META-INF/MANIFEST.MF	130	108	08960c59	deflated	3361b4fae45527150983b918ea4f23f365809055f11e87101dc864076e083a81
aws-java-sdk-mediapackagevod-1.12.564.jar	META-INF/maven/com.amazonaws/aws-java-sdk-mediapackagevod/pom.properties	129	121	a551daf5	deflated	072924bdc414d8602351dee9f0dd3bc77093a0c99722bebda0706bceac40bded
aws-java-sdk-mediapackagevod-1.12.564.jar	META-INF/maven/com.amazonaws/aws-java-sdk-mediapackagevod/pom.xml	3625	1062	8ba964fa	deflated	87cbb3c19bfcf15f2776eb0236e87c56834a4e9ac55d3247bec9e73781d8c397
aws-java-sdk-mediastore-1.12.564.jar	META-INF/MANIFEST.MF	130	108	08960c59	deflated	3361b4fae45527150983b918ea4f23f365809055f11e87101dc864076e083a81
aws-java-sdk-mediastore-1.12.564.jar	META-INF/maven/com.amazonaws/aws-java-sdk-mediastore/pom.properties	124	118	0ca9efed	deflated	bd0e61b4dd06f736073cbd1228f94931344354db92b2bf5429e0272d86fbead1
aws-java-sdk-mediastore-1.12.564.jar	META-INF/maven/com.amazonaws/aws-java-sdk-mediastore/pom.xml	3597	1050	36b8c6e8	deflated	4ef144b455a111418ba6d4a9ff0837ea8dc502bc227554f008acdda8a94e471c
aws-java-sdk-mediastoredata-1.12.564.jar	META-INF/MANIFEST.MF	130	108	08960c59	deflated	3361b4fae45527150983b918ea4f23f365809055f11e87101dc864076e083a81
aws-java-sdk-mediastoredata-1.12.564.jar	META-INF/maven/com.amazonaws/aws-java-sdk-mediastoredata/pom.properties	128	120	674e6072	deflated	218949bf38152df6c038fe2c3dd2366f99000815803657d4cc80db441135d861
aws-java-sdk-mediastoredata-1.12.564.jar	META-INF/maven/com.amazonaws/aws-java-sdk-mediastoredata/pom.xml	3638	1064	a9511bee	deflated	ab84108221297cf1e8f49a0135ad57f60ce5c53a7fca4631ac8472d200198c6b
aws-java-sdk-mediatailor-1.12.564.jar	META-INF/MANIFEST.MF	130	108	08960c59	deflated	3361b4fae45527150983b918ea4f23f365809055f11e87101dc864076e083a81
aws-java-sdk-mediatailor-1.12.564.jar	META-INF/maven/com.amazonaws/aws-java-sdk-mediatailor/pom.properties	125	118	971dfcb9	deflated	6c68703620ca5b4fe651fec0186bc9744d68a6e0b46c3e44d2e79a9bd6a42777
aws-java-sdk-mediatailor-1.12.564.jar	META-INF/maven/com.amazonaws/aws-java-sdk-mediatailor/pom.xml	3572	1046	a8f65f42	deflated	795a8f8211621e638da592e620bb97a1da518bf065d48e5ebed4995827f268d7
aws-java-sdk-medicalimaging-1.12.564.jar	META-INF/MANIFEST.MF	130	108	08960c59	deflated	3361b4fae45527150983b918ea4f23f365809055f11e87101dc864076e083a81
aws-java-sdk-medicalimaging-1.12.564.jar	META-INF/maven/com.amazonaws/aws-java-sdk-medicalimaging/pom.properties	128	122	ca30a944	deflated	8acc36b9d0782d914a33b29089268872ffff36029bbdf77a0410464db239bcc6
aws-java-sdk-medicalimaging-1.12.564.jar	META-INF/maven/com.amazonaws/aws-java-sdk-medicalimaging/pom.xml	3587	1053	2527d3bc	deflated	7163f0dbe4a712f631c271310330a02243dd4f860555c26ff825288d36635064
aws-java-sdk-memorydb-1.12.564.jar	META-INF/MANIFEST.MF	130	108	08960c59	deflated	3361b4fae45527150983b918ea4f23f365809055f11e87101dc864076e083a81
aws-java-sdk-memorydb-1.12.564.jar	META-INF/maven/com.amazonaws/aws-java-sdk-memorydb/pom.properties	122	117	e41d8972	deflated	577bb724fa094feb0c29742fde1cef298382ee8a3bfaa0bacc42097c1b519197
aws-java-sdk-memorydb-1.12.564.jar	META-INF/maven/com.amazonaws/aws-java-sdk-memorydb/pom.xml	3566	1048	27a201d1	deflated	faff1989170f4c5e3443d9bd66e94709bfa99647a9fd7870a34aae4882e35260
aws-java-sdk-mgn-1.12.564.jar	META-INF/MANIFEST.MF	130	108	08960c59	deflated	3361b4fae45527150983b918ea4f23f365809055f11e87101dc864076e083a81
aws-java-sdk-mgn-1.12.564.jar	META-INF/maven/com.amazonaws/aws-java-sdk-mgn/pom.properties	117	114	a5a62e98	deflated	410761316d3313b633538f77a65ac6efc97e329217c9cb778ff2ed50773dae92
aws-java-sdk-mgn-1.12.564.jar	META-INF/maven/com.amazonaws/aws-java-sdk-mgn/pom.xml	3574	1043	565cc348	deflated	88f759eb0985ac5ded7f56d0ea0bea42718b651d6dec7db2722197d80578a23d
aws-java-sdk-migrationhub-1.12.564.jar	META-INF/MANIFEST.MF	130	108	08960c59	deflated	3361b4fae45527150983b918ea4f23f365809055f11e87101dc864076e083a81
aws-java-sdk-migrationhub-1.12.564.jar	META-INF/maven/com.amazonaws/aws-java-sdk-migrationhub/pom.properties	126	121	b9becaa2	deflated	6338ec4e5651298c9b45bc05fa044d0c53bab404da74a5c130c459bf4ae82b8a
aws-java-sdk-migrationhub-1.12.564.jar	META-INF/maven/com.amazonaws/aws-java-sdk-migrationhub/pom.xml	3580	1045	0172df3f	deflated	6063873f3a627476b09efcfc50ce05723f8f68e8f9c2ec8042f698a6c811e352
aws-java-sdk-migrationhubconfig-1.12.564.jar	META-INF/MANIFEST.MF	130	108	08960c59	deflated	3361b4fae45527150983b918ea4f23f365809055f11e87101dc864076e083a81
aws-java-sdk-migrationhubconfig-1.12.564.jar	META-INF/maven/com.amazonaws/aws-java-sdk-migrationhubconfig/pom.properties	132	124	b5bf3194	deflated	b94b58f159b89667c44d9c05db66ff17acb7a4d33e1d9b91c8d3f7ec187cc13e
aws-java-sdk-migrationhubconfig-1.12.564.jar	META-INF/maven/com.amazonaws/aws-java-sdk-migrationhubconfig/pom.xml	3613	1052	680b07a3	deflated	90432778e05bcb9398b8995ea7f0c278aa6c5ce465ca817121c8544329bfb054
aws-java-sdk-migrationhuborchestrator-1.12.564.jar	META-INF/MANIFEST.MF	130	108	08960c59	deflated	3361b4fae45527150983b918ea4f23f365809055f11e87101dc864076e083a81
aws-java-sdk-migrationhuborchestrator-1.12.564.jar	META-INF/maven/com.amazonaws/aws-java-sdk-migrationhuborchestrator/pom.properties	138	128	765c541c	deflated	4dd655f2b40ddc5ab99ddd4e4ae2370b36eafba4bd89f0bf35d61388a263b4c9
aws-java-sdk-migrationhuborchestrator-1.12.564.jar	META-INF/maven/com.amazonaws/aws-java-sdk-migrationhuborchestrator/pom.xml	3643	1057	0f92ff28	deflated	c373fec724e30a216f326d181d80cd936e225c63ea822e52f45a129f233401ed
aws-java-sdk-migrationhubrefactorspaces-1.12.564.jar	META-INF/MANIFEST.MF	130	108	08960c59	deflated	3361b4fae45527150983b918ea4f23f365809055f11e87101dc864076e083a81
aws-java-sdk-migrationhubrefactorspaces-1.12.564.jar	META-INF/maven/com.amazonaws/aws-java-sdk-migrationhubrefactorspaces/pom.properties	140	129	e0cd630f	deflated	de019e715ef701aa2799149abe7f85c87c48821cd24235a824fef83920cf0528
aws-java-sdk-migrationhubrefactorspaces-1.12.564.jar	META-INF/maven/com.amazonaws/aws-java-sdk-migrationhubrefactorspaces/pom.xml	3656	1064	363386d5	deflated	e8e628d74b2a185c7a79b18caf93fcdd0ed23e0ea6e9166aed9548c60d21f213
aws-java-sdk-migrationhubstrategyrecommendations-1.12.564.jar	META-INF/MANIFEST.MF	130	108	08960c59	deflated	3361b4fae45527150983b918ea4f23f365809055f11e87101dc864076e083a81
aws-java-sdk-migrationhubstrategyrecommendations-1.12.564.jar	META-INF/maven/com.amazonaws/aws-java-sdk-migrationhubstrategyrecommendations/pom.properties	149	135	54503ce1	deflated	233552c50fc73bfe374a7a1de364b466902c80661b40d9f753e0148319d5cfd1
aws-java-sdk-migrationhubstrategyrecommendations-1.12.564.jar	META-INF/maven/com.amazonaws/aws-java-sdk-migrationhubstrategyrecommendations/pom.xml	3689	1067	4bf9bf77	deflated	3edc954058894cc207196165a5cd8c059351b34536b46a82676c834e34d04259
aws-java-sdk-mobile-1.12.564.jar	META-INF/MANIFEST.MF	130	108	08960c59	deflated	3361b4fae45527150983b918ea4f23f365809055f11e87101dc864076e083a81
aws-java-sdk-mobile-1.12.564.jar	META-INF/maven/com.amazonaws/aws-java-sdk-mobile/pom.properties	120	116	7a6198cc	deflated	28642df7cd373dc518a050e78aeb7c9f57056e749c3bbb8716cf54d7f8fe746b
aws-java-sdk-mobile-1.12.564.jar	META-INF/maven/com.amazonaws/aws-java-sdk-mobile/pom.xml	3547	1040	76d8d748	deflated	7eb0a7c52b2b70c7fc30d3df2c2cd5291972fb3e8b48c10ef9572095ea44e7ef
aws-java-sdk-models-1.12.564.jar	META-INF/MANIFEST.MF	130	108	08960c59	deflated	3361b4fae45527150983b918ea4f23f365809055f11e87101dc864076e083a81
aws-java-sdk-models-1.12.564.jar	META-INF/maven/com.amazonaws/aws-java-sdk-models/pom.properties	120	117	77d8287e	deflated	b97a44439874fefa8ca15d7f23f2f81921cba63dbefcd06070fbd0623ed47975
aws-java-sdk-models-1.12.564.jar	META-INF/maven/com.amazonaws/aws-java-sdk-models/pom.xml	800	395	43a509ba	deflated	7a90c830cc192e2f0bc0559ac175e1f9acd6f8253aa5d2d75ce89deac51c9649
aws-java-sdk-models-1.12.564.jar	models/AWS242AppRegistry-2020-06-24-intermediate.json	1330608	63688	b0c05a55	deflated	e032d754af6a6178675d67384b56dab290f13fd86b50a59521a9f5c06efd905b
aws-java-sdk-models-1.12.564.jar	models/AWS242AppRegistry-2020-06-24-model.json	60771	6780	0aa0cf7d	deflated	b546f14a6db593575bedbc9445031900b95b674ec676d56a402aa39bda66ee16
aws-java-sdk-models-1.12.564.jar	models/AWSApplicationCostProfiler-2020-09-10-intermediate.json	329454	18106	3204cce0	deflated	d60e1191c3516c4a1f652fb32606eb22b4d8ba6a6ee743ba347995e6863f6780
aws-java-sdk-models-1.12.564.jar	models/AWSApplicationCostProfiler-2020-09-10-model.json	17034	2794	ee010904	deflated	e9fd802d340011c864f78fe1d3168dfb999ee36566f420209a7e6714ba72c449
aws-java-sdk-models-1.12.564.jar	models/a4b-2017-11-09-intermediate.json	5398848	258828	7a46d1ce	deflated	304faf7e26e7aa83b5d4d010ff9f61a4e397db2cfbcf555007926c471f1d07ed
aws-java-sdk-models-1.12.564.jar	models/a4b-2017-11-09-model.json	213450	25262	fae24434	deflated	16e6d75d61f9da5a5eb43da4962c3f6df6619033529270499cd6918ae62df925
aws-java-sdk-models-1.12.564.jar	models/accessanalyzer-2019-11-01-intermediate.json	3275819	169590	a0569566	deflated	b46bdc7ac73f33f9a5077638416ffff98f27c3cd19015a308b2730e1dff7f769
aws-java-sdk-models-1.12.564.jar	models/accessanalyzer-2019-11-01-model.json	140474	18231	79d2fe66	deflated	d3a7b321a717da810d2330b8ea82ad4cb7906645e568a1e9ea8203f688ca93e0
aws-java-sdk-models-1.12.564.jar	models/account-2021-02-01-intermediate.json	763330	32631	014e814a	deflated	0383d00d94a7b0aeeb1f3311e34223f9e20dfc3eb35733650fcd78a100c3063c
aws-java-sdk-models-1.12.564.jar	models/account-2021-02-01-model.json	40704	4696	67608f36	deflated	4e19d2f538f419e6aaa937bf865f6518a72c4ead4efba4b788296ffb13f5d060
aws-java-sdk-models-1.12.564.jar	models/acm-2015-12-08-intermediate.json	1572306	85726	869cb131	deflated	1678377c54c591b5886c96a9f1cde7acdaf468e2acac81dfd5c0c534ad4dbe04
aws-java-sdk-models-1.12.564.jar	models/acm-2015-12-08-model.json	76955	13918	d598ee58	deflated	660c100f2f5f23e37e592e1681ac9f6a2f9a0a09b8e89b2aa566d1778f41ad22
aws-java-sdk-models-1.12.564.jar	models/acm-pca-2017-08-22-intermediate.json	2221096	115033	838cc87b	deflated	a245ef4e40987fd84f03be959b08c3262420c2cf40e7aa2ca4cb0af1da4165c1
aws-java-sdk-models-1.12.564.jar	models/acm-pca-2017-08-22-model.json	136594	23309	62a1cecf	deflated	7d2622b15137075f2897047e75f03b21823f435b5bf779edbd1d9bfdecf908de
aws-java-sdk-models-1.12.564.jar	models/amp-2020-08-01-intermediate.json	1239597	63263	4d3b34c1	deflated	5add7ffbed435870f25861579cc2f4ff3237fcd917b105f9689b3a44edfbb26f
aws-java-sdk-models-1.12.564.jar	models/amp-2020-08-01-model.json	57835	5173	a37c8b76	deflated	fbab64eb2485c9e175a9bfae9a23ea0fbd215a200c37fc2374ff836c04c629f1
aws-java-sdk-models-1.12.564.jar	models/amplify-2017-07-25-intermediate.json	2912450	141871	75113f3a	deflated	569340724be5c9c8418a29cb3295d88c1290e76fa75f692ae44a69f4d03f5830
aws-java-sdk-models-1.12.564.jar	models/amplify-2017-07-25-model.json	120688	12978	4a7115c1	deflated	0fdec5c12d9a3ab8dae1a6521b1adcf88df7059a0a272033a51241cc69de3deb
aws-java-sdk-models-1.12.564.jar	models/amplifybackend-2020-08-11-intermediate.json	2722143	114153	17cf0a32	deflated	5554d374d8668f7ae6516f6b0591764d40d1bfd0276e6e2f548e85ce167e8b48
aws-java-sdk-models-1.12.564.jar	models/amplifybackend-2020-08-11-model.json	161973	10957	ffc7bc80	deflated	aea155e331718a235863ed8b3b9b9f4a9dceae90231f181573163b0da738ff23
aws-java-sdk-models-1.12.564.jar	models/amplifyuibuilder-2021-08-11-intermediate.json	3885985	194482	4315b406	deflated	4945f464f2aa14cb479891a6087d67fc810e46b2aa472ac09f57f5aae5a485fe
aws-java-sdk-models-1.12.564.jar	models/amplifyuibuilder-2021-08-11-model.json	127956	15256	82d05dfb	deflated	a62a386ec32a044308da23b69c9042dc7edda641416e5a74ea5afe1efa42fab8
aws-java-sdk-models-1.12.564.jar	models/api.ecr-2015-09-21-intermediate.json	3779535	180305	121fcfd4	deflated	5628265fc3f5cb547f25286e21204890bfa27f6c88718ba85b105bf97906b3cb
aws-java-sdk-models-1.12.564.jar	models/api.ecr-2015-09-21-model.json	157118	19586	2fe94079	deflated	b2586e5022ee354301f3ee9d9ab430cc174271188c38c29d25b7b7647768efee
aws-java-sdk-models-1.12.564.jar	models/api.mediatailor-2018-04-23-intermediate.json	5091271	263890	6fbd32be	deflated	a27944a5c2fa5bc2daba8247ee861f9d20cf0debb1deb0be94316567de3665b7
aws-java-sdk-models-1.12.564.jar	models/api.mediatailor-2018-04-23-model.json	181523	19766	f9e25d88	deflated	1794a37c44f4a54dd4084a36d041f04c56cce54487c1316e20785af72a126ba1
aws-java-sdk-models-1.12.564.jar	models/api.pricing-2017-10-15-intermediate.json	470545	26754	5787634d	deflated	8c6794537e0ec691ffc6e07c67cbe923aca0f9257df40a01d531b983002e0d14
aws-java-sdk-models-1.12.564.jar	models/api.pricing-2017-10-15-model.json	23726	4126	0b7fbc81	deflated	5d16d7313bad932fb619c287568d7f4c739baf8ba5c10b93380313954f1e44b7
aws-java-sdk-models-1.12.564.jar	models/api.sagemaker-2017-07-24-intermediate.json	44694038	2190971	4a8a945f	deflated	ea9c76219a045a7f6487e7e93f6de6256f6fea40f8a57bd8c544e6a3c4843530
aws-java-sdk-models-1.12.564.jar	models/api.sagemaker-2017-07-24-model.json	1697289	253857	20910c24	deflated	941877f543c8db2bbeead1edbd8f90fcbab2ddbcdec05561f77989fcfa2ae6aa
aws-java-sdk-models-1.12.564.jar	models/apigateway-2015-07-09-intermediate.json	12973681	666269	910c571a	deflated	184a114ff0b2f1272128d152c45f532f487e1389767b4e8231da131e32c7be6b
aws-java-sdk-models-1.12.564.jar	models/apigateway-2015-07-09-model.json	308498	37149	991e3fb7	deflated	db40cad4e1c44cbb5ad9487973c68b8036cd7e539a73484d139b26246f70db62
aws-java-sdk-models-1.12.564.jar	models/apigatewaymanagementapi-2018-11-29-intermediate.json	88953	7071	1bec91d5	deflated	dc5ef36e38f7190c5e125189563d8730e237f597317761eb17ae097732ba5ada
aws-java-sdk-models-1.12.564.jar	models/apigatewaymanagementapi-2018-11-29-model.json	7498	1389	1b68b092	deflated	82819c7f4a185ffe7b7268886af436d98abf364d9928688b15345c93dcaef62c
aws-java-sdk-models-1.12.564.jar	models/apigatewayv2-2018-11-29-intermediate.json	9069568	446794	6128005c	deflated	91d91629625d950b0a76540b5a4f2009c3d80dee2fd06c7d6598c4f47fd9429b
aws-java-sdk-models-1.12.564.jar	models/apigatewayv2-2018-11-29-model.json	461298	40495	f8d7e416	deflated	a934767f42331cc26fbc0c48434c5ea0a522e2cd0084c326508df27b9a920bb6
aws-java-sdk-models-1.12.564.jar	models/appconfig-2019-10-09-intermediate.json	4203153	218208	3c265440	deflated	6d0304eddbe3997b3ead211d9fa5e199899d9b56dc6d4b6562cd24836acba019
aws-java-sdk-models-1.12.564.jar	models/appconfig-2019-10-09-model.json	128229	16509	cfe34eb1	deflated	88b6f2af50127fff18c1f7a131f829331f32b82170dcc525f653eb979d968360
aws-java-sdk-models-1.12.564.jar	models/appconfigdata-2021-11-11-intermediate.json	213388	13964	4bacd65a	deflated	813bffcf2d8cac901b5fdc7b44da7f342672271e97edbb3c62632e2e6aff4484
aws-java-sdk-models-1.12.564.jar	models/appconfigdata-2021-11-11-model.json	14648	3081	429dd441	deflated	9e7bbb7e65ff714fef8bbc80aed1325e60463bf1005b6c2c9b95cef02e1ef5f4
aws-java-sdk-models-1.12.564.jar	models/appfabric-2023-05-19-intermediate.json	1840047	85514	251a547b	deflated	2b09df97e4b06f9699e6cb54ff083aa1a095f834c753dc4ee4933e8cd1683555
aws-java-sdk-models-1.12.564.jar	models/appfabric-2023-05-19-model.json	86773	8568	97bcfd2f	deflated	60a5c9f210eb05d10a50eedb098107d2aecef80449efd2a0c4f6dad7dc6a753f
aws-java-sdk-models-1.12.564.jar	models/appflow-2020-08-23-intermediate.json	6167365	295760	84b1396d	deflated	4a32c2a03af8d32f7224cb6a5e25b877c51eebe024c4009746938d02969b7ce0
aws-java-sdk-models-1.12.564.jar	models/appflow-2020-08-23-model.json	236019	32809	a346cc3c	deflated	1ac5441ac94129762baa2e40a6d7e83c437a3ee0bee14d026b68776be3147900
aws-java-sdk-models-1.12.564.jar	models/appintegrations-2020-07-29-intermediate.json	1413785	75261	f6dbb0f3	deflated	87813a4c59a51a5577be26a3f447cf6a5a295b46f6618b00e7358a29123adf9b
aws-java-sdk-models-1.12.564.jar	models/appintegrations-2020-07-29-model.json	55113	5268	2baccf52	deflated	8753933e866347deefb6bc39acb539d8e9c8e2e2081b8659bc85f815e7a3463d
aws-java-sdk-models-1.12.564.jar	models/application-autoscaling-2016-02-06-intermediate.json	3846037	176606	847c8522	deflated	380dbae4022038e8e1fe557750b2b9ae3e63c41a988f3d387cb464cec9a35fca
aws-java-sdk-models-1.12.564.jar	models/application-autoscaling-2016-02-06-model.json	193007	19097	a411d644	deflated	7fac78564d26b9ad6ff9b61f357627032ddfc292bfabf4b47bd9a702a7ebd9b0
aws-java-sdk-models-1.12.564.jar	models/application-insights-2018-11-25-intermediate.json	2320904	109325	b807fe3a	deflated	fb7da8ad63a6a3e76846d7ee898e9d8116da616d3dfa80e9b3ec7f2ee5862d4a
aws-java-sdk-models-1.12.564.jar	models/application-insights-2018-11-25-model.json	93449	11971	19fc683b	deflated	e45a712aef22fc7783c336507ce02871e190cb3040738bdb390e3b06586771ca
aws-java-sdk-models-1.12.564.jar	models/appmesh-2019-01-25-intermediate.json	5467332	257856	f5aa7451	deflated	28aba4b81eb231e60e9f8e6e0692db3c807dc47cf4697f5c12951775a68b7bc7
aws-java-sdk-models-1.12.564.jar	models/appmesh-2019-01-25-model.json	239784	23285	61eb7bb2	deflated	bb152b22df5f555498a4eb68a5d9de2839a7c3d0b2cf67d90d3a98b3a77095dc
aws-java-sdk-models-1.12.564.jar	models/apprunner-2020-05-15-intermediate.json	3178986	150047	f95c22b0	deflated	27eb240abce96fac3224ea3d0e8d63fa0abc07cad3c8c830ec36bf0aae6bd6da
aws-java-sdk-models-1.12.564.jar	models/apprunner-2020-05-15-model.json	145255	19447	f6901a04	deflated	1e806771ca2dbd46d1def56df7815e43eb4ee1f3b8182003955d219f12f1336c
aws-java-sdk-models-1.12.564.jar	models/appstream2-2016-12-01-intermediate.json	5842709	282340	519c6837	deflated	5e227575c6f60d9db9ac62ae45941c969478d924bbdbcab4f15c810a2353ea1f
aws-java-sdk-models-1.12.564.jar	models/appstream2-2016-12-01-model.json	226089	29230	27787fde	deflated	e90fbaa4f74b70e0382ffbd90ec14637abbd34f9a936de3c538098253b12f0d6
aws-java-sdk-models-1.12.564.jar	models/appsync-2017-07-25-intermediate.json	4045508	191790	9a9d3521	deflated	36497c8cc0e1181bee1b9c1856d4ea475dc58fb085c0200d3523130bd608422a
aws-java-sdk-models-1.12.564.jar	models/appsync-2017-07-25-model.json	170648	20445	5550c9c6	deflated	fa1c44653966ee16d45b5883eef5ae573afa03ee07e1d84351087a4859db4916
aws-java-sdk-models-1.12.564.jar	models/arc-zonal-shift-2022-10-30-intermediate.json	738172	35861	3253eef2	deflated	9b033d081aa40afef96d6ecc36f4993632ce11a134ab2d53d95c684d2c65ac76
aws-java-sdk-models-1.12.564.jar	models/arc-zonal-shift-2022-10-30-model.json	32573	4532	8e7ddadf	deflated	3a9b0bbfdab983cf6ba93d48ee70ff24ba95da45e2c40ae5efe5acfb6cedd24f
aws-java-sdk-models-1.12.564.jar	models/athena-2017-05-18-intermediate.json	4999035	227553	a83789e0	deflated	af418bc58423143483075343c479a5c42537dc77a80183fcac25119f959b5123
aws-java-sdk-models-1.12.564.jar	models/athena-2017-05-18-model.json	212364	28531	67a943c8	deflated	f593ca8640e780006bec356972ea3058ea20c042e671936d24f78285eb4c5c88
aws-java-sdk-models-1.12.564.jar	models/auditmanager-2017-07-25-intermediate.json	5075290	243299	f53f3b22	deflated	19c553ca5673dda49f028bbd89843e045646bfe21e4adce4e2e44d96a2c22570
aws-java-sdk-models-1.12.564.jar	models/auditmanager-2017-07-25-model.json	216773	25939	567aed2d	deflated	85eaf8e0ac6ab702e2097defc556695c86c9f7ef517ea4c3a061d3e092969b94
aws-java-sdk-models-1.12.564.jar	models/autoscaling-2011-01-01-intermediate.json	8156637	385876	e6c66cbd	deflated	dc83bd314b32a6270af5c2ea19b56adce9c5a87dc71ceda339dd2712b6de94a0
aws-java-sdk-models-1.12.564.jar	models/autoscaling-2011-01-01-model.json	363681	55713	5c214b5b	deflated	8d4e2bfde3c78d90bfaaf99458c1a766aa57de3668979f6885203f990db4ad55
aws-java-sdk-models-1.12.564.jar	models/autoscaling-plans-2018-01-06-intermediate.json	1172038	61840	e05f6196	deflated	cbf7c96ef3f746ca16fdc1f102beeadf1501a1744b02d03273c967cc8afb1c54
aws-java-sdk-models-1.12.564.jar	models/autoscaling-plans-2018-01-06-model.json	54480	9051	6f947b06	deflated	455c0046efb8d39d7c26e0c70da1387876d46a1224e1a919b91418bc7c4aa9ae
aws-java-sdk-models-1.12.564.jar	models/backup-2018-11-15-intermediate.json	7429676	354246	975bc702	deflated	ca3b55b4e8d44e06f9e2368e76823406e0f90d9ae69ceec92d9fdacb4fc0c7e8
aws-java-sdk-models-1.12.564.jar	models/backup-2018-11-15-model.json	297760	36347	6922b208	deflated	1faad8532d000ab43669eddba285f3b5bbcfa916bf43dcafa67a313e8cb2943e
aws-java-sdk-models-1.12.564.jar	models/backup-gateway-2021-01-01-intermediate.json	1385999	66133	669537ef	deflated	7e2bbbc9fae381b61aba211f6ddc3b5618edc035eb04a241a1eba77c027df23f
aws-java-sdk-models-1.12.564.jar	models/backup-gateway-2021-01-01-model.json	60896	7340	0f785d2e	deflated	d68fe74184776bf92492bb8db01397df1a6860f3eec59886fd68c18ca456eeac
aws-java-sdk-models-1.12.564.jar	models/backupstorage-2018-04-10-intermediate.json	583251	30146	537da553	deflated	efc00f9e18b3bdc9d721d2430fb8252fc51fc2fe23c0f7096153f38d4bb4304a
aws-java-sdk-models-1.12.564.jar	models/backupstorage-2018-04-10-model.json	27643	3251	3708f7c9	deflated	d498d5c038692b8e896fcf2989b079e4a84af9b2df2afdcfc8f2779fa825d77e
aws-java-sdk-models-1.12.564.jar	models/batch-2016-08-10-intermediate.json	7122905	338432	588a7fce	deflated	3f0f2355a370d6b9fafb55e1d550531bd7bae91f00483d3ff9c1d9289b2dd655
aws-java-sdk-models-1.12.564.jar	models/batch-2016-08-10-model.json	281988	43452	ee6f9b1f	deflated	b5af497aa8e5e5c935d5a3442fbbf8cf6fccc80982a4eb27002540eec487e4cd
aws-java-sdk-models-1.12.564.jar	models/bedrock-2023-04-20-intermediate.json	1610262	83145	e5c71b74	deflated	1c3469b298f578af0bfccfeee44fc480e26b0e9a41128ab50945bf7d8c144213
aws-java-sdk-models-1.12.564.jar	models/bedrock-2023-04-20-model.json	70506	8124	6d7bcb48	deflated	f5f64b3da332bf3ba82abfb8e2590866647dfe2fcd668779255d63d7fbe6c36d
aws-java-sdk-models-1.12.564.jar	models/bedrock-runtime-2023-09-30-intermediate.json	93086	7311	59247b97	deflated	ea2e9330fe19e1d3afbc67d4155fb0a766294d52baa8d6e1c920ac7a9b0667f7
aws-java-sdk-models-1.12.564.jar	models/bedrock-runtime-2023-09-30-model.json	12760	2154	c7cd0a23	deflated	e36f620589f2c37e45445b189983a8aec3116b714a52c4a660155e514886cfa7
aws-java-sdk-models-1.12.564.jar	models/billingconductor-2021-07-30-intermediate.json	3023869	145326	4a3c661b	deflated	679b53c9a85d79eef0fc9af9f03befc1cf69cbcdf1825d013b9a1379805b5eab
aws-java-sdk-models-1.12.564.jar	models/billingconductor-2021-07-30-model.json	121086	14241	6960d7e6	deflated	fe2c001f8aabc6a9686ce73d27adaff40ffe1247932df5a8ebd749b2d8559a20
aws-java-sdk-models-1.12.564.jar	models/braket-2019-09-01-intermediate.json	1460739	76855	ef469705	deflated	944eec8385178a0dc5ea093efdde73c9b1386c3a63baa7152e7a86b783db2b1b
aws-java-sdk-models-1.12.564.jar	models/braket-2019-09-01-model.json	59158	7880	2e0700a0	deflated	8c70507228532d2241fec57205efd9b155141e7c88a664ba708b59a946e48575
aws-java-sdk-models-1.12.564.jar	models/budgets-2016-10-20-intermediate.json	1953624	94792	cb3f5f26	deflated	27f37a06ef81968a41851aabde593dd19ee3ab87c32ca86411249435be40333d
aws-java-sdk-models-1.12.564.jar	models/budgets-2016-10-20-model.json	84666	11817	60074bd6	deflated	6ca00fdf7dd5048d5efd8b66e2cc181ef93383c80792fa39d733738968c63792
aws-java-sdk-models-1.12.564.jar	models/ce-2017-10-25-intermediate.json	6934317	336372	3c0e1f8d	deflated	a6c8733f6c8045cd1e7f1719a76672c92c05ca9ff5445da31abf41231de4ab23
aws-java-sdk-models-1.12.564.jar	models/ce-2017-10-25-model.json	262998	37323	3b42830a	deflated	48ff5f18788ad63049beaad158999fc00de0be56db425c5a1578c2f5e7d685c0
aws-java-sdk-models-1.12.564.jar	models/chime-2018-05-01-intermediate.json	9665624	433135	43870c6f	deflated	3ba167b31b3bb563d3544adb22cdf235b39ae2219cde4eb067143b288c3fcf91
aws-java-sdk-models-1.12.564.jar	models/chime-2018-05-01-model.json	562255	51844	40860aa6	deflated	6c6cfeb7d505f049ec2710204a8ac5f8d309826bc6526e7d6e40d601eba3001d
aws-java-sdk-models-1.12.564.jar	models/chime-sdk-identity-2021-04-20-intermediate.json	1665196	72647	5d0ac994	deflated	31a4bb82ff6f0d2bdbbbe8d1c05c433d26e4d461589334ff42fe1fa57f2d42ac
aws-java-sdk-models-1.12.564.jar	models/chime-sdk-identity-2021-04-20-model.json	80477	8078	d32ab7b0	deflated	2ba89ddb494a2fec19a3b44e21b3f946f5222f480008e7102bf03f510d695fec
aws-java-sdk-models-1.12.564.jar	models/chime-sdk-media-pipelines-2021-07-15-intermediate.json	3557838	163579	49c1c542	deflated	e5fdd0e7fda04cdcb8b9d2e8fa58d722c6dc4424a90631ad1300bcf6ea7fd7a1
aws-java-sdk-models-1.12.564.jar	models/chime-sdk-media-pipelines-2021-07-15-model.json	145944	16557	e1c7262e	deflated	5b6859458a0c6ce00faf8ea33e3aebb4fd82b02e48ec2b2060558fc8adc02bc0
aws-java-sdk-models-1.12.564.jar	models/chime-sdk-meetings-2021-07-15-intermediate.json	1565472	75548	e0aa3f8e	deflated	fb29fe233e9b78c7d17a1ce08ab7dc288b2fac4bc12c4083343bf3ab60158988
aws-java-sdk-models-1.12.564.jar	models/chime-sdk-meetings-2021-07-15-model.json	77139	10145	f82941cf	deflated	4c09393bbebf5715f7609340a93057de46476ec372bad0905deb2c595ba39991
aws-java-sdk-models-1.12.564.jar	models/chime-sdk-messaging-2021-05-15-intermediate.json	3553720	166259	f34ae08c	deflated	0c0b09c7b65b329f77522b84b2afdf6443ac0e654976db35350112473020cc11
aws-java-sdk-models-1.12.564.jar	models/chime-sdk-messaging-2021-05-15-model.json	166184	16180	a742b0c0	deflated	e0a0dcf0ee3828d06e65b6930ea1a288126553b48b4680fdb485fa5c8de84ca7
aws-java-sdk-models-1.12.564.jar	models/chime-sdk-voice-2022-08-03-intermediate.json	4491716	210812	692b74c6	deflated	a8cb980d6033d02ef74223b1c1ade8fcb9e2a875503141fe70cea81284df382f
aws-java-sdk-models-1.12.564.jar	models/chime-sdk-voice-2022-08-03-model.json	217018	21513	83ed4c9d	deflated	67631af9787f8308890296985ef45d9d990984eb287e1feb0ddc88e499d16a35
aws-java-sdk-models-1.12.564.jar	models/cleanrooms-2022-02-17-intermediate.json	3877100	183257	a77696d4	deflated	af16ba2fbf0e1c41c35d533c1cf36d8c7320a7dfe48001f05efcb02c7eb1ad5d
aws-java-sdk-models-1.12.564.jar	models/cleanrooms-2022-02-17-model.json	160874	16223	db895e5d	deflated	e553f05ca2e1b7277e3692aa2b734c3e133487577e9307dc0952bfe1297d9726
aws-java-sdk-models-1.12.564.jar	models/cloud9-2017-09-23-intermediate.json	799162	40460	a935d6cd	deflated	30ce7f9fc81e877e9d4347d9ed4cd4051902e85e678b3b0d2e1b77aff254c133
aws-java-sdk-models-1.12.564.jar	models/cloud9-2017-09-23-model.json	39830	5884	6ce71f90	deflated	6351d1991158bf346a470de16eb0aeaa1851f7319b830a8f59ea4a906b473389
aws-java-sdk-models-1.12.564.jar	models/cloudcontrol-2021-09-30-intermediate.json	838507	40329	be99f059	deflated	50afbcc8ff8fc10e6a1add0ba888c6d37652367975632081b3ea1a4e2013850a
aws-java-sdk-models-1.12.564.jar	models/cloudcontrol-2021-09-30-model.json	48785	5863	b102b864	deflated	d71ea77337aaf8314e232c7b78f825abc40d59c1cccc42e7262a1e3657329108
aws-java-sdk-models-1.12.564.jar	models/clouddirectory-2017-01-11-intermediate.json	5444587	260746	1f4722b7	deflated	5226a1f1b9ff9eea7d1bd2405c64ff1c876b522ce35e5a891f3645af3def28f3
aws-java-sdk-models-1.12.564.jar	models/clouddirectory-2017-01-11-model.json	236443	23841	4adacf2e	deflated	324532e0c6f9f45ef92c3b7f02fc87de1957ccbb33902a76cf5297981f7e389b
aws-java-sdk-models-1.12.564.jar	models/cloudformation-2010-05-15-intermediate.json	10742084	504351	481385dd	deflated	30b824f909e1e12a42aaf78982f44926d9c3f9f6276b25a8834b18351aaabda0
aws-java-sdk-models-1.12.564.jar	models/cloudformation-2010-05-15-model.json	465012	66004	54c31996	deflated	fce133714356615c89ba236aa7d266c8331999ba17f0742e3fffdc97bc9cf775
aws-java-sdk-models-1.12.564.jar	models/cloudfront-2020-05-31-intermediate.json	10478432	464440	ca642619	deflated	c25f26ccae3a56986a83d48ba1dc304a8370821d5554574649d0dc943e2a08ca
aws-java-sdk-models-1.12.564.jar	models/cloudfront-2020-05-31-model.json	574201	67500	bfa94da9	deflated	f4f1e48783c582d7941cc11906aa14638f32e56624b7ac6039310798cd4cae7a
aws-java-sdk-models-1.12.564.jar	models/cloudhsm-2014-05-30-intermediate.json	901136	43980	32725e99	deflated	afc6b8ea2e157a9aba4c9ed65a94a00d536171c7c21171da08c320530b583763
aws-java-sdk-models-1.12.564.jar	models/cloudhsm-2014-05-30-model.json	56254	5523	123170fa	deflated	4e334ca3399a4a58d952a683957ff12f28f5fbac0249dd428ebe4d259df8171e
aws-java-sdk-models-1.12.564.jar	models/cloudhsmv2-2017-04-28-intermediate.json	1017831	52533	b3be040e	deflated	8a2f809601b51cd0f271b14eeded2dd638ab037f261a8ba4d47a28b4ed4ea052
aws-java-sdk-models-1.12.564.jar	models/cloudhsmv2-2017-04-28-model.json	44006	6006	7865a229	deflated	1ef7aeeb96f1c5f32d16ec28c31d7268d0033ad0dfaf0ed1a8fae144a39d4034
aws-java-sdk-models-1.12.564.jar	models/cloudsearch-2013-01-01-intermediate.json	1783074	83835	0101dc01	deflated	40cf1830199f25dd2824d36fc4688f0033da1b105157b5afa0dd4fe8d1dacf8d
aws-java-sdk-models-1.12.564.jar	models/cloudsearch-2013-01-01-model.json	96766	12051	e5f2157c	deflated	9ed8e79bfe9d001f0561bbc62a6c2a6605de3427a07ded0753dbe89d5ef95628
aws-java-sdk-models-1.12.564.jar	models/cloudsearchdomain-2013-01-01-intermediate.json	937895	47686	6b0d1b82	deflated	839b132d66a12ddfea5858efb9826aa36e18062004792e6616d2fafd426d6765
aws-java-sdk-models-1.12.564.jar	models/cloudsearchdomain-2013-01-01-model.json	43605	9059	51fa05f6	deflated	61eb750c611d3c518d027718554be4a362558141fc2a5d1a6726d7ab5c4fbdc6
aws-java-sdk-models-1.12.564.jar	models/cloudtrail-2013-11-01-intermediate.json	4930071	248974	b21f605a	deflated	fdf1f63f18177802ace8007c5e4842d8644a1fdd0de83bd000f634f20683fd8e
aws-java-sdk-models-1.12.564.jar	models/cloudtrail-2013-11-01-model.json	236199	33229	29812445	deflated	9410b2c2db751a584dc790d6d8dc1f4cb883a131a97ada6c4134d246f614af65
aws-java-sdk-models-1.12.564.jar	models/cloudtrail-data-2021-08-11-intermediate.json	154314	10546	ff98ebef	deflated	b306b6658bdf2f0df29d7d81c20060f4b4103372954e9a5c0256dfcc17ad469c
aws-java-sdk-models-1.12.564.jar	models/cloudtrail-data-2021-08-11-model.json	8459	2132	d52900df	deflated	41c352ea177300df06c834d002c7c7f0e37aecd5f0a3e0ceb3e20c81f75373a6
aws-java-sdk-models-1.12.564.jar	models/codeartifact-2018-09-22-intermediate.json	3646850	173599	45156408	deflated	acb65b6ad55fcbf581d1cd19607dda88261f09b93934ea31f2fcc93ad96b684b
aws-java-sdk-models-1.12.564.jar	models/codeartifact-2018-09-22-model.json	173484	19091	8517c011	deflated	57ab39f54efa8d2bf9b22fb14941c9f73a3d2893377dd7bc4965ea052a08d24e
aws-java-sdk-models-1.12.564.jar	models/codebuild-2016-10-06-intermediate.json	6493275	307736	0ee5c84b	deflated	277cc7dc23670634c39891fc408e88effb87415bff1a3256f855cf58f0ede35f
aws-java-sdk-models-1.12.564.jar	models/codebuild-2016-10-06-model.json	231966	33946	0cabe261	deflated	26ba6990c72663eaa3eb5a1175a4a639f7ec6ca892e31b8eef86fe4c126718d3
aws-java-sdk-models-1.12.564.jar	models/codecommit-2015-04-13-intermediate.json	6793458	327264	313593dc	deflated	79f149e06ce468ef6c2e3f6ea5ac7a8d28107885c59c0cd127b3ce4fd0b73caf
aws-java-sdk-models-1.12.564.jar	models/codecommit-2015-04-13-model.json	348179	40043	ba0b8117	deflated	d6f3b8ba7310d0f1a0e529ae31a974a22a07583fd75caa4b540d402df3fa61e8
aws-java-sdk-models-1.12.564.jar	models/codedeploy-2014-10-06-intermediate.json	4915878	240137	85aabd68	deflated	bb0efd0813b20fd5559f151c1b13571f9b4b381b18602c0118f0b61cbd34512f
aws-java-sdk-models-1.12.564.jar	models/codedeploy-2014-10-06-model.json	222645	30246	7c2e5ea4	deflated	e3b066576d847b95238472c280e27a20f9438b07909fc89d2d73f7fb60161238
aws-java-sdk-models-1.12.564.jar	models/codeguru-reviewer-2019-09-19-intermediate.json	2053149	98135	256b4eb4	deflated	f032cccc62819daaeafc69c983e0f279ce82a79e53cd94a2449df2761ad1644e
aws-java-sdk-models-1.12.564.jar	models/codeguru-reviewer-2019-09-19-model.json	90782	11729	213ac0f6	deflated	116b81ad98ee98f7af9969b4125b59461fb8cab942fc0bc2348f10790adc2ec8
aws-java-sdk-models-1.12.564.jar	models/codeguru-security-2018-05-10-intermediate.json	1344547	68759	a401dd47	deflated	71948e4a2ed3b01bafee5f7f0fbe28ff315a9c58e654676c2dc16602aac051a6
aws-java-sdk-models-1.12.564.jar	models/codeguru-security-2018-05-10-model.json	54057	7686	29561499	deflated	6751594b7d6d82b806b3fec66ecf30e5c060905976d03e4584ccd4162d5e4fd6
aws-java-sdk-models-1.12.564.jar	models/codeguruprofiler-2019-07-18-intermediate.json	2067213	108817	d7a3b501	deflated	e44d6d0314fde54c3bb5d977c7d5a45cd8b7c59371704b689070a0da99f721dc
aws-java-sdk-models-1.12.564.jar	models/codeguruprofiler-2019-07-18-model.json	103037	14559	f93db661	deflated	6f0b631a27b05cc7161be74d5861bcc7ddfc6691f3a0012abdca7a21c89a1fb7
aws-java-sdk-models-1.12.564.jar	models/codepipeline-2015-07-09-intermediate.json	3945807	194359	39cc0281	deflated	dd63496bb713f6e0a868d1d2bdf706a1215db0d6e07965717f9dec0c5e34455a
aws-java-sdk-models-1.12.564.jar	models/codepipeline-2015-07-09-model.json	174312	25767	3d21f681	deflated	000242a9b276d543efc2aedd2f76c2033b234f5a27b912fa5e5bca9245e35dad
aws-java-sdk-models-1.12.564.jar	models/codestar-2017-04-19-intermediate.json	1204616	56684	decf25a0	deflated	c0e1a462dcf6565d2d7953d4563da45ef3b14ed0854ab32eb5bb8c3327a50bdc
aws-java-sdk-models-1.12.564.jar	models/codestar-2017-04-19-model.json	55261	7032	b5e87157	deflated	10d9e262fb4688345c4322bc8695ed7ffa86d25bae36382838c5d7e261e0bf3b
aws-java-sdk-models-1.12.564.jar	models/codestar-connections-2019-12-01-intermediate.json	615939	31936	0d501abb	deflated	f1575ffd611f58af41c845092df05d57216c469196a7e5e1f442fa015e6fc27f
aws-java-sdk-models-1.12.564.jar	models/codestar-connections-2019-12-01-model.json	29362	4465	7a536429	deflated	98545b40841ffaf7bba87261c2be2bd5d52a360e4ecea6d25e44cc0f2d010e4e
aws-java-sdk-models-1.12.564.jar	models/codestar-notifications-2019-10-15-intermediate.json	847572	43947	a82c193f	deflated	2b0639db90f64f1247d01cf78a4cbb5fe52b214234c301de2034119ebf738eb5
aws-java-sdk-models-1.12.564.jar	models/codestar-notifications-2019-10-15-model.json	38290	5495	0d69a5af	deflated	8fdc4311b35aaf409b15a043109bf0ddcd89228704b8519ecd9d08d91f6e7d88
aws-java-sdk-models-1.12.564.jar	models/cognito-identity-2014-06-30-intermediate.json	1804064	94705	4994c78f	deflated	6c76b0c8f692f86b196f2910b7ada5d9b7cecffecc09d08333a750f94d82da5a
aws-java-sdk-models-1.12.564.jar	models/cognito-identity-2014-06-30-model.json	69663	10007	9cf9f2e3	deflated	d24ae3d1d761054b69bf991f2e2c6657b216b2b64b56fd16d5b9f0e0cdcc671d
aws-java-sdk-models-1.12.564.jar	models/cognito-idp-2016-04-18-intermediate.json	10164185	489527	e447870f	deflated	f22c25e1dd78f37f3b6d75e699723fb47e192615a83a2e95676468dfa7e6e6b6
aws-java-sdk-models-1.12.564.jar	models/cognito-idp-2016-04-18-model.json	528515	70113	9f446967	deflated	254f10ffdf523a502d837f5961066ad14b46891a82af07db42ea451c2b2e01b1
aws-java-sdk-models-1.12.564.jar	models/cognito-sync-2014-06-30-intermediate.json	1060642	51570	c4567ad7	deflated	a375feacd51eac3ad817b0ce283d8279f8e8e9f55618261a2e9ce3a3d8c80fba
aws-java-sdk-models-1.12.564.jar	models/cognito-sync-2014-06-30-model.json	59424	7283	967ead60	deflated	549ca305b0b852c85b4efc5b782b9b65c3a00164096535ec813e74e5be7cdf94
aws-java-sdk-models-1.12.564.jar	models/comprehend-2017-11-27-intermediate.json	9121374	440969	d2f4991a	deflated	46f5be01ff8ef2d313fbb0a5e094fa50460e66c07d91ebc16db1c6bbfd3e27db
aws-java-sdk-models-1.12.564.jar	models/comprehend-2017-11-27-model.json	363791	41406	d71d3f40	deflated	0a832b90688cdddd6c1345456c5a1708d41b0408ca00f92df866e9b3d7de2644
aws-java-sdk-models-1.12.564.jar	models/comprehendmedical-2018-10-30-intermediate.json	2311405	115219	f5031fc7	deflated	0907c39fa78ecc1287d553fcc5ee42047cf74ec56c2b8e48611cf51a984b88cc
aws-java-sdk-models-1.12.564.jar	models/comprehendmedical-2018-10-30-model.json	92653	10237	ef22a8bb	deflated	dc80adb92f5734f0ac13136d789987a05dc60b4a456432c7c536bb45d6632619
aws-java-sdk-models-1.12.564.jar	models/compute-optimizer-2019-11-01-intermediate.json	5904910	283758	922b3960	deflated	45643c270b0c4f9e31e1e09cde9f77dc2125958a5169931a3ea97da8a147cc79
aws-java-sdk-models-1.12.564.jar	models/compute-optimizer-2019-11-01-model.json	248432	30819	3c59ce19	deflated	0fe588ddbe123a65770f9fca8fcbff61cdc812cac474f766adbf242df8dd633f
aws-java-sdk-models-1.12.564.jar	models/config-2014-11-12-intermediate.json	9008041	432548	34012fa3	deflated	9b4d54133735cda52c0e63f7e6ba16e5f39cff56bcf1e8ae8782aa885b2c8d53
aws-java-sdk-models-1.12.564.jar	models/config-2014-11-12-model.json	419420	56658	05275478	deflated	57cc703c6cfa0ef329182eb144fa2af1a77bf72c735cab8a88ca6618cd12206f
aws-java-sdk-models-1.12.564.jar	models/connect-2017-08-08-intermediate.json	17283489	813077	0da3ce2c	deflated	d00736208ee2fe5cb067d17fc4c6dcf399477b42d6c84d26f6b6e024e5e2227d
aws-java-sdk-models-1.12.564.jar	models/connect-2017-08-08-model.json	747563	81669	a1b803d9	deflated	a1729ac7813e97dc141019f65ad190ed294ef0733d561761fe9d2c4d0ce8f26d
aws-java-sdk-models-1.12.564.jar	models/connect-contact-lens-2020-08-21-intermediate.json	241404	15360	5f5f75f3	deflated	806b3af51e13f334eb7c1db243fde8bdf8c078db11a440bb4ee0171ccb793795
aws-java-sdk-models-1.12.564.jar	models/connect-contact-lens-2020-08-21-model.json	11742	2465	f5968b03	deflated	a33108121a24366c2d485a35dc3f6ec7980d8d19219ae35b0e24d02e3dbc678a
aws-java-sdk-models-1.12.564.jar	models/connectcampaigns-2021-01-30-intermediate.json	905136	41538	8ee0070f	deflated	39c68485e8bdfc3844068ae3a60c4dd68aee046e879fb367c7e1d8eb5af82db2
aws-java-sdk-models-1.12.564.jar	models/connectcampaigns-2021-01-30-model.json	44050	5180	078e08ef	deflated	4f6b8813eee3f710aa2dee22d273a21f2db23b3504e423127632a653d7b9040b
aws-java-sdk-models-1.12.564.jar	models/connectcases-2022-10-03-intermediate.json	2215098	110236	24693469	deflated	3fea2dfc2d518e54e2d76acc20c79366e50bb470cac5aef24d572e395e7cee1e
aws-java-sdk-models-1.12.564.jar	models/connectcases-2022-10-03-model.json	96025	10825	04fb8cec	deflated	fe1d8bf4311df28183130af2e1aec1c509f1f175b77989f5cf99fe8414326b4f
aws-java-sdk-models-1.12.564.jar	models/connectparticipant-2018-09-07-intermediate.json	820174	43711	9f06b1bc	deflated	dbf886cecc3e5e05544b4d089c488f5d6d75dda332ddebf2fd040840a9dbfb17
aws-java-sdk-models-1.12.564.jar	models/connectparticipant-2018-09-07-model.json	41445	6367	0df3c7d0	deflated	b9171705cafb9f35c54f25512e7fd3a16e61b26de5df213f441039d6ad93398f
aws-java-sdk-models-1.12.564.jar	models/controltower-2018-05-10-intermediate.json	215204	12946	099e36cd	deflated	e149c2b004d2e76bacafa189815b53a1cdc6d7950f9a2f529f98eecfbc71ba42
aws-java-sdk-models-1.12.564.jar	models/controltower-2018-05-10-model.json	16394	3368	872b60cf	deflated	7a5c522c1a61db0cb25f5ff99734d0e657dedfcb0c1dc64c303a7ecee5bbd88b
aws-java-sdk-models-1.12.564.jar	models/cur-2017-01-06-intermediate.json	212818	13955	b2ae886d	deflated	48d3dd5d170f66ad78ba5792fcd28aa52f3a67dcc1b8289e281097590dc9b90f
aws-java-sdk-models-1.12.564.jar	models/cur-2017-01-06-model.json	12782	2834	89a02fde	deflated	54f820936c99a69cbfb12857a46b048ba9fe0399dba180d941cb2a140ab92715
aws-java-sdk-models-1.12.564.jar	models/customer-profiles-2020-08-15-intermediate.json	6197700	311835	d8b5c803	deflated	bdcc6b59a95da09302d037ef645c9c3ca9e85de6250c20f47c5609ad0a995a14
aws-java-sdk-models-1.12.564.jar	models/customer-profiles-2020-08-15-model.json	235549	29749	1d9b2ea6	deflated	a49911b5823dbb7f4136705d2f03297fd6d7dab79c14dc85f79add6883990609
aws-java-sdk-models-1.12.564.jar	models/data-ats.iot-2015-05-28-intermediate.json	413011	24782	1fab59a2	deflated	94bf6bab48fe7270fd21b7cebcf5e03deeb301d140a3276760df606a4ce54869
aws-java-sdk-models-1.12.564.jar	models/data-ats.iot-2015-05-28-model.json	26736	4238	73e61b5a	deflated	b250d74d0f0ee7eb0c92fc51c2006299e302e6361050b5f78db73825925e23e1
aws-java-sdk-models-1.12.564.jar	models/data.jobs.iot-2017-09-29-intermediate.json	440470	25852	6b91b20f	deflated	d77e8e8afce552970a2bcbabf4be7c1fd0cacb13aa0284c7ee3ec2a5b6443d11
aws-java-sdk-models-1.12.564.jar	models/data.jobs.iot-2017-09-29-model.json	20210	3418	edfeebd4	deflated	67f0f5591df4ac68fcc3b1040b523c2641669a66e507e747bdb968f4ba717bae
aws-java-sdk-models-1.12.564.jar	models/data.mediastore-2017-09-01-intermediate.json	407440	22466	f3863372	deflated	632e6d90f2149cea935569bf249b2910b3a9cfdbd44834a588c3ef93e7a1a1cc
aws-java-sdk-models-1.12.564.jar	models/data.mediastore-2017-09-01-model.json	20678	3724	f7f8c4ad	deflated	d66304a7085fe4e626b8df2b0be0661e90808e0d2b833ad46aa4f39edc779682
aws-java-sdk-models-1.12.564.jar	models/databrew-2017-07-25-intermediate.json	4701361	243733	d9ec0f6a	deflated	b047537eba24473277d17df2223ea6085b54bab69bff9c951f49910d0810ca9d
aws-java-sdk-models-1.12.564.jar	models/databrew-2017-07-25-model.json	159504	20237	6d9c301c	deflated	74b737ce8c417a9d1792dda19a593827fe93ea85e94326772fe541377281b001
aws-java-sdk-models-1.12.564.jar	models/dataexchange-2017-07-25-intermediate.json	3611888	170509	a964fc66	deflated	93cd825686362f872cceb47c7d62e480e965a7085e0e050adae704bc088b0af2
aws-java-sdk-models-1.12.564.jar	models/dataexchange-2017-07-25-model.json	131284	13312	958c0c47	deflated	070fed6931f53a60c7097d79f486ea956bf7b858c40146f8f573cddba8ba6a54
aws-java-sdk-models-1.12.564.jar	models/datapipeline-2012-10-29-intermediate.json	1340221	70372	e42f648a	deflated	026dd12df6d21285e0369f3b544c5bbb625838916cadcd90ab12bceda923b7d6
aws-java-sdk-models-1.12.564.jar	models/datapipeline-2012-10-29-model.json	59913	9554	5763f5c7	deflated	de3603f15f35a52e0ebac968b91bed29a30c5d80205380563315eed3b9d1d733
aws-java-sdk-models-1.12.564.jar	models/datasync-2018-11-09-intermediate.json	6128623	309230	bef2ae1e	deflated	0ac83f4d5a4cbd9f9fdd21f9e3e90a000c1a1149273054928491a991bbf82d2f
aws-java-sdk-models-1.12.564.jar	models/datasync-2018-11-09-model.json	240608	36781	52900af3	deflated	008eb398c585f8a109a3f20b2f0dd1beb9a2f51ef52a1c33e509b4daa09d225d
aws-java-sdk-models-1.12.564.jar	models/datazone-2018-05-10-intermediate.json	13174970	617245	c9c01681	deflated	6e2951c0567e13a2a0f904c26a381c5c88b1af2d76c18d0f5f063346395b0ef2
aws-java-sdk-models-1.12.564.jar	models/datazone-2018-05-10-model.json	463200	35868	ecbbaeda	deflated	62d38e18aab8745ec9a85e85c526f660c192e526f172eab89f2db247a25a51ff
aws-java-sdk-models-1.12.564.jar	models/dax-2017-04-19-intermediate.json	1684879	87922	369fa723	deflated	c5deb977278d164dfe5d7c538812fceb3262cdb55a29598457bf9e65a09a0cd3
aws-java-sdk-models-1.12.564.jar	models/dax-2017-04-19-model.json	68163	9713	3328ec16	deflated	6e03e19502d3fa011c09ca88a56a2648d76fd0247fdf76bd4631a6dd90e9082e
aws-java-sdk-models-1.12.564.jar	models/detective-2018-10-26-intermediate.json	1346282	68845	540cb5dd	deflated	f3a2faebc0d5062a25de8f97513353d5e3e35ab763d432c96fdc1a37e004b519
aws-java-sdk-models-1.12.564.jar	models/detective-2018-10-26-model.json	65345	9103	c7bee9d7	deflated	6978c5908de425ea234f6a9b266dd0da8c2051fe49eec219e83d879b8e818f96
aws-java-sdk-models-1.12.564.jar	models/devicefarm-2015-06-23-intermediate.json	5943890	282025	90c84549	deflated	912cae09733e6e27a60464e235c7c8c364af41f5a3e591c8981cda63b310f655
aws-java-sdk-models-1.12.564.jar	models/devicefarm-2015-06-23-model.json	238621	31150	dd1c25ae	deflated	0e2b1a0836e9737be8ce015a11c6f927948a0014c12c6282d7c4936e9058c544
aws-java-sdk-models-1.12.564.jar	models/devices.iot1click-2018-05-14-intermediate.json	546113	29379	b5e1d0a9	deflated	cfb8dc9ac670d1e26922d812c808c0b51357d5f88e4af2c1d82bffa9cd473a65
aws-java-sdk-models-1.12.564.jar	models/devices.iot1click-2018-05-14-model.json	33798	3781	d2d29db6	deflated	a5d833c68bbcb82f26aa529f4b95bb9004af6588070540efb97b8ecc9a8f1aca
aws-java-sdk-models-1.12.564.jar	models/devops-guru-2020-12-01-intermediate.json	4969545	241797	8d6f8bbf	deflated	cdf2a7245d2e81e3e960c156815b73655f4d5116c44d75e599e7a4823bbf5cf8
aws-java-sdk-models-1.12.564.jar	models/devops-guru-2020-12-01-model.json	208213	25007	e3dee015	deflated	e8f671f2dc3565caf9617d715962db9c4472618ad972db4562a054deb918072f
aws-java-sdk-models-1.12.564.jar	models/directconnect-2012-10-25-intermediate.json	7979893	383930	3f500f08	deflated	e1b299a9a847922d6ba41c73cfa255a36a85edb9516d965e82a242c1e041ef04
aws-java-sdk-models-1.12.564.jar	models/directconnect-2012-10-25-model.json	178759	19841	f35e6782	deflated	ec2f4fba45380b47f6fc4163f025ca5b73f2b5489da2d8c23b1066c78440e573
aws-java-sdk-models-1.12.564.jar	models/discovery-2015-11-01-intermediate.json	2327682	118774	de142a02	deflated	9a3c5b1dfee3fbeae771221eb8354c5e6cdc96da11bdf3251511be0ea7afd08d
aws-java-sdk-models-1.12.564.jar	models/discovery-2015-11-01-model.json	102320	17116	30a61d94	deflated	c913afc0f1de4195dd5323ef1087a5808fa8fadc332cc3bb26eac4c48cb9c2c3
aws-java-sdk-models-1.12.564.jar	models/dlm-2018-01-12-intermediate.json	1305719	68610	831160a1	deflated	fcc2e30761f8f425839180717566b8b3e281bd075647f0536a53cf5bbb0b882e
aws-java-sdk-models-1.12.564.jar	models/dlm-2018-01-12-model.json	53148	8587	38da62a8	deflated	6fb6e1ecadc2a1eacf07d09ac3273032dcb5426726d0d1730344c5aa1b6c45e0
aws-java-sdk-models-1.12.564.jar	models/dms-2016-01-01-intermediate.json	14846736	682654	b099166b	deflated	e5b088d112c7b560dc4b51e81596296cacc262d54b6e50bc483ffe15b4daf771
aws-java-sdk-models-1.12.564.jar	models/dms-2016-01-01-model.json	549405	75544	1709cc7b	deflated	817b926caf3699a0be2aeb2e25655f933f70edc043c2395a8de9fe3cc1aebbf9
aws-java-sdk-models-1.12.564.jar	models/docdb-2014-10-31-intermediate.json	5462587	274416	b1ff871c	deflated	dcc163a3b79db0dbdbdb606895ffc1d1c1b4d7c44b675d821ebf30cebbff9794
aws-java-sdk-models-1.12.564.jar	models/docdb-2014-10-31-model.json	231769	30283	e021f9ee	deflated	96dcb5d5d060f5ff242a69612caac8312a7730b2560d8c96e0c0de4a68afaa8f
aws-java-sdk-models-1.12.564.jar	models/docdb-elastic-2022-11-28-intermediate.json	958118	49914	fd6ff03e	deflated	99913ddbcc01fac65a59ab0451188f121df50a3ccb15a726fc4db1c67a1981a4
aws-java-sdk-models-1.12.564.jar	models/docdb-elastic-2022-11-28-model.json	39463	4696	840abf97	deflated	e03b7ce2b3de75e167f7b3f3ec233ebb8f6a1607f3ff4bd9682c101aee8992f7
aws-java-sdk-models-1.12.564.jar	models/drs-2020-02-26-intermediate.json	5300035	264550	857a4078	deflated	d6f5339d72422b765d800816aa5aa55421378c6ee73c178296d257f42f232689
aws-java-sdk-models-1.12.564.jar	models/drs-2020-02-26-model.json	169112	19784	2626c1a3	deflated	3b4a71aab0e8891a7bdb71030a61d7ef9f09819cf331ca2ddf0382eb50449521
aws-java-sdk-models-1.12.564.jar	models/ds-2015-04-16-intermediate.json	4432941	211931	50d528c8	deflated	e79150424f9df45d80f5b6cd21e9cf4510209f37fc9e3b054d1804731ce55504
aws-java-sdk-models-1.12.564.jar	models/ds-2015-04-16-model.json	200275	25505	922f28c3	deflated	fc3d61bd9020547f95db2169da4e09584014e0b0af21962f00556a020dcfff04
aws-java-sdk-models-1.12.564.jar	models/dynamodb-2012-08-10-intermediate.json	10252585	511692	b93d5a73	deflated	76ba6f73ecfb904b2a90dca9b420987a3c81872886622c7176e17b8508582015
aws-java-sdk-models-1.12.564.jar	models/dynamodb-2012-08-10-model.json	446083	73714	8f872b2d	deflated	1eaa0471f11e5d3f948a0337f6a0ad4e134ae9cb5b9a1f06a54b9f744a672a84
aws-java-sdk-models-1.12.564.jar	models/ebs-2019-11-02-intermediate.json	758670	40406	ae4f6094	deflated	232662afd53e57b4923a9b60d154a505cc7b75a6e6a58644f566c7ed468b2046
aws-java-sdk-models-1.12.564.jar	models/ebs-2019-11-02-model.json	40655	6338	7bb34de0	deflated	4aa6eed712c75552ef0672efe64bdee75795fb03243351d99f040def2b53cf6a
aws-java-sdk-models-1.12.564.jar	models/ec2-2016-11-15-intermediate.json	69208062	3275607	605b1b4e	deflated	9ab4f8be324cf4d863fc79f5e31bd281023fd03beb1e9aeb1291b71afb84d645
aws-java-sdk-models-1.12.564.jar	models/ec2-2016-11-15-model.json	2901932	357887	a99b394c	deflated	2eedf594bec1da1fc78aa2a1ca4850564013a1d1fd7a18e9893c1e604f379bf4
aws-java-sdk-models-1.12.564.jar	models/ec2-instance-connect-2018-04-02-intermediate.json	120449	9110	5461fc0c	deflated	4e05d1e7efe1b66c60b860f3e08a50787dbf9c01ed6e0e18e6ecdd68f65acc6a
aws-java-sdk-models-1.12.564.jar	models/ec2-instance-connect-2018-04-02-model.json	9678	2037	8518e65a	deflated	ee848e8b93884a20153a3016dea61fe47ded0a4e20b09859108633bd330f588c
aws-java-sdk-models-1.12.564.jar	models/ecr-public-2020-10-30-intermediate.json	1841477	89646	9a9166b3	deflated	74ef4818abd7a035c4ee7f735c947ee9de6a0727a90077408962db20e6882806
aws-java-sdk-models-1.12.564.jar	models/ecr-public-2020-10-30-model.json	83643	10661	f8888c97	deflated	270c155adc4c859c9dfd65f152b79663c4a7d37e50e87e963091ea91194dcfc5
aws-java-sdk-models-1.12.564.jar	models/ecs-2014-11-13-intermediate.json	12662204	610040	be8ace74	deflated	d55e9014d41aee6ded757a9a489c0a35a894691e25cee5ff8382305fd4e15d12
aws-java-sdk-models-1.12.564.jar	models/ecs-2014-11-13-model.json	538427	87406	65c7ba1d	deflated	d6cde630b7e1573881f791fb4c7206ace1edb8c181b59f9bdd8136e77f2f3e54
aws-java-sdk-models-1.12.564.jar	models/eks-2017-11-01-intermediate.json	4540830	223268	cc316cd4	deflated	9470b685106faf45625c3ec3e711275667efe5a5de2603c33c88ecfb7255b3a2
aws-java-sdk-models-1.12.564.jar	models/eks-2017-11-01-model.json	188247	26825	9d61d9a0	deflated	d687ab9c39cb2a0d4370c0567acf38a3746b2a0feda32365e741d5e9742f0888
aws-java-sdk-models-1.12.564.jar	models/elastic-inference-2017-07-25-intermediate.json	396146	21053	711282a9	deflated	d80b5d79f42e89e4fca1f9ecf3ebd3109a9b9a4ef99f775b2d36519ab7e12c5e
aws-java-sdk-models-1.12.564.jar	models/elastic-inference-2017-07-25-model.json	21309	2992	dc8bd8f6	deflated	31497b60b04104018e73eeeb475473ffb08789592da8a879b9d171e88e62f7e6
aws-java-sdk-models-1.12.564.jar	models/elasticache-2015-02-02-intermediate.json	9570918	473753	4fe8d224	deflated	db600c6d46e00ae8412bc440e52477068a1a51c4b2d54677984ebd4c2dafee2b
aws-java-sdk-models-1.12.564.jar	models/elasticache-2015-02-02-model.json	387231	51110	111630cf	deflated	157f5f15a677e93628872f35a6ba9c229fba78b986626ba0a595d1ab656f8e05
aws-java-sdk-models-1.12.564.jar	models/elasticbeanstalk-2010-12-01-intermediate.json	5688729	280167	c97570a0	deflated	51ba08dc4c5677d52772f382aa3e639547946f0f3afca1c17cf111ee7ca00fe2
aws-java-sdk-models-1.12.564.jar	models/elasticbeanstalk-2010-12-01-model.json	194813	27713	0338c7ba	deflated	629de0692b0e4b03016c084925b19b9a716c30429d4b2c7e439d20e02efb41d5
aws-java-sdk-models-1.12.564.jar	models/elasticfilesystem-2015-02-01-intermediate.json	2748196	145200	1d9a668b	deflated	d623588ef79eaa247836e5fb1b69ede8690791710e20eb0cedb8276b26cbf39e
aws-java-sdk-models-1.12.564.jar	models/elasticfilesystem-2015-02-01-model.json	132933	21893	cb39015d	deflated	1ff85b1228d331d209c62ac872d846d7d7df9aa1a30122d131e115007d814149
aws-java-sdk-models-1.12.564.jar	models/elasticloadbalancing-2012-06-01-intermediate.json	1993819	94688	bbda2005	deflated	0566e07a9d868e68a5469e7e6068b77bfa6854e8d667b1b3a6eae1528679b97d
aws-java-sdk-models-1.12.564.jar	models/elasticloadbalancing-2012-06-01-model.json	97940	13172	9895ca01	deflated	01b1d4437a1f979e3d4a6885f99ca4ce62dcc59ae1ed14de5a3d4e607b27d707
aws-java-sdk-models-1.12.564.jar	models/elasticloadbalancing-2015-12-01-intermediate.json	3944951	186121	17a1eca1	deflated	3b2d6a8fc05a45debc008ed52e1c1597c788728ee81d04eb3ae52b0fcdd89e60
aws-java-sdk-models-1.12.564.jar	models/elasticloadbalancing-2015-12-01-model.json	170201	23652	520cb94f	deflated	4d031ba6e5f29e2d083cff3c3ba9e616a3c2426e42a87d497bb5bfaa24d44bb0
aws-java-sdk-models-1.12.564.jar	models/elasticmapreduce-2009-03-31-intermediate.json	7466347	362587	c546f39d	deflated	372aaab3bb9270a637f0ece5da1f55b4104d11e3bfa39733d6394b7651b50199
aws-java-sdk-models-1.12.564.jar	models/elasticmapreduce-2009-03-31-model.json	280063	43547	5d4d28b8	deflated	44a54a4a8f21a7380f11e78b5c753e05545b3b8cc8c3dc47ad6879e20830c24d
aws-java-sdk-models-1.12.564.jar	models/elastictranscoder-2012-09-25-intermediate.json	4483868	199634	14fdfd86	deflated	654138d4385aa04ffd338acfdb79aa08a39ab5fac7d1a09b25047ef41749e0d3
aws-java-sdk-models-1.12.564.jar	models/elastictranscoder-2012-09-25-model.json	201124	35458	31d6a950	deflated	ac4b99390a11d19b0ec617d7f0a4f84877511d4794e45069ed111d8e3fd6383a
aws-java-sdk-models-1.12.564.jar	models/email-2010-12-01-intermediate.json	4421147	217782	89b252ba	deflated	c5762d12626895d05479aeab7fe9a854f5c7ab22d69e9f871e0c8e90bd148f5b
aws-java-sdk-models-1.12.564.jar	models/email-2010-12-01-model.json	268792	35598	561bfe25	deflated	a54c855b6ff5f4eaded9a10f0f00a2138639b23b6e6cc9cfb35cb8c8bd68cca0
aws-java-sdk-models-1.12.564.jar	models/emr-containers-2020-10-01-intermediate.json	1779049	91172	db9760bb	deflated	915dace9f9646a8b19a0205f3b581533dbfb5044522696c94a71bf9269d177ab
aws-java-sdk-models-1.12.564.jar	models/emr-containers-2020-10-01-model.json	74574	9341	1c24c329	deflated	d3d6f30ba4ac1f4547b8a7c51f1bb2daac8bd487dbf20d060d44f15bd79bb497
aws-java-sdk-models-1.12.564.jar	models/emr-serverless-2021-07-13-intermediate.json	1690461	87474	afb63f52	deflated	a50f4491e9fbe2ac97cde29166a1742eefbb24a94e135ae6f555beb91592e864
aws-java-sdk-models-1.12.564.jar	models/emr-serverless-2021-07-13-model.json	67935	9524	70a5f5c1	deflated	3ab2b3ef795066c3d88e833b4f88dc43edbb29b298a81ae5fc2e286a5c9efa8e
aws-java-sdk-models-1.12.564.jar	models/entitlement.marketplace-2017-01-11-intermediate.json	184167	12486	70e7b257	deflated	c76ff8c78591077730d7878ccecc55f48b39d11019aee98e29c022a48e3b7383
aws-java-sdk-models-1.12.564.jar	models/entitlement.marketplace-2017-01-11-model.json	8475	2036	f590409b	deflated	2ad15a09fcbfecd91d90c875c2440f67d03348e1617d4dc371d35449eccb4765
aws-java-sdk-models-1.12.564.jar	models/entityresolution-2018-05-10-intermediate.json	1330095	70563	234af652	deflated	3d3be085728fe07dd1db5632fda7c72a0d4e6e26e2cc6539f43c1f9fe252b72b
aws-java-sdk-models-1.12.564.jar	models/entityresolution-2018-05-10-model.json	57854	7435	cc1fa27f	deflated	39b3153cb81ce8fe63222c7ec96bbaec7c38839ad1cf5c2c8fc7d6015ecc83b1
aws-java-sdk-models-1.12.564.jar	models/es-2015-01-01-intermediate.json	4758135	228259	a19a789b	deflated	ee7b1ef899ec1be2d5be51fd10d7f745ed282ae31d37245a07d799db8ffd4850
aws-java-sdk-models-1.12.564.jar	models/es-2015-01-01-model.json	213004	28316	c816eeb2	deflated	2d971b2872aab4103a54e9c7aa780ce3a7db1661d4479a24bd35ca6429eadb76
aws-java-sdk-models-1.12.564.jar	models/eventbridge-2015-10-07-intermediate.json	5128797	248938	aedd0b29	deflated	095b6d701f2fe1992542247a8ea1853d14d4a208f71a98ecfb66f1f0673e2f1b
aws-java-sdk-models-1.12.564.jar	models/eventbridge-2015-10-07-model.json	219751	32000	f6cb9e3f	deflated	3f2f52e6f3f52ed2233322a02946e690fdf5e1d973aa54f241fbb0bc04b2c96b
aws-java-sdk-models-1.12.564.jar	models/events-2015-10-07-intermediate.json	4493375	215267	dc7f9ab7	deflated	8c7e2c4073a986f05042c17ce3957c2fefbd652c33d813d780fb81d96c2756fd
aws-java-sdk-models-1.12.564.jar	models/events-2015-10-07-model.json	195189	28272	a5d66940	deflated	1659df0f827cbb5f01557996df8ebfe75db28acbf74b7d96f7c530af8f24a5c4
aws-java-sdk-models-1.12.564.jar	models/evidently-2021-02-01-intermediate.json	3930503	199375	dc4a129b	deflated	806fe2ccc29488449dad9d2f81b03a4708cce21ce6f590dda01adf8479ab9484
aws-java-sdk-models-1.12.564.jar	models/evidently-2021-02-01-model.json	165834	20382	478b74f2	deflated	e1dc518ad5fcaaf0da2de2bb89760dc09530130270f362647fbb5257edd3cd58
aws-java-sdk-models-1.12.564.jar	models/finspace-2020-07-13-intermediate.json	2809144	131268	a4d16094	deflated	19810a2735d37cc6e4155244b73023b36a4bf003324809912dca249b4b37dfc4
aws-java-sdk-models-1.12.564.jar	models/finspace-2020-07-13-model.json	119250	14370	cf927e56	deflated	d036f612244cc13fc189110b08a63650e1c963b610cf687b23998174cb9e5d7c
aws-java-sdk-models-1.12.564.jar	models/finspace-2021-03-12-intermediate.json	3749116	183434	9842d6c1	deflated	3546ef3a85a451a728c44b7fb5d6ac9fa2a14f011f35f45839df9a78f6b8e2e7
aws-java-sdk-models-1.12.564.jar	models/finspace-2021-03-12-model.json	146461	16618	845ca53a	deflated	a1b7f2c162b582dd5b6309c3c7b28e1058ef17009baa98666cb20b8d393fda2c
aws-java-sdk-models-1.12.564.jar	models/firehose-2015-08-04-intermediate.json	4511843	213859	8ca6c58c	deflated	80dead39d0c79203c7f61863f3ce9636379e39fc861e26fe35783264ee6e4b41
aws-java-sdk-models-1.12.564.jar	models/firehose-2015-08-04-model.json	195831	27795	8e8b02c4	deflated	a46a80177cb6e64254646c83283d424d6d08cffaaa64612818717d5e7058f9b0
aws-java-sdk-models-1.12.564.jar	models/fis-2020-12-01-intermediate.json	1892614	96058	bf6e59c8	deflated	a2981fbd6a69ac50bf2ad01a4315116f174d201b967bf581beaeacf55c455fd8
aws-java-sdk-models-1.12.564.jar	models/fis-2020-12-01-model.json	66658	6348	c7d9e25d	deflated	4039ce48e5fd79ab7238963ab59ffa42b264858582e85783f5912b7e5d01ceca
aws-java-sdk-models-1.12.564.jar	models/fms-2018-01-01-intermediate.json	5710377	248815	41de1756	deflated	4afe4af054ba4e510150eb2181bfb09e4b79ccd80ff88cef9125242659d01c85
aws-java-sdk-models-1.12.564.jar	models/fms-2018-01-01-model.json	222329	29963	68245dd5	deflated	bf1ceca6334ec4a7629569f521d94aa53e782fbfe73e5deb2b2dcbdf72b2f181
aws-java-sdk-models-1.12.564.jar	models/forecast-2018-06-26-intermediate.json	7169827	356172	4ac67d03	deflated	da7d400508e9aca2e355526d2d56e8f7d79c526c292d7a9742192d18f4cbda01
aws-java-sdk-models-1.12.564.jar	models/forecast-2018-06-26-model.json	310389	40061	d06a81e7	deflated	8ac869f43114f3540183ab12a57bdac00753f8a23af499a6c6f43dc7f3c39c50
aws-java-sdk-models-1.12.564.jar	models/forecastquery-2018-06-26-intermediate.json	190565	13521	2c2a8538	deflated	c2c5fe904a66fb662868603b2fb162d16b693d6a9b2ccc0060d6db20168c2402
aws-java-sdk-models-1.12.564.jar	models/forecastquery-2018-06-26-model.json	9572	2127	3db982ef	deflated	76219b75cda435ab049538d69d959b7d2a52a13ed069aa126ab5315a8648bf7c
aws-java-sdk-models-1.12.564.jar	models/frauddetector-2019-11-15-intermediate.json	5567140	266333	a9c310f9	deflated	7ec6ec1f62fc6eebe0a5c1f912658fcb392b85bae88ec7c44c2d91b67332542c
aws-java-sdk-models-1.12.564.jar	models/frauddetector-2019-11-15-model.json	205589	24297	07868352	deflated	114d5d7bad57b9fa7a8018c7c6333e5e775b33724496220c8f71cdfdacfab00d
aws-java-sdk-models-1.12.564.jar	models/fsx-2018-03-01-intermediate.json	9183031	462163	2d0a0969	deflated	054732bc6765c6fb799ce05ec423cd11a3c5f06ae44ae684f975576312e96f96
aws-java-sdk-models-1.12.564.jar	models/fsx-2018-03-01-model.json	396327	66171	603ae425	deflated	54c610c46f159e3fb102227b496e543a985998c4c8529a8e292aa503724cdb21
aws-java-sdk-models-1.12.564.jar	models/gamelift-2015-10-01-intermediate.json	10207114	523506	45668c81	deflated	6e656d606e36e8c5c9abf49a7ab6979ffef22d15355c3e4def99f60ae9ba8bf1
aws-java-sdk-models-1.12.564.jar	models/gamelift-2015-10-01-model.json	537579	87020	fa7a5f34	deflated	849903c3ac89867a89a19991969ece1b345b7cff87fbce07df070e31d008e2ff
aws-java-sdk-models-1.12.564.jar	models/gamesparks-2021-08-17-intermediate.json	1771641	83726	89073230	deflated	1dec0406102e97ce78900375b0443b4d602e6e9b9a88241a578456cd5e3f2637
aws-java-sdk-models-1.12.564.jar	models/gamesparks-2021-08-17-model.json	80357	7918	061520ac	deflated	a9cd519da6fbcf738e728f994a4a643c8f5a29638839d2b095c3431eb5de584f
aws-java-sdk-models-1.12.564.jar	models/glacier-2012-06-01-intermediate.json	2786512	137034	d140920f	deflated	15b34ed61cad67e00bd6f5be6fb0144178a8aa56e48967a19f7c8a40da74b822
aws-java-sdk-models-1.12.564.jar	models/glacier-2012-06-01-model.json	155214	20880	1cccbdda	deflated	bb92ea30f655fcbc1114e9cc9eebc1672b791fb04be9fd3d7a9472f14b9e6669
aws-java-sdk-models-1.12.564.jar	models/globalaccelerator-2018-08-08-intermediate.json	3257466	164223	7578eafb	deflated	bf0ec76945982865585c6f00afee4cd0164583bf5f1af912ffd8b1b04d0a529f
aws-java-sdk-models-1.12.564.jar	models/globalaccelerator-2018-08-08-model.json	154446	19119	15722178	deflated	cb472a321817144d35109185ae22945ba838221cb59f9946dbfa9f4a31d3f985
aws-java-sdk-models-1.12.564.jar	models/glue-2017-03-31-intermediate.json	24815176	1212393	905e9da8	deflated	e519c2e157f8001987a7c25251599bfe67ad92fe3f8331de5183d96574cf7c4f
aws-java-sdk-models-1.12.564.jar	models/glue-2017-03-31-model.json	865778	118856	0d5074da	deflated	5456c472df2e67b71f9383479e6f5ecaea0351f62b26adcbb6d4cf484b3b5499
aws-java-sdk-models-1.12.564.jar	models/grafana-2020-08-18-intermediate.json	1945147	99444	89208bec	deflated	d021e01467fe72a2e75523d3c2251d4918da54d361f35ef5709ac4dd308083d6
aws-java-sdk-models-1.12.564.jar	models/grafana-2020-08-18-model.json	85097	12407	8bb961b6	deflated	ecfec1a9324068111e0cf5b0bf72754b34420336a60e541caf5c49ee5c1f7efe
aws-java-sdk-models-1.12.564.jar	models/greengrass-2017-06-07-intermediate.json	5241631	243877	05222ed9	deflated	f17ba51debe9df2fce67196b22b687bca7b04b85e32cec5e78d6030b4b9443f4
aws-java-sdk-models-1.12.564.jar	models/greengrass-2017-06-07-model.json	216808	17108	5443ccf8	deflated	50bb3e73eb92ae206e44d66910677837565e104404d5f59ec96873250fbc607b
aws-java-sdk-models-1.12.564.jar	models/greengrassv2-2020-11-30-intermediate.json	3093576	157544	5e13ba02	deflated	6c4c6b8f62e524e5472c77b15ca75e408d6a8d4dcf4bd64300c54659dd9bb0e0
aws-java-sdk-models-1.12.564.jar	models/greengrassv2-2020-11-30-model.json	143746	19527	591aaafe	deflated	56aea40ee4371e3b2d06cfc35746ef6ab416447eae1a7166ab2d80ddf6566c5f
aws-java-sdk-models-1.12.564.jar	models/groundstation-2019-05-23-intermediate.json	3061515	155451	c7f7fff9	deflated	a3df04436ccf109edbf47390967dfd49ddd9070c68053a82a9a2f246ca9379a6
aws-java-sdk-models-1.12.564.jar	models/groundstation-2019-05-23-model.json	109969	13364	209785cb	deflated	500dec9f16e41f3d521f476e4f61cd226cf51ed3b6054825e57840dc71014c0d
aws-java-sdk-models-1.12.564.jar	models/guardduty-2017-11-28-intermediate.json	7866525	379058	4cce10c6	deflated	32ec361f75de51819119852408eaae43a5d7eec4af1f2d6e40d3fc14bee8e3c3
aws-java-sdk-models-1.12.564.jar	models/guardduty-2017-11-28-model.json	321313	38826	33fecb1f	deflated	a2746c80ce49ac25baf9a9a86c7b5c894c18cdc73df94099c7c189c6e9de76af
aws-java-sdk-models-1.12.564.jar	models/health-2016-08-04-intermediate.json	2037312	102740	8935253d	deflated	3fc3a7aa1ac7eaac0f21e41070a3ecb850ad2053ad8732b64bff7a2d460a3272
aws-java-sdk-models-1.12.564.jar	models/health-2016-08-04-model.json	85756	10125	778da4c2	deflated	35cf24ea85d1a680b34fcb6b3f3ed2e58ca764d1f5d8191c63925f87fd9dbd4f
aws-java-sdk-models-1.12.564.jar	models/healthlake-2017-07-01-intermediate.json	1015811	49057	d5f9107d	deflated	dfd8579334d6987ff7424874a252d998d63e107eb058f16aacc008b84c682532
aws-java-sdk-models-1.12.564.jar	models/healthlake-2017-07-01-model.json	42751	5893	05949fd1	deflated	a5c924becbab3800522247e95bd7cab5bd440dbbdd02e709e8b7c450be2e1e37
aws-java-sdk-models-1.12.564.jar	models/honeycode-2020-03-01-intermediate.json	1790312	94494	d819319b	deflated	a638285b237878c0ada21ffe47b8c2243281f1b492ea80cee780056f132b0ca7
aws-java-sdk-models-1.12.564.jar	models/honeycode-2020-03-01-model.json	80141	11884	6f95e31b	deflated	f49acb58af678b5aeb8a3346c84aa0ac74c0c0a642e2bb7a10c351711fd2589f
aws-java-sdk-models-1.12.564.jar	models/iam-2010-05-08-intermediate.json	11765896	553256	88e7a6f0	deflated	c161d7081760ed761d1f6a134336a61385e5769fd4a4a3294d7ebacf38a3f4b4
aws-java-sdk-models-1.12.564.jar	models/iam-2010-05-08-model.json	629092	69578	ce6f6d5e	deflated	88e5bd2cf0b5d6bcb2f71ba8cd471ac35781ad3602e0abdf3def99fca4e7d932
aws-java-sdk-models-1.12.564.jar	models/identitystore-2020-06-15-intermediate.json	1703142	75070	f099b709	deflated	76d7378a4ea159294837b9e792e0eb9aafe7e6e3b262c289823cb432306e6230
aws-java-sdk-models-1.12.564.jar	models/identitystore-2020-06-15-model.json	71488	7318	86f5bcd5	deflated	2c4c09906e40ac22e9689d8de0c09d7c9a3c16f57057fc223d9943e1f84648dc
aws-java-sdk-models-1.12.564.jar	models/imagebuilder-2019-12-02-intermediate.json	7060539	340709	8afd1951	deflated	583ff730e563c316a90b6c4c27df92f731bef7d7937f3440d4ec82930612d793
aws-java-sdk-models-1.12.564.jar	models/imagebuilder-2019-12-02-model.json	261754	31245	76e91d15	deflated	ccc75d3d42de27a0154ef2d2905bb8fc9979fd503945236b8be9e6cc72f87363
aws-java-sdk-models-1.12.564.jar	models/importexport-2010-06-01-intermediate.json	468790	25972	4818199f	deflated	3da1b8f281fb0fbdbe380d059a09a10570d9e589a6c22519bda7fb1d954f2883
aws-java-sdk-models-1.12.564.jar	models/importexport-2010-06-01-model.json	33550	4691	19bee9c3	deflated	a2a1d7e3f980e3c1c968cf413942911b40627ab05dd3efad8ac2e0363a31eb96
aws-java-sdk-models-1.12.564.jar	models/inspector-2016-02-16-intermediate.json	3326654	165152	5fe2c270	deflated	26cf48440640e8dc0761bbb9ca95076f83896c6a5da7b95c55609691c0a068b5
aws-java-sdk-models-1.12.564.jar	models/inspector-2016-02-16-model.json	126033	14104	de4ce1f1	deflated	21f763692444902999e9205f5be884b4423aecb081a42bf37541a21b54ef030f
aws-java-sdk-models-1.12.564.jar	models/inspector2-2020-06-08-intermediate.json	6692083	301106	ca70c388	deflated	0a51787348962840dae43c0a908e798c835f70a0be2e090067ddbd21a8703aee
aws-java-sdk-models-1.12.564.jar	models/inspector2-2020-06-08-model.json	218100	27204	ac207385	deflated	12fc38a9abcdbb3b9854a440d122d0c98b0d7564dfa119a792eb252c19327880
aws-java-sdk-models-1.12.564.jar	models/internetmonitor-2021-06-03-intermediate.json	1347269	71078	8b3a0034	deflated	0c48e8ccee5a33e8e36d665e3bff697e6c252dd681bb696aa051e27a37d587d3
aws-java-sdk-models-1.12.564.jar	models/internetmonitor-2021-06-03-model.json	65792	9641	5b49a286	deflated	1c3095a56db6aca254ab88fd737686c7a8c09b694edbfce7dad9ffd325457a60
aws-java-sdk-models-1.12.564.jar	models/iot-2015-05-28-intermediate.json	18767843	915493	0f4a9dc5	deflated	44af96e498f7ce70733915aa089b0e740fd0d6c01d74a469e0418a2ac0ba11a5
aws-java-sdk-models-1.12.564.jar	models/iot-2015-05-28-model.json	826466	106696	5388bdbf	deflated	af00d6061fd240a2afea0c74666e5120a6b8bf4f77215be7f2f47c779be7d53b
aws-java-sdk-models-1.12.564.jar	models/iot-roborunner-2018-05-10-intermediate.json	1181656	48427	9d97ac5a	deflated	b3f66192b68240e0107c36269f74e1d1645be2ad35c76a4083b8102d12f9a04a
aws-java-sdk-models-1.12.564.jar	models/iot-roborunner-2018-05-10-model.json	42877	4065	d3aabfa8	deflated	03812869f7d16772c447c7d2380e8137feeb309b04f2fc9d1383f15d1f599724
aws-java-sdk-models-1.12.564.jar	models/iotanalytics-2017-11-27-intermediate.json	3354506	161613	ec6ec716	deflated	6886557f24fed56ae2b488ba61ae77354c8748d6f276c164a775db8bbecaafc9
aws-java-sdk-models-1.12.564.jar	models/iotanalytics-2017-11-27-model.json	136416	18129	8eaea9e9	deflated	7c0d1cba2a1248ba305370f544d864b5688922618c9926555a7981c2a254415a
aws-java-sdk-models-1.12.564.jar	models/iotdeviceadvisor-2020-09-18-intermediate.json	1060895	54847	415ecab4	deflated	dedda5730e142cc7353ba4d58595d20598ac2a5ce106b247ed4ddee51f5e6c15
aws-java-sdk-models-1.12.564.jar	models/iotdeviceadvisor-2020-09-18-model.json	44174	5137	bf2d8b66	deflated	ffc773afe987ad6373f0ca5bddd4c806181936627603902a1678345cdb43861d
aws-java-sdk-models-1.12.564.jar	models/iotevents-2018-07-27-intermediate.json	2848786	135554	cf343010	deflated	b59b720c8542de1d0d5c1768ef810f2dc86c79a2cdaeb9f894ddfc9de1730cec
aws-java-sdk-models-1.12.564.jar	models/iotevents-2018-07-27-model.json	126421	16051	a50b10a8	deflated	8fce300a3c262aee60fc3fd2cf6f12ca2ea2ca9ffdd646fa3b32ec034c7518bb
aws-java-sdk-models-1.12.564.jar	models/iotevents-data-2018-10-23-intermediate.json	1401295	61726	a1655d32	deflated	a22088e1ec76a54887ff8beb35245bf879ce783a8505ba39fc332f26ca0e4e62
aws-java-sdk-models-1.12.564.jar	models/iotevents-data-2018-10-23-model.json	56415	6359	6e4dcced	deflated	20ecf07337f9a6b10c1b24d4813862650e92b59313d8e6af980293fc211f354e
aws-java-sdk-models-1.12.564.jar	models/iotfleethub-2020-11-03-intermediate.json	388564	20376	631f2649	deflated	80aa4fcb6e437c678f0d10c87ea6d73a80c0f794d31d63feb694d44d14cff6a5
aws-java-sdk-models-1.12.564.jar	models/iotfleethub-2020-11-03-model.json	19647	2565	9a296be8	deflated	2714d038e26412d5b480948b6952429eacfec73c5827ce4149c60fe506dd205c
aws-java-sdk-models-1.12.564.jar	models/iotfleetwise-2021-06-17-intermediate.json	4609998	219957	f6cd5688	deflated	95fe29294327b6542e800957d4ebb3c3f98d3f1b77c091e3fd99e4b7f88c7c62
aws-java-sdk-models-1.12.564.jar	models/iotfleetwise-2021-06-17-model.json	181300	21837	0ee080c1	deflated	5e6fe5de93761417ad5dacc99ed4dcb31dbc41ec7371d9c42af6dbf542d86f1c
aws-java-sdk-models-1.12.564.jar	models/iotsecuretunneling-2018-10-05-intermediate.json	469925	26486	c187133e	deflated	874b1fafd9f02df51dccd175a6f34da09a0ca6af8f4f32765ba048bb8272c595
aws-java-sdk-models-1.12.564.jar	models/iotsecuretunneling-2018-10-05-model.json	19416	3376	22ff6dfb	deflated	521b30b3ae0b6d2ad9f71b7054e606e39bb8c37809d6c7c0f7e19d37b9856189
aws-java-sdk-models-1.12.564.jar	models/iotsitewise-2019-12-02-intermediate.json	7345985	347777	cae04087	deflated	de0a9cc1a1bb1530f86ea3bf046aeff9f9bf0e363ba26d850248a3a009c11e00
aws-java-sdk-models-1.12.564.jar	models/iotsitewise-2019-12-02-model.json	317992	35529	d30a3384	deflated	d71a327b9641843b1ea8ef25f2cbe18d3a08a4279111649bd41ee9fabc480d55
aws-java-sdk-models-1.12.564.jar	models/iotthingsgraph-2018-09-06-intermediate.json	1869279	92488	127abdb2	deflated	6654e84d822df277d95356d16bd11fb6a16f3909f6f855ac3ce9e30f3e56dcb3
aws-java-sdk-models-1.12.564.jar	models/iotthingsgraph-2018-09-06-model.json	85586	10316	1613c106	deflated	b4546c4937e85091d4728438777e2d6a0b59987cfb45a7185e3a2dbfd7982b75
aws-java-sdk-models-1.12.564.jar	models/iottwinmaker-2021-11-29-intermediate.json	3646948	181000	cf1393d6	deflated	305ade7f22f5b5dfe262cfa2bb4b163fbd7966ea60fe45edfe24f066b54e615b
aws-java-sdk-models-1.12.564.jar	models/iottwinmaker-2021-11-29-model.json	128506	13130	7f622f71	deflated	0f6fa9963f817ceed4fe328378c8a1e1761d8c0d5c9fc27435a6785202903c19
aws-java-sdk-models-1.12.564.jar	models/iotwireless-2020-11-22-intermediate.json	7383421	339591	b5af77b7	deflated	709c5a661c78f256a7b968610c16d8b03eb471b41ecb293681eaec790829a641
aws-java-sdk-models-1.12.564.jar	models/iotwireless-2020-11-22-model.json	305168	33579	8b9afa29	deflated	15999bc2fb95931f3054797ff6e466209bffc29ab8df28cd1f0fda94a01c82ca
aws-java-sdk-models-1.12.564.jar	models/ivs-2020-07-14-intermediate.json	2179472	114325	f7480632	deflated	a10e573c4fb4471e7f278be5025969234d1378bfc3ae8b49b46bfb5a3f6b37b2
aws-java-sdk-models-1.12.564.jar	models/ivs-2020-07-14-model.json	102581	14566	ed7cd1da	deflated	a92f4deca5d69db8f8b2b1f4888ec46efaaeaeaad9afade629c73c21c21d14df
aws-java-sdk-models-1.12.564.jar	models/ivs-realtime-2020-07-14-intermediate.json	1072855	55318	7717b51a	deflated	241ede13ae46bd4f25736f0a7c7442e32f6d412692f7eefdfcbe7a2e8c7663c9
aws-java-sdk-models-1.12.564.jar	models/ivs-realtime-2020-07-14-model.json	47047	6421	f48b4abb	deflated	4590d20e57ab4d80dbb34e6a1e8887fad04e3d69642088c60da2fc52b7f00747
aws-java-sdk-models-1.12.564.jar	models/ivschat-2020-07-14-intermediate.json	1471624	83579	cfec6e94	deflated	2a478729ffde7f63e8e9ebab81e123303e98f783b74981d740aedfbda320bd10
aws-java-sdk-models-1.12.564.jar	models/ivschat-2020-07-14-model.json	65670	8858	86ccbb29	deflated	fb3d74346e531580658ebc46c860743e823cd81bad85cedf567e83916ff914e3
aws-java-sdk-models-1.12.564.jar	models/kafka-2018-11-14-intermediate.json	4296826	197338	32195688	deflated	34fcbd1f1806424029d841f0c3f011ca11af5e3ab9fb78605a75cf4d08bc7a3f
aws-java-sdk-models-1.12.564.jar	models/kafka-2018-11-14-model.json	232316	17660	7eae7280	deflated	9f2769399b94c88cf8a81480249fe48f70b665bb23b4292bd19e2dc97e59cd94
aws-java-sdk-models-1.12.564.jar	models/kafkaconnect-2021-09-14-intermediate.json	1781247	75776	07d7f128	deflated	2dba885d2aff666e7f438261dcbdccb4ce40393c6c69784e923ff7845a6cfcb4
aws-java-sdk-models-1.12.564.jar	models/kafkaconnect-2021-09-14-model.json	67536	6341	d241655d	deflated	3c8a20baa30fff2e1997d3b7d14883094e890d9efb2af00b39e82c0d0e248965
aws-java-sdk-models-1.12.564.jar	models/kendra-2019-02-03-intermediate.json	12149141	570527	09c3f5d7	deflated	761824208b1a5d9e36bdb2efc34f8bc999fc26ec818d158416b30725583e960a
aws-java-sdk-models-1.12.564.jar	models/kendra-2019-02-03-model.json	472837	67360	864767a1	deflated	bf344fdeab6868c453e3af8b73fb43b8fa40739c8ef56613c18c055e9b41adf7
aws-java-sdk-models-1.12.564.jar	models/kendra-ranking-2022-10-19-intermediate.json	576751	30860	0f2cfc7e	deflated	e53a4d3b7458f81c7b7432bfc0f3118425081a2509f681b007e32168a6a548ef
aws-java-sdk-models-1.12.564.jar	models/kendra-ranking-2022-10-19-model.json	30299	4329	b50535c9	deflated	ff81150f5e5e4feabe3c47323256251a4f43fafcb0466a49cc15cf3490b269f7
aws-java-sdk-models-1.12.564.jar	models/keyspaces-2022-02-10-intermediate.json	1306663	66622	40e91598	deflated	d5721ea21bba007048294f6fdfdb8dbdb01da9931479e692707e3214e0a0f3bc
aws-java-sdk-models-1.12.564.jar	models/keyspaces-2022-02-10-model.json	63076	8593	9b52f545	deflated	0a684a4025c2f9539a855ab99b133bc2ad32c3a56efa84d6f964467c26459e5f
aws-java-sdk-models-1.12.564.jar	models/kinesis-2013-12-02-intermediate.json	2385296	122176	504c1f8f	deflated	c0ad4329c4ccb6dd4a2de8b6be7cf5dbbd1b2b95e33f9e15085540592b711d2e
aws-java-sdk-models-1.12.564.jar	models/kinesis-2013-12-02-model.json	152498	23047	fabbeeac	deflated	07a9c1ee2442686df637271415197f266754512b1dc7c391812703c104440488
aws-java-sdk-models-1.12.564.jar	models/kinesis-video-archived-media-2017-09-30-intermediate.json	1212567	61002	80e97151	deflated	50f3febade75273dcc3b3d69fc1a0b74024c3ea07a88d979d48f8df8af454008
aws-java-sdk-models-1.12.564.jar	models/kinesis-video-archived-media-2017-09-30-model.json	79729	13472	442c480d	deflated	69be3ddd187769619ca09bf30391a6212db2b6bcd147484f3abcbc52b5e73dde
aws-java-sdk-models-1.12.564.jar	models/kinesis-video-media-2017-09-30-intermediate.json	320825	18290	ce1a0d1d	deflated	a05ec2ec8dadac2becac1387ffb615dadd4c1ebd75f459974f20b79e97010604
aws-java-sdk-models-1.12.564.jar	models/kinesis-video-media-2017-09-30-model.json	25514	6272	9765cc0e	deflated	ae6fad966ee2d1f88ee50b71be7e2911344d1d1b27538292f49ef89a6b728ece
aws-java-sdk-models-1.12.564.jar	models/kinesis-video-signaling-2019-12-04-intermediate.json	136977	10415	50f1b457	deflated	b89f8eed9454f6777c64e39f8a3fa12174b78be5e7b8fc5b404d1a544d50cc5f
aws-java-sdk-models-1.12.564.jar	models/kinesis-video-signaling-2019-12-04-model.json	9267	2406	64872eb9	deflated	ee21fece466b3172bf2ff87071e0b97651c279bf20442c03378deee87ac85f1c
aws-java-sdk-models-1.12.564.jar	models/kinesis-video-webrtc-storage-2018-05-10-intermediate.json	24940	4053	0cbbef5e	deflated	e0b5fa1d2816a4ac5953579d2ea430e081e169f08af08b0b46217fab60864b0c
aws-java-sdk-models-1.12.564.jar	models/kinesis-video-webrtc-storage-2018-05-10-model.json	3987	1312	490f4e39	deflated	ae1e34ae9ec59d596ca218f1cb49934cd91fdc72c41a5be38d9e73438a4e17d6
aws-java-sdk-models-1.12.564.jar	models/kinesisanalytics-2015-08-14-intermediate.json	2348942	103472	9e0da2f3	deflated	625800e7aba3997ae6751106e399ee2bac4ac2825c70c58e127c5b0ab368b0b5
aws-java-sdk-models-1.12.564.jar	models/kinesisanalytics-2015-08-14-model.json	121269	14006	d58531ae	deflated	18b5c1260266bdf09282ca7ae171f14b7b32b734878bae4d0f165bc4c33c1028
aws-java-sdk-models-1.12.564.jar	models/kinesisanalyticsv2-2018-05-23-intermediate.json	4709301	207137	3c2e9163	deflated	f39437ed282d21b40a2a3742f28e036ed2020c71b66d49ec5b5ac3f9463b3e96
aws-java-sdk-models-1.12.564.jar	models/kinesisanalyticsv2-2018-05-23-model.json	202197	23651	7b0ca6c0	deflated	eed28f5d547ee6c5a72603775c9af8787a040fec13ec3bce4e8f167cd2db97b5
aws-java-sdk-models-1.12.564.jar	models/kinesisvideo-2017-09-30-intermediate.json	2010120	94916	06a9c4be	deflated	75eda07c42d806c0d05561817828e164099fa84126417697997e0713cfa0d42a
aws-java-sdk-models-1.12.564.jar	models/kinesisvideo-2017-09-30-model.json	102112	14610	a71dec9e	deflated	073980dd4c78f907d8214ac1882b78c2134a28f3145acaaf7c1c3bdf550d8534
aws-java-sdk-models-1.12.564.jar	models/kms-2014-11-01-intermediate.json	6451537	346874	281950b0	deflated	21bc18f155ad83cc20cf9ae139975d634bdbb876b030fc679a53838345688900
aws-java-sdk-models-1.12.564.jar	models/kms-2014-11-01-model.json	439338	64941	f374ed4a	deflated	26571fef20498715ebb8cb33ac364257ff6288cc164b21c22727b881a204dc61
aws-java-sdk-models-1.12.564.jar	models/lakeformation-2017-03-31-intermediate.json	3701344	183060	893ea31c	deflated	1e54e96f943afc36d8ea3c5eb79f150ebd615c2834c41e9312419adba1053236
aws-java-sdk-models-1.12.564.jar	models/lakeformation-2017-03-31-model.json	152559	20575	9b9b2ac2	deflated	b8187a7074cb47b72fa5c3d5e4429bfcfb065bbac865f2595d4c4009be42b16c
aws-java-sdk-models-1.12.564.jar	models/lambda-2015-03-31-intermediate.json	9268569	454276	eb04d14a	deflated	42420f7619af17eaa5bbb5a8c08b997ea977f25a4e2327a9439f2c20279f1967
aws-java-sdk-models-1.12.564.jar	models/lambda-2015-03-31-model.json	307873	43513	7d5e69e2	deflated	30b47c1c6dd3712b36dfacf6c03ec8faa6a017c530d80222013d4850633ebf1f
aws-java-sdk-models-1.12.564.jar	models/license-manager-2018-08-01-intermediate.json	4339248	208091	786fe8bf	deflated	ab55a69e469276c2f9f2544807abbbfe1c08903f15eb257157ae7bd4cb6e6360
aws-java-sdk-models-1.12.564.jar	models/license-manager-2018-08-01-model.json	150310	16513	5f15de16	deflated	e7ca17ce3471fa4bac4ce7876b58a47bf6bab94fbde1766a58d14381c0d1dd55
aws-java-sdk-models-1.12.564.jar	models/license-manager-linux-subscriptions-2018-05-10-intermediate.json	452804	25342	34ba63c0	deflated	6e43caa2bf2b3b574262fae63f3814c4adf8eb329e1ff5c7194df60596cfe2ee
aws-java-sdk-models-1.12.564.jar	models/license-manager-linux-subscriptions-2018-05-10-model.json	16814	2724	4f60c8bb	deflated	a12236cd74e68336aee309cbc426a47a4d0bf94ff711827ba6778f8a196e448b
aws-java-sdk-models-1.12.564.jar	models/license-manager-user-subscriptions-2018-05-10-intermediate.json	792680	38492	cfadd211	deflated	b5a416b0738381b32cef93f62116d032243cdcedc9d06a5868a3ff481d140e04
aws-java-sdk-models-1.12.564.jar	models/license-manager-user-subscriptions-2018-05-10-model.json	33196	3579	b8c4993b	deflated	c502d435f5ca4e01fd6423a515bc13f8f834bb07f265adae8a4079919d9bd0d2
aws-java-sdk-models-1.12.564.jar	models/lightsail-2016-11-28-intermediate.json	15606247	751337	f95d8087	deflated	76fb56c1707765be814108e42d31f6b5434bc000ccf32f998b2da63d841ccb06
aws-java-sdk-models-1.12.564.jar	models/lightsail-2016-11-28-model.json	653497	84111	55dd32c6	deflated	412a01f7aa4a487485f68b9c569532c019714458c520c3fa0164094c36e555d5
aws-java-sdk-models-1.12.564.jar	models/location-2020-11-19-intermediate.json	6650451	336620	aba51027	deflated	1e44790e07cbead882efb8402ff8bbe6edaa515c0543f12b831e5d64c03e3cdd
aws-java-sdk-models-1.12.564.jar	models/location-2020-11-19-model.json	286070	36378	1e863cbd	deflated	d28981f130834f3884f55b07f3baab8014c7224d8aff50483ce442d71825868f
aws-java-sdk-models-1.12.564.jar	models/logs-2014-03-28-intermediate.json	3349200	170307	f71197bd	deflated	a49baee29d19142a1c5b963c035017e40d18e45b82a6ed22c54db7e08b72bc11
aws-java-sdk-models-1.12.564.jar	models/logs-2014-03-28-model.json	171985	26625	2be7a3aa	deflated	9a7b6b598c84568d84ba69c7d92db1fd965778f2e71b8a9d8bb0f7bc264729f0
aws-java-sdk-models-1.12.564.jar	models/lookoutequipment-2020-12-15-intermediate.json	4639554	211629	f254a32f	deflated	dec11dd53c3047a4ebc2001e7bfa9c03577de46598d1e5f78d23160f4f3b8bfc
aws-java-sdk-models-1.12.564.jar	models/lookoutequipment-2020-12-15-model.json	178086	21309	09146b01	deflated	a4faa388548b6ea7bd2b695de91faa0a58ed035ccd659145740d0136c4be5eb6
aws-java-sdk-models-1.12.564.jar	models/lookoutmetrics-2017-07-25-intermediate.json	3062772	150279	983f14ee	deflated	e626c1d860eaca5e51afb2fbc0ba68d91eb7b96dd3de520b3fc976595c18527e
aws-java-sdk-models-1.12.564.jar	models/lookoutmetrics-2017-07-25-model.json	110559	12937	ed7c9bfc	deflated	3f1191535e8edf58e6faee7acce795754a5911064f5fcac6b80e5500c45bf6e4
aws-java-sdk-models-1.12.564.jar	models/lookoutvision-2020-11-20-intermediate.json	2015368	98646	27137c17	deflated	451b5735f19c8bdd07a5c9a31bfac2f8f853a07ea4d174b67e305e0b50330291
aws-java-sdk-models-1.12.564.jar	models/lookoutvision-2020-11-20-model.json	101000	13235	4b16bfca	deflated	2bf895a3523a2d1fe2853b6326dc1e2616ebab054a66ca8093ca232b95ef6cdd
aws-java-sdk-models-1.12.564.jar	models/m2-2021-04-28-intermediate.json	3067970	144808	b41c55dd	deflated	376421ee74e49074817d6241da2bbb4e5ec9f688c2e409e8d8d7247af9f670b8
aws-java-sdk-models-1.12.564.jar	models/m2-2021-04-28-model.json	121496	13816	45227070	deflated	6707e09cf228cf27056832a5158f12d13892c013494f417d2d54ef5ae2b6cc13
aws-java-sdk-models-1.12.564.jar	models/machinelearning-2014-12-12-intermediate.json	3753257	169792	a936a89e	deflated	4ae0788224a3370c1a3605dae96d0b3b76aff31d4c3a1fce9178df001b6a2ca5
aws-java-sdk-models-1.12.564.jar	models/machinelearning-2014-12-12-model.json	173603	21245	e8028ab5	deflated	61260b003581a4d5ff0f347bde702ebe30e03238af23959a092b9a88f6489605
aws-java-sdk-models-1.12.564.jar	models/macie-2017-12-19-intermediate.json	461735	22043	4d709682	deflated	8798e711f5e78cd0f11cb562f9a7654e2455e358464a2bd7765b9133ba9604ca
aws-java-sdk-models-1.12.564.jar	models/macie-2017-12-19-model.json	21320	2992	36240526	deflated	92474a6851228a355921a5e94dda25b6f3640f58dc2f431e0a1e89882b30a5a6
aws-java-sdk-models-1.12.564.jar	models/macie2-2020-01-01-intermediate.json	8706089	412874	0fa2d83c	deflated	e93d3abc5d153c7c1ef7dd6746a9de8efcb0e84d593e7fce47fc4d569cee1a25
aws-java-sdk-models-1.12.564.jar	models/macie2-2020-01-01-model.json	484428	55151	0f0a3a44	deflated	c6263a0336c349ed6fef90e1044ffecae2711a3cc8e764eeb04e481a5b6360a1
aws-java-sdk-models-1.12.564.jar	models/managedblockchain-2018-09-24-intermediate.json	2679133	128889	787e72c7	deflated	f2177542df4f059cad2094f0c22dd5d9ba0d5865647dd60727c7dded6096e84a
aws-java-sdk-models-1.12.564.jar	models/managedblockchain-2018-09-24-model.json	118882	13500	2bc37168	deflated	9bac167c85f96755fd6ca12b674de53a8eafa99d56b6816066233502c5e8a0c2
aws-java-sdk-models-1.12.564.jar	models/managedblockchain-query-2023-05-04-intermediate.json	918331	43100	def4fa6d	deflated	40865b124212e3d42012345a3f6fc596f7ae6c8e60cf313ba1c0adccf094693f
aws-java-sdk-models-1.12.564.jar	models/managedblockchain-query-2023-05-04-model.json	37212	5305	53e7a300	deflated	ad4692851ad38b6d8c984faa896797ddc905adb1d7fa121e68daa169b29c9be3
aws-java-sdk-models-1.12.564.jar	models/marketplace-catalog-2018-09-17-intermediate.json	911488	48153	487d7c8c	deflated	4eb8535e6169bab2b922ec3d1464cf2968f4450217bf130fb62dd57d7a8f1f76
aws-java-sdk-models-1.12.564.jar	models/marketplace-catalog-2018-09-17-model.json	43140	6385	1c2c56dc	deflated	5b2b04ce0f02a9bd3e8b59b7382394f64e8225d45ccbca8e3544d0fc23cbd529
aws-java-sdk-models-1.12.564.jar	models/marketplacecommerceanalytics-2015-07-01-intermediate.json	282095	16243	f06e03ab	deflated	ba060687ccab8c7196ec0ca5672ecf710dd87183d2cad212cad0b95057e28f8e
aws-java-sdk-models-1.12.564.jar	models/marketplacecommerceanalytics-2015-07-01-model.json	15955	3084	abd655bd	deflated	c79c77acf3b6f06e16ecd8b472d86ed167a60a361437b99cebeecbd367865fe8
aws-java-sdk-models-1.12.564.jar	models/mediaconnect-2018-11-14-intermediate.json	5281374	243948	e89ba8a4	deflated	9fa0195d52106cbaaf6263ae30f663c4668bff6378adaaf214c921912663251f
aws-java-sdk-models-1.12.564.jar	models/mediaconnect-2018-11-14-model.json	268486	24404	478196cc	deflated	9ceb31b9e20566261a36df2c688723412da8ceef380d437b96f9314b4e95a3a0
aws-java-sdk-models-1.12.564.jar	models/mediaconvert-2017-08-29-intermediate.json	16063874	806713	d278ae52	deflated	f650b575b07d576ea106e6fdb4d57d6a8476b8357892bca0ab43bf3ce8015cf8
aws-java-sdk-models-1.12.564.jar	models/mediaconvert-2017-08-29-model.json	909626	141534	d9467c0a	deflated	d9070bacf6ee1615512beb68b5a3cb8a8467030bbb6fded449c61a150c43fe79
aws-java-sdk-models-1.12.564.jar	models/medialive-2017-10-14-intermediate.json	13872370	672024	e43c4336	deflated	cc371e03ca7b712d1e9b6527c0ef2a45c8ca35c1beae2c578f2416db190e7b10
aws-java-sdk-models-1.12.564.jar	models/medialive-2017-10-14-model.json	660058	87744	15413c8f	deflated	d8ff2f76f6ac4492956ab399cdda49c5dc32802878b231d81fc403437098bcf3
aws-java-sdk-models-1.12.564.jar	models/mediapackage-2017-10-12-intermediate.json	2587638	137430	38d66226	deflated	9886e721a85ff75f1bacec3daad2040e91885b8b3020b52cd9da28aeb8567078
aws-java-sdk-models-1.12.564.jar	models/mediapackage-2017-10-12-model.json	107735	9753	73c16c6a	deflated	5879a353553ec600bf22113d5b2b9b7292cac70506e2f46ebf515489cb6d5923
aws-java-sdk-models-1.12.564.jar	models/mediapackage-vod-2018-11-07-intermediate.json	1620347	85663	b2063827	deflated	037029af14255dc5f02bccc4b5c2c189ef0e87d575103a967c5fc7e99c675f62
aws-java-sdk-models-1.12.564.jar	models/mediapackage-vod-2018-11-07-model.json	72965	7149	b02b7235	deflated	fee9929a3ed3e00db40a57cc27a622325946ae319b4a58b9603a1435b982319d
aws-java-sdk-models-1.12.564.jar	models/mediapackagev2-2022-12-25-intermediate.json	2591133	123966	39abf1a9	deflated	8ca27a11f8adb8195a59c3047bfb6e7a66c0ce0179459cd30dbea34706539d18
aws-java-sdk-models-1.12.564.jar	models/mediapackagev2-2022-12-25-model.json	109426	11572	5691bd51	deflated	0095b6bd3a9c0843f4e913853e086a6f876893fee972437fb45cdbe745ee12b5
aws-java-sdk-models-1.12.564.jar	models/mediastore-2017-09-01-intermediate.json	726305	36218	6b0267cc	deflated	8f599e5514dad0923cf2f15ae8a070839ef93ad0b907fc4e03d958866af01d86
aws-java-sdk-models-1.12.564.jar	models/mediastore-2017-09-01-model.json	43431	7012	8cba67bf	deflated	8d3e0095457175953c5734878f321ca66c486246cbf62286dd8faa6ceefe0e6c
aws-java-sdk-models-1.12.564.jar	models/medical-imaging-2023-07-19-intermediate.json	1493378	69801	279ef10f	deflated	7f229495b14a75af052c864d16e8de616af5448c2b259ebfe35dbd6508d8a79f
aws-java-sdk-models-1.12.564.jar	models/medical-imaging-2023-07-19-model.json	70926	7957	1285441f	deflated	5a2fa3e5d21fee60d0836c56eec6c6a1a95fd1dc9f8e1f94715b92e18fd13c8e
aws-java-sdk-models-1.12.564.jar	models/memorydb-2021-01-01-intermediate.json	3475921	171855	8379407d	deflated	a32f8fe3bacdcd6b4c7a9356fcf83058043c4acd8bd30dbd93ba7e78aa8e3bfa
aws-java-sdk-models-1.12.564.jar	models/memorydb-2021-01-01-model.json	130140	16013	881e37fe	deflated	8f627869c4a45591dec1a1e538eef6e0a895190c46f2c757754edfabbed7082d
aws-java-sdk-models-1.12.564.jar	models/metering.marketplace-2016-01-14-intermediate.json	416026	26434	668da4dc	deflated	d9be25ef19118e36994ddfdd5d076a44052253e4b668c5ed6c97daf3d133c8f9
aws-java-sdk-models-1.12.564.jar	models/metering.marketplace-2016-01-14-model.json	30521	6146	dd47f664	deflated	9bcdd4fb09f2423084df9206780e7697b90b6adf52b256ff0dd3c69e583ef9f0
aws-java-sdk-models-1.12.564.jar	models/mgh-2017-05-31-intermediate.json	954373	46691	4b426765	deflated	cd706f3f11aec6c1510e7c2ad045ea79a5880d7612293c7054438fd0028e7654
aws-java-sdk-models-1.12.564.jar	models/mgh-2017-05-31-model.json	53601	7153	fa63230b	deflated	aa0f87876710967e5047a74a2cf91f313b851cf19de62cc75a17719f23615aa7
aws-java-sdk-models-1.12.564.jar	models/mgn-2020-02-26-intermediate.json	8106441	402182	281e5e50	deflated	8958f34334a40d1a5758d0f370f2a0a6c6b53c41cd33dabee85a4f5abc68b114
aws-java-sdk-models-1.12.564.jar	models/mgn-2020-02-26-model.json	189852	19623	40b4aa59	deflated	a18abf83015fe204afa0954915b891444ec51cefc997b13ddd38559689b75a8d
aws-java-sdk-models-1.12.564.jar	models/migration-hub-refactor-spaces-2021-10-26-intermediate.json	2850338	145822	2d3a20a5	deflated	aadd1febd8a981c1a6b121310aa16cc80322acb0ee9c83a7ed4f2dfc9af1021d
aws-java-sdk-models-1.12.564.jar	models/migration-hub-refactor-spaces-2021-10-26-model.json	113006	12445	99fd11d8	deflated	aea35616257039401a824aeac357678ded486f1582d0df3fc55ebc0e557f397b
aws-java-sdk-models-1.12.564.jar	models/migrationhub-config-2019-06-30-intermediate.json	194976	12495	e261c832	deflated	ea24ace023e26ebe159b979fe70fc324e09977c5e0b6d15cc40593c85153f0b6
aws-java-sdk-models-1.12.564.jar	models/migrationhub-config-2019-06-30-model.json	11731	2594	de334193	deflated	a51310661d8327a1070be00b2435d257c9a2ce107a30b3f36dd283d89d13b26b
aws-java-sdk-models-1.12.564.jar	models/migrationhuborchestrator-2021-08-28-intermediate.json	2857851	139295	b759f688	deflated	2a2875750cc52a3233d314018076ae1c5bd0b9b96f183ca9d681777b9ce48288
aws-java-sdk-models-1.12.564.jar	models/migrationhuborchestrator-2021-08-28-model.json	89237	7205	9712e13f	deflated	3a77b6ee0da8eb0734824feebb598c1939a07791ca74c6d8ff67ccc342210ce6
aws-java-sdk-models-1.12.564.jar	models/migrationhubstrategy-2020-02-19-intermediate.json	2590376	126555	3d316a91	deflated	cf94d4cef6c3e38e28001a703e191d429db1c4e3f82ee859ce3d5e38e9f6ab4b
aws-java-sdk-models-1.12.564.jar	models/migrationhubstrategy-2020-02-19-model.json	98292	12966	16b93802	deflated	1e5368248df575311c89944b6228f7743498c6b11a9bf66bf95eb637027a46b8
aws-java-sdk-models-1.12.564.jar	models/mobile-2017-07-01-intermediate.json	505806	28627	11bfd720	deflated	1c4ba09c826b051cf8f9b83437026f6fbba6129b0e3aee2ba553bed665950757
aws-java-sdk-models-1.12.564.jar	models/mobile-2017-07-01-model.json	26981	4095	657158e2	deflated	0a020f65a08a6d030f0e089fbdbac0e59f683888507122e99b6c255a5c80c53d
aws-java-sdk-models-1.12.564.jar	models/models.lex-2017-04-19-intermediate.json	5186420	262861	6f5f1c31	deflated	1b86a5ddec1bb5c1c64c1e3e4f30f6daf6055de25a1a3dfc171add13289d3cda
aws-java-sdk-models-1.12.564.jar	models/models.lex-2017-04-19-model.json	209903	29462	f0041370	deflated	9d6d43daec618d8d6b4717318056bd1a3bbeb40bd6887de68ef9a1078f9072a7
aws-java-sdk-models-1.12.564.jar	models/models.lex.v2-2020-08-07-intermediate.json	16144666	774376	f81cd3d5	deflated	aabd7a004db40d5b0b9e70f06c305c18b616b4e52d51def77040c4cf62b64eb0
aws-java-sdk-models-1.12.564.jar	models/models.lex.v2-2020-08-07-model.json	595154	68801	096c64ae	deflated	452bca5507aa26c6b8c4021e96b2ec65a0db737709bb3cddef95b1c9d3d2070c
aws-java-sdk-models-1.12.564.jar	models/monitoring-2010-08-01-intermediate.json	4925646	251279	9eb6f31e	deflated	def3c26c7a0edc68bff75ba2bd5706a092a3473324bdb6cb4b7626124f997df3
aws-java-sdk-models-1.12.564.jar	models/monitoring-2010-08-01-model.json	221677	37827	47f3c6a8	deflated	49f1fb452abc6baebe79e999b4af23397fc0a9988f3219d49362d312ef87f9e7
aws-java-sdk-models-1.12.564.jar	models/mq-2017-11-27-intermediate.json	2717858	136775	78671e90	deflated	6d5c0772b0c586c9a059d4ac5ef5380884083632d6b3d3d3cfac263cf4eb0cc0
aws-java-sdk-models-1.12.564.jar	models/mq-2017-11-27-model.json	170631	14045	36bb5023	deflated	97071877aa660b84188a10d7ff523d868fc5d122254fced7353948bb10b4e075
aws-java-sdk-models-1.12.564.jar	models/mturk-requester-2017-01-17-intermediate.json	2894058	142679	4788a654	deflated	4e809c808939b058828cd412a17a6cff4ff5a2c86cd3aa1f167e022310133632
aws-java-sdk-models-1.12.564.jar	models/mturk-requester-2017-01-17-model.json	123908	19703	fc12b1ef	deflated	c0ec954ef5c13837144a6c3d8b4d070db39f5f75f760021c51e27f022cc4f9eb
aws-java-sdk-models-1.12.564.jar	models/mwaa-2020-07-01-intermediate.json	1471246	69825	00fa620e	deflated	7dac8b6537701d7ec380de2dd1f2e9ace46d931ce15c3c96031d7e34e8af34ba
aws-java-sdk-models-1.12.564.jar	models/mwaa-2020-07-01-model.json	65954	8352	42fcf8f1	deflated	fa84345b851327282f4f9027571af531fce5abf99b0abe28872064c78513c2a4
aws-java-sdk-models-1.12.564.jar	models/neptune-2014-10-31-intermediate.json	8147843	400053	71e8a0d1	deflated	73df44d694f5f1b9f47234a2320963a00845eae950691f58c75dfec178d786e7
aws-java-sdk-models-1.12.564.jar	models/neptune-2014-10-31-model.json	326159	42831	9480774c	deflated	2cc7b92664272ec9e6d374e1a85f5cfa4aa3781090885c90c72ef8c53a65bcc5
aws-java-sdk-models-1.12.564.jar	models/neptunedata-2023-08-01-intermediate.json	3893062	171826	4f80e171	deflated	5c239f6f1c5b51ba581e636102067039df2f00c8a556a86b402f7858ebf0bb5a
aws-java-sdk-models-1.12.564.jar	models/neptunedata-2023-08-01-model.json	189638	22302	23861e36	deflated	d0f69bab6d7b3e407aa5cce8dbc655d6a048ff79ce5a8947166e0695196d5709
aws-java-sdk-models-1.12.564.jar	models/network-firewall-2020-11-12-intermediate.json	5034079	229082	7a21fdd1	deflated	ab16d7526205da4c2ad011c46007a5ad9bbf0c6fa56e5e49f7f4057d1671e3cf
aws-java-sdk-models-1.12.564.jar	models/network-firewall-2020-11-12-model.json	224762	29937	c56976eb	deflated	e439326e9f8d34e519a3ad1a55e00f5acefeff10bb953d9fcff3e2625991b785
aws-java-sdk-models-1.12.564.jar	models/networkmanager-2019-07-05-intermediate.json	6092363	293353	1da14749	deflated	b8ad566f7a62c17ddd8cb52c4a39a385e792d0de0765907b64eb5c0487cdd8d1
aws-java-sdk-models-1.12.564.jar	models/networkmanager-2019-07-05-model.json	239125	21469	7aa8e3dc	deflated	8ab182f3227cea7d3ddbe0ef96030a68330282c1e790c42fdf01e636f15b8156
aws-java-sdk-models-1.12.564.jar	models/nimble-2020-08-01-intermediate.json	4420039	214212	2340df0a	deflated	5f667342c52f434c8bcddea37b7f796f0bed2b962fa887adb6b1bb0c4c6365b4
aws-java-sdk-models-1.12.564.jar	models/nimble-2020-08-01-model.json	188614	19790	133e723e	deflated	6269258adfd178decfb8dc51f0d8ced4c09caa0f0875f38949e9994717d3ae41
aws-java-sdk-models-1.12.564.jar	models/oam-2022-06-10-intermediate.json	884333	47939	482eca99	deflated	e6f1759cd87e9df2fbe15b28b616f2caf30260cdf7f3c9c3ecbf288876f2dfb3
aws-java-sdk-models-1.12.564.jar	models/oam-2022-06-10-model.json	40841	5516	1748ce4c	deflated	73e665935cde32fda18e6050e0468bab7712fdaa6ddce365f60545b865b201bb
aws-java-sdk-models-1.12.564.jar	models/omics-2022-11-28-intermediate.json	7128639	351366	46e4ab09	deflated	50c8f3e221935f58dbb59e026459516780dbcef1b3fec67b51e1957ccda64701
aws-java-sdk-models-1.12.564.jar	models/omics-2022-11-28-model.json	276679	24483	34878f46	deflated	d3bdf6cf5dd66b17423ccd90fc9eeef5b85972b5653f941d99e1d38376e198fc
aws-java-sdk-models-1.12.564.jar	models/opensearch-2021-01-01-intermediate.json	5861270	289326	37e2f4d6	deflated	330c078edaa52c8becf3a04b3f3361ea4444e928feae87c198296b9fb66ac429
aws-java-sdk-models-1.12.564.jar	models/opensearch-2021-01-01-model.json	256329	34770	0165c716	deflated	18a937482af098a0f7f533880e0a0b2387af6b13fe72c4ed3ff0ca8990d28cbb
aws-java-sdk-models-1.12.564.jar	models/opensearchserverless-2021-11-01-intermediate.json	2167875	98927	d09209a6	deflated	1c6d2eaac8822e6710e56175eb916aa5a07d5c7d205c5d835a487cedf7abf1ea
aws-java-sdk-models-1.12.564.jar	models/opensearchserverless-2021-11-01-model.json	87842	8677	9f66e812	deflated	5a88cb09c000d22a59bb22be38fbaf4d3cd4813f48ed02e9936492f619129a74
aws-java-sdk-models-1.12.564.jar	models/opsworks-2013-02-18-intermediate.json	6981342	325399	f16a2140	deflated	ddba4e7350858b1198cfb60975a64b57ec63ee10e17a36ad7826298caf63e699
aws-java-sdk-models-1.12.564.jar	models/opsworks-2013-02-18-model.json	273984	37632	b6484b4a	deflated	5342925ca1fa8fd04603dccfe4429ec28ba6b23daf255d19d279857152590e50
aws-java-sdk-models-1.12.564.jar	models/opsworks-cm-2016-11-01-intermediate.json	1701810	89673	398e40d4	deflated	654f91ad95130d35bbb1c8a57aba7567eb267d4d9b98abbacf3442b32b34448b
aws-java-sdk-models-1.12.564.jar	models/opsworks-cm-2016-11-01-model.json	80030	13875	c728cd70	deflated	87cdbbf2cca845e6a260de368ba8ff5809d660be75aae6285de6a8920516bd2b
aws-java-sdk-models-1.12.564.jar	models/organizations-2016-11-28-intermediate.json	4366035	219741	a87e8359	deflated	d34ff47f2b1da842676fad8a3032a55d7f76c8d077f4a2b731f1ea7145252620
aws-java-sdk-models-1.12.564.jar	models/organizations-2016-11-28-model.json	266200	35116	c7ea46b0	deflated	771f2978725a176671a0ffae16c0df2c90288f11f0c91e7e78dee91e83946f62
aws-java-sdk-models-1.12.564.jar	models/osis-2022-01-01-intermediate.json	791031	42419	ab15449a	deflated	20c858a58741335fb1a54f7901f2e906fae8a057f2ffce61ca788bf0f94c5734
aws-java-sdk-models-1.12.564.jar	models/osis-2022-01-01-model.json	37304	5080	462b5c99	deflated	e866259c61421492a0cf90e782fe81a9d706488c1707fe77fea20358825d481b
aws-java-sdk-models-1.12.564.jar	models/outposts-2019-12-03-intermediate.json	1923554	95246	7aee7a4d	deflated	034f43da7ea476fefd44fd5d4acf165e14adb612885066cbe0664c6eea377cb9
aws-java-sdk-models-1.12.564.jar	models/outposts-2019-12-03-model.json	77657	10092	60339b62	deflated	813c868a5eaf70869715d993a461003e33e91fdf915210143d24835e9e9103c9
aws-java-sdk-models-1.12.564.jar	models/panorama-2019-07-24-intermediate.json	3092365	154932	8a9d4a61	deflated	43d4a0ded1c61a4f44a100953202ec126b2d33b07b248d4889f4fc93bb9eb787
aws-java-sdk-models-1.12.564.jar	models/panorama-2019-07-24-model.json	115485	11953	f53a5661	deflated	ebb1f2677579ce22cda4442f9952b686cf4a53da7580b1af08abdc5ac43d6652
aws-java-sdk-models-1.12.564.jar	models/payment-cryptography-2021-09-14-intermediate.json	1391549	69084	62952234	deflated	d6110783229cfcb7bd51cc5779c8d676115227ea52464ca45fcf825e76de109a
aws-java-sdk-models-1.12.564.jar	models/payment-cryptography-2021-09-14-model.json	87954	12343	68655ccf	deflated	0175147e08885003afb0f3ad360e139d1a932e74a880d887ba5d94e136c40d9b
aws-java-sdk-models-1.12.564.jar	models/payment-cryptography-data-2022-02-03-intermediate.json	2053463	84220	992f18e5	deflated	170627cdf90c21ff0464ab3de1ce53cdae144aa2b07dcbb98f48edf8026593c5
aws-java-sdk-models-1.12.564.jar	models/payment-cryptography-data-2022-02-03-model.json	108705	12064	f1b4d0ca	deflated	ae6fb23b64189765cfcfabbfe52d2f9ef01165a41a4c80a691d88e614876a56f
aws-java-sdk-models-1.12.564.jar	models/pca-connector-ad-2018-05-10-intermediate.json	2798200	127551	534e6778	deflated	c780a7345d3bba31e59ac2174ef2880a157dd7b1dd4b8eab26d36357f259b544
aws-java-sdk-models-1.12.564.jar	models/pca-connector-ad-2018-05-10-model.json	121038	13090	ab6e477e	deflated	a42a0d7ee89eaf9c9279cddafab980508284d22efc84cb6877c15572596e0a5c
aws-java-sdk-models-1.12.564.jar	models/personalize-2018-05-22-intermediate.json	5316523	255507	36759345	deflated	08ef0351c6aabb9cfbba322fd71334a18fd643cbbc754dfe92f20092c002fd75
aws-java-sdk-models-1.12.564.jar	models/personalize-2018-05-22-model.json	224648	24468	4b63848d	deflated	74f3a4c05fb1b053696eb823d4eb75c93518d0fb5ea87a447c7e2eb946354afd
aws-java-sdk-models-1.12.564.jar	models/personalize-events-2018-03-22-intermediate.json	285675	17014	28c2d32d	deflated	c405335b2e4d3d9d056376aa6d8f413fbf0c735631a5735cc2aaebb2b2c204c4
aws-java-sdk-models-1.12.564.jar	models/personalize-events-2018-03-22-model.json	13782	2879	b0366203	deflated	ffe2b814ef2ddf08d46ec3bd4ffec2152a759c156f061d73ba5499ab9ae13423
aws-java-sdk-models-1.12.564.jar	models/personalize-runtime-2018-05-22-intermediate.json	339824	19913	61da9c13	deflated	3704271fd50f0c51ab058e61a6907359ba2a147145692a46975b7c92d66c3c7d
aws-java-sdk-models-1.12.564.jar	models/personalize-runtime-2018-05-22-model.json	13575	2765	962f1317	deflated	dd6a5c02459aa5983b074738e80660c85e3d9fd16ef5bac272ccd042ff4f720c
aws-java-sdk-models-1.12.564.jar	models/pi-2018-02-27-intermediate.json	1921513	97425	66ae2925	deflated	17047f641e4e2e5c026ef5fecdb9bc010f0851c2a75e72d9474f182e402dcc88
aws-java-sdk-models-1.12.564.jar	models/pi-2018-02-27-model.json	76981	10974	4f8b6b95	deflated	63cdc471c7deb1abf86d5e5d4c0ec102e03b424b103cf209be75718d4e36c25f
aws-java-sdk-models-1.12.564.jar	models/pinpoint-2016-12-01-intermediate.json	15674241	728151	54397e05	deflated	4873d02818ad9855246a1d3a2a1fb4af08659285f795be83143dd150ba8c8283
aws-java-sdk-models-1.12.564.jar	models/pinpoint-2016-12-01-model.json	763513	69740	dd4c801b	deflated	dc22a7e32a4fc546b569362b17f402d98bf3b7f411d3f78703dc922404fa4a06
aws-java-sdk-models-1.12.564.jar	models/pinpoint-email-2018-07-26-intermediate.json	2953072	151912	e2c9effb	deflated	339f3332cd741b00ee13d6eb087f22d81b0fe5aea1d6930b5ee1a8480b67e91f
aws-java-sdk-models-1.12.564.jar	models/pinpoint-email-2018-07-26-model.json	164665	23577	14b50135	deflated	b252fe7dcb42656b1a80a048b6daecd8285b755e643750fa5b21044d0d57feb1
aws-java-sdk-models-1.12.564.jar	models/pinpoint-sms-voice-2018-09-05-intermediate.json	434134	22220	4ee9ea83	deflated	da7cc99228f218850d5c368ad98e5fbbb3f7227ec9a52bd18b90a1111c32d2bf
aws-java-sdk-models-1.12.564.jar	models/pinpoint-sms-voice-2018-09-05-model.json	26723	3291	b8bacdd6	deflated	8b023d81ca8d1b774977ab10971d4b768a6595e402b7cfe8872e02246a739196
aws-java-sdk-models-1.12.564.jar	models/pinpoint-sms-voice-v2-2022-03-31-intermediate.json	4040695	203323	c6dadc51	deflated	8b5b40a71bd30d603d09d3c6fcab4e361109c0c0d989b1fb259c04f6e1958721
aws-java-sdk-models-1.12.564.jar	models/pinpoint-sms-voice-v2-2022-03-31-model.json	165756	18945	285e0c4c	deflated	a8c5527364c0230526d630ce48780dbf01239c1f35c423a2129c0002d83d07f3
aws-java-sdk-models-1.12.564.jar	models/pipes-2015-10-07-intermediate.json	3075229	149188	2aa5f8d8	deflated	716a45a0ba3a1528ac1349a96ea5b085b64e42c7fd62746ac0f6735083f6545b
aws-java-sdk-models-1.12.564.jar	models/pipes-2015-10-07-model.json	121826	18907	4fd82f1d	deflated	f8ad04bbc1bda15eded1d949cf8f91c22d51fe27c672d9dd0183d9b68fe0eb99
aws-java-sdk-models-1.12.564.jar	models/polly-2016-06-10-intermediate.json	897713	53087	0745b1ca	deflated	9576835b9db1c09cb0cb76c282515e710840adeb8d0582c32ca3c2f367892cf4
aws-java-sdk-models-1.12.564.jar	models/polly-2016-06-10-model.json	47027	8087	b2080630	deflated	2ca51f276d51e51ef04259c322f8db32bd11ecde991afae1c7b6a04efb05a8e3
aws-java-sdk-models-1.12.564.jar	models/privatenetworks-2021-12-03-intermediate.json	1989231	100083	c00c4a69	deflated	903c3563534ed0fb8898199c14f750dd72a99cace661482d8b811a8e8a87a926
aws-java-sdk-models-1.12.564.jar	models/privatenetworks-2021-12-03-model.json	76726	8894	f7ef4f5d	deflated	3ca683ecdeb194cb9b4c94f533006ee20fba27e4f075c7eedb97848de151c194
aws-java-sdk-models-1.12.564.jar	models/projects.iot1click-2018-05-14-intermediate.json	745715	37392	be75c52a	deflated	18a8ea7697cc226ca6502e066b284f662678c2fce843462faaec742175a446b5
aws-java-sdk-models-1.12.564.jar	models/projects.iot1click-2018-05-14-model.json	35062	4222	3511d7b9	deflated	a93809cf41e8c52ad2022805a55e076fb8e488795da3b183fb216d0daa01d920
aws-java-sdk-models-1.12.564.jar	models/proton-2020-07-20-intermediate.json	6975556	310846	2ca61fcc	deflated	f864742ca82396c59ab6a2f2afbade2a53cb2cf04d24051f31e55ff74623ddcd
aws-java-sdk-models-1.12.564.jar	models/proton-2020-07-20-model.json	297127	28033	1677c4fb	deflated	644af9d89278174e7e8ef2323bba1e830a27bc6d095e800b180df1e109b5ab47
aws-java-sdk-models-1.12.564.jar	models/qldb-2019-01-02-intermediate.json	1579004	74779	50045ff5	deflated	f0fb9a84cf801952631a73ed6c138fb2c5425055d7860280c0e8dcc7b0b210ec
aws-java-sdk-models-1.12.564.jar	models/qldb-2019-01-02-model.json	74308	10959	25cbf8a8	deflated	93048d2b9a1c03914b75bba7c900460b5e112282a014fb16c04029a2b2645612
aws-java-sdk-models-1.12.564.jar	models/qldb-session-2019-07-11-intermediate.json	414590	22118	6c1812c8	deflated	475357d5a78297cc607d3e0323d118c5c44ecda551f43df0f4aea3b1e4e07b70
aws-java-sdk-models-1.12.564.jar	models/qldb-session-2019-07-11-model.json	18034	3002	7128cb95	deflated	30d9e5fe1f02161031616034e642d98468aa40b99e4a3ef78a199c498c1ef0a0
aws-java-sdk-models-1.12.564.jar	models/quicksight-2018-04-01-intermediate.json	34141186	1601201	3d0f5779	deflated	a8b271b0a9891e86e7850d944d19a100b2e08ecb8c2ca5bc1bab3a4f16960cbf
aws-java-sdk-models-1.12.564.jar	models/quicksight-2018-04-01-model.json	1205919	145267	73db6828	deflated	18523c00cc6a75bb7381725ee5e746f89c7093dbd8670b2a7da46e1676a3dcb7
aws-java-sdk-models-1.12.564.jar	models/ram-2018-01-04-intermediate.json	3985285	182954	e4488715	deflated	072c37c4b47a3c542800838c9ba7e4c3d332dc9f4e8728bc0a6a99c259638bd5
aws-java-sdk-models-1.12.564.jar	models/ram-2018-01-04-model.json	178400	17964	02b39a68	deflated	3bf7b96406b624293b51005f23e6fd2c53d95aac6ca900cad1a40dc5e2ce951f
aws-java-sdk-models-1.12.564.jar	models/rbin-2021-06-15-intermediate.json	932756	49786	37737e1f	deflated	0603dfe3a21347b1851573db359e011ef969fdd5957a7b31ef2ab709630945ed
aws-java-sdk-models-1.12.564.jar	models/rbin-2021-06-15-model.json	37419	4277	101e06b8	deflated	5250a723839528bccaff37e04ec3283a6a0bf280148e73794c388bf4329a30d2
aws-java-sdk-models-1.12.564.jar	models/rds-2014-10-31-intermediate.json	25360742	1202090	1f077749	deflated	d613d7f4a6bf5480ad6cb0b760a0a40dcf42b5aec34a2c1beb3c82ba2c43f5f9
aws-java-sdk-models-1.12.564.jar	models/rds-2014-10-31-model.json	993173	137044	606af4ab	deflated	7ae9e7f6d5bea99046b921b0e58a025901618b79957a5cf6de0cc6b3b12a7bef
aws-java-sdk-models-1.12.564.jar	models/rds-data-2018-08-01-intermediate.json	956095	52369	367bc419	deflated	0a31a33ad2ef31c26cfe341aee8c38b05d9f480940c1bf29fbbaa526ef9b6198
aws-java-sdk-models-1.12.564.jar	models/rds-data-2018-08-01-model.json	38938	5952	3dfda3e2	deflated	ba5f134b2bef04eae471eb43a801dfd80405001dc969bf79f7c094da47766e20
aws-java-sdk-models-1.12.564.jar	models/redshift-2012-12-01-intermediate.json	13068319	638454	ad447938	deflated	9cd5190d76058b6e29bae11380e5f140bc625d6ad80458dff4a04c3041cb475f
aws-java-sdk-models-1.12.564.jar	models/redshift-2012-12-01-model.json	505755	65858	923f2bf3	deflated	6d60949d3fbecff4d4626470ae1350fbbc00b32d9cd1919428a1f6bce112dcd2
aws-java-sdk-models-1.12.564.jar	models/redshift-data-2019-12-20-intermediate.json	1539785	78583	fe3df34e	deflated	7c42eb4e563fa7e70cce031c6110d6065b71caccd19e2ca1c974a56cb1b65ce1
aws-java-sdk-models-1.12.564.jar	models/redshift-data-2019-12-20-model.json	67768	7072	560dd3fb	deflated	dc36364e27f978844899c8ab120e87c8ed4852c4bbd8bb26b1311a81e646a0b7
aws-java-sdk-models-1.12.564.jar	models/redshift-serverless-2021-04-21-intermediate.json	2671257	131387	00874231	deflated	465c5d5262c3a2e5d267f0a3b6c2c09d8d39bde0bf7bc45dfeb9f8e347793d01
aws-java-sdk-models-1.12.564.jar	models/redshift-serverless-2021-04-21-model.json	100239	12220	85cae879	deflated	55999cd5484f1fd30482196301603e2b55e0b2f6747506c531713d73b5ccbda0
aws-java-sdk-models-1.12.564.jar	models/rekognition-2016-06-27-intermediate.json	8515461	442813	8d65f56a	deflated	ff50aefe0b6ae84a7d8b1679493f4b2e92b5b99419dbc0a5d90c405b407b4332
aws-java-sdk-models-1.12.564.jar	models/rekognition-2016-06-27-model.json	429150	66429	9177bf85	deflated	3d489182120f195202c911ce5e42ca0a59f017b9e52209fc1984536184f7c796
aws-java-sdk-models-1.12.564.jar	models/resiliencehub-2020-04-30-intermediate.json	6333278	302200	c0f56719	deflated	7a270610a499c81909c6f56dea7c6e850cb84e5d1bb4abb59f450feb7db37c46
aws-java-sdk-models-1.12.564.jar	models/resiliencehub-2020-04-30-model.json	240962	24090	eb36898f	deflated	77dc4e5bde0baed791a6b7a5cae8d0591941c94f5f9ac69131075be68745e4c4
aws-java-sdk-models-1.12.564.jar	models/resource-explorer-2-2022-07-28-intermediate.json	1329298	69645	2bd34f0b	deflated	0aa53c6ec052d24469eb2741ade2f877e514a277913187c4a9bba58203ab8273
aws-java-sdk-models-1.12.564.jar	models/resource-explorer-2-2022-07-28-model.json	72443	11090	c5db2ffd	deflated	dd3d4c6b3e3004317ccfa92ce1207a8a1c7dcfe9921c674d03e57a919fa15ab4
aws-java-sdk-models-1.12.564.jar	models/resource-groups-2017-11-27-intermediate.json	1475612	73502	29417165	deflated	13710f2ccc37b6c6d8c57ee128ddc7df0576b55484df225135e806906e23f0b9
aws-java-sdk-models-1.12.564.jar	models/resource-groups-2017-11-27-model.json	73377	10920	eaafd1ae	deflated	fdfa72d1eb9daa264302410eb1d555ad2461104071db54867dfb3ccd09b04edc
aws-java-sdk-models-1.12.564.jar	models/robomaker-2018-06-29-intermediate.json	6720302	335070	a00f8c53	deflated	34aed1c5aac89fef6d7237e80fc0ff4a4aefc7c60bfb921de13fc9123c9f4722
aws-java-sdk-models-1.12.564.jar	models/robomaker-2018-06-29-model.json	235589	24302	40d030a2	deflated	68c4a38890285b74d38a039bcac9c57361ad01b5c197fc399a08f6bafd5eb127
aws-java-sdk-models-1.12.564.jar	models/rolesanywhere-2018-05-10-intermediate.json	1455974	73977	ac824353	deflated	ad8af2d4323c0aa340aab40a052a210ddc915055953f7bbc755b66a6ac606323
aws-java-sdk-models-1.12.564.jar	models/rolesanywhere-2018-05-10-model.json	54731	6314	b578a95b	deflated	04893d225d5f2a70f5b1f49c3ed2c0a6622599a0129db79aee7c9c087ea60866
aws-java-sdk-models-1.12.564.jar	models/route53-2013-04-01-intermediate.json	6960018	332715	d5c8e966	deflated	f6100694a41aa2d82dc2a329288ba8c75e12dbd683ba353b5d0d0fc62259381e
aws-java-sdk-models-1.12.564.jar	models/route53-2013-04-01-model.json	410039	61976	d206d938	deflated	ff20fe1542741e879f35e4364104f840c08d81e1dce80933cf56e9296c2916eb
aws-java-sdk-models-1.12.564.jar	models/route53-recovery-cluster-2019-12-02-intermediate.json	352473	19775	6a2b4953	deflated	40d9245344cea4e68e161be4eeb41bbae53e8f1878552bce6c226379beabb329
aws-java-sdk-models-1.12.564.jar	models/route53-recovery-cluster-2019-12-02-model.json	25928	3898	1599c4d3	deflated	ea65877a6984539006904ba7dfce663cb0f6b3aa1346bb3dd29fd73fb46d1950
aws-java-sdk-models-1.12.564.jar	models/route53-recovery-control-config-2020-11-02-intermediate.json	1263030	64694	c58c9b30	deflated	1db80847b5fd2b2868632f510ab20060d82c2a221d5caf23e3489652e3e7c1f4
aws-java-sdk-models-1.12.564.jar	models/route53-recovery-control-config-2020-11-02-model.json	84804	7813	0c424135	deflated	fd37445757d58e7617ea16fd6d23ce1c762aed84fa3a9b5954d02a559c752e8b
aws-java-sdk-models-1.12.564.jar	models/route53-recovery-readiness-2019-12-02-intermediate.json	2010294	101218	1c0e1e5e	deflated	8ccbc0d4d68b07d6b025fa0fc29ba0f1dafc9bd78878e9208b6002f9b408578a
aws-java-sdk-models-1.12.564.jar	models/route53-recovery-readiness-2019-12-02-model.json	108052	7280	1f9f691b	deflated	0b3031d1c4dc153ae3ac57ca070db32b00804dad83b3b72432c7fcd8bc0d7fe1
aws-java-sdk-models-1.12.564.jar	models/route53domains-2014-05-15-intermediate.json	2727187	130832	0fe4e884	deflated	2e0c442bda8ce8497e5644685d7e50a8fd4b3bfafedcf332d1e400ac9cfcb418
aws-java-sdk-models-1.12.564.jar	models/route53domains-2014-05-15-model.json	141683	20956	a6ecaf6c	deflated	f04f4a116742c59aadee4ca89383c4dd6bdb2c7f69bf3491fbfd6e3a989f5fc9
aws-java-sdk-models-1.12.564.jar	models/route53resolver-2018-04-01-intermediate.json	5138432	234340	089a82f1	deflated	d95c298c72cb634e3780505cf1320f1a19124c386471bfce5d4fdbc0a66ead92
aws-java-sdk-models-1.12.564.jar	models/route53resolver-2018-04-01-model.json	240123	28186	7405487d	deflated	df2c2c9ec3f9abb94979c7b808d756928e9121eed89a281a4b1b707d1a197d18
aws-java-sdk-models-1.12.564.jar	models/rum-2018-05-10-intermediate.json	1606705	85363	41b6ea4e	deflated	c87ea5a1143627c0f4d81e4d6f4a720ba92a79eaad4ea5fede6ccbdde05af762
aws-java-sdk-models-1.12.564.jar	models/rum-2018-05-10-model.json	85158	12708	5d3fe8bb	deflated	6dc8256b643aa349c5382d107ab081ebc415420466875f97cbae2f81bd565419
aws-java-sdk-models-1.12.564.jar	models/runtime.lex-2016-11-28-intermediate.json	1638286	83462	563a109e	deflated	a7c64d1371430da2fc19cd05368d9f85de95abc4b0858164ab01f7e1fd5ce74e
aws-java-sdk-models-1.12.564.jar	models/runtime.lex-2016-11-28-model.json	76631	11757	5f87f5ae	deflated	7330bdb87382de1ca0dc00ef73844221193f9c06c5c78a2ab86b89d004ba6f8b
aws-java-sdk-models-1.12.564.jar	models/runtime.lex.v2-2020-08-07-intermediate.json	1235248	66257	c8c6f2fa	deflated	502e2a7e6f3a882b9498f489f6a647ba5edfd7b4f320f44f6b58cc14c3d7c26f
aws-java-sdk-models-1.12.564.jar	models/runtime.lex.v2-2020-08-07-model.json	79003	12489	f77d6905	deflated	21a509346617fc9bf4812d95e4dc725410d761e750464887b826246df2e1a66a
aws-java-sdk-models-1.12.564.jar	models/runtime.sagemaker-2017-05-13-intermediate.json	335843	19952	3ed96001	deflated	a40f9082f562ea0f9386a89a54049186bf2f097bfa41577d811a33390f3bd8c3
aws-java-sdk-models-1.12.564.jar	models/runtime.sagemaker-2017-05-13-model.json	32086	4921	ea7f39e4	deflated	927461282083f88ecdbd207685471b172eda72778d63b0de515537edcb021962
aws-java-sdk-models-1.12.564.jar	models/s3-control-2018-08-20-intermediate.json	5716624	269075	a75b345f	deflated	a338dc513f0a0e82bb6e127d43f142537d20cafbf66c0f95ccd37bdeea936e63
aws-java-sdk-models-1.12.564.jar	models/s3-control-2018-08-20-model.json	350402	42255	97fdd2d3	deflated	7b3110db95c7354d2077c1c09c4f3f4e7535b620f385405dc2605ab9fb77aed9
aws-java-sdk-models-1.12.564.jar	models/s3outposts-2017-07-25-intermediate.json	379565	21428	7de46c09	deflated	efd5c9ce5dd5f6b5945f14eda446b621813a111f8cd387934a5728ac01708e0c
aws-java-sdk-models-1.12.564.jar	models/s3outposts-2017-07-25-model.json	19778	3381	13b60381	deflated	3795a3afb853f4fad84149389daa05076c657a5e0c37c5b4d0cc1a9a8f8f475e
aws-java-sdk-models-1.12.564.jar	models/sagemaker-a2i-runtime-2019-11-07-intermediate.json	308960	18745	899ef856	deflated	b9f994277cccee057b53c59b7a44b9e1f1678c203e35534ee566141d5139fe99
aws-java-sdk-models-1.12.564.jar	models/sagemaker-a2i-runtime-2019-11-07-model.json	18708	3744	4d4c8911	deflated	e3906db90450533db516c7884e09dd552492a43887c35d643dbfab25460d8d28
aws-java-sdk-models-1.12.564.jar	models/sagemaker-edge-2020-09-23-intermediate.json	383574	21427	5dbe63b5	deflated	546ca2fd00af5331c3c1da6883e103606d87847fd7f48b84d97aa39a785a98e8
aws-java-sdk-models-1.12.564.jar	models/sagemaker-edge-2020-09-23-model.json	13217	2186	04952ee0	deflated	90a7a50277a5eec7fc34394b5122fd4ecb2f1ac6853b44c7ba1d1fdd149ad5ce
aws-java-sdk-models-1.12.564.jar	models/sagemaker-featurestore-runtime-2020-07-01-intermediate.json	458772	26105	77ba9d0f	deflated	7d99bef7068f67aa2adae326e15953c1e8e34e9b3cd671c9daaa5695687e7c93
aws-java-sdk-models-1.12.564.jar	models/sagemaker-featurestore-runtime-2020-07-01-model.json	22255	3924	a521388b	deflated	7715530a220ec75439a00e8c6661eb197f62e97684c3b3af5224eaa6301539ea
aws-java-sdk-models-1.12.564.jar	models/sagemaker-geospatial-2020-05-27-intermediate.json	2705473	137524	929e2618	deflated	96f6f8177366e75cb09e68446a6e5867581b56936e93b60b44539d2eb26720f5
aws-java-sdk-models-1.12.564.jar	models/sagemaker-geospatial-2020-05-27-model.json	99551	11887	8a3fd1a7	deflated	e7e915974c205de1ea08a9b35e1853baf8e9ae3ce35d21f4e60fdd5572decbc6
aws-java-sdk-models-1.12.564.jar	models/sagemaker-metrics-2022-09-30-intermediate.json	95865	7480	48273999	deflated	34e6962df71bc6c01f20bf95a79dc56a0d20e1b0ba3dfe8649ca7985e20663de
aws-java-sdk-models-1.12.564.jar	models/sagemaker-metrics-2022-09-30-model.json	4464	1326	8a1706dc	deflated	70eca268bf18493f1bb1e02d79211c25e49f819450535b1741ebc526ad7a6801
aws-java-sdk-models-1.12.564.jar	models/savingsplans-2019-06-28-intermediate.json	1182965	59418	51edf713	deflated	a68f9ec1485566bce2652f7a43e30fae253654cd463350ce741b4b0f10fa7de8
aws-java-sdk-models-1.12.564.jar	models/savingsplans-2019-06-28-model.json	35888	4067	ccaea74b	deflated	5d863e9720128bedb309cec5fdbf78221774473b47ce5f09b947211b979d9199
aws-java-sdk-models-1.12.564.jar	models/scheduler-2021-06-30-intermediate.json	1444665	74207	0dbd5b47	deflated	9fdef2ecc79a3a49b35f8e02fe5c0cec4c6545827aa8be4af16d2c5eba42ef7e
aws-java-sdk-models-1.12.564.jar	models/scheduler-2021-06-30-model.json	65273	9316	1c947666	deflated	428fbc6d766436e7b5394010e98987af0c738980ccab60d541dd5e5720e643e1
aws-java-sdk-models-1.12.564.jar	models/schemas-2019-12-02-intermediate.json	1719143	81490	13652be1	deflated	cc8ef503a0e57a6a0db132aacac37d0ea7e216b05924578d62ace2a0748528f9
aws-java-sdk-models-1.12.564.jar	models/schemas-2019-12-02-model.json	99536	5665	22ae1f64	deflated	6124a5902eed499f6407ef01b6a9d10e48206a05e433faec1567474ff022a245
aws-java-sdk-models-1.12.564.jar	models/sdb-2009-04-15-intermediate.json	652030	35155	9cbbafde	deflated	36d691af30cce069628d85d080e7191e3e605114834204795843d726f5fdd53e
aws-java-sdk-models-1.12.564.jar	models/sdb-2009-04-15-model.json	44377	5998	c5c1a773	deflated	ec79a36c85730b4dfb2fd4b0fd9124d25aff551c3b9d7f2ed6910810c48a9ad8
aws-java-sdk-models-1.12.564.jar	models/secretsmanager-2017-10-17-intermediate.json	2338858	124203	92a10e89	deflated	a8b117e98375e80a61336128fd83ccee0e6b314afe8da865a51ee06e5949eebd
aws-java-sdk-models-1.12.564.jar	models/secretsmanager-2017-10-17-model.json	131850	19505	1341db2b	deflated	00c716251c0ed36f9013030dcd770c733f9337705828608b69ccfd4c051d2a50
aws-java-sdk-models-1.12.564.jar	models/securityhub-2018-10-26-intermediate.json	32118940	1452842	c3896f9e	deflated	1a0b2e7954716ccd8f577a28dbdecf7529ac0665b5762795fa9b9cbda8ec324c
aws-java-sdk-models-1.12.564.jar	models/securityhub-2018-10-26-model.json	1006375	136120	09483dfc	deflated	3c680a52eb3f044af944837c19bb1a91bed886f4aa79bb8858ac8a0ed32025f0
aws-java-sdk-models-1.12.564.jar	models/securitylake-2018-05-10-intermediate.json	2045244	100962	374e5b88	deflated	85edcca36eed4a550304b0a391229a94515563d145adc663216ee58a1b78ce7a
aws-java-sdk-models-1.12.564.jar	models/securitylake-2018-05-10-model.json	98585	13629	ad348077	deflated	e4a24ee0ae9c20ad353ebe6ae77a7289c280a82dd63296427ae5ae57a8457264
aws-java-sdk-models-1.12.564.jar	models/serverlessrepo-2017-09-08-intermediate.json	1949384	94219	29314a94	deflated	b0c4ccab788fafc48f5fd55dda64e5e6f078f5714b2891764f64bed39a1dd822
aws-java-sdk-models-1.12.564.jar	models/serverlessrepo-2017-09-08-model.json	113865	9522	0f5cbcd9	deflated	a74ea250e8932abf6137a3dc45b76cb1e96665f7a1658efa1abffe394222b0f9
aws-java-sdk-models-1.12.564.jar	models/service-quotas-2019-06-24-intermediate.json	1321055	63073	2cf55780	deflated	fd73b176c065f1ad9882e7c539d4fb78885be6a8580c835f92c4408f1442d7eb
aws-java-sdk-models-1.12.564.jar	models/service-quotas-2019-06-24-model.json	63137	6378	8fbd38b0	deflated	8059d635418960172ad143f50c076bd8d47d6934b6c17bac94829edb6c23e156
aws-java-sdk-models-1.12.564.jar	models/servicecatalog-2015-12-10-intermediate.json	7871184	381567	4a7c7323	deflated	a4c9f69f5c233188e56ed9430637c0c742b33b0d5064275142449095248dc950
aws-java-sdk-models-1.12.564.jar	models/servicecatalog-2015-12-10-model.json	300079	37374	67f60f92	deflated	c1f1a9a95bc6167cf169ea9d69e538fce604216c9779cbdc7d0405780685f7a5
aws-java-sdk-models-1.12.564.jar	models/servicediscovery-2017-03-14-intermediate.json	2959043	142729	895d90c5	deflated	d75609e1156b38b0dbe727cb627a46161e5b56ff8bdd0c5c44dab7630d8d2d0a
aws-java-sdk-models-1.12.564.jar	models/servicediscovery-2017-03-14-model.json	136313	18914	89ec45ff	deflated	f790ed335a7dfabccde819ba219cc2c014d6d6ea9412a3eb51155ca6ab55844b
aws-java-sdk-models-1.12.564.jar	models/sesv2-2019-09-27-intermediate.json	6927228	350054	462b4d13	deflated	86d1ea615a4ea6cdaaeb61778100ab21e34c58207a8e0907955092bf080543d8
aws-java-sdk-models-1.12.564.jar	models/sesv2-2019-09-27-model.json	353469	51027	727ff650	deflated	809fcddc23a3004bc66c4eb9c20177e1cad55f543acf176d683b26d52642bae5
aws-java-sdk-models-1.12.564.jar	models/shield-2016-06-02-intermediate.json	2193498	110346	9b5c9917	deflated	e1e6d54cdd0e03517dae8a37563607914a625f4332f0e4dde934e94444fdcc35
aws-java-sdk-models-1.12.564.jar	models/shield-2016-06-02-model.json	110321	15194	e93ba5ac	deflated	266b99f84a1504f1045d13edbe4c6735397397f749461b6183f1edb9948a5d58
aws-java-sdk-models-1.12.564.jar	models/signer-2017-08-25-intermediate.json	1779684	89599	97fdb7f7	deflated	4543f0c55d154575283cfa821080c4b08074ba4b397befb4566bfa44be557214
aws-java-sdk-models-1.12.564.jar	models/signer-2017-08-25-model.json	70460	9658	47ef65e1	deflated	bbb3a014ef736868e4cb89798353a9db2802c4410156777950e72dc1f0f935be
aws-java-sdk-models-1.12.564.jar	models/simspaceweaver-2022-10-28-intermediate.json	1083512	51347	d269bf10	deflated	bec0623f4ab1b40c858192f9d7c15526ba8ce00f56f550126226ba8825a97a6a
aws-java-sdk-models-1.12.564.jar	models/simspaceweaver-2022-10-28-model.json	53660	6882	36d0a082	deflated	9344d6487c622159462a20ba1f41022420add6981cd9cb49b91b152a924f374f
aws-java-sdk-models-1.12.564.jar	models/sms-2016-10-24-intermediate.json	2288981	107596	8cc50f8c	deflated	01f567f7eb4c6e719b695fc8eebec4a885827b034397e08506afcc3c97e39e62
aws-java-sdk-models-1.12.564.jar	models/sms-2016-10-24-model.json	89540	9643	08439e7f	deflated	7bb907b4d3e7b889d700716359e9a745ab1d9c03c7916126249c6beca61299ce
aws-java-sdk-models-1.12.564.jar	models/snow-device-management-2021-08-04-intermediate.json	1139149	59443	384f9528	deflated	08310c018ed5c87ccaf892ba3d21fa3eca9f0ade84c742fe28455d16d76820b5
aws-java-sdk-models-1.12.564.jar	models/snow-device-management-2021-08-04-model.json	42927	5922	460235d4	deflated	b1a9e1d5abfceda13a99434b9eeff0860aaae2665ab26ae54c7c02689d985418
aws-java-sdk-models-1.12.564.jar	models/snowball-2016-06-30-intermediate.json	2710449	137240	02aafd24	deflated	6c977e217e187d0fe355ebffe4b7f699c4310ef87885ae646bd0b86606843ef5
aws-java-sdk-models-1.12.564.jar	models/snowball-2016-06-30-model.json	114690	16881	aadaadb6	deflated	04f565b3d47161ced1d40be436f5bc50cf89621c11946e98c73da06dba7083fb
aws-java-sdk-models-1.12.564.jar	models/sns-2010-03-31-intermediate.json	2615115	128808	8cb851f7	deflated	3d5ea1af7664ed8d2ed2de6d3a51befe6303a8d1751ab96a19468718794a8941
aws-java-sdk-models-1.12.564.jar	models/sns-2010-03-31-model.json	155790	24053	64b56f08	deflated	799beaaf9db11d41fc12ea63daf68e2c2d17c81f3dc4592083801bd75a8d0b9b
aws-java-sdk-models-1.12.564.jar	models/sqs-2012-11-05-intermediate.json	2670461	130138	794e9202	deflated	c0c404ffa4ee9bd400e1a4349529a0ede715c5496be780f7dc994bc16165514b
aws-java-sdk-models-1.12.564.jar	models/sqs-2012-11-05-model.json	144570	22487	7fabda6f	deflated	a3ae7694a5cea329ae2b04614b349e871e5702bd5276ec73f22316e252f7d15e
aws-java-sdk-models-1.12.564.jar	models/ssm-2014-11-06-intermediate.json	20824239	1045081	64a95b1d	deflated	d1c833d7bde352dd41474d8889b3d8b12edba75880e5855486d64809e3413745
aws-java-sdk-models-1.12.564.jar	models/ssm-2014-11-06-model.json	808256	121160	d3572e7b	deflated	63d166136169d33566b2118345713be6480c4b651c0a413398ff5ee8ebdb82b8
aws-java-sdk-models-1.12.564.jar	models/ssm-contacts-2021-05-03-intermediate.json	2685434	130850	2cb670f4	deflated	87bd7a529e1697021544c7c2b94075953c9628549fda905e1f5f69645405cb53
aws-java-sdk-models-1.12.564.jar	models/ssm-contacts-2021-05-03-model.json	108134	12723	32f6dc41	deflated	d53560659f20b1ae24b5d70441c7070884030cb9c927662f0aef02efbeec26fc
aws-java-sdk-models-1.12.564.jar	models/ssm-incidents-2018-05-10-intermediate.json	2417505	122667	e028a566	deflated	ad3117ccda1c2aca3067fa4f0cb6172ce631fdad8690ba834fdb2afa58243993
aws-java-sdk-models-1.12.564.jar	models/ssm-incidents-2018-05-10-model.json	98191	12990	a24cd824	deflated	9acb5642ef9b0884acc5b1ab09cd24c4f563b338437f672316f7d7ef16e2d9a5
aws-java-sdk-models-1.12.564.jar	models/ssm-sap-2018-05-10-intermediate.json	1343341	69066	9454b42a	deflated	fa6422bf4a58ecabecf0c1c3bba885ddd6d35dad3bd52a8ec88dbeedd8f67f56
aws-java-sdk-models-1.12.564.jar	models/ssm-sap-2018-05-10-model.json	47847	5637	ca297107	deflated	5f56a1f7f5751c9f6cbe5eada9ed319bd976ca5bf01b83e252790536b64d4157
aws-java-sdk-models-1.12.564.jar	models/sso-2019-06-10-intermediate.json	254170	15332	3f69af79	deflated	c8c462a3b5bc0722ac9744bb059c83f8b086c1097bf8ede63e6c83a461d095d1
aws-java-sdk-models-1.12.564.jar	models/sso-2019-06-10-model.json	15347	2880	b881b41e	deflated	b3ea73cda31010f6e51d115eb3949892402142e2762daffd8c63f33981ddbe97
aws-java-sdk-models-1.12.564.jar	models/sso-admin-2020-07-20-intermediate.json	2036451	90230	bf91767b	deflated	9d57b0d8ebdb636ca71cbd9d8e58151bf01cb63edfe3bbf7da1de16121a5a868
aws-java-sdk-models-1.12.564.jar	models/sso-admin-2020-07-20-model.json	102450	9701	613653b1	deflated	d5ff163e8feb18a6bb695fc4ee2d636bd7ef661ab3c117c41d4b443093876685
aws-java-sdk-models-1.12.564.jar	models/sso-oidc-2019-06-10-intermediate.json	458262	22611	74208384	deflated	27c9302252c116f21b5af57301e18d407cd0f3c1f17b979af8749874126c0a5b
aws-java-sdk-models-1.12.564.jar	models/sso-oidc-2019-06-10-model.json	19590	3919	5b9c8f9d	deflated	75c59390afcc9ada95755991a02e7a499de738e5310fd755fc7643b1325cb9a4
aws-java-sdk-models-1.12.564.jar	models/states-2016-11-23-intermediate.json	3547242	163009	3b8cbb27	deflated	68ef86818beb038d0fe7b98129c17500763e75cee9d44b6cf10de66030236300
aws-java-sdk-models-1.12.564.jar	models/states-2016-11-23-model.json	168391	20920	a39f6f77	deflated	aaf6fe1b1fb3fbd61f6ca89260f50dc50541cc1cf52fb72030a5bc4b57b228ef
aws-java-sdk-models-1.12.564.jar	models/storagegateway-2013-06-30-intermediate.json	7344709	361572	c61c4f63	deflated	33c081d68fb04d6c7bc2bc7fd4b2e6e487a574b6fca6374e12fe32d6d5cb656f
aws-java-sdk-models-1.12.564.jar	models/storagegateway-2013-06-30-model.json	323658	48972	91c62936	deflated	d3f913920fc9eec86c139c9391a8e41e3862b534666fa8b5da45558f04886c39
aws-java-sdk-models-1.12.564.jar	models/streams.dynamodb-2012-08-10-intermediate.json	737092	40973	00bca715	deflated	950923cea45f3c75175cba805f80d675f208473adb158c1c4b2195b23e1d2161
aws-java-sdk-models-1.12.564.jar	models/streams.dynamodb-2012-08-10-model.json	32954	6766	82180600	deflated	161d99af4e9d7015dddf186e6512c93a817e6b92013fc0b569297297dc9a2d27
aws-java-sdk-models-1.12.564.jar	models/sts-2011-06-15-intermediate.json	1547037	81098	38f2d7cb	deflated	f3cf77dbcc8e6bd5890c9d97ce8ac6ecf946a64dfc131213eecfdc994f3083b3
aws-java-sdk-models-1.12.564.jar	models/sts-2011-06-15-model.json	112593	16541	fdcbd5eb	deflated	9e278c999ea1c747ec72fe392a956ebbdae34143587cb07b139d803366d9d78b
aws-java-sdk-models-1.12.564.jar	models/support-2013-04-15-intermediate.json	1546115	81948	5504f088	deflated	dd89a2ffa88dda7ccbd516d6858ecea42824e068f0186f38831713b67272f7ee
aws-java-sdk-models-1.12.564.jar	models/support-2013-04-15-model.json	86587	11764	5c2827e0	deflated	621e31d7352d181ce7d9e625e9ec0bdeb098df376d7689ee8f2e9e4ee17e5ee3
aws-java-sdk-models-1.12.564.jar	models/support-app-2021-08-20-intermediate.json	531031	26044	23bf6f84	deflated	3e30058f7a9c7770454b2b2db874affe643b2abeaa054d3cf484d3cdb6ef1033
aws-java-sdk-models-1.12.564.jar	models/support-app-2021-08-20-model.json	32543	4238	a6dd0eab	deflated	237eb5786e37921ea171ca30ea7de47bdc1082f24f1284fe02fad7ff3efd3e5f
aws-java-sdk-models-1.12.564.jar	models/swf-2012-01-25-intermediate.json	6464449	283574	5e0067df	deflated	31115a1e8c5a1c040a26e9547f3020233a32698e7bc75c6818cd98b44618f173
aws-java-sdk-models-1.12.564.jar	models/swf-2012-01-25-model.json	339524	34211	5355fafa	deflated	c737ca9e209ff8d6e3a26f11374e5214d88bdd5913ab77c0eaf8357c85747b87
aws-java-sdk-models-1.12.564.jar	models/synthetics-2017-10-11-intermediate.json	1822982	91733	646e7823	deflated	b8c69fd776251ada62719601bdb6dfe28f60229f43d7b0cd442d4a6d5813c81d
aws-java-sdk-models-1.12.564.jar	models/synthetics-2017-10-11-model.json	86996	13464	c020c456	deflated	a7b1d84d6bc6cb783215e625ec8d109596318effd55bc55c3093e576254e9b8e
aws-java-sdk-models-1.12.564.jar	models/tagging-2017-01-26-intermediate.json	863778	45309	d939446d	deflated	4b6e4db4c85c721e463dd5cb88c8d6e72a3c3c3d3d3329be1406e41bf1ed7779
aws-java-sdk-models-1.12.564.jar	models/tagging-2017-01-26-model.json	44191	7688	22230640	deflated	5deee3eaa58340464ae5bc2e4ef06c63aa6e41ac6f086c323203a3dd4d1f707c
aws-java-sdk-models-1.12.564.jar	models/textract-2018-06-27-intermediate.json	2350308	126244	a095e4c0	deflated	72c8ec7e8d440470cf15710f7f3790ab6d45f61b72ba5d0b58936ff8fa2039f9
aws-java-sdk-models-1.12.564.jar	models/textract-2018-06-27-model.json	108567	17353	37165667	deflated	e2607afa2a9f4a8f096929131888fdd6414ca3b4dd5d6c4b587002483034529c
aws-java-sdk-models-1.12.564.jar	models/timestream-query-2018-11-01-intermediate.json	1420460	73855	feabebfe	deflated	1e460342626b3a292986a97ba92fc511866db04022fd1c693c6513e8e030ec5b
aws-java-sdk-models-1.12.564.jar	models/timestream-query-2018-11-01-model.json	60424	10337	90f9578a	deflated	2d178bbc65ce8419d3172fd30b1767fad63eef34413d7c18d123e0aa3e94268c
aws-java-sdk-models-1.12.564.jar	models/timestream-write-2018-11-01-intermediate.json	1641249	84632	b09d811b	deflated	8e1d20cccc7724ca393fc51ec6495fa02c715b7e86fcf182c9124f1df53f9a20
aws-java-sdk-models-1.12.564.jar	models/timestream-write-2018-11-01-model.json	77646	12088	f83b2bac	deflated	0f54d5e8672ca162f3ce0a15af53e6896844c55b5742d892d8079f19070831e6
aws-java-sdk-models-1.12.564.jar	models/tnb-2008-10-21-intermediate.json	2402981	124031	0917ab18	deflated	7b8eb2695787e034f6ad67ea7ce91535f31f83c7effc316d933dd8a33e790b1c
aws-java-sdk-models-1.12.564.jar	models/tnb-2008-10-21-model.json	110910	9273	5628566e	deflated	4a8e80426cf181b0c7fd082e561de15a69d1d046be7d382d15c1e324bdf2a9a6
aws-java-sdk-models-1.12.564.jar	models/transcribe-2017-10-26-intermediate.json	5407732	258356	9310bfcb	deflated	911621c5d8bd7200b2900dbc2b415f980f2ac60cced022077184c13a6791a918
aws-java-sdk-models-1.12.564.jar	models/transcribe-2017-10-26-model.json	241463	30022	8540fbb8	deflated	94c476c84a81105b523e1b9387437f7ff9616ffaa05c80f37812fd1dbf022558
aws-java-sdk-models-1.12.564.jar	models/transfer-2018-11-05-intermediate.json	6690439	322510	d5aee8ad	deflated	041efbcd0f6a29018e9a1eb9e4bda0e75f30bd8082cfa87faedbcef391ff2bee
aws-java-sdk-models-1.12.564.jar	models/transfer-2018-11-05-model.json	286803	46623	a9fc6227	deflated	c483c9b28c4a8acb7c0a5be92a357d02fc9276a3c03583620cfd888ae5df17ac
aws-java-sdk-models-1.12.564.jar	models/translate-2017-07-01-intermediate.json	2018450	99835	def8a4de	deflated	7eaab9d57aa075cc86ba7c5d1efdc4c3ed1b3207b0a4c87fd6123f27d98f780f
aws-java-sdk-models-1.12.564.jar	models/translate-2017-07-01-model.json	84883	12777	8b65e6ee	deflated	2f855f6181691c3c3503b75740de316575afc763b4fa5404028b3bca59d49965
aws-java-sdk-models-1.12.564.jar	models/verifiedpermissions-2021-12-01-intermediate.json	2624267	122887	e1462dac	deflated	4063d47d940869eb41be2a42ad911237fdd1f0f3ae5809748adb663013a3f6f6
aws-java-sdk-models-1.12.564.jar	models/verifiedpermissions-2021-12-01-model.json	131117	16514	06adf62a	deflated	aed4942c9204560b72ba1549207718b37bbb47edc3ccce556d90ffc783d8b87c
aws-java-sdk-models-1.12.564.jar	models/voice-id-2021-09-27-intermediate.json	2423910	114007	85346095	deflated	819da43d5c3e2f9cc077b982dd03bbcb83a16f1b68db728af73b428af204e8b0
aws-java-sdk-models-1.12.564.jar	models/voice-id-2021-09-27-model.json	100450	11842	5cdcc59f	deflated	780083e7e65da4635fdf81a69938f8bba913103347223a21b0ff8105f879fa54
aws-java-sdk-models-1.12.564.jar	models/vpc-lattice-2022-11-30-intermediate.json	4195393	199829	49e90fed	deflated	1358677ab893b2278f0be427a0166131045546f654030db49f18f58b5cd655a5
aws-java-sdk-models-1.12.564.jar	models/vpc-lattice-2022-11-30-model.json	175620	17422	9dbed6c5	deflated	92e5736eefa2763416ed49eed5d13df23896811ffae182012fb3f05991e0b90e
aws-java-sdk-models-1.12.564.jar	models/waf-2015-08-24-intermediate.json	5844962	260215	77a44a52	deflated	ba2cab1891c775b6c68cae94f076601d7ada8458e02d4de3bfa646bd4d2ac430
aws-java-sdk-models-1.12.564.jar	models/waf-2015-08-24-model.json	401091	41701	583d70d6	deflated	ab379782de48ccbf41256467b85c0c072a6a441db4fb98f04effdc173a9b8054
aws-java-sdk-models-1.12.564.jar	models/waf-regional-2016-11-28-intermediate.json	5976188	266512	f433fb46	deflated	faf11f265e157d32ca8c18bdc5c70e699ae872b5c5517e06cc79cbf3ebfc35bc
aws-java-sdk-models-1.12.564.jar	models/waf-regional-2016-11-28-model.json	410513	42857	488d4adf	deflated	31457b9461b278c2605850e677b1218c3a77703f3fafde1478f0238a8ca88cf5
aws-java-sdk-models-1.12.564.jar	models/wafv2-2019-07-29-intermediate.json	9077925	445192	708b4388	deflated	40c913ff3f79e9a64ffce3b7e5b0b2f05b31430ee364c9f96d77e02253f006b9
aws-java-sdk-models-1.12.564.jar	models/wafv2-2019-07-29-model.json	450293	68132	b2e539fe	deflated	96287330c9fd49ddffd4985f3083c60325523a53303e72e3652087dec6dbe1bd
aws-java-sdk-models-1.12.564.jar	models/wellarchitected-2020-03-31-intermediate.json	6031049	275307	a4126179	deflated	8698591c36b81d44fdeea4c42b2863cfe7b5bb3c65655520894bf3e20603de84
aws-java-sdk-models-1.12.564.jar	models/wellarchitected-2020-03-31-model.json	192639	20018	2980f31a	deflated	130fe2c069132bf61ece4d4bce147450148e0ea4a69c48f1e1228c6488028462
aws-java-sdk-models-1.12.564.jar	models/wisdom-2020-10-19-intermediate.json	2440888	122348	1736eba8	deflated	d423466bbc9d07a1bcda4f601514acb1f96be931495a7361d67e94dfb43e115d
aws-java-sdk-models-1.12.564.jar	models/wisdom-2020-10-19-model.json	99974	11320	097ace31	deflated	052a77d12faea15438e7be90b96fac30a8a31a32d0591b7009ffb202f0285606
aws-java-sdk-models-1.12.564.jar	models/workdocs-2016-05-01-intermediate.json	3302666	165949	611f2a01	deflated	36d66aece3a43bcc6c29d986cae3e8dca3a8c7ff2565088efdf1955a714c74db
aws-java-sdk-models-1.12.564.jar	models/workdocs-2016-05-01-model.json	147194	16190	39fde853	deflated	7bac1e308b6678fda46fd181847a4f2f3aacaf8d94ae19099b31948ddc87d532
aws-java-sdk-models-1.12.564.jar	models/worklink-2018-09-25-intermediate.json	1257349	58093	cdeb0fdf	deflated	a4130bc32a2a657bca5ebb9eefe78f6aff64b9fe1daf973e56b080a34212bf2f
aws-java-sdk-models-1.12.564.jar	models/worklink-2018-09-25-model.json	65098	6052	83b1c2b0	deflated	77de75e694c950b9410d87e0b157fe7403de437e22000bac14ce0f24412f6da9
aws-java-sdk-models-1.12.564.jar	models/workmail-2017-10-01-intermediate.json	5354694	241360	f567f0f6	deflated	8c453db3610088019da90f2d9c22af93e886f92bc93e84733908ca7c4fcfcee7
aws-java-sdk-models-1.12.564.jar	models/workmail-2017-10-01-model.json	220842	24839	01650692	deflated	faa7c797231d165a173952a02474eb772ccc1e2194b3e745be643dc2c8608e30
aws-java-sdk-models-1.12.564.jar	models/workmailmessageflow-2019-05-01-intermediate.json	80179	7048	60f1401e	deflated	661d798ea214aa187fa001a9c6e714af2eeca857658cff37009b31da5b9976d4
aws-java-sdk-models-1.12.564.jar	models/workmailmessageflow-2019-05-01-model.json	8540	2239	7e77b718	deflated	9a466c1176c3a4efc3ea65d0c07db082a6ce9da84295da55912f87f3771b3488
aws-java-sdk-models-1.12.564.jar	models/workspaces-2015-04-08-intermediate.json	5229294	255744	95424ed0	deflated	882a1e065b10dfe8ef3cb7a4bd45288926eebccbbc7ee6e2b9754e03a32b84ff
aws-java-sdk-models-1.12.564.jar	models/workspaces-2015-04-08-model.json	226876	30088	44325ab6	deflated	987a761c564cb7d9d6158568bd400ad98f28d809db9ed7fd54e76ec07cff903b
aws-java-sdk-models-1.12.564.jar	models/workspaces-web-2020-07-08-intermediate.json	3221175	147784	f498812e	deflated	748b5970ff3decfe57226e6b2a734c1629e18c890b5a042d699a97852aad18bc
aws-java-sdk-models-1.12.564.jar	models/workspaces-web-2020-07-08-model.json	141741	12206	0d05d82d	deflated	25c3da3c9ebcc7dcd4dab99110a048396f44ae1b372fd91df8c36c6b91ce4566
aws-java-sdk-models-1.12.564.jar	models/xray-2016-04-12-intermediate.json	3572235	179165	082f37aa	deflated	05e133ad0b79612125232a55dbf4cd7f8a229daa87f9a674220a37d207564c8d
aws-java-sdk-models-1.12.564.jar	models/xray-2016-04-12-model.json	122325	17674	bd9b61bd	deflated	61fa755379a6482ecec80d74d7a1a78d774d38fbb1f7b9eb951b694f5ad60081
aws-java-sdk-mq-1.12.564.jar	META-INF/MANIFEST.MF	130	108	08960c59	deflated	3361b4fae45527150983b918ea4f23f365809055f11e87101dc864076e083a81
aws-java-sdk-mq-1.12.564.jar	META-INF/maven/com.amazonaws/aws-java-sdk-mq/pom.properties	116	113	9c7429fb	deflated	7d464abb830a00a4761c93386f0b320d7c55102c5b0d6f2af9d1a3cb4ff16537
aws-java-sdk-mq-1.12.564.jar	META-INF/maven/com.amazonaws/aws-java-sdk-mq/pom.xml	3533	1038	7a0e53ba	deflated	d0891978a268870ee5b1b3c498bf6f2c6358bd07749d84021f4d000e631afe11
aws-java-sdk-mwaa-1.12.564.jar	META-INF/MANIFEST.MF	130	108	08960c59	deflated	3361b4fae45527150983b918ea4f23f365809055f11e87101dc864076e083a81
aws-java-sdk-mwaa-1.12.564.jar	META-INF/maven/com.amazonaws/aws-java-sdk-mwaa/pom.properties	118	115	24315753	deflated	50afb194c2e63cd6e60f92051d14c250b368106737dad61f44c40f5f511d3703
aws-java-sdk-mwaa-1.12.564.jar	META-INF/maven/com.amazonaws/aws-java-sdk-mwaa/pom.xml	3543	1043	4922d5d3	deflated	928952e25fbe911dbeecd3c996d37bcea729ce647cbb6474d53e7fd9a2ba01fd
aws-java-sdk-neptune-1.12.564.jar	META-INF/MANIFEST.MF	130	108	08960c59	deflated	3361b4fae45527150983b918ea4f23f365809055f11e87101dc864076e083a81
aws-java-sdk-neptune-1.12.564.jar	META-INF/maven/com.amazonaws/aws-java-sdk-neptune/pom.properties	121	116	bc43e35c	deflated	7a253bdf38b07e2c49f7483c6e931d97f7b65acc3609dbf9f42735226b9c3637
aws-java-sdk-neptune-1.12.564.jar	META-INF/maven/com.amazonaws/aws-java-sdk-neptune/pom.xml	3561	1045	9f138401	deflated	a610958b6a362a1348ef44b8539cd98c638da311f75382895775f24fc194bda1
aws-java-sdk-neptune-1.12.564.jar	com/amazonaws/services/neptune/request.handler2s	127	81	80744c6f	deflated	f5c7911888076fdc4ada2a2ac25b9970cfd3b3a93e23301c2429a4f2e28f8aae
aws-java-sdk-neptunedata-1.12.564.jar	META-INF/MANIFEST.MF	130	108	08960c59	deflated	3361b4fae45527150983b918ea4f23f365809055f11e87101dc864076e083a81
aws-java-sdk-neptunedata-1.12.564.jar	META-INF/maven/com.amazonaws/aws-java-sdk-neptunedata/pom.properties	125	120	929fc1d3	deflated	49ede79bc7b81a032023e9c40c29371d6d1be45397fa4258a353b58719b249f0
aws-java-sdk-neptunedata-1.12.564.jar	META-INF/maven/com.amazonaws/aws-java-sdk-neptunedata/pom.xml	3581	1050	ab330b6f	deflated	9da8819f47a434d5f207533d7f5dc8b1ebad1f79084632bdc09d63e58ea44c70
aws-java-sdk-networkfirewall-1.12.564.jar	META-INF/MANIFEST.MF	130	108	08960c59	deflated	3361b4fae45527150983b918ea4f23f365809055f11e87101dc864076e083a81
aws-java-sdk-networkfirewall-1.12.564.jar	META-INF/maven/com.amazonaws/aws-java-sdk-networkfirewall/pom.properties	129	123	b52aaddd	deflated	c0c08bfcfe5f8c38271bb21b8fb49a5b9d05d9f1174d4ea5b423226682491545
aws-java-sdk-networkfirewall-1.12.564.jar	META-INF/maven/com.amazonaws/aws-java-sdk-networkfirewall/pom.xml	3595	1051	c30749aa	deflated	338dd1c171df61e4681762937b76e651f48dfd23951bf71b455757b71211b035
aws-java-sdk-networkmanager-1.12.564.jar	META-INF/MANIFEST.MF	130	108	08960c59	deflated	3361b4fae45527150983b918ea4f23f365809055f11e87101dc864076e083a81
aws-java-sdk-networkmanager-1.12.564.jar	META-INF/maven/com.amazonaws/aws-java-sdk-networkmanager/pom.properties	128	122	add11b64	deflated	6cc89babe44b25cda0e8b245ef9ee1d52c1e0164e2c480f98f7af3b48df4575d
aws-java-sdk-networkmanager-1.12.564.jar	META-INF/maven/com.amazonaws/aws-java-sdk-networkmanager/pom.xml	3590	1050	28389732	deflated	5e5070c22991b31e95736340bc18c1055440fae6402d9d352d69571046bedeb5
aws-java-sdk-nimblestudio-1.12.564.jar	META-INF/MANIFEST.MF	130	108	08960c59	deflated	3361b4fae45527150983b918ea4f23f365809055f11e87101dc864076e083a81
aws-java-sdk-nimblestudio-1.12.564.jar	META-INF/maven/com.amazonaws/aws-java-sdk-nimblestudio/pom.properties	126	120	674285f6	deflated	15071651c6d5e708eb81071e36ccbf77f240be750a3378fd5fc48ce71afa0b10
aws-java-sdk-nimblestudio-1.12.564.jar	META-INF/maven/com.amazonaws/aws-java-sdk-nimblestudio/pom.xml	3583	1050	8a959c64	deflated	4e143febc5a1c01c51b74166b95fe43e875d149d769adfd9eaca7f7f637f1fbe
aws-java-sdk-oam-1.12.564.jar	META-INF/MANIFEST.MF	130	108	08960c59	deflated	3361b4fae45527150983b918ea4f23f365809055f11e87101dc864076e083a81
aws-java-sdk-oam-1.12.564.jar	META-INF/maven/com.amazonaws/aws-java-sdk-oam/pom.properties	117	113	d32344b0	deflated	a275b15f26a39ed631676011fa53aae74ef604deb46154c9c69e39043bb7bb4c
aws-java-sdk-oam-1.12.564.jar	META-INF/maven/com.amazonaws/aws-java-sdk-oam/pom.xml	3628	1062	bee93c0d	deflated	41f6c83e4ee172bf94a208138ce1f95b48a76d7812e1bc6527282f36da3e64db
aws-java-sdk-omics-1.12.564.jar	META-INF/MANIFEST.MF	130	108	08960c59	deflated	3361b4fae45527150983b918ea4f23f365809055f11e87101dc864076e083a81
aws-java-sdk-omics-1.12.564.jar	META-INF/maven/com.amazonaws/aws-java-sdk-omics/pom.properties	119	115	db0a7f97	deflated	389f9c7c6b885daf4b00e5ac4b456a5ba6e4092d954132a5bbcadeddd163d20f
aws-java-sdk-omics-1.12.564.jar	META-INF/maven/com.amazonaws/aws-java-sdk-omics/pom.xml	3551	1044	e026b687	deflated	c5be7a048dd04a086b1755d2ab81deb79f81e31c10c3cf4d3f66b64434d477d6
aws-java-sdk-opensearch-1.12.564.jar	META-INF/MANIFEST.MF	130	108	08960c59	deflated	3361b4fae45527150983b918ea4f23f365809055f11e87101dc864076e083a81
aws-java-sdk-opensearch-1.12.564.jar	META-INF/maven/com.amazonaws/aws-java-sdk-opensearch/pom.properties	124	118	d2f32e32	deflated	befe7d7ba055515ed90b3ae84c33c75d07a57e3a046d54a81f05ef72f02365a6
aws-java-sdk-opensearch-1.12.564.jar	META-INF/maven/com.amazonaws/aws-java-sdk-opensearch/pom.xml	3576	1048	d5d73562	deflated	f850230de57ac1f61d1650612b5c5e5bc2d43f5c8e448bb4381a4b7751500dea
aws-java-sdk-opensearchserverless-1.12.564.jar	META-INF/MANIFEST.MF	130	108	08960c59	deflated	3361b4fae45527150983b918ea4f23f365809055f11e87101dc864076e083a81
aws-java-sdk-opensearchserverless-1.12.564.jar	META-INF/maven/com.amazonaws/aws-java-sdk-opensearchserverless/pom.properties	134	126	59a10f32	deflated	1e8180ba7ad542cb2fae0e92c1a81217d4b281343ad2f21ac8879ba24f2da54c
aws-java-sdk-opensearchserverless-1.12.564.jar	META-INF/maven/com.amazonaws/aws-java-sdk-opensearchserverless/pom.xml	3632	1059	0418c225	deflated	a335d38bbd58731e881b05dd152dd6ef91f8cef41a837d1edf4db88a7d71e015
aws-java-sdk-opsworks-1.12.564.jar	META-INF/MANIFEST.MF	130	108	08960c59	deflated	3361b4fae45527150983b918ea4f23f365809055f11e87101dc864076e083a81
aws-java-sdk-opsworks-1.12.564.jar	META-INF/maven/com.amazonaws/aws-java-sdk-opsworks/pom.properties	122	118	f6c3c7ef	deflated	ff2d23b28ebf4c97f2a3815a1ed05e010964e575e903ee758b95fe180ac8a5c8
aws-java-sdk-opsworks-1.12.564.jar	META-INF/maven/com.amazonaws/aws-java-sdk-opsworks/pom.xml	3557	1047	f93ed9eb	deflated	4fa1ff58b871bde354be0dc33511e1ca2c4375f0238ff7174a5ef8a54d48533b
aws-java-sdk-opsworkscm-1.12.564.jar	META-INF/MANIFEST.MF	130	108	08960c59	deflated	3361b4fae45527150983b918ea4f23f365809055f11e87101dc864076e083a81
aws-java-sdk-opsworkscm-1.12.564.jar	META-INF/maven/com.amazonaws/aws-java-sdk-opsworkscm/pom.properties	124	119	d9f44411	deflated	30f7f07a256f9c6f347f554736d0b801698fd512ff56688ca79f02127229cb87
aws-java-sdk-opsworkscm-1.12.564.jar	META-INF/maven/com.amazonaws/aws-java-sdk-opsworkscm/pom.xml	3615	1058	8ae8045b	deflated	d39a253e2309e0db18e5a24eebb768532286e3d70d9c0d9ba9e55cf03da223ba
aws-java-sdk-organizations-1.12.564.jar	META-INF/MANIFEST.MF	130	108	08960c59	deflated	3361b4fae45527150983b918ea4f23f365809055f11e87101dc864076e083a81
aws-java-sdk-organizations-1.12.564.jar	META-INF/maven/com.amazonaws/aws-java-sdk-organizations/pom.properties	127	122	56d43d54	deflated	a1ca6c22b861a7b3e042949dba201ce254511c6f9e110856233f833ae2751f28
aws-java-sdk-organizations-1.12.564.jar	META-INF/maven/com.amazonaws/aws-java-sdk-organizations/pom.xml	3575	1043	83245165	deflated	ff659295a78feeb8ac5066bb8349c3f1b25a8574078ad3e9718f3d2238090770
aws-java-sdk-osis-1.12.564.jar	META-INF/MANIFEST.MF	130	108	08960c59	deflated	3361b4fae45527150983b918ea4f23f365809055f11e87101dc864076e083a81
aws-java-sdk-osis-1.12.564.jar	META-INF/maven/com.amazonaws/aws-java-sdk-osis/pom.properties	118	116	2861ccc2	deflated	2784b7cc6d0a9376f7829a873f82d7a34799c049704d1487398678d3fb1fd778
aws-java-sdk-osis-1.12.564.jar	META-INF/maven/com.amazonaws/aws-java-sdk-osis/pom.xml	3594	1052	d52f0f35	deflated	b96edff76e23a056535b20813944f939c7df677fe35b2d9102e635571838a07b
aws-java-sdk-outposts-1.12.564.jar	META-INF/MANIFEST.MF	130	108	08960c59	deflated	3361b4fae45527150983b918ea4f23f365809055f11e87101dc864076e083a81
aws-java-sdk-outposts-1.12.564.jar	META-INF/maven/com.amazonaws/aws-java-sdk-outposts/pom.properties	122	117	2fac280c	deflated	84cbc9a5b3110f13440ed691cbb1e1eaa6cb06cc5e2487996faad0b155d41e26
aws-java-sdk-outposts-1.12.564.jar	META-INF/maven/com.amazonaws/aws-java-sdk-outposts/pom.xml	3557	1044	fb4eda9c	deflated	41feeaac40c593f57e150a41af8cd3527f05e698844a9c16d993a4d853f576c8
aws-java-sdk-panorama-1.12.564.jar	META-INF/MANIFEST.MF	130	108	08960c59	deflated	3361b4fae45527150983b918ea4f23f365809055f11e87101dc864076e083a81
aws-java-sdk-panorama-1.12.564.jar	META-INF/maven/com.amazonaws/aws-java-sdk-panorama/pom.properties	122	118	dcf7827c	deflated	27dcdceb9fcdb9cb94c945545dd9489577413106c457acba76b7fb28b30560b2
aws-java-sdk-panorama-1.12.564.jar	META-INF/maven/com.amazonaws/aws-java-sdk-panorama/pom.xml	3557	1041	83e8431b	deflated	8aa8157464c65c40b5f3c7cd25492d845f274b65ae0908de29a0b1efc5f05762
aws-java-sdk-paymentcryptography-1.12.564.jar	META-INF/MANIFEST.MF	130	108	08960c59	deflated	3361b4fae45527150983b918ea4f23f365809055f11e87101dc864076e083a81
aws-java-sdk-paymentcryptography-1.12.564.jar	META-INF/maven/com.amazonaws/aws-java-sdk-paymentcryptography/pom.properties	133	126	2b947310	deflated	5bcb7f8c8bb4ea122907633e5b6b194653df9ef341eba44a30ff39e5001a2192
aws-java-sdk-paymentcryptography-1.12.564.jar	META-INF/maven/com.amazonaws/aws-java-sdk-paymentcryptography/pom.xml	3645	1062	975e0da1	deflated	9fdf54f7187fa9b7be0736e2751c63b3478aa149ad2544a060c11a594b0086cc
aws-java-sdk-paymentcryptographydata-1.12.564.jar	META-INF/MANIFEST.MF	130	108	08960c59	deflated	3361b4fae45527150983b918ea4f23f365809055f11e87101dc864076e083a81
aws-java-sdk-paymentcryptographydata-1.12.564.jar	META-INF/maven/com.amazonaws/aws-java-sdk-paymentcryptographydata/pom.properties	137	128	648137cd	deflated	b0a4f118e306914e87a9574cc305fc1b0df836611bdbfdd84aeb1897df1e6745
aws-java-sdk-paymentcryptographydata-1.12.564.jar	META-INF/maven/com.amazonaws/aws-java-sdk-paymentcryptographydata/pom.xml	3644	1063	b85cd8e6	deflated	ace201538f6dcad1414a206874ec5e1484daea3f40f3407031b72cb900ee5bf6
aws-java-sdk-pcaconnectorad-1.12.564.jar	META-INF/MANIFEST.MF	130	108	08960c59	deflated	3361b4fae45527150983b918ea4f23f365809055f11e87101dc864076e083a81
aws-java-sdk-pcaconnectorad-1.12.564.jar	META-INF/maven/com.amazonaws/aws-java-sdk-pcaconnectorad/pom.properties	128	122	817293e7	deflated	d8f8e5cbbfe409bf40092f83bc63ccd06f76ae1933f1601f997b6e0af950e6a5
aws-java-sdk-pcaconnectorad-1.12.564.jar	META-INF/maven/com.amazonaws/aws-java-sdk-pcaconnectorad/pom.xml	3575	1050	4fd28d7f	deflated	0c5241fabe233ec5b441db74095459e5153a49ae5b55f6327a1f0b30c62ca6df
aws-java-sdk-personalize-1.12.564.jar	META-INF/MANIFEST.MF	130	108	08960c59	deflated	3361b4fae45527150983b918ea4f23f365809055f11e87101dc864076e083a81
aws-java-sdk-personalize-1.12.564.jar	META-INF/maven/com.amazonaws/aws-java-sdk-personalize/pom.properties	125	120	558d99d4	deflated	cc4dbda5f263ea0e30b2f0508f128160c2a3d99b4c0d386a27b607b6afb9cafe
aws-java-sdk-personalize-1.12.564.jar	META-INF/maven/com.amazonaws/aws-java-sdk-personalize/pom.xml	3581	1047	89bfabe0	deflated	83e5fea79d60b0db0d955448fe93082d4977904c044b5e0a6d580acd51563a83
aws-java-sdk-personalizeevents-1.12.564.jar	META-INF/MANIFEST.MF	130	108	08960c59	deflated	3361b4fae45527150983b918ea4f23f365809055f11e87101dc864076e083a81
aws-java-sdk-personalizeevents-1.12.564.jar	META-INF/maven/com.amazonaws/aws-java-sdk-personalizeevents/pom.properties	131	124	cc170470	deflated	110ed41b5a1df3f4a6764b9b45236dbf67cf8c84cf0814d9ef4646df92d99308
aws-java-sdk-personalizeevents-1.12.564.jar	META-INF/maven/com.amazonaws/aws-java-sdk-personalizeevents/pom.xml	3614	1054	3a7a15df	deflated	8c3c54d663f62ed3637b331479976d5202690691960ece86184bdcd6543a9afe
aws-java-sdk-personalizeruntime-1.12.564.jar	META-INF/MANIFEST.MF	130	108	08960c59	deflated	3361b4fae45527150983b918ea4f23f365809055f11e87101dc864076e083a81
aws-java-sdk-personalizeruntime-1.12.564.jar	META-INF/maven/com.amazonaws/aws-java-sdk-personalizeruntime/pom.properties	132	123	ba7c3dfd	deflated	f4b46d99dee25357db29c56ca352c1f7a50a1243910ee4fb95ae5f6e884428bd
aws-java-sdk-personalizeruntime-1.12.564.jar	META-INF/maven/com.amazonaws/aws-java-sdk-personalizeruntime/pom.xml	3619	1055	0e3a4a61	deflated	2c279fdeaabbc0fa14c91102698d585885d15ef312809d68ab51ea7d557d8d4c
aws-java-sdk-pi-1.12.564.jar	META-INF/MANIFEST.MF	130	108	08960c59	deflated	3361b4fae45527150983b918ea4f23f365809055f11e87101dc864076e083a81
aws-java-sdk-pi-1.12.564.jar	META-INF/maven/com.amazonaws/aws-java-sdk-pi/pom.properties	116	114	e3d8bf5c	deflated	454f618dd062a30169791655ad540b7314ba83da08abab37026dd3d3000449f6
aws-java-sdk-pi-1.12.564.jar	META-INF/maven/com.amazonaws/aws-java-sdk-pi/pom.xml	3581	1046	5c1e34d5	deflated	56c3062721f11459dbf35398227c57e5fd9ed4472b78699d2095703dffe159be
aws-java-sdk-pinpoint-1.12.564.jar	META-INF/MANIFEST.MF	130	108	08960c59	deflated	3361b4fae45527150983b918ea4f23f365809055f11e87101dc864076e083a81
aws-java-sdk-pinpoint-1.12.564.jar	META-INF/maven/com.amazonaws/aws-java-sdk-pinpoint/pom.properties	122	118	cabeecc6	deflated	d3023f9d9ce41d6001c167c31734ecec2dd9ece2a124339654c3b74eac62be85
aws-java-sdk-pinpoint-1.12.564.jar	META-INF/maven/com.amazonaws/aws-java-sdk-pinpoint/pom.xml	3566	1042	d456f578	deflated	6a0f9caff58b1776097399c09b37388cfbf8eec7d4d35f982d5d80a0ade5ecc5
aws-java-sdk-pinpointemail-1.12.564.jar	META-INF/MANIFEST.MF	130	108	08960c59	deflated	3361b4fae45527150983b918ea4f23f365809055f11e87101dc864076e083a81
aws-java-sdk-pinpointemail-1.12.564.jar	META-INF/maven/com.amazonaws/aws-java-sdk-pinpointemail/pom.properties	127	120	24f3d49f	deflated	a18bef6d1a0ee7e2d4a05548fddd729cd6388c76262a46f662b62716a8f69fad
aws-java-sdk-pinpointemail-1.12.564.jar	META-INF/maven/com.amazonaws/aws-java-sdk-pinpointemail/pom.xml	3594	1050	c337f844	deflated	78220718eb2c326d623c0231c94bb8e7e1154e478e5b736dbf7985863f48decc
aws-java-sdk-pinpointsmsvoice-1.12.564.jar	META-INF/MANIFEST.MF	130	108	08960c59	deflated	3361b4fae45527150983b918ea4f23f365809055f11e87101dc864076e083a81
aws-java-sdk-pinpointsmsvoice-1.12.564.jar	META-INF/maven/com.amazonaws/aws-java-sdk-pinpointsmsvoice/pom.properties	130	122	7e8f0046	deflated	80f8f432dacbbd314c6ef54c422a813f6cb7c2141fa5a6a0a2d12954322b4f1e
aws-java-sdk-pinpointsmsvoice-1.12.564.jar	META-INF/maven/com.amazonaws/aws-java-sdk-pinpointsmsvoice/pom.xml	3624	1058	9808e6f0	deflated	3ae1d89585ebe5b9e32ebe8dad32b6838cca15faf6281098533280dc23b56e1a
aws-java-sdk-pinpointsmsvoicev2-1.12.564.jar	META-INF/MANIFEST.MF	130	108	08960c59	deflated	3361b4fae45527150983b918ea4f23f365809055f11e87101dc864076e083a81
aws-java-sdk-pinpointsmsvoicev2-1.12.564.jar	META-INF/maven/com.amazonaws/aws-java-sdk-pinpointsmsvoicev2/pom.properties	132	124	d1bc217c	deflated	25ee95055a37c5cb9c0eacc6b656308ad5e088ec4f5693d3472c717b1d480a6b
aws-java-sdk-pinpointsmsvoicev2-1.12.564.jar	META-INF/maven/com.amazonaws/aws-java-sdk-pinpointsmsvoicev2/pom.xml	3625	1061	f436193e	deflated	3d33998146c92b5f3227ba085902fe99061f86960b7dc2db8333563cd695836a
aws-java-sdk-pipes-1.12.564.jar	META-INF/MANIFEST.MF	130	108	08960c59	deflated	3361b4fae45527150983b918ea4f23f365809055f11e87101dc864076e083a81
aws-java-sdk-pipes-1.12.564.jar	META-INF/maven/com.amazonaws/aws-java-sdk-pipes/pom.properties	119	116	864fd370	deflated	2c82cc1bcc0e23ec130b6bb59f6fb5bc83effcb0c018d4f5bbd77536d7d78a39
aws-java-sdk-pipes-1.12.564.jar	META-INF/maven/com.amazonaws/aws-java-sdk-pipes/pom.xml	3587	1050	1e5bee38	deflated	ac39dce1bd6f941629cc2f9a507157e94583be7076e13e0b7aa9aab2a4344f02
aws-java-sdk-polly-1.12.564.jar	META-INF/MANIFEST.MF	130	108	08960c59	deflated	3361b4fae45527150983b918ea4f23f365809055f11e87101dc864076e083a81
aws-java-sdk-polly-1.12.564.jar	META-INF/maven/com.amazonaws/aws-java-sdk-polly/pom.properties	119	116	2d3f8ad7	deflated	76f0367059c98c03a2c2b26510091c66469a2be3e0b6e54a36aef7bc12de725a
aws-java-sdk-polly-1.12.564.jar	META-INF/maven/com.amazonaws/aws-java-sdk-polly/pom.xml	3544	1034	adafafb9	deflated	274f9d39399c04a80024a8455144be3ef9c0b9e71700862c1634762d065c96f6
aws-java-sdk-pricing-1.12.564.jar	META-INF/MANIFEST.MF	130	108	08960c59	deflated	3361b4fae45527150983b918ea4f23f365809055f11e87101dc864076e083a81
aws-java-sdk-pricing-1.12.564.jar	META-INF/maven/com.amazonaws/aws-java-sdk-pricing/pom.properties	121	117	99d17e27	deflated	e46b7be39f05d3d172a2ca264baf786079c7b0fb902f089b932767accf536449
aws-java-sdk-pricing-1.12.564.jar	META-INF/maven/com.amazonaws/aws-java-sdk-pricing/pom.xml	3552	1040	405fafa3	deflated	20d293abbb28b23884e573c56567035549ad7793eb7eb17ada29650be822938f
aws-java-sdk-private5g-1.12.564.jar	META-INF/MANIFEST.MF	130	108	08960c59	deflated	3361b4fae45527150983b918ea4f23f365809055f11e87101dc864076e083a81
aws-java-sdk-private5g-1.12.564.jar	META-INF/maven/com.amazonaws/aws-java-sdk-private5g/pom.properties	123	119	61ea8e2f	deflated	f3d452d4d12dcfa54c1e29a5b221674e34e5eb157039bb4846ad8d340fea027a
aws-java-sdk-private5g-1.12.564.jar	META-INF/maven/com.amazonaws/aws-java-sdk-private5g/pom.xml	3565	1048	21b21393	deflated	fc27b8218a21b9f0c1f41afda77e3eb34c7e2891fe5a5829dbbe9dbda8f61474
aws-java-sdk-prometheus-1.12.564.jar	META-INF/MANIFEST.MF	130	108	08960c59	deflated	3361b4fae45527150983b918ea4f23f365809055f11e87101dc864076e083a81
aws-java-sdk-prometheus-1.12.564.jar	META-INF/maven/com.amazonaws/aws-java-sdk-prometheus/pom.properties	124	118	25b96172	deflated	dbd9fcdca41959c8bb95ca7d76723833bc3c410ab0dedf6d44c57a0ddf566fa1
aws-java-sdk-prometheus-1.12.564.jar	META-INF/maven/com.amazonaws/aws-java-sdk-prometheus/pom.xml	3576	1047	4ef423bc	deflated	3ddf04c27d1d9bd9deb1677f904b26504e8d5c8cad93ccc584be32ec451b6f40
aws-java-sdk-proton-1.12.564.jar	META-INF/MANIFEST.MF	130	108	08960c59	deflated	3361b4fae45527150983b918ea4f23f365809055f11e87101dc864076e083a81
aws-java-sdk-proton-1.12.564.jar	META-INF/maven/com.amazonaws/aws-java-sdk-proton/pom.properties	120	116	a666401e	deflated	3a0400e16c7829db7c0d462964468959f2a1396e0f7a65925c997bdefb2ebe4f
aws-java-sdk-proton-1.12.564.jar	META-INF/maven/com.amazonaws/aws-java-sdk-proton/pom.xml	3547	1040	92c8b04e	deflated	acc1e4b61c04ed7ebdc0984803c727ef8e37e97d4388a81617c734ae74138f65
aws-java-sdk-qldb-1.12.564.jar	META-INF/MANIFEST.MF	130	108	08960c59	deflated	3361b4fae45527150983b918ea4f23f365809055f11e87101dc864076e083a81
aws-java-sdk-qldb-1.12.564.jar	META-INF/maven/com.amazonaws/aws-java-sdk-qldb/pom.properties	118	115	278b86ff	deflated	8e80a2cbc1a6a88323988fa6c30a8dcc95ead083533b9dceb46930ba140a0044
aws-java-sdk-qldb-1.12.564.jar	META-INF/maven/com.amazonaws/aws-java-sdk-qldb/pom.xml	3546	1046	cdce203a	deflated	c653fb589a8d8282fca8dd6eb2b9fadbfe306c5bab524803188a6f575cc79318
aws-java-sdk-qldbsession-1.12.564.jar	META-INF/MANIFEST.MF	130	108	08960c59	deflated	3361b4fae45527150983b918ea4f23f365809055f11e87101dc864076e083a81
aws-java-sdk-qldbsession-1.12.564.jar	META-INF/maven/com.amazonaws/aws-java-sdk-qldbsession/pom.properties	125	121	1b73dade	deflated	d59c96f1bf71aa18d19bbf4f1d42209dbed944e19b378db55e8ec2af480534a9
aws-java-sdk-qldbsession-1.12.564.jar	META-INF/maven/com.amazonaws/aws-java-sdk-qldbsession/pom.xml	3584	1052	7a893ac8	deflated	fb686a2a7baf437bdf60ca814f976e0878c6e9ae7f50bc7c67af3e84dd63e6ee
aws-java-sdk-quicksight-1.12.564.jar	META-INF/MANIFEST.MF	130	108	08960c59	deflated	3361b4fae45527150983b918ea4f23f365809055f11e87101dc864076e083a81
aws-java-sdk-quicksight-1.12.564.jar	META-INF/maven/com.amazonaws/aws-java-sdk-quicksight/pom.properties	124	119	3a61459a	deflated	e3d0e0d495420e95287bc6a2c1157534f593b04c8ee96e3325305a308171e835
aws-java-sdk-quicksight-1.12.564.jar	META-INF/maven/com.amazonaws/aws-java-sdk-quicksight/pom.xml	3576	1050	18036b86	deflated	6f59d5986615218d47a03f8d025db5ea2b4c1570ad5bb8543f140ebd56d1cf54
aws-java-sdk-ram-1.12.564.jar	META-INF/MANIFEST.MF	130	108	08960c59	deflated	3361b4fae45527150983b918ea4f23f365809055f11e87101dc864076e083a81
aws-java-sdk-ram-1.12.564.jar	META-INF/maven/com.amazonaws/aws-java-sdk-ram/pom.properties	117	113	25e32fac	deflated	54c8f67222f828007eb04526139439632f5ec4013d086472e30200c60a8b3fe8
aws-java-sdk-ram-1.12.564.jar	META-INF/maven/com.amazonaws/aws-java-sdk-ram/pom.xml	3592	1051	96eba4be	deflated	1ec50add73bab0fd169bf1d4037cb4e69cc8be0d4afb48aac7a016f0c85ed7a0
aws-java-sdk-rds-1.12.564.jar	META-INF/MANIFEST.MF	130	108	08960c59	deflated	3361b4fae45527150983b918ea4f23f365809055f11e87101dc864076e083a81
aws-java-sdk-rds-1.12.564.jar	META-INF/maven/com.amazonaws/aws-java-sdk-rds/pom.properties	117	114	908777f0	deflated	ba73bad27b47f7039cb80c42071a86acb4f7136faf0f7e1e99382fbf385a8fd9
aws-java-sdk-rds-1.12.564.jar	META-INF/maven/com.amazonaws/aws-java-sdk-rds/pom.xml	3557	1056	d68cdce9	deflated	7d9d2ca314786e3b77def79a3870989a2845c1fb488639452a5bcdf1eb809260
aws-java-sdk-rds-1.12.564.jar	com/amazonaws/services/rds/request.handler2s	329	121	cc2bead8	deflated	397760272829f48400e451484b993eb18c3df5acbd7d03fea04338eff6b32e93
aws-java-sdk-rdsdata-1.12.564.jar	META-INF/MANIFEST.MF	130	108	08960c59	deflated	3361b4fae45527150983b918ea4f23f365809055f11e87101dc864076e083a81
aws-java-sdk-rdsdata-1.12.564.jar	META-INF/maven/com.amazonaws/aws-java-sdk-rdsdata/pom.properties	121	116	a05b32ea	deflated	5bfc8a94b48bc492c3d7ceca321cd0f40e0141ca25d59b85f73caf29ebe0fdb1
aws-java-sdk-rdsdata-1.12.564.jar	META-INF/maven/com.amazonaws/aws-java-sdk-rdsdata/pom.xml	3555	1045	9f719cd3	deflated	3cdde06f0fd327850c5fbb5cc2c0aefb422e6a4779c9e9c4ce7de1afaa3c48f5
aws-java-sdk-recyclebin-1.12.564.jar	META-INF/MANIFEST.MF	130	108	08960c59	deflated	3361b4fae45527150983b918ea4f23f365809055f11e87101dc864076e083a81
aws-java-sdk-recyclebin-1.12.564.jar	META-INF/maven/com.amazonaws/aws-java-sdk-recyclebin/pom.properties	124	118	eb766e16	deflated	9f68b1fa906b597bc7402d63dbb0d69318072371e8c120790122d5bd3f9704c4
aws-java-sdk-recyclebin-1.12.564.jar	META-INF/maven/com.amazonaws/aws-java-sdk-recyclebin/pom.xml	3579	1048	4f0a3f4a	deflated	42a2ee244bd65c6217a98dd906cadab602d97a32a28f52a84c44766bae137bc7
aws-java-sdk-redshift-1.12.564.jar	META-INF/MANIFEST.MF	130	108	08960c59	deflated	3361b4fae45527150983b918ea4f23f365809055f11e87101dc864076e083a81
aws-java-sdk-redshift-1.12.564.jar	META-INF/maven/com.amazonaws/aws-java-sdk-redshift/pom.properties	122	119	fc8f9004	deflated	4203496f9d9647c63dc5de940d57346f8437283a0b4252a5fc94b983997e7896
aws-java-sdk-redshift-1.12.564.jar	META-INF/maven/com.amazonaws/aws-java-sdk-redshift/pom.xml	3566	1043	131e688e	deflated	236211082e3491dcd753b62c82cee60d85c7217705b5f49e02254d464aa9c31b
aws-java-sdk-redshiftdataapi-1.12.564.jar	META-INF/MANIFEST.MF	130	108	08960c59	deflated	3361b4fae45527150983b918ea4f23f365809055f11e87101dc864076e083a81
aws-java-sdk-redshiftdataapi-1.12.564.jar	META-INF/maven/com.amazonaws/aws-java-sdk-redshiftdataapi/pom.properties	129	122	f9e8df51	deflated	65b0a2aaff0de5f9faacbe2608656424076546d7eaaa736f23015844e57e7060
aws-java-sdk-redshiftdataapi-1.12.564.jar	META-INF/maven/com.amazonaws/aws-java-sdk-redshiftdataapi/pom.xml	3586	1054	540b768d	deflated	27be0196720cf4f42bebbc0691f529725f25948de65ed1e9eef49d7b934af572
aws-java-sdk-redshiftserverless-1.12.564.jar	META-INF/MANIFEST.MF	130	108	08960c59	deflated	3361b4fae45527150983b918ea4f23f365809055f11e87101dc864076e083a81
aws-java-sdk-redshiftserverless-1.12.564.jar	META-INF/maven/com.amazonaws/aws-java-sdk-redshiftserverless/pom.properties	132	125	3082ac27	deflated	8d3929cabbbf7e9753f354a01eb394045f47142a4bb5f635d20b95a6a6f8ee1f
aws-java-sdk-redshiftserverless-1.12.564.jar	META-INF/maven/com.amazonaws/aws-java-sdk-redshiftserverless/pom.xml	3598	1050	b6f91ccd	deflated	71d1e1dc572bf7dbeb1da8ddef2997c3be362447a3aa56f225693bab2ddd8924
aws-java-sdk-rekognition-1.12.564.jar	META-INF/MANIFEST.MF	130	108	08960c59	deflated	3361b4fae45527150983b918ea4f23f365809055f11e87101dc864076e083a81
aws-java-sdk-rekognition-1.12.564.jar	META-INF/maven/com.amazonaws/aws-java-sdk-rekognition/pom.properties	125	121	fdcb9ed5	deflated	8b03552554ee71458a86b784a0e8ebd7023df5d2b8c1a8cf5b106829f03a135f
aws-java-sdk-rekognition-1.12.564.jar	META-INF/maven/com.amazonaws/aws-java-sdk-rekognition/pom.xml	3574	1042	0bc58bc6	deflated	69a11d2e22644feb25298af937b711d7b8546a07545c9a794425e031efed0408
aws-java-sdk-resiliencehub-1.12.564.jar	META-INF/MANIFEST.MF	130	108	08960c59	deflated	3361b4fae45527150983b918ea4f23f365809055f11e87101dc864076e083a81
aws-java-sdk-resiliencehub-1.12.564.jar	META-INF/maven/com.amazonaws/aws-java-sdk-resiliencehub/pom.properties	127	121	dd32c51b	deflated	c3a795af8f44cadfd0fb98cf5df9f1808c4a45b4fe576be68c77fd49fb4a04f2
aws-java-sdk-resiliencehub-1.12.564.jar	META-INF/maven/com.amazonaws/aws-java-sdk-resiliencehub/pom.xml	3585	1050	b6e8a0ae	deflated	32f3c24cf43835b87724f53d96df718fb23806f0e686f5dcd823508037382e6f
aws-java-sdk-resourceexplorer2-1.12.564.jar	META-INF/MANIFEST.MF	130	108	08960c59	deflated	3361b4fae45527150983b918ea4f23f365809055f11e87101dc864076e083a81
aws-java-sdk-resourceexplorer2-1.12.564.jar	META-INF/maven/com.amazonaws/aws-java-sdk-resourceexplorer2/pom.properties	131	123	8dd6f9c3	deflated	8946b1ca2150840cfacbb4eee3351614040ba3fe971d451df512fdc56bde30a3
aws-java-sdk-resourceexplorer2-1.12.564.jar	META-INF/maven/com.amazonaws/aws-java-sdk-resourceexplorer2/pom.xml	3602	1052	e3b50c79	deflated	c595951cab96818fae8a03bb740b371c7d59e4951d0d6fb33f9dbdbad34be6e0
aws-java-sdk-resourcegroups-1.12.564.jar	META-INF/MANIFEST.MF	130	108	08960c59	deflated	3361b4fae45527150983b918ea4f23f365809055f11e87101dc864076e083a81
aws-java-sdk-resourcegroups-1.12.564.jar	META-INF/maven/com.amazonaws/aws-java-sdk-resourcegroups/pom.properties	128	121	cf4b463c	deflated	d1d92ef173813c20ce16cd32dcf3e55353b78282a0b2b7471f028fd46c422f7c
aws-java-sdk-resourcegroups-1.12.564.jar	META-INF/maven/com.amazonaws/aws-java-sdk-resourcegroups/pom.xml	3590	1050	c187e31f	deflated	37f972945c508b270ffd548cd602285498a6c08bbb8119fca0f50b8ef0c445c3
aws-java-sdk-resourcegroupstaggingapi-1.12.564.jar	META-INF/MANIFEST.MF	130	108	08960c59	deflated	3361b4fae45527150983b918ea4f23f365809055f11e87101dc864076e083a81
aws-java-sdk-resourcegroupstaggingapi-1.12.564.jar	META-INF/maven/com.amazonaws/aws-java-sdk-resourcegroupstaggingapi/pom.properties	138	128	b31fd9b6	deflated	0fe172811191025c8ff28ad6b5b09779bb5cf5f6140d09f345624d0d70724574
aws-java-sdk-resourcegroupstaggingapi-1.12.564.jar	META-INF/maven/com.amazonaws/aws-java-sdk-resourcegroupstaggingapi/pom.xml	3646	1065	8c35caa9	deflated	7d5c02983f8d5ca08599b2340b80d61052d2d297719026c69f10166ee29370bb
aws-java-sdk-robomaker-1.12.564.jar	META-INF/MANIFEST.MF	130	108	08960c59	deflated	3361b4fae45527150983b918ea4f23f365809055f11e87101dc864076e083a81
aws-java-sdk-robomaker-1.12.564.jar	META-INF/maven/com.amazonaws/aws-java-sdk-robomaker/pom.properties	123	119	21963a96	deflated	2ccf76ded740386238c74d691acb55259a154424dfe6cac35b73c3e37ddd1a61
aws-java-sdk-robomaker-1.12.564.jar	META-INF/maven/com.amazonaws/aws-java-sdk-robomaker/pom.xml	3562	1046	41499789	deflated	c45c8e08e9c08a1d41c569efe0b7d7f000cb2da2778ba4ca138d3cf10b396dda
aws-java-sdk-route53-1.12.564.jar	META-INF/MANIFEST.MF	130	108	08960c59	deflated	3361b4fae45527150983b918ea4f23f365809055f11e87101dc864076e083a81
aws-java-sdk-route53-1.12.564.jar	META-INF/maven/com.amazonaws/aws-java-sdk-route53/pom.properties	121	117	d6f4c677	deflated	90c3c6215ac7ed50999b9aed03aaff3e042088916851173dcba2d3ac56e55c4a
aws-java-sdk-route53-1.12.564.jar	META-INF/maven/com.amazonaws/aws-java-sdk-route53/pom.xml	3561	1045	d8b400c6	deflated	b603aae3f481650ed844df9a459c86ce8cdc2439a0f885f2da47cb4f0fe5d13a
aws-java-sdk-route53-1.12.564.jar	com/amazonaws/services/route53/request.handlers	63	61	8ad12495	deflated	7df846c2730044751ed9590e27cab8fef40bd165cd6bc32b157d56feade4871a
aws-java-sdk-route53recoverycluster-1.12.564.jar	META-INF/MANIFEST.MF	130	108	08960c59	deflated	3361b4fae45527150983b918ea4f23f365809055f11e87101dc864076e083a81
aws-java-sdk-route53recoverycluster-1.12.564.jar	META-INF/maven/com.amazonaws/aws-java-sdk-route53recoverycluster/pom.properties	136	127	5d17b880	deflated	f84490db07670893b3157f0451e19b3f7ec5ffaf3ad0687f583bead3be2942b8
aws-java-sdk-route53recoverycluster-1.12.564.jar	META-INF/maven/com.amazonaws/aws-java-sdk-route53recoverycluster/pom.xml	3621	1056	c273110c	deflated	7495d6c608055917b5c46ee1e40d0ae62634ef0f4128cb15434c685474e384f8
aws-java-sdk-route53recoverycontrolconfig-1.12.564.jar	META-INF/MANIFEST.MF	130	108	08960c59	deflated	3361b4fae45527150983b918ea4f23f365809055f11e87101dc864076e083a81
aws-java-sdk-route53recoverycontrolconfig-1.12.564.jar	META-INF/maven/com.amazonaws/aws-java-sdk-route53recoverycontrolconfig/pom.properties	142	131	2e0247f1	deflated	926228c9d16d77c488eb61a8402f32564c30888d6c5c7ca3d8531e08caeaebd4
aws-java-sdk-route53recoverycontrolconfig-1.12.564.jar	META-INF/maven/com.amazonaws/aws-java-sdk-route53recoverycontrolconfig/pom.xml	3666	1066	a549a5d4	deflated	9a40e72a72a84af2c3c9e7af297c80a046e3824f05993d56a12d2d9f9a265cd1
aws-java-sdk-route53recoveryreadiness-1.12.564.jar	META-INF/MANIFEST.MF	130	108	08960c59	deflated	3361b4fae45527150983b918ea4f23f365809055f11e87101dc864076e083a81
aws-java-sdk-route53recoveryreadiness-1.12.564.jar	META-INF/maven/com.amazonaws/aws-java-sdk-route53recoveryreadiness/pom.properties	138	127	1e762946	deflated	808cf25d2b3f127fc6ac87b96089c296ce576901ff602406d7ea93add16c6da8
aws-java-sdk-route53recoveryreadiness-1.12.564.jar	META-INF/maven/com.amazonaws/aws-java-sdk-route53recoveryreadiness/pom.xml	3643	1063	7c0fed5b	deflated	55e630c7e7fb7c1e053edcf68e6136ad22f14124060ee81289f1573cda174c71
aws-java-sdk-route53resolver-1.12.564.jar	META-INF/MANIFEST.MF	130	108	08960c59	deflated	3361b4fae45527150983b918ea4f23f365809055f11e87101dc864076e083a81
aws-java-sdk-route53resolver-1.12.564.jar	META-INF/maven/com.amazonaws/aws-java-sdk-route53resolver/pom.properties	129	122	8faff006	deflated	f5ad046880affdee0a7f938a487a2a31fe3138957b1d8c2d8afacc8f293eb276
aws-java-sdk-route53resolver-1.12.564.jar	META-INF/maven/com.amazonaws/aws-java-sdk-route53resolver/pom.xml	3607	1054	0908d1e8	deflated	bdedd3b61b1bbe7d480fd8b4ec688badd35c4710c023b22d16b6c281808dcbf5
aws-java-sdk-s3-1.12.564.jar	META-INF/MANIFEST.MF	130	108	08960c59	deflated	3361b4fae45527150983b918ea4f23f365809055f11e87101dc864076e083a81
aws-java-sdk-s3-1.12.564.jar	META-INF/maven/com.amazonaws/aws-java-sdk-s3/pom.properties	116	114	bded2cce	deflated	07b52e89aa3142cba2b38fe1eb344104f3d0120da115ddb010ea42b806a2aa37
aws-java-sdk-s3-1.12.564.jar	META-INF/maven/com.amazonaws/aws-java-sdk-s3/pom.xml	3758	1055	35bfae38	deflated	bcef8da455ed48c334f5e038cd2c67b86fad1a7497015d7e50b2f14ce6fca078
aws-java-sdk-s3-1.12.564.jar	mime.types	15316	4532	7c2f0818	deflated	3d5c8158be553f3a0049634ebf608b941bc1e143f81ab288f672c3cf3668c189
aws-java-sdk-s3control-1.12.564.jar	META-INF/MANIFEST.MF	130	108	08960c59	deflated	3361b4fae45527150983b918ea4f23f365809055f11e87101dc864076e083a81
aws-java-sdk-s3control-1.12.564.jar	META-INF/maven/com.amazonaws/aws-java-sdk-s3control/pom.properties	123	118	ef28bbd3	deflated	9863ea41c9e4464c4903936e563427537d717b9cc16ffda700d58ec9408c3067
aws-java-sdk-s3control-1.12.564.jar	META-INF/maven/com.amazonaws/aws-java-sdk-s3control/pom.xml	3774	1055	ca3a82b7	deflated	d45b88244438eb066b1acd0f6042697db7e424ecceb5207ea84c929d8ae8a4a6
aws-java-sdk-s3control-1.12.564.jar	com/amazonaws/services/s3control/request.handler2s	135	73	d0f89bc9	deflated	fbbb9b55c8ff14cf45a24f1c9eef1b1716b33b753402dcf780de56cc7c2ac7f9
aws-java-sdk-s3outposts-1.12.564.jar	META-INF/MANIFEST.MF	130	108	08960c59	deflated	3361b4fae45527150983b918ea4f23f365809055f11e87101dc864076e083a81
aws-java-sdk-s3outposts-1.12.564.jar	META-INF/maven/com.amazonaws/aws-java-sdk-s3outposts/pom.properties	124	119	2f26358b	deflated	8978400ce31ffb0a65761ca06f16dd1db994f5490c1ad14665700d6dcac27651
aws-java-sdk-s3outposts-1.12.564.jar	META-INF/maven/com.amazonaws/aws-java-sdk-s3outposts/pom.xml	3588	1052	cec9a630	deflated	bd605e063e7b41ef8465cf8ecdd4f1364773fcda534307ea04322a20796ef40b
aws-java-sdk-sagemaker-1.12.564.jar	META-INF/MANIFEST.MF	130	108	08960c59	deflated	3361b4fae45527150983b918ea4f23f365809055f11e87101dc864076e083a81
aws-java-sdk-sagemaker-1.12.564.jar	META-INF/maven/com.amazonaws/aws-java-sdk-sagemaker/pom.properties	123	118	f26a22f2	deflated	10babf6b3db676483c16cd199f3ba8e2fa4dcd6f964f909a5eb93c5f9c83a3a8
aws-java-sdk-sagemaker-1.12.564.jar	META-INF/maven/com.amazonaws/aws-java-sdk-sagemaker/pom.xml	3571	1047	10464040	deflated	8a9be52810fa9b100876084f1c00af19ba839df52fe1d93328c87cb358de11ad
aws-java-sdk-sagemakeredgemanager-1.12.564.jar	META-INF/MANIFEST.MF	130	108	08960c59	deflated	3361b4fae45527150983b918ea4f23f365809055f11e87101dc864076e083a81
aws-java-sdk-sagemakeredgemanager-1.12.564.jar	META-INF/maven/com.amazonaws/aws-java-sdk-sagemakeredgemanager/pom.properties	134	124	e8943099	deflated	2e64f785c5c22bd44814aeca927a64b1b6aa48c754311b930bbafdc75730237a
aws-java-sdk-sagemakeredgemanager-1.12.564.jar	META-INF/maven/com.amazonaws/aws-java-sdk-sagemakeredgemanager/pom.xml	3632	1058	4b58c5ad	deflated	b714b31b058da9feb47ec22daf827de9b843812c8a39975c97cb7c95d9e62c92
aws-java-sdk-sagemakerfeaturestoreruntime-1.12.564.jar	META-INF/MANIFEST.MF	130	108	08960c59	deflated	3361b4fae45527150983b918ea4f23f365809055f11e87101dc864076e083a81
aws-java-sdk-sagemakerfeaturestoreruntime-1.12.564.jar	META-INF/maven/com.amazonaws/aws-java-sdk-sagemakerfeaturestoreruntime/pom.properties	142	129	126a061d	deflated	a61f996ece022600a2c5b7f91ea029dcdb634df9f27d1d4b601ef2b1819a28f3
aws-java-sdk-sagemakerfeaturestoreruntime-1.12.564.jar	META-INF/maven/com.amazonaws/aws-java-sdk-sagemakerfeaturestoreruntime/pom.xml	3675	1071	1e772f2f	deflated	b67d4e0c654afc4f8146f5ac46a22254c3209ddb68de51ff30c2e7c333a3a1d7
aws-java-sdk-sagemakergeospatial-1.12.564.jar	META-INF/MANIFEST.MF	130	108	08960c59	deflated	3361b4fae45527150983b918ea4f23f365809055f11e87101dc864076e083a81
aws-java-sdk-sagemakergeospatial-1.12.564.jar	META-INF/maven/com.amazonaws/aws-java-sdk-sagemakergeospatial/pom.properties	133	124	585cd46f	deflated	0f11b7ad136c5858f763add3814620447e495467716389f67c245e91bfdf0468
aws-java-sdk-sagemakergeospatial-1.12.564.jar	META-INF/maven/com.amazonaws/aws-java-sdk-sagemakergeospatial/pom.xml	3663	1065	ac17b23a	deflated	4f0dae2956bb5fd32a308dede15dc9c387e9c68b396e981381352557cc9c9678
aws-java-sdk-sagemakermetrics-1.12.564.jar	META-INF/MANIFEST.MF	130	108	08960c59	deflated	3361b4fae45527150983b918ea4f23f365809055f11e87101dc864076e083a81
aws-java-sdk-sagemakermetrics-1.12.564.jar	META-INF/maven/com.amazonaws/aws-java-sdk-sagemakermetrics/pom.properties	130	122	357a0a53	deflated	bbd5503c1c8f0c291b4264930b5f53e6b7713c8cfbe533b40dfc9ea3a5f7c615
aws-java-sdk-sagemakermetrics-1.12.564.jar	META-INF/maven/com.amazonaws/aws-java-sdk-sagemakermetrics/pom.xml	3609	1058	93a6c451	deflated	900078d2a2653b247c02e6752dad2f494d8d54bab2739e54df3708b88ee263e7
aws-java-sdk-sagemakerruntime-1.12.564.jar	META-INF/MANIFEST.MF	130	108	08960c59	deflated	3361b4fae45527150983b918ea4f23f365809055f11e87101dc864076e083a81
aws-java-sdk-sagemakerruntime-1.12.564.jar	META-INF/maven/com.amazonaws/aws-java-sdk-sagemakerruntime/pom.properties	130	122	3a5e0701	deflated	782a4233384dd21b24d12911e13c9fae93dce6bcb91d8d845b0baffe757687f5
aws-java-sdk-sagemakerruntime-1.12.564.jar	META-INF/maven/com.amazonaws/aws-java-sdk-sagemakerruntime/pom.xml	3609	1058	77b804bf	deflated	7d22c415af838970800edded166ea4fc31c4018fc4046176d16130caa0b6617c
aws-java-sdk-savingsplans-1.12.564.jar	META-INF/MANIFEST.MF	130	108	08960c59	deflated	3361b4fae45527150983b918ea4f23f365809055f11e87101dc864076e083a81
aws-java-sdk-savingsplans-1.12.564.jar	META-INF/maven/com.amazonaws/aws-java-sdk-savingsplans/pom.properties	126	120	23b8537b	deflated	9626b5cb5a554e18dd64c8dd2b62ad931d189a9f777f6ffa9240bb14696f2106
aws-java-sdk-savingsplans-1.12.564.jar	META-INF/maven/com.amazonaws/aws-java-sdk-savingsplans/pom.xml	3580	1051	b208e63f	deflated	b52b274f36418743c71430aa35d173ed4b324974d5cbf14894e4f9916f167b0d
aws-java-sdk-scheduler-1.12.564.jar	META-INF/MANIFEST.MF	130	108	08960c59	deflated	3361b4fae45527150983b918ea4f23f365809055f11e87101dc864076e083a81
aws-java-sdk-scheduler-1.12.564.jar	META-INF/maven/com.amazonaws/aws-java-sdk-scheduler/pom.properties	123	118	8621e470	deflated	9f9725f0c83a8428f2a4098eeed2885ab4ff02b40be00c9052b089855af276c7
aws-java-sdk-scheduler-1.12.564.jar	META-INF/maven/com.amazonaws/aws-java-sdk-scheduler/pom.xml	3607	1052	e536ad3a	deflated	84376ddd1c912abb822ebd60efd75f09aa740c07bcece6cd857e64365693c31a
aws-java-sdk-schemas-1.12.564.jar	META-INF/MANIFEST.MF	130	108	08960c59	deflated	3361b4fae45527150983b918ea4f23f365809055f11e87101dc864076e083a81
aws-java-sdk-schemas-1.12.564.jar	META-INF/maven/com.amazonaws/aws-java-sdk-schemas/pom.properties	121	117	752f3a2e	deflated	fb07a5ab48a2e8c09f4aad47ec1bd47b66b434169f69f124cea11a7db3c2e056
aws-java-sdk-schemas-1.12.564.jar	META-INF/maven/com.amazonaws/aws-java-sdk-schemas/pom.xml	3540	1037	9902ed45	deflated	670bed9c56cfb236dfb407da8f61f141dfe26e73611bddc423faccde6cd34845
aws-java-sdk-secretsmanager-1.12.564.jar	META-INF/MANIFEST.MF	130	108	08960c59	deflated	3361b4fae45527150983b918ea4f23f365809055f11e87101dc864076e083a81
aws-java-sdk-secretsmanager-1.12.564.jar	META-INF/maven/com.amazonaws/aws-java-sdk-secretsmanager/pom.properties	128	120	c24d049b	deflated	d1bfd90c890c56061a6bb1d2116458fa1bb05ca225299baec5d860357a020967
aws-java-sdk-secretsmanager-1.12.564.jar	META-INF/maven/com.amazonaws/aws-java-sdk-secretsmanager/pom.xml	3590	1048	63d1f585	deflated	6a2282a44bab737de6b296e5f13d1b49646f97639d60e5f9bf960d3c545b883b
aws-java-sdk-securityhub-1.12.564.jar	META-INF/MANIFEST.MF	130	108	08960c59	deflated	3361b4fae45527150983b918ea4f23f365809055f11e87101dc864076e083a81
aws-java-sdk-securityhub-1.12.564.jar	META-INF/maven/com.amazonaws/aws-java-sdk-securityhub/pom.properties	125	119	574fe052	deflated	d0d13f2cd6a57cdad1e93d4e919090336ac2cbad12bcff3c11eec4a2bbf6909e
aws-java-sdk-securityhub-1.12.564.jar	META-INF/maven/com.amazonaws/aws-java-sdk-securityhub/pom.xml	3572	1048	8e313d88	deflated	a390d74a2a0f6c8fc1ef3d0bb7212d8c8fabad2ecaf9d922736203ec656bfb18
aws-java-sdk-securitylake-1.12.564.jar	META-INF/MANIFEST.MF	130	108	08960c59	deflated	3361b4fae45527150983b918ea4f23f365809055f11e87101dc864076e083a81
aws-java-sdk-securitylake-1.12.564.jar	META-INF/maven/com.amazonaws/aws-java-sdk-securitylake/pom.properties	126	119	ad8c5061	deflated	9ca8374ed2e3fc5824b3345eecff7c87766281048d1dba80c2398f41122e8022
aws-java-sdk-securitylake-1.12.564.jar	META-INF/maven/com.amazonaws/aws-java-sdk-securitylake/pom.xml	3589	1052	287c566c	deflated	e49c81702f06a7f84370682ece979270d3ff3a6bda3c5007e00bbd61a16071f0
aws-java-sdk-serverlessapplicationrepository-1.12.564.jar	META-INF/MANIFEST.MF	130	108	08960c59	deflated	3361b4fae45527150983b918ea4f23f365809055f11e87101dc864076e083a81
aws-java-sdk-serverlessapplicationrepository-1.12.564.jar	META-INF/maven/com.amazonaws/aws-java-sdk-serverlessapplicationrepository/pom.properties	145	133	5faf9477	deflated	736f206e7bfce8bbb687f04a2116bd7b0a7d236a27bc0d2007f7fbacb545666a
aws-java-sdk-serverlessapplicationrepository-1.12.564.jar	META-INF/maven/com.amazonaws/aws-java-sdk-serverlessapplicationrepository/pom.xml	3669	1057	cf1235ec	deflated	18581e8bb3ed950f2fd56ace4554ed6abf267a7a1c7596cabdd8119cd6c5fcea
aws-java-sdk-servermigration-1.12.564.jar	META-INF/MANIFEST.MF	130	108	08960c59	deflated	3361b4fae45527150983b918ea4f23f365809055f11e87101dc864076e083a81
aws-java-sdk-servermigration-1.12.564.jar	META-INF/maven/com.amazonaws/aws-java-sdk-servermigration/pom.properties	129	122	2e8b3708	deflated	58d4448c6a82b923848bf527cf93350abe460a2920e0fd3007258222e7c95e52
aws-java-sdk-servermigration-1.12.564.jar	META-INF/maven/com.amazonaws/aws-java-sdk-servermigration/pom.xml	3595	1044	31a18137	deflated	174104eab25fdc7697374fb31dc9ad73a55fbc091868918b4996dce75dad8b55
aws-java-sdk-servicecatalog-1.12.564.jar	META-INF/MANIFEST.MF	130	108	08960c59	deflated	3361b4fae45527150983b918ea4f23f365809055f11e87101dc864076e083a81
aws-java-sdk-servicecatalog-1.12.564.jar	META-INF/maven/com.amazonaws/aws-java-sdk-servicecatalog/pom.properties	128	121	8e7187ce	deflated	658004da1edfce06b46241bb7fef0d2eae714e88300bdc5e60396eaec0f5a2c8
aws-java-sdk-servicecatalog-1.12.564.jar	META-INF/maven/com.amazonaws/aws-java-sdk-servicecatalog/pom.xml	3582	1045	e08c4bd1	deflated	1c863a6bf62321d6bb988df67a2e950bd7f5548b6b6aae57c68557552e54233c
aws-java-sdk-servicediscovery-1.12.564.jar	META-INF/MANIFEST.MF	130	108	08960c59	deflated	3361b4fae45527150983b918ea4f23f365809055f11e87101dc864076e083a81
aws-java-sdk-servicediscovery-1.12.564.jar	META-INF/maven/com.amazonaws/aws-java-sdk-servicediscovery/pom.properties	130	124	01b9e85a	deflated	36f986df610ee27e10fce781908f2067d272a230ce90360721b3f5c85bef0429
aws-java-sdk-servicediscovery-1.12.564.jar	META-INF/maven/com.amazonaws/aws-java-sdk-servicediscovery/pom.xml	3618	1061	b55c1086	deflated	4aea585de7a374affbf7d1659c019135f964a49ca54d9e5751e364df265daa91
aws-java-sdk-servicequotas-1.12.564.jar	META-INF/MANIFEST.MF	130	108	08960c59	deflated	3361b4fae45527150983b918ea4f23f365809055f11e87101dc864076e083a81
aws-java-sdk-servicequotas-1.12.564.jar	META-INF/maven/com.amazonaws/aws-java-sdk-servicequotas/pom.properties	127	120	4ef28ee4	deflated	d72e8b08e547c813522716ccd6a1aad4578bd6ebb7b2401e7a262347a8de0e29
aws-java-sdk-servicequotas-1.12.564.jar	META-INF/maven/com.amazonaws/aws-java-sdk-servicequotas/pom.xml	3573	1048	8af1c3b3	deflated	dbf7a06ab1be0b5344c0c508399d8021c32e7462403834e737f111d3a3c28ee9
aws-java-sdk-ses-1.12.564.jar	META-INF/MANIFEST.MF	130	108	08960c59	deflated	3361b4fae45527150983b918ea4f23f365809055f11e87101dc864076e083a81
aws-java-sdk-ses-1.12.564.jar	META-INF/javamail.providers	146	120	d94f4099	deflated	667a0acbe65a1c3aff1a93e7232987ed96e5c9054fa5b0d216a0b108bd47c735
aws-java-sdk-ses-1.12.564.jar	META-INF/maven/com.amazonaws/aws-java-sdk-ses/pom.properties	117	114	593614e6	deflated	a6727f6dd277bbc75897dad92ece10879b7652621e032d71da590b1dc20727d0
aws-java-sdk-ses-1.12.564.jar	META-INF/maven/com.amazonaws/aws-java-sdk-ses/pom.xml	3754	1079	8637c0dd	deflated	beb733b594037ccd43b0a9a9f1f7987ad833f50c47b1a015c5779dc73be47a87
aws-java-sdk-sesv2-1.12.564.jar	META-INF/MANIFEST.MF	130	108	08960c59	deflated	3361b4fae45527150983b918ea4f23f365809055f11e87101dc864076e083a81
aws-java-sdk-sesv2-1.12.564.jar	META-INF/maven/com.amazonaws/aws-java-sdk-sesv2/pom.properties	119	115	1626d8d2	deflated	d4e992fa7bd5a175260bada79a351a157e0f9fff4a52d916fe84ac09d7865e43
aws-java-sdk-sesv2-1.12.564.jar	META-INF/maven/com.amazonaws/aws-java-sdk-sesv2/pom.xml	3572	1048	be693cb0	deflated	ec95f6b43ec6c303c7acd646fca84e7cffbb019af463f733291bd88309805a68
aws-java-sdk-shield-1.12.564.jar	META-INF/MANIFEST.MF	130	108	08960c59	deflated	3361b4fae45527150983b918ea4f23f365809055f11e87101dc864076e083a81
aws-java-sdk-shield-1.12.564.jar	META-INF/maven/com.amazonaws/aws-java-sdk-shield/pom.properties	120	116	4dde5aca	deflated	542b50e9239f7570e78560b816186f507af7f6082bdad79e9c999681be8d1f39
aws-java-sdk-shield-1.12.564.jar	META-INF/maven/com.amazonaws/aws-java-sdk-shield/pom.xml	3540	1034	0701d733	deflated	a39bb60f0566b05042ff73f9e7015e11819936c0ed39921c38c64a6123acecea
aws-java-sdk-signer-1.12.564.jar	META-INF/MANIFEST.MF	130	108	08960c59	deflated	3361b4fae45527150983b918ea4f23f365809055f11e87101dc864076e083a81
aws-java-sdk-signer-1.12.564.jar	META-INF/maven/com.amazonaws/aws-java-sdk-signer/pom.properties	120	117	a4078482	deflated	335be3869559765298ba5ff0d37e6ba6994adfcaf7242dd9c2ea44e1925436f8
aws-java-sdk-signer-1.12.564.jar	META-INF/maven/com.amazonaws/aws-java-sdk-signer/pom.xml	3547	1040	11e6ccea	deflated	add4ed39ee5b27b2fe8454b5baf47e6f1081ee5414bf5811588447ca7115dfeb
aws-java-sdk-simpledb-1.12.564.jar	META-INF/MANIFEST.MF	130	108	08960c59	deflated	3361b4fae45527150983b918ea4f23f365809055f11e87101dc864076e083a81
aws-java-sdk-simpledb-1.12.564.jar	META-INF/maven/com.amazonaws/aws-java-sdk-simpledb/pom.properties	122	117	d35a8616	deflated	3ca0eaa775fc71bf1b65f4b7118f62e1be6324e5ca2f0b58b7aca3db36f0e603
aws-java-sdk-simpledb-1.12.564.jar	META-INF/maven/com.amazonaws/aws-java-sdk-simpledb/pom.xml	3566	1046	a8047473	deflated	90c7e49e7428d5409d0a33c0b9d4468c8524f9536564d8a33eec453720183feb
aws-java-sdk-simpleworkflow-1.12.564.jar	META-INF/MANIFEST.MF	130	108	08960c59	deflated	3361b4fae45527150983b918ea4f23f365809055f11e87101dc864076e083a81
aws-java-sdk-simpleworkflow-1.12.564.jar	META-INF/maven/com.amazonaws/aws-java-sdk-simpleworkflow/pom.properties	128	123	f2160416	deflated	2012453d2324e721e0dc122ef1c6eebeef9c5295aca9530644c21a26da4dc2f7
aws-java-sdk-simpleworkflow-1.12.564.jar	META-INF/maven/com.amazonaws/aws-java-sdk-simpleworkflow/pom.xml	3575	1057	d3e672db	deflated	be2a5b924c51b0787eadbfb39cb2419eb668096b84cd338c35fbc49fdac184fc
aws-java-sdk-simspaceweaver-1.12.564.jar	META-INF/MANIFEST.MF	130	108	08960c59	deflated	3361b4fae45527150983b918ea4f23f365809055f11e87101dc864076e083a81
aws-java-sdk-simspaceweaver-1.12.564.jar	META-INF/maven/com.amazonaws/aws-java-sdk-simspaceweaver/pom.properties	128	122	c2f7da11	deflated	a5d737ee28a73e72ee15107ab730a9b41c42d6baa28bacacbf33ff95585dd453
aws-java-sdk-simspaceweaver-1.12.564.jar	META-INF/maven/com.amazonaws/aws-java-sdk-simspaceweaver/pom.xml	3590	1051	6fd51d60	deflated	d6bb58df24a26849372c238fc5e1dcaa9ec652cf90f2a1cab50ac83ac7ce0ccb
aws-java-sdk-snowball-1.12.564.jar	META-INF/MANIFEST.MF	130	108	08960c59	deflated	3361b4fae45527150983b918ea4f23f365809055f11e87101dc864076e083a81
aws-java-sdk-snowball-1.12.564.jar	META-INF/maven/com.amazonaws/aws-java-sdk-snowball/pom.properties	122	118	68e853bb	deflated	4543c818b2b91ed2f633bdc11e615f788e2d0466dad8966a3b3a0e9cad2af789
aws-java-sdk-snowball-1.12.564.jar	META-INF/maven/com.amazonaws/aws-java-sdk-snowball/pom.xml	3559	1038	42c5f4cb	deflated	4da0e212f0fda42931d4257200203b16d23b41ea08f2302361e0d2300ac3c646
aws-java-sdk-snowdevicemanagement-1.12.564.jar	META-INF/MANIFEST.MF	130	108	08960c59	deflated	3361b4fae45527150983b918ea4f23f365809055f11e87101dc864076e083a81
aws-java-sdk-snowdevicemanagement-1.12.564.jar	META-INF/maven/com.amazonaws/aws-java-sdk-snowdevicemanagement/pom.properties	134	124	7b77c1c4	deflated	1708f6b7cea49bca3c1f9e353188f6392a943ba99532ea322ec9a3c731931b64
aws-java-sdk-snowdevicemanagement-1.12.564.jar	META-INF/maven/com.amazonaws/aws-java-sdk-snowdevicemanagement/pom.xml	3623	1056	37481400	deflated	a05bb283d305d751343d611c39984b1d2d65f95f0725930991751f7187ae3fbf
aws-java-sdk-sns-1.12.564.jar	META-INF/MANIFEST.MF	130	108	08960c59	deflated	3361b4fae45527150983b918ea4f23f365809055f11e87101dc864076e083a81
aws-java-sdk-sns-1.12.564.jar	META-INF/maven/com.amazonaws/aws-java-sdk-sns/pom.properties	117	113	c92e5bc1	deflated	2d858ae7bc209cd7a66ed63c823d2f278f37a2872af368e17e50ba1f6f0d6e4e
aws-java-sdk-sns-1.12.564.jar	META-INF/maven/com.amazonaws/aws-java-sdk-sns/pom.xml	3767	1059	b6ec5eaf	deflated	1659878fb0b6755c6a86fe5f8d92059eee6c13a3ed032a846032dff3e281f9c5
aws-java-sdk-sqs-1.12.564.jar	META-INF/MANIFEST.MF	130	108	08960c59	deflated	3361b4fae45527150983b918ea4f23f365809055f11e87101dc864076e083a81
aws-java-sdk-sqs-1.12.564.jar	META-INF/maven/com.amazonaws/aws-java-sdk-sqs/pom.properties	117	114	923df329	deflated	ca6eadd0dcf8c8cea16ca41c621d58b8e4c9f0a41c328193a558cb5ba1f10bd2
aws-java-sdk-sqs-1.12.564.jar	META-INF/maven/com.amazonaws/aws-java-sdk-sqs/pom.xml	3550	1052	567ef733	deflated	6d225c15b09c701663699e2ae28c5d029c9f5d69c7dfaed7c4a0e6f943ac337e
aws-java-sdk-sqs-1.12.564.jar	com/amazonaws/services/sqs/request.handlers	149	88	aee29cd1	deflated	ec8fd312c8961032e9de420050915ed538393244cc538f2204a52c3e32525425
aws-java-sdk-ssm-1.12.564.jar	META-INF/MANIFEST.MF	130	108	08960c59	deflated	3361b4fae45527150983b918ea4f23f365809055f11e87101dc864076e083a81
aws-java-sdk-ssm-1.12.564.jar	META-INF/maven/com.amazonaws/aws-java-sdk-ssm/pom.properties	117	114	38afcbb2	deflated	b39dfaffef48c05fc9ccbe4fc2dd7e22bdea2a3dbb37140926d3b4fd557dc8f4
aws-java-sdk-ssm-1.12.564.jar	META-INF/maven/com.amazonaws/aws-java-sdk-ssm/pom.xml	3621	1063	e842dc93	deflated	838113e1f20b8bc108f6cd2f898cc7189414094b18f202921a11d1a1f96d97f0
aws-java-sdk-ssmcontacts-1.12.564.jar	META-INF/MANIFEST.MF	130	108	08960c59	deflated	3361b4fae45527150983b918ea4f23f365809055f11e87101dc864076e083a81
aws-java-sdk-ssmcontacts-1.12.564.jar	META-INF/maven/com.amazonaws/aws-java-sdk-ssmcontacts/pom.properties	125	118	edcd4e92	deflated	a1747a51ffc4481f752128c9e119b5b1d8503a6cd4077c0e5afaa53b09bbd872
aws-java-sdk-ssmcontacts-1.12.564.jar	META-INF/maven/com.amazonaws/aws-java-sdk-ssmcontacts/pom.xml	3662	1065	fcc17683	deflated	94833c633ceb8b2cb1e4b54aa2a2cab547e6521ff5e0deb2af79263604519055
aws-java-sdk-ssmincidents-1.12.564.jar	META-INF/MANIFEST.MF	130	108	08960c59	deflated	3361b4fae45527150983b918ea4f23f365809055f11e87101dc864076e083a81
aws-java-sdk-ssmincidents-1.12.564.jar	META-INF/maven/com.amazonaws/aws-java-sdk-ssmincidents/pom.properties	126	119	1f2c5946	deflated	ccfb4ac5814e3e7a2e73b799732c25f2ea6f45bf6ed633e9976ce20d15ff37e0
aws-java-sdk-ssmincidents-1.12.564.jar	META-INF/maven/com.amazonaws/aws-java-sdk-ssmincidents/pom.xml	3637	1060	db14cdd8	deflated	f745c45536275b9ab77ecb327ddb6b12b354ac79de48999fae623f37d8f21f95
aws-java-sdk-ssmsap-1.12.564.jar	META-INF/MANIFEST.MF	130	108	08960c59	deflated	3361b4fae45527150983b918ea4f23f365809055f11e87101dc864076e083a81
aws-java-sdk-ssmsap-1.12.564.jar	META-INF/maven/com.amazonaws/aws-java-sdk-ssmsap/pom.properties	120	115	f3a1ba11	deflated	dd61e8805e8f666bd0dedd35fd5890ad0b0d825fbf42b7b9dbae80530a6e64be
aws-java-sdk-ssmsap-1.12.564.jar	META-INF/maven/com.amazonaws/aws-java-sdk-ssmsap/pom.xml	3598	1054	342e1685	deflated	6f873c9401863e9385c1713d9b4e34428039e6a5b5ed350ed834497f82e63d95
aws-java-sdk-sso-1.12.564.jar	META-INF/MANIFEST.MF	130	108	08960c59	deflated	3361b4fae45527150983b918ea4f23f365809055f11e87101dc864076e083a81
aws-java-sdk-sso-1.12.564.jar	META-INF/maven/com.amazonaws/aws-java-sdk-sso/pom.properties	117	114	bfdb637f	deflated	359d31fd1c5a5e1822974c07b86f87b85548cd6bcc859b1bf19b3f8cf6306498
aws-java-sdk-sso-1.12.564.jar	META-INF/maven/com.amazonaws/aws-java-sdk-sso/pom.xml	3565	1045	fa9a29bb	deflated	832cf5ba57353bdc0f92a9dd3f4369b9e48b16741ffb5ed7f0e412be98210eba
aws-java-sdk-ssoadmin-1.12.564.jar	META-INF/MANIFEST.MF	130	108	08960c59	deflated	3361b4fae45527150983b918ea4f23f365809055f11e87101dc864076e083a81
aws-java-sdk-ssoadmin-1.12.564.jar	META-INF/maven/com.amazonaws/aws-java-sdk-ssoadmin/pom.properties	122	117	e8d72bc1	deflated	741cef63d26453f59dd5dbc25b5597926fe75259739f496bf44ec9b4c3f3f5fc
aws-java-sdk-ssoadmin-1.12.564.jar	META-INF/maven/com.amazonaws/aws-java-sdk-ssoadmin/pom.xml	3593	1051	3ca02a72	deflated	efb940911cedbbd23b954099441c24c8c52fd4eb7365ead2ef13e284c6be90d6
aws-java-sdk-ssooidc-1.12.564.jar	META-INF/MANIFEST.MF	130	108	08960c59	deflated	3361b4fae45527150983b918ea4f23f365809055f11e87101dc864076e083a81
aws-java-sdk-ssooidc-1.12.564.jar	META-INF/maven/com.amazonaws/aws-java-sdk-ssooidc/pom.properties	121	116	840af64c	deflated	ea38a8e2148cde5513f9cdd67b56b2b2f99da1df474266f736a1bed3792652e1
aws-java-sdk-ssooidc-1.12.564.jar	META-INF/maven/com.amazonaws/aws-java-sdk-ssooidc/pom.xml	3555	1047	7f6e1e61	deflated	f035fe4c9a251d6c06f0888f02e81f3cc9e8e39a58f598b4eaa409d92e8952ae
aws-java-sdk-stepfunctions-1.12.564.jar	META-INF/MANIFEST.MF	130	108	08960c59	deflated	3361b4fae45527150983b918ea4f23f365809055f11e87101dc864076e083a81
aws-java-sdk-stepfunctions-1.12.564.jar	META-INF/maven/com.amazonaws/aws-java-sdk-stepfunctions/pom.properties	127	122	ecb4d9c8	deflated	715426bb7e7cfe9bbd80371f8a6751f671b8aad95b7ca6fb4c44424d55bc0376
aws-java-sdk-stepfunctions-1.12.564.jar	META-INF/maven/com.amazonaws/aws-java-sdk-stepfunctions/pom.xml	4263	1098	4868b85c	deflated	a24eaec6e978c8adc2937109f5371b32cad5db62dd1c535d9a1a633c767fa035
aws-java-sdk-storagegateway-1.12.564.jar	META-INF/MANIFEST.MF	130	108	08960c59	deflated	3361b4fae45527150983b918ea4f23f365809055f11e87101dc864076e083a81
aws-java-sdk-storagegateway-1.12.564.jar	META-INF/maven/com.amazonaws/aws-java-sdk-storagegateway/pom.properties	128	122	691f9444	deflated	ef7cdfdb0492daabdf7e36466770a41d3d0dd92f24b9fe27e42ebebe7f79770e
aws-java-sdk-storagegateway-1.12.564.jar	META-INF/maven/com.amazonaws/aws-java-sdk-storagegateway/pom.xml	3590	1050	e323ce43	deflated	aee2a77bf45be1cd00f33ceb452ac088e5ae11cce3da2942098489c15badd88e
aws-java-sdk-sts-1.12.564.jar	META-INF/MANIFEST.MF	130	108	08960c59	deflated	3361b4fae45527150983b918ea4f23f365809055f11e87101dc864076e083a81
aws-java-sdk-sts-1.12.564.jar	META-INF/maven/com.amazonaws/aws-java-sdk-sts/pom.properties	117	113	7fe4c4b4	deflated	6cfdb4eafe2fb9d6f6c25b2d0c99692933787ee93c1b2be09836e30e36d3f608
aws-java-sdk-sts-1.12.564.jar	META-INF/maven/com.amazonaws/aws-java-sdk-sts/pom.xml	3543	1051	a27be5b2	deflated	5f939a88be9f203c3b1c8d7d685409c975aa179e95111ba63cf4fc1dd5d658a9
aws-java-sdk-support-1.12.564.jar	META-INF/MANIFEST.MF	130	108	08960c59	deflated	3361b4fae45527150983b918ea4f23f365809055f11e87101dc864076e083a81
aws-java-sdk-support-1.12.564.jar	META-INF/maven/com.amazonaws/aws-java-sdk-support/pom.properties	121	117	2c2e9ecc	deflated	83f0fbc7ab69e749efd0339590883bae5fac7c062ac14fcea288a2ca6d5ae356
aws-java-sdk-support-1.12.564.jar	META-INF/maven/com.amazonaws/aws-java-sdk-support/pom.xml	3552	1041	11f88c18	deflated	17d5b87fc8a5ceb61e0d8116657e5f0270562a6c0a4e1cfae22104f9ccb351ba
aws-java-sdk-supportapp-1.12.564.jar	META-INF/MANIFEST.MF	130	108	08960c59	deflated	3361b4fae45527150983b918ea4f23f365809055f11e87101dc864076e083a81
aws-java-sdk-supportapp-1.12.564.jar	META-INF/maven/com.amazonaws/aws-java-sdk-supportapp/pom.properties	124	118	45e0dc18	deflated	726abc3368b42bf3abdd71e546f831b1f9860e28b3ca6fa0ffcc004b876b3978
aws-java-sdk-supportapp-1.12.564.jar	META-INF/maven/com.amazonaws/aws-java-sdk-supportapp/pom.xml	3570	1047	9d9ab4fe	deflated	ce8f49c43518fb76cce01311515bb5a814a59dfcc425049458ee1445852c9063
aws-java-sdk-swf-libraries-1.11.22.jar	META-INF/MANIFEST.MF	132	110	2a6b988d	deflated	485690693e6ae9f500c7de878e6eba636e0a2f092e356af8c2aab0f48e09aea2
aws-java-sdk-swf-libraries-1.11.22.jar	META-INF/maven/com.amazonaws/aws-java-sdk-swf-libraries/pom.properties	126	120	64ebb243	deflated	194f06193aeef0cb317aa99c99389fbb4955ab36cdab8eb725f0b8d235596431
aws-java-sdk-swf-libraries-1.11.22.jar	META-INF/maven/com.amazonaws/aws-java-sdk-swf-libraries/pom.xml	3426	904	f3c41208	deflated	daaca916ad6737b873dc6ca81bcdf39b4e4f834ec144549aa697b1bd7cb83d52
aws-java-sdk-swf-libraries-1.11.22.jar	builddef.lst	39273	2300	4ae194db	deflated	63d7d6655ddad2365eed3eced9a6e46ea1e97af031bdf6009df0ed15fa806dc3
aws-java-sdk-synthetics-1.12.564.jar	META-INF/MANIFEST.MF	130	108	08960c59	deflated	3361b4fae45527150983b918ea4f23f365809055f11e87101dc864076e083a81
aws-java-sdk-synthetics-1.12.564.jar	META-INF/maven/com.amazonaws/aws-java-sdk-synthetics/pom.properties	124	119	07667a37	deflated	3616c295c1d05a8084875d0698ff428251b57c335b614c8ee219861a138e9bb7
aws-java-sdk-synthetics-1.12.564.jar	META-INF/maven/com.amazonaws/aws-java-sdk-synthetics/pom.xml	3555	1043	2a28deb8	deflated	7c6a22c77d519b04f31f09c69c288da4311f7ce03dda1a63abf831e9be18aa97
aws-java-sdk-textract-1.12.564.jar	META-INF/MANIFEST.MF	130	108	08960c59	deflated	3361b4fae45527150983b918ea4f23f365809055f11e87101dc864076e083a81
aws-java-sdk-textract-1.12.564.jar	META-INF/maven/com.amazonaws/aws-java-sdk-textract/pom.properties	122	117	ced3415d	deflated	ce30aeb409d27b7ca1f1d38ac1fa9ffb212361f9ffd12a6520d32c4478e3e839
aws-java-sdk-textract-1.12.564.jar	META-INF/maven/com.amazonaws/aws-java-sdk-textract/pom.xml	3566	1042	f5d229ce	deflated	c4e422d2495513e46735e5a45076aedb23f15f115b66d361b64bc74dbc3baea0
aws-java-sdk-timestreamquery-1.12.564.jar	META-INF/MANIFEST.MF	130	108	08960c59	deflated	3361b4fae45527150983b918ea4f23f365809055f11e87101dc864076e083a81
aws-java-sdk-timestreamquery-1.12.564.jar	META-INF/maven/com.amazonaws/aws-java-sdk-timestreamquery/pom.properties	129	121	b3be80cb	deflated	c041dd1ebe96026a6d10606bf5396e0f8852c89684c8149205213a768741cd8e
aws-java-sdk-timestreamquery-1.12.564.jar	META-INF/maven/com.amazonaws/aws-java-sdk-timestreamquery/pom.xml	3604	1053	468b9fa4	deflated	d02b3944cf1696fef61ff094eb9a167b01748e99c33cdb5df054f6e4e1509ab2
aws-java-sdk-timestreamwrite-1.12.564.jar	META-INF/MANIFEST.MF	130	108	08960c59	deflated	3361b4fae45527150983b918ea4f23f365809055f11e87101dc864076e083a81
aws-java-sdk-timestreamwrite-1.12.564.jar	META-INF/maven/com.amazonaws/aws-java-sdk-timestreamwrite/pom.properties	129	121	30e85213	deflated	3807e9f15e6841a31e0ecaf8b71926c77149989a517c962d23f1435bc9e72411
aws-java-sdk-timestreamwrite-1.12.564.jar	META-INF/maven/com.amazonaws/aws-java-sdk-timestreamwrite/pom.xml	3604	1053	d59efe31	deflated	8f43b6015609ac7b19bfebe21cb8cb3aacaccc452e5b5994843985e4b6cd28c5
aws-java-sdk-tnb-1.12.564.jar	META-INF/MANIFEST.MF	130	108	08960c59	deflated	3361b4fae45527150983b918ea4f23f365809055f11e87101dc864076e083a81
aws-java-sdk-tnb-1.12.564.jar	META-INF/maven/com.amazonaws/aws-java-sdk-tnb/pom.properties	117	114	950926a4	deflated	95664434538fb057cc004d6c92af17578bdb4a823bd6c4cac0a8b39f89a1b819
aws-java-sdk-tnb-1.12.564.jar	META-INF/maven/com.amazonaws/aws-java-sdk-tnb/pom.xml	3586	1051	e7b519bb	deflated	7ac3434c77cca60e3a1e231e70c55dd4e2a2d4f1e5fe7b75ef91ca386e0c1549
aws-java-sdk-transcribe-1.12.564.jar	META-INF/MANIFEST.MF	130	108	08960c59	deflated	3361b4fae45527150983b918ea4f23f365809055f11e87101dc864076e083a81
aws-java-sdk-transcribe-1.12.564.jar	META-INF/maven/com.amazonaws/aws-java-sdk-transcribe/pom.properties	124	119	6c483260	deflated	37b60bcec723259abfcdd78d400c50acb8de78b6348a4c2b4d1ce67e968cc71c
aws-java-sdk-transcribe-1.12.564.jar	META-INF/maven/com.amazonaws/aws-java-sdk-transcribe/pom.xml	3576	1046	a8578f6c	deflated	9ecd7a4902ed33f10b4aa07809e453d2cb7dfa6a928c1e2ebf5103e26ddde2f3
aws-java-sdk-transfer-1.12.564.jar	META-INF/MANIFEST.MF	130	108	08960c59	deflated	3361b4fae45527150983b918ea4f23f365809055f11e87101dc864076e083a81
aws-java-sdk-transfer-1.12.564.jar	META-INF/maven/com.amazonaws/aws-java-sdk-transfer/pom.properties	122	117	2bf5bf40	deflated	383fec985fe36a25691f3f76c0b672ec9990bf658f4cd630192bd769b2cbc121
aws-java-sdk-transfer-1.12.564.jar	META-INF/maven/com.amazonaws/aws-java-sdk-transfer/pom.xml	3584	1048	e3eaaee5	deflated	056d8c180572b5da86f75f1caf9d2599f7e59c0fb9e85579f9fd6fdb53e607ba
aws-java-sdk-translate-1.12.564.jar	META-INF/MANIFEST.MF	130	108	08960c59	deflated	3361b4fae45527150983b918ea4f23f365809055f11e87101dc864076e083a81
aws-java-sdk-translate-1.12.564.jar	META-INF/maven/com.amazonaws/aws-java-sdk-translate/pom.properties	123	120	a6876ce3	deflated	818628587a63737f51a5d5ab6716e7f22891f8a2ae7c161373fd6520f379aa36
aws-java-sdk-translate-1.12.564.jar	META-INF/maven/com.amazonaws/aws-java-sdk-translate/pom.xml	3571	1046	aaf44054	deflated	cceda6945f484d844f39e8695dc7a95f25ecb7bd8a4b3c82928b9052cb767864
aws-java-sdk-verifiedpermissions-1.12.564.jar	META-INF/MANIFEST.MF	130	108	08960c59	deflated	3361b4fae45527150983b918ea4f23f365809055f11e87101dc864076e083a81
aws-java-sdk-verifiedpermissions-1.12.564.jar	META-INF/maven/com.amazonaws/aws-java-sdk-verifiedpermissions/pom.properties	133	126	c8a70ed6	deflated	0e96d0cd76699dff2231ede38d80178b195279bfabec0123f347f91d85a6bd18
aws-java-sdk-verifiedpermissions-1.12.564.jar	META-INF/maven/com.amazonaws/aws-java-sdk-verifiedpermissions/pom.xml	3624	1055	a4150e59	deflated	baf3dde8162e9a904f78398de07d536b37d1ac07aec206bad00a1450656700ed
aws-java-sdk-voiceid-1.12.564.jar	META-INF/MANIFEST.MF	130	108	08960c59	deflated	3361b4fae45527150983b918ea4f23f365809055f11e87101dc864076e083a81
aws-java-sdk-voiceid-1.12.564.jar	META-INF/maven/com.amazonaws/aws-java-sdk-voiceid/pom.properties	121	116	d9417dca	deflated	52a18e0910ecd9610d54b0775ffb90cab317ab2a696934de3b5911f04787bf93
aws-java-sdk-voiceid-1.12.564.jar	META-INF/maven/com.amazonaws/aws-java-sdk-voiceid/pom.xml	3564	1046	e3d3f111	deflated	8f02d342c544550119b3bacae8efdfb3d8ab4bfb41012f453fb03bac2467150f
aws-java-sdk-vpclattice-1.12.564.jar	META-INF/MANIFEST.MF	130	108	08960c59	deflated	3361b4fae45527150983b918ea4f23f365809055f11e87101dc864076e083a81
aws-java-sdk-vpclattice-1.12.564.jar	META-INF/maven/com.amazonaws/aws-java-sdk-vpclattice/pom.properties	124	119	dbf1aa46	deflated	c48edee72ec6d4a5f92fecf2706abe3cd01779db1f442010a38539610d062c52
aws-java-sdk-vpclattice-1.12.564.jar	META-INF/maven/com.amazonaws/aws-java-sdk-vpclattice/pom.xml	3579	1051	3dc28e51	deflated	3e829a237547d3e3d64a7740c79625fcbcea949943d8acf12972ef08892c788e
aws-java-sdk-waf-1.12.564.jar	META-INF/MANIFEST.MF	130	108	08960c59	deflated	3361b4fae45527150983b918ea4f23f365809055f11e87101dc864076e083a81
aws-java-sdk-waf-1.12.564.jar	META-INF/maven/com.amazonaws/aws-java-sdk-waf/pom.properties	117	114	7d051f89	deflated	ed7fa58a6d542dc8d5938c475fa1d3dccaca5e8f89dde88d3035d890db11ce32
aws-java-sdk-waf-1.12.564.jar	META-INF/maven/com.amazonaws/aws-java-sdk-waf/pom.xml	3540	1041	8122f9e4	deflated	9598757e0a4f3d33c0cf8eddbcb618a869a08ac60eb60cda16f658891ab3a2ca
aws-java-sdk-wafv2-1.12.564.jar	META-INF/MANIFEST.MF	130	108	08960c59	deflated	3361b4fae45527150983b918ea4f23f365809055f11e87101dc864076e083a81
aws-java-sdk-wafv2-1.12.564.jar	META-INF/maven/com.amazonaws/aws-java-sdk-wafv2/pom.properties	119	116	8ca24d31	deflated	dbfa083c8cdbfe54d959b4ed3ab47faf99194c268254371c51068545fe7f6221
aws-java-sdk-wafv2-1.12.564.jar	META-INF/maven/com.amazonaws/aws-java-sdk-wafv2/pom.xml	3542	1043	e517ca06	deflated	4bd3572eb2171e87bc4780cd8a4ff261f91950f3e1a55b894bdfa7baa5496eca
aws-java-sdk-wellarchitected-1.12.564.jar	META-INF/MANIFEST.MF	130	108	08960c59	deflated	3361b4fae45527150983b918ea4f23f365809055f11e87101dc864076e083a81
aws-java-sdk-wellarchitected-1.12.564.jar	META-INF/maven/com.amazonaws/aws-java-sdk-wellarchitected/pom.properties	129	123	70ffa27b	deflated	430ecba9abca1124bc6fb58d99b2ad6125af6f6cb57213789fae7a6812bbfaa6
aws-java-sdk-wellarchitected-1.12.564.jar	META-INF/maven/com.amazonaws/aws-java-sdk-wellarchitected/pom.xml	3610	1054	0c51d6cc	deflated	05e57fbedfa738ad2de03dbbd15e9766fbde96cc14440a0b72d59fbf8b4be079
aws-java-sdk-workdocs-1.12.564.jar	META-INF/MANIFEST.MF	130	108	08960c59	deflated	3361b4fae45527150983b918ea4f23f365809055f11e87101dc864076e083a81
aws-java-sdk-workdocs-1.12.564.jar	META-INF/maven/com.amazonaws/aws-java-sdk-workdocs/pom.properties	122	118	1ac0c47c	deflated	af6b093efe27dd64f2aed7b579a331f65099f4278bb62a72ed491e6f4b27a5f5
aws-java-sdk-workdocs-1.12.564.jar	META-INF/maven/com.amazonaws/aws-java-sdk-workdocs/pom.xml	3559	1043	f8f6e5a5	deflated	e377c9aea30c002815ba5bedeaef54ddc05ca9e12f55c4d52b3fef3ddbf5a770
aws-java-sdk-worklink-1.12.564.jar	META-INF/MANIFEST.MF	130	108	08960c59	deflated	3361b4fae45527150983b918ea4f23f365809055f11e87101dc864076e083a81
aws-java-sdk-worklink-1.12.564.jar	META-INF/maven/com.amazonaws/aws-java-sdk-worklink/pom.properties	122	117	f6774169	deflated	3ff77ca21ee91dd77e6f92c1ecfdd5c27b22407498715934571c091973e21a6b
aws-java-sdk-worklink-1.12.564.jar	META-INF/maven/com.amazonaws/aws-java-sdk-worklink/pom.xml	3566	1046	1305180e	deflated	88c994f8714f7188466f5eb3db5466b8bb3e2fc95b59db76d19ffd58cc438165
aws-java-sdk-workmail-1.12.564.jar	META-INF/MANIFEST.MF	130	108	08960c59	deflated	3361b4fae45527150983b918ea4f23f365809055f11e87101dc864076e083a81
aws-java-sdk-workmail-1.12.564.jar	META-INF/maven/com.amazonaws/aws-java-sdk-workmail/pom.properties	122	117	adeae24e	deflated	c7c5bc8b9386076b04eb93496fae96662db861fb09ab3970e2478528be23126d
aws-java-sdk-workmail-1.12.564.jar	META-INF/maven/com.amazonaws/aws-java-sdk-workmail/pom.xml	3566	1046	5fbb848f	deflated	1b51f01e0e9bebbd4f6f0ba1ff2e7abbfb09f3622096d72332b84d10fec29de3
aws-java-sdk-workmailmessageflow-1.12.564.jar	META-INF/MANIFEST.MF	130	108	08960c59	deflated	3361b4fae45527150983b918ea4f23f365809055f11e87101dc864076e083a81
aws-java-sdk-workmailmessageflow-1.12.564.jar	META-INF/maven/com.amazonaws/aws-java-sdk-workmailmessageflow/pom.properties	133	125	83cbc242	deflated	963ac55dc136cef0766fb7aa3f062725b32598d4d001b50103b706ecb2575600
aws-java-sdk-workmailmessageflow-1.12.564.jar	META-INF/maven/com.amazonaws/aws-java-sdk-workmailmessageflow/pom.xml	3627	1063	213506c4	deflated	171610b911b9e6b56c16cab525313bf6983f696d4e43033ac6dacf1d119c04cc
aws-java-sdk-workspaces-1.12.564.jar	META-INF/MANIFEST.MF	130	108	08960c59	deflated	3361b4fae45527150983b918ea4f23f365809055f11e87101dc864076e083a81
aws-java-sdk-workspaces-1.12.564.jar	META-INF/maven/com.amazonaws/aws-java-sdk-workspaces/pom.properties	124	119	1f3eb105	deflated	954a8417d872dea507a22fbe65368de1d93de0cc3bb8842f1f77f778f7cbbd4c
aws-java-sdk-workspaces-1.12.564.jar	META-INF/maven/com.amazonaws/aws-java-sdk-workspaces/pom.xml	3576	1051	64f5620c	deflated	3ba4ba355f9eb8edcf591e8e72531d99d377141230957c6637cc2ae097cdebcc
aws-java-sdk-workspacesweb-1.12.564.jar	META-INF/MANIFEST.MF	130	108	08960c59	deflated	3361b4fae45527150983b918ea4f23f365809055f11e87101dc864076e083a81
aws-java-sdk-workspacesweb-1.12.564.jar	META-INF/maven/com.amazonaws/aws-java-sdk-workspacesweb/pom.properties	127	120	26d8c250	deflated	f6472c3a5e90133020d8e11bc409183bc1ce77346f88e201cecf63d41e92bb60
aws-java-sdk-workspacesweb-1.12.564.jar	META-INF/maven/com.amazonaws/aws-java-sdk-workspacesweb/pom.xml	3594	1054	63b9c7f1	deflated	6d468e455be7c4767c1379c8983e4002276e8786ec2b99305f3deb0184a0c50b
aws-java-sdk-xray-1.12.564.jar	META-INF/MANIFEST.MF	130	108	08960c59	deflated	3361b4fae45527150983b918ea4f23f365809055f11e87101dc864076e083a81
aws-java-sdk-xray-1.12.564.jar	META-INF/maven/com.amazonaws/aws-java-sdk-xray/pom.properties	118	115	b884b86a	deflated	bfd0a51414494301c0a268c37244eefbb16086ad1fcdcd147ff58ba702a3a087
aws-java-sdk-xray-1.12.564.jar	META-INF/maven/com.amazonaws/aws-java-sdk-xray/pom.xml	3540	1039	cfe07b24	deflated	1e57e998b4efae91948c57b1de25bddaa705a4b799809a5001076eee20bacb9f
aws-sigv4-auth-cassandra-java-driver-plugin-4.0.9.jar	META-INF/MANIFEST.MF	82	80	81310700	deflated	587b83f896b60b3a94b708a9f23eee370cc4949270b2a2504beddeb37f5398f2
aws-sigv4-auth-cassandra-java-driver-plugin-4.0.9.jar	META-INF/maven/software.aws.mcs/aws-sigv4-auth-cassandra-java-driver-plugin/pom.properties	94	83	c9ee4c06	deflated	c5335177d6313b93f86f72793cc6b3f57ee8c6e9006623d5cf667d98934e9053
aws-sigv4-auth-cassandra-java-driver-plugin-4.0.9.jar	META-INF/maven/software.aws.mcs/aws-sigv4-auth-cassandra-java-driver-plugin/pom.xml	10048	1790	368f3f18	deflated	741a935b1ce74193db0dd7bfd19b806657042d8af29afa5e2d399cbce0574d7f
bsh-2.1b5.jar	META-INF/MANIFEST.MF	354	218	d7ef5e6f	deflated	45147338ee00358ada789f3504f5deb6389039cb54edb2f72997d1b33551e7dd
bsh-2.1b5.jar	META-INF/services/javax.script.ScriptEngineFactory	27	29	c76efcd1	deflated	7b953e45ec36b9a948c43cf85d3c21fa8d82aa0cc3748e1e939862718e94f374
bsh-2.1b5.jar	bsh/commands/addClassPath.bsh	658	351	5017bc3a	deflated	32ff4ec3df86149d1b76769d2c159d98cd59ad305f5905da6bddd70dc384cc5e
bsh-2.1b5.jar	bsh/commands/bg.bsh	488	260	54838960	deflated	39f58d5d246abaf9fa6f3e84b9029f78c79c4c8150be5af5e4227505595d26ad
bsh-2.1b5.jar	bsh/commands/bind.bsh	209	132	75806411	deflated	4975e348ba98e9f3099c56ac5e24b2052f054897ed3b96a3048149a47fea1790
bsh-2.1b5.jar	bsh/commands/browseClass.bsh	1115	449	8c07b12c	deflated	fa506db74a278666b870c63a388fe8424aaf3b72e49fc8af520a3c1df65d0676
bsh-2.1b5.jar	bsh/commands/cat.bsh	707	360	9905b54e	deflated	4d8509356bc3eab1162444d2bfb8cf37f625f9f8520bbc29d40989745efe231b
bsh-2.1b5.jar	bsh/commands/cd.bsh	388	270	feeb4d61	deflated	86d3a4c7267cf1d7104a915565feab72b91f10dd70c09d677a7cd9fabaeb0069
bsh-2.1b5.jar	bsh/commands/classBrowser.bsh	1085	487	7f9d3530	deflated	01dccce7895759005f3742422b8340d37e8e9e1a8e9c1cf02e8897bda4149dc6
bsh-2.1b5.jar	bsh/commands/clear.bsh	242	155	74e9bad0	deflated	f18f95b34f8ca90060dffd9d4bd44759a7c8487dd29e9a0e91204b1ea28d201b
bsh-2.1b5.jar	bsh/commands/cp.bsh	474	262	fbed597d	deflated	baebbb1f1ad8baecb534f37161bdf0baf9c86c2f8af96f2fbc1aaa01cb480d54
bsh-2.1b5.jar	bsh/commands/debug.bsh	206	150	860739ef	deflated	2ebdf35f6b852af869cfde596880e5b3fb50940b62cc7a77ef201fcf46a7efdd
bsh-2.1b5.jar	bsh/commands/desktop.bsh	5605	2082	11c15419	deflated	4c9edc4594930e9dd6b4991470424ba289dbd1de2729de6223a34eeb83a35e7f
bsh-2.1b5.jar	bsh/commands/dirname.bsh	837	456	ad25a0b4	deflated	b8e5f69966356b706f4bfa324f5bbecd84580352da0fae2544823fd8839c2627
bsh-2.1b5.jar	bsh/commands/editor.bsh	1021	467	32bacc4d	deflated	06acb49e9c05fe9a033e79ab313e4bd23e06e6bf032abe41c49f4cde34bddf25
bsh-2.1b5.jar	bsh/commands/error.bsh	224	162	093a3bc9	deflated	46d860e61ef3790ca5cc3742bed852c75b7f8b74b26d9fd94144e9465bf72aa9
bsh-2.1b5.jar	bsh/commands/eval.bsh	1890	839	affb0a93	deflated	c3c311283cfab39a00222b20a8a1c82200710cc9e03eb227a9f86b0a3833de3a
bsh-2.1b5.jar	bsh/commands/exec.bsh	373	237	e9429f71	deflated	24bab2b9133447183c3f04437ce81fcaa44be05194ad96d4142168fba29e5c62
bsh-2.1b5.jar	bsh/commands/exit.bsh	255	168	8acf5ad4	deflated	53fbd3d227015803c2890cc934a1f7edd52d960c074eea2e00b62be96727788a
bsh-2.1b5.jar	bsh/commands/extend.bsh	1012	485	e9865cc4	deflated	737d4aacfdc134dbfec6724f12759df49a32906edd541d6ddacf836032894963
bsh-2.1b5.jar	bsh/commands/fontMenu.bsh	1990	727	032c9db9	deflated	0822b4b166698e65a651b3485aa8e2a29eec4fb6c1def5e237e64dc9e00bb37c
bsh-2.1b5.jar	bsh/commands/frame.bsh	1466	650	f377a66e	deflated	86071c1e2474743c0dbaf3de827bfbffaac9d39696a9655f39b461870bdc2c41
bsh-2.1b5.jar	bsh/commands/getBshPrompt.bsh	532	303	1198fb03	deflated	174218ca0fc815ac290125642bd434c3489d6f608ac224fb8dfc1f1f0dd8061a
bsh-2.1b5.jar	bsh/commands/getClass.bsh	641	359	a9b38419	deflated	10a0af79b11628fbd69d27a20022f74a3f8439e04bd7dd2a686ca9c969bd0220
bsh-2.1b5.jar	bsh/commands/getClassPath.bsh	325	216	0d62a2da	deflated	f185cb27dab3c4d1ce8dcb13ff8a1c873f8e9092257fdb5146136f9b2ac3c85e
bsh-2.1b5.jar	bsh/commands/getResource.bsh	353	217	86bd4795	deflated	66e6c16a8cfaef81181f33fadf154f6d2dbecdba235f5d85786cb9cc2deea71f
bsh-2.1b5.jar	bsh/commands/getSourceFileInfo.bsh	1172	554	9f86f6a8	deflated	aea2365c0330e952dc008733471a139d3a51d8acd8826957ca4846195ebd50f4
bsh-2.1b5.jar	bsh/commands/importCommands.bsh	1051	517	00341123	deflated	ee1191556b36ca5ca0c88a50aba669e3e6d501142d12e7ae64a2d42dc936de09
bsh-2.1b5.jar	bsh/commands/importObject.bsh	543	275	4ed46405	deflated	665ac475425c197267b2b0dd0a8d06ad2a6848bd63bb082dbee757e69eabd4a9
bsh-2.1b5.jar	bsh/commands/javap.bsh	1734	689	64825e87	deflated	42183fcc3855f35720eebd6d70c8cf32934d839b3582029c0a2fc8a6b3ffe74a
bsh-2.1b5.jar	bsh/commands/load.bsh	2235	832	6ebbb52b	deflated	6a777d6dcb86f2e1aa4a35b9bba5200aa3c308820b4865c89c77c289edb007e2
bsh-2.1b5.jar	bsh/commands/makeWorkspace.bsh	3367	1302	317eea54	deflated	f060c27d139e43a50c8679815c5ecc5e253ad37701341255f490ee928826a144
bsh-2.1b5.jar	bsh/commands/mv.bsh	228	146	89b48ada	deflated	e3f9bc53d01b5a486a234710669ebdf74deede9d7f9b67a0ee23d12be14159f0
bsh-2.1b5.jar	bsh/commands/object.bsh	283	192	4df021e0	deflated	0a6243fe0667d5f8111a00a30f80e734dc1c0d6ab1faa08252335fdfba578f14
bsh-2.1b5.jar	bsh/commands/pathToFile.bsh	289	184	a39ce6ef	deflated	9612dea593476d86091d3a8a4092e9d2263caf2937802126b4c40a51a9356b5d
bsh-2.1b5.jar	bsh/commands/print.bsh	1500	730	30343798	deflated	c035fa97d4f605d0136452b5e24bfebeeaaae30757a3ed99925818d69bb0de4d
bsh-2.1b5.jar	bsh/commands/printBanner.bsh	879	479	fe04816a	deflated	01d147645e259977f2bb94be1ad72c1525cd01c632962f439cb7725b5e3a01b2
bsh-2.1b5.jar	bsh/commands/pwd.bsh	138	119	0469d8b4	deflated	ebeb407ca83488b0935687fb06b11ddb16554151a4a7da6bfbbda8aebfc4ae75
bsh-2.1b5.jar	bsh/commands/reloadClasses.bsh	1113	481	8143d63e	deflated	c59dd4742663934d23b71f0f8242d1cd8e658287b9a313affc66e84844a176de
bsh-2.1b5.jar	bsh/commands/rm.bsh	353	227	039abf2e	deflated	d81ce7fb8f9f2a247f39d406d5bcd2710b9f0a142e7f9c73e30ae19ba52d895f
bsh-2.1b5.jar	bsh/commands/run.bsh	2176	916	22620782	deflated	58d9bf736c39360ed574015982ac9e81e961b38a1ad1854460d8c2cc092af9fa
bsh-2.1b5.jar	bsh/commands/save.bsh	847	392	5d8ff177	deflated	2cc0ec7cad1a7d5d3942d1cecdabdaf03526ef9b47ef7dc35bda51d8e31260ec
bsh-2.1b5.jar	bsh/commands/server.bsh	441	243	451c216e	deflated	1ed64a0fdc0fb000d92d8fba16ad93e1dcb65422604dcf573266d251200d11ac
bsh-2.1b5.jar	bsh/commands/setAccessibility.bsh	190	131	f177d388	deflated	404425c2490b61407e38ad406fe611b14df76d8f649d112e73688a845cf73b21
bsh-2.1b5.jar	bsh/commands/setClassPath.bsh	321	201	20c9e6fe	deflated	d7f99b32180e01ed6162454e0c9b8bbae2d413fa03e0e55ac4af57f5f771a08f
bsh-2.1b5.jar	bsh/commands/setFont.bsh	655	311	9d18c5c9	deflated	14e5e04ae2c227316973ff975c3abb88868b745d0b6f3ff23c2051be9c7c6f6a
bsh-2.1b5.jar	bsh/commands/setNameCompletion.bsh	618	336	eb8bbf53	deflated	5c0d149febc1137b8044f773c07ef34e499895e6de15ce22ef4aa45950f96a44
bsh-2.1b5.jar	bsh/commands/setNameSpace.bsh	905	365	21452338	deflated	dddf3a51109ec2e381df5aea1ab1c48ddfa1aa386e9f982e6439d3e61cdaa4d5
bsh-2.1b5.jar	bsh/commands/setStrictJava.bsh	755	434	df46c999	deflated	fa2663949db0be38662aebabcc25b26653fa8b2fa42a2019b0660e03a8b7a14f
bsh-2.1b5.jar	bsh/commands/show.bsh	309	203	340c3cba	deflated	22a052e8464f7abdbeddf57dd23ce504249283c134957a5b50e4f2714c55a3d7
bsh-2.1b5.jar	bsh/commands/source.bsh	705	369	6f45b9bb	deflated	a165c3f647cc89951566c29492ce487a5fd1613e4ddefcadea4b2cf7d10f39ad
bsh-2.1b5.jar	bsh/commands/sourceRelative.bsh	632	377	6de673b9	deflated	ad5124e7fb20df2185b493b21c0329b2b0f93fc743d206fe402c96021193fb14
bsh-2.1b5.jar	bsh/commands/thinBorder.bsh	2071	829	19aedaa6	deflated	f51f32c20890f7219c0dfa78303104f90e58db9b475eb5b15b4197204e7010e5
bsh-2.1b5.jar	bsh/commands/unset.bsh	387	254	d7d44b86	deflated	97f6cd2a58ab96898aec9c53f5df930d74f74639117c3bb90fa2347b20293223
bsh-2.1b5.jar	bsh/commands/which.bsh	1228	576	f757a066	deflated	d2ee44f55126421f7491a5e870ca2e7b9e0e2a055476ff135940ac51ba65fbc3
bsh-2.1b5.jar	bsh/commands/workspaceEditor.bsh	3156	1085	a322127d	deflated	5b68e4d6df56e06c9277e054acab5fc3a02f843eb47a2519d3593677c8fb5fca
bsh-2.1b5.jar	bsh/servlet/error.template	152	131	25b50ae8	deflated	cbb1e273d599844b7fd80c51a1e3efd7d079f32d8eee6ca3545fe5ca2ea1fdc5
bsh-2.1b5.jar	bsh/servlet/getVersion.bsh	515	316	dccc3473	deflated	9bd724956a6eb60389198f2422e0e6d46ac96ce5bd69fe2ed3e5d31f8f6e1c59
bsh-2.1b5.jar	bsh/servlet/page.template	595	313	7baa8e62	deflated	5eddbcbb3ef439e4c4d215a02140a53f5189f29bd6e9223190882bf4fccb906b
bsh-2.1b5.jar	bsh/servlet/result.template	223	154	9fe0cad9	deflated	a8f22812a8f71aa0241e990d3ccf5f5bd996ef155128b8e411eb8c67137eeb9a
bsh-2.1b5.jar	bsh/util/lib/awtconsole.html	505	303	eaf55d49	deflated	9d9df98a822644eab9b16cd15a5eb68e3d5237dbb626fffcdc471ac3268df84f
bsh-2.1b5.jar	bsh/util/lib/eye.jpg	2127	1556	b7f5cc56	deflated	8915539515beeb419b86cebf4a9ccd74c99911724d6c6893447da367ec134720
bsh-2.1b5.jar	bsh/util/lib/icon.gif	1018	757	d75c852b	deflated	3c638648e72fe111d9a5e4143bd9554c6818b240ed566d74a953800bfe960e26
bsh-2.1b5.jar	bsh/util/lib/jconsole.html	1971	840	b7635382	deflated	39a21eef3e856d89f7772813f5b17b3634d02fadec937e5cb49e76ebe856d311
bsh-2.1b5.jar	bsh/util/lib/remote.html	1226	581	e6d99f91	deflated	e1f4ac1cc4d6669db40886a8f82bea93607b610f4c04f080e47b8c975e36eacd
bsh-2.1b5.jar	bsh/util/lib/script.gif	332	256	386b33bf	deflated	3d35b08984055918883d830ae3415df9433299f90907e4808cf28229db2bc314
bsh-2.1b5.jar	bsh/util/lib/small_bean_shell.png	1339	1344	6d5a2a3e	deflated	d3dbc22f0e5a0cbe1f97558ac375912b60b9b1a94f6e0180417edb4bf35dcedf
bsh-2.1b5.jar	bsh/util/lib/splash.jpg	7133	6867	ea4c64c4	deflated	f55d671613a1d91403b8e2a76735ae00a5351f3a4d1aebfe35d5141824c4536c
bsh-2.1b5.jar	bsh/util/lib/workspace.gif	599	455	a22f2735	deflated	4ec889a3601bbf5f86b86dd22857e0af06a0898fdc96262bc6882cfd0c698a8e
caffeine-3.1.5.jar	META-INF/LICENSE	11358	3949	86e2b4b4	deflated	cfc7749b96f63bd31c3c42b5c471bf756814053e847c10f3eb003417bc523d30
caffeine-3.1.5.jar	META-INF/MANIFEST.MF	697	331	86eb2c60	deflated	519c2962ffc836689f37d1681f9fdce1abea3de10b38ce306bc897d73fdeaffa
cassandra-driver-core-3.7.1.jar	META-INF/MANIFEST.MF	2938	965	3929911e	deflated	e2b2a8149dcefa484413fd54a3172cac6de49cce1ec82e32fbf5f7b5789f874f
cassandra-driver-core-3.7.1.jar	META-INF/maven/com.datastax.cassandra/cassandra-driver-core/pom.properties	109	101	4a88ffd1	deflated	e56772f755b2cc43636b1204835f92e2223053206acea75b49a7e1e3a1762bcb
cassandra-driver-core-3.7.1.jar	META-INF/maven/com.datastax.cassandra/cassandra-driver-core/pom.xml	13614	2676	fc39cecb	deflated	14f26f02606110846992319ed96f76e1596e4b2a8725e15c2c17afa67e2f7473
cassandra-driver-core-3.7.1.jar	com/datastax/driver/core/Driver.properties	594	379	de1c3499	deflated	5b134124886c7970d6cf1ed77bc836fce45b521a19b9585f18b340c61b8bc9f2
caster-1.0.45.jar	COPYRIGHT	60	59	248b72f6	deflated	afca805697a33e7e878fbe60b905b781e8fa712c28b0aa2fa1aea58d147259a1
caster-1.0.45.jar	LICENSE	11358	3949	86e2b4b4	deflated	cfc7749b96f63bd31c3c42b5c471bf756814053e847c10f3eb003417bc523d30
caster-1.0.45.jar	META-INF/maven/com.cognitect/caster/pom.xml	1194	457	3fb852c5	deflated	76d1c649fef2135ee33bc4dc5609ee9c35c174f5a16d5869a5f8cff2f8e3ee5e
caster-1.0.45.jar	com/cognitect/caster/manifest.edn	74	68	9309bd89	deflated	3ba84ae04810d74c92e175f2c9e4a33ce7cf82b3352f36370f59ff055255ff4c
checker-qual-3.32.0.jar	META-INF/LICENSE.txt	1126	657	4a780ba9	deflated	e90eaa08dea089df10f2bf7f9dba63a5f6237c01562c4741e2e86773e78582d5
checker-qual-3.32.0.jar	META-INF/MANIFEST.MF	3866	768	b0a7d34d	deflated	688cc90d42f0159ef44da94cdb5672ddb94af2bd7c55410f5a911b922f7086fc
client-1.0.138.jar	COPYRIGHT	53	52	9e03713a	deflated	7ed9e1f0c36da911350156839b49d5102d59accb33d6c78d1d3318eb557da974
client-1.0.138.jar	LICENSE	11358	3949	86e2b4b4	deflated	cfc7749b96f63bd31c3c42b5c471bf756814053e847c10f3eb003417bc523d30
client-1.0.138.jar	META-INF/maven/com.datomic/client/pom.xml	1339	388	3f7f82ed	deflated	87f2bc3febaa632aec588435422fe7c137be9b02799755e9860794326c3f8d89
client-1.0.138.jar	com/datomic/client/manifest.edn	73	67	903e8bfd	deflated	7d7f7fd5f5fddde6f50fda066759bd666e0c40f13af9a8c4d64b7f41ffa7f099
client-1.0.138.jar	datomic/client/api/async.clj	17467	5202	6809c6ca	deflated	35fde1f879b220ebe8218505b41ac02cf4ce98c23832c0684a417a630b0848ff
client-1.0.138.jar	datomic/client/api/sync.clj	4972	1758	c1c48241	deflated	a370aae292e01862352a57d5a7687dfd21d42c038b470e19af3f7149fc853b76
client-api-1.0.69.jar	COPYRIGHT	53	52	9e03713a	deflated	7ed9e1f0c36da911350156839b49d5102d59accb33d6c78d1d3318eb557da974
client-api-1.0.69.jar	LICENSE	11358	3949	86e2b4b4	deflated	cfc7749b96f63bd31c3c42b5c471bf756814053e847c10f3eb003417bc523d30
client-api-1.0.69.jar	META-INF/maven/com.datomic/client-api/pom.xml	599	292	94e13e97	deflated	5956733b8643616a483cf368c05fcb62b7f5ace99e03f9f4b4665d472224f34c
client-api-1.0.69.jar	com/datomic/client-api/manifest.edn	76	70	b6ea5eb5	deflated	14ac1d59fa52e26bdf023a04898f91ec733840c82c89938afb64eee71f2c6e10
client-api-1.0.69.jar	datomic/client/api.clj	16320	4975	0ba4f031	deflated	a0301f22381c651b6183bfc700c1c9929f968557e5bc1da9642802f34850dc39
client-api-1.0.69.jar	datomic/client/api/impl.clj	4804	1659	c1d80773	deflated	b861e36d82e8d04fefce90f8bed3238be93412a080f18996a55031c12607f6ac
client-api-1.0.69.jar	datomic/client/api/protocols.clj	8415	2855	fce093cc	deflated	fa00db74a345ecfceda4e4ae68979b31d17976bcbfc2e35e06e01da39a2f2382
client-impl-shared-1.0.106.jar	COPYRIGHT	53	52	9e03713a	deflated	7ed9e1f0c36da911350156839b49d5102d59accb33d6c78d1d3318eb557da974
client-impl-shared-1.0.106.jar	LICENSE	11358	3949	86e2b4b4	deflated	cfc7749b96f63bd31c3c42b5c471bf756814053e847c10f3eb003417bc523d30
client-impl-shared-1.0.106.jar	META-INF/maven/com.datomic/client-impl-shared/pom.xml	1396	420	52825303	deflated	efa68b5c79ba54a5768612c7d7e200af7d69d87e0d7179a7cd2e27608e7158b3
client-impl-shared-1.0.106.jar	com/datomic/client-impl-shared/manifest.edn	85	77	4bedd381	deflated	ccfae3c0aa65257ee8ae903fdd33f1e91e384f67de6deb0dba96c3fdbd5f37f5
client-impl-shared-1.0.106.jar	datomic/client/impl/shared.clj	18367	4960	15674727	deflated	4294126165b378c7b65774f6bd9c6aa5d277d0850a6240607e1c6f605a2a3e36
client-impl-shared-1.0.106.jar	datomic/client/impl/shared/ByteBufferInputStream.java	2322	912	8ebdf585	deflated	d475521e1be1a23301c729a78cfca4940d86e93e2b4fa30acef2d795fa278eb4
client-impl-shared-1.0.106.jar	datomic/client/impl/shared/BytesOutputStream.java	978	525	dd01b281	deflated	c46d41fa63b95bf0cda3d122ff2e02f04e9e165bda6f55d66c4dc82e16cffe60
client-impl-shared-1.0.106.jar	datomic/client/impl/shared/datom.clj	2125	914	b20d980c	deflated	a6513336eeff95afc660b5eeed622beb4d9b354cb3a10004fae2af9b692fb7b3
client-impl-shared-1.0.106.jar	datomic/client/impl/shared/exceptions.clj	1090	584	ec86e0c1	deflated	1529ad95d3a5ee43210b653a42b22d231addf5e61bba43e7e7757e7782b9e50c
client-impl-shared-1.0.106.jar	datomic/client/impl/shared/io.clj	7304	2571	8891f380	deflated	3d86107aa65c5ef9c86804e0a5a2c0a23fd38ea36e79a1bdab94543ecccb471f
client-impl-shared-1.0.106.jar	datomic/client/impl/shared/io/specs.clj	1969	791	c3816b8d	deflated	772e274fd75aeb403601bea1f43ed9ed88c01522a7831e0b178e7239961c9b1f
client-impl-shared-1.0.106.jar	datomic/client/impl/shared/protocols.clj	1424	694	aac40c76	deflated	95dce726a91b6e4a718fb77acbdbb34bf47ba711c97d4731b8f760bbeec6a715
client-impl-shared-1.0.106.jar	datomic/client/impl/shared/spi.clj	1043	578	3a482099	deflated	99bfc9c01fc48b14c6d5417c1b3f2edba51f7f84d39de910502379212209447b
client-impl-shared-1.0.106.jar	datomic/client/impl/shared/transactor-trust.pem	1104	627	1ee797aa	deflated	082ce5d804a8643d24ecde45418e5d38228c6defd6a55a08d80db0866f37ef0f
client-impl-shared-1.0.106.jar	datomic/client/impl/shared/trust.clj	2271	952	ce3ff74f	deflated	8a515b2ca3f3ed1fdc023d9aa67ac3b497b049e29277fe62b95ee8d8ce5aa602
client-impl-shared-1.0.106.jar	datomic/client/impl/shared/validator.clj	1778	801	3502f53d	deflated	4a500e541743c410e239c030c58836c6b752423ff06e6fbded965b231650ea70
client-pro-1.0.81.jar	COPYRIGHT	53	52	9e03713a	deflated	7ed9e1f0c36da911350156839b49d5102d59accb33d6c78d1d3318eb557da974
client-pro-1.0.81.jar	LICENSE	11358	3949	86e2b4b4	deflated	cfc7749b96f63bd31c3c42b5c471bf756814053e847c10f3eb003417bc523d30
client-pro-1.0.81.jar	META-INF/maven/com.datomic/client-pro/pom.xml	1044	352	b0252204	deflated	4fbb3d853d5de2f303567095c9a6e540dbf9a1d3c6e094218f07db44fc0b75ba
client-pro-1.0.81.jar	com/datomic/client-pro/manifest.edn	76	70	164fefe3	deflated	c0c370b01a5fa907b500882fc1bec04579430d1334e9e19bbb0b5b5529673ac0
client-pro-1.0.81.jar	datomic/client/impl/pro.clj	2396	1093	bac8aed4	deflated	8444d9a34be2c0a0293db6b8225657cf6197459ec774b50024e997c75d2ecca6
client-spi-1.0.154.jar	COPYRIGHT	53	52	9e03713a	deflated	7ed9e1f0c36da911350156839b49d5102d59accb33d6c78d1d3318eb557da974
client-spi-1.0.154.jar	META-INF/maven/com.datomic/client-spi/pom.xml	1924	439	409d93fa	deflated	2dc12253ebd40e82f7c4d9264cb1857238208dcaf88d730f5a9e8ad52b5718f6
client-spi-1.0.154.jar	com/datomic/client-spi/manifest.edn	77	71	8241994a	deflated	091cdce9c922952e904d71f44dc58691f28fd4de6138c673e64722664d7b719a
client.wire-specs-0.1.41.jar	COPYRIGHT	53	52	9e03713a	deflated	7ed9e1f0c36da911350156839b49d5102d59accb33d6c78d1d3318eb557da974
client.wire-specs-0.1.41.jar	LICENSE	11358	3949	86e2b4b4	deflated	cfc7749b96f63bd31c3c42b5c471bf756814053e847c10f3eb003417bc523d30
client.wire-specs-0.1.41.jar	META-INF/maven/com.datomic/client.wire-specs/pom.xml	449	250	f636a75a	deflated	8fb52a1ae21c555bf89138e84c746913eb0773ffe7215144e50f48dac162caa8
client.wire-specs-0.1.41.jar	com/datomic/client/wire-specs/manifest.edn	83	76	159ef7b9	deflated	6d001bdf8ba7d06f36b79aac5f9a46191c700dee221036916ab1ca0787a73988
client.wire-specs-0.1.41.jar	datomic/client/protocol.clj	15879	2272	605ec133	deflated	2108b2e793354ea30c0f20f6be7983d01bd6ea27bbe9a26c714f04131de06c18
clj-stacktrace-0.2.8.jar	META-INF/MANIFEST.MF	126	117	3e1f1218	deflated	2f324c46a1f03f04b8f607f7055bdc4b131754dedf98f686a14a0784e2cab102
clj-stacktrace-0.2.8.jar	META-INF/leiningen/clj-stacktrace/clj-stacktrace/LICENSE	1083	647	4d90bf2d	deflated	cc16d5087c347457b261632dd838ff2d6875c2f1b8756be444b636a0e80e15fe
clj-stacktrace-0.2.8.jar	META-INF/leiningen/clj-stacktrace/clj-stacktrace/README.md	3013	1244	6af64188	deflated	04e9b11806410dc9c206bcddf3bd6f6c3cc521f24e465fb2a0564c648b502b55
clj-stacktrace-0.2.8.jar	META-INF/leiningen/clj-stacktrace/clj-stacktrace/project.clj	267	181	6905b241	deflated	e6106a770c07501779aaf4ad4b2168d65edeccd59e6c13d4b17a596fafde1783
clj-stacktrace-0.2.8.jar	META-INF/maven/clj-stacktrace/clj-stacktrace/pom.properties	156	131	7d9327df	deflated	cb99012fd9915334e6d4ccea5b57b4f2c54a084c7ac10a05bd66d06430f46795
clj-stacktrace-0.2.8.jar	META-INF/maven/clj-stacktrace/clj-stacktrace/pom.xml	2951	813	64d3f2b4	deflated	398946af8e88c5df4ce27379b09e5d9d68ccc56a8c9fc703efe3ee6160d8c09a
clj-stacktrace-0.2.8.jar	clj_stacktrace/core.clj	4891	1582	2d1282e8	deflated	67446b2c41695636f4eecee8da330975ea6bee0e5cd811ef84cacf1425255129
clj-stacktrace-0.2.8.jar	clj_stacktrace/repl.clj	4549	1452	a2a4a073	deflated	dd8573c336faa053bb1ef225dd7e1836218e8f945772372782cc394a52b60079
clj-stacktrace-0.2.8.jar	clj_stacktrace/utils.clj	1296	494	3565e813	deflated	6ae6142d5dd3765b8cd20d509793cdf12e8da07e9132831fd33d040c145c59d9
clj-stacktrace-0.2.8.jar	leiningen/hooks/clj_stacktrace_test.clj	850	325	193a5737	deflated	d0ec3f84d2d299ad69496c71c1704a86f2a65e72cc026c679d7b4dd208aa1d56
clj-stacktrace-0.2.8.jar	project.clj	267	181	6905b241	deflated	e6106a770c07501779aaf4ad4b2168d65edeccd59e6c13d4b17a596fafde1783
cljfmt-0.6.8.jar	META-INF/MANIFEST.MF	221	145	70deffb7	deflated	72a4cc098f63385e12d98214443c03c8447547b766236ac1caaa23a59f27477c
cljfmt-0.6.8.jar	META-INF/leiningen/cljfmt/cljfmt/project.clj	1146	483	d020af0f	deflated	ca460699d7ed6ade8d07fbf30d1449e14a891c95c3f6addb94fcacbfcb4f278a
cljfmt-0.6.8.jar	META-INF/maven/cljfmt/cljfmt/pom.properties	138	120	26ecf2e8	deflated	4024701e7be122b77b0c5e7743ac89dd217b4cb624dbf43e1ab1587511c2c1f1
cljfmt-0.6.8.jar	META-INF/maven/cljfmt/cljfmt/pom.xml	3154	879	090d6c6a	deflated	6206d6d11271d9264c185ff9da7009ef487c789acb61f309ca76d49594246415
cljfmt-0.6.8.jar	cljfmt/core.cljc	13598	3430	11b968df	deflated	61f9b1fd5c490c2b6fc7273bbf7bcd4e2b228910920f9b490d1fcd33a1d6a8f8
cljfmt-0.6.8.jar	cljfmt/diff.clj	1289	535	8ed93c06	deflated	bc2b501d2a2ddb96e292cecd5268a1302698b3b032740a74f230331964afbd3d
cljfmt-0.6.8.jar	cljfmt/indents/clojure.clj	2101	430	cb8acdda	deflated	655fb061f3fb37b2453631e3cd7866de206e2aaf199ac9b04da0931e61aba23a
cljfmt-0.6.8.jar	cljfmt/indents/compojure.clj	301	113	a7a9a40a	deflated	d5d3b18a5631db52084f9c5fba357ef44a6136777d4f5ff3fde325058872e254
cljfmt-0.6.8.jar	cljfmt/indents/fuzzy.clj	89	58	d47dde91	deflated	fa2f6b5b3fa578f0fe807a2a59aa480faec44851b55f4a3b57f1abe5a8edb148
cljfmt-0.6.8.jar	cljfmt/main.clj	6985	2084	8beac0ae	deflated	91f1885ccaa134db5eac73bce311d6797f4f77d2f23afe1046bddf2830e5572d
clojure-1.11.4.jar	META-INF/MANIFEST.MF	126	104	7f1fa898	deflated	b227c2d1980cbdd566ff6f475e9055bc81017852ec571cca49a46e0b04635c95
clojure-1.11.4.jar	META-INF/maven/org.clojure/clojure/pom.properties	104	98	a0446085	deflated	e36f85df2d7b9edc77afae43a2fec29de070ca862938df32e7491dde9ddbb8d7
clojure-1.11.4.jar	META-INF/maven/org.clojure/clojure/pom.xml	9802	2261	c7a66038	deflated	6ba6000e6848f82c39cb9b49ab2aa6a3a562f4c24d52b31e5190ae6495f0c309
clojure-1.11.4.jar	clojure/core.clj	271597	66356	583a66df	deflated	33a3dd378dba73f38d3fc03b8fe12367493807b1dc5dd5ef0efdea978636d2da
clojure-1.11.4.jar	clojure/core/protocols.clj	5389	1581	ea87f19e	deflated	51de09f65b60d1c07d934363f087bd914ffeada28e1aa5e053035154656677f9
clojure-1.11.4.jar	clojure/core/reducers.clj	9656	2933	2a801688	deflated	1f1ad7da1fdd431380871318a103c9a0cd690b78b010d44e09609b769ac52d73
clojure-1.11.4.jar	clojure/core/server.clj	12604	4062	2ebc9792	deflated	7f1809bc760789d02aa9992c1cc4658532705cd0072c4c5a67c736601d7489f8
clojure-1.11.4.jar	clojure/core_deftype.clj	39322	10326	ea0093b5	deflated	c64434cc05b72a9ebe55a0f5c537b4ac86bababedb395ba474c210fa5a66419d
clojure-1.11.4.jar	clojure/core_print.clj	19187	4681	f788e31c	deflated	ecfbebb91480657753c62bdb677e193db997236ded063a404b17efd2d1ba3608
clojure-1.11.4.jar	clojure/core_proxy.clj	20926	5478	12e5bf88	deflated	1ea787ee4a7f79cbfabfaa3adb317a156b28d5e8967e3d2f17745730f7edfb83
clojure-1.11.4.jar	clojure/data.clj	4142	1568	47606119	deflated	a8d1d39fafe8f7a5ad66ea3147d7ea62973b94b6a7f20514db4e9d517239411d
clojure-1.11.4.jar	clojure/datafy.clj	2239	1052	a3521396	deflated	74cf8e2e14ec4b410776c9e0dd153c0c6143c695ead118b5abc5f708e9e9443b
clojure-1.11.4.jar	clojure/edn.clj	1776	833	c1eb4f85	deflated	046f4e0fb2067f135e696d845aedfd83eeac469e4763f0d1a5bb78567bf7f5f3
clojure-1.11.4.jar	clojure/genclass.clj	33057	8054	c4e66bc7	deflated	8e844cecbf3ffbc0400595259de4345cd54684dd038360471e60c494dac19869
clojure-1.11.4.jar	clojure/gvec.clj	19028	4779	9ee4bacf	deflated	75986d26bec0b0e714bcf379db01e2de51b74c0069006a9e65beae6dd4959752
clojure-1.11.4.jar	clojure/inspector.clj	5741	1884	c7006c15	deflated	90de7e11e18b472dce03e6134f1e226844cf8da603af4277e7ea02e2a6f3149c
clojure-1.11.4.jar	clojure/instant.clj	11243	3221	b95797a9	deflated	1b59fd7908cc821feec785bf8548fc61f3f277b7bf27e97899161873fc6e8b0b
clojure-1.11.4.jar	clojure/java/browse.clj	3416	1511	336bb7fe	deflated	b53a26c5d32060c80e96297dc6f0637851a28f46ac0918ca5dbca8753fc5dd1f
clojure-1.11.4.jar	clojure/java/browse_ui.clj	1380	689	28ec4250	deflated	6756188fa1be5c166f4a99e21618a84ecdec2bf9302c185b738f1231b4a0e996
clojure-1.11.4.jar	clojure/java/io.clj	16160	3757	8958342c	deflated	3657c94a93096a77ffcb1f34d8021e212d2294b6c2f21e4a8c6e2df00036b0a2
clojure-1.11.4.jar	clojure/java/javadoc.clj	4401	1594	15ca704f	deflated	1b2375c60e57761444a3b28c4cb87f0d8f25824cc05abfbaf3e82ebbaea97ed9
clojure-1.11.4.jar	clojure/java/shell.clj	5202	2064	e67e9002	deflated	10d4ef260aa5525f127c512240e7a96610edc09d4e01050d9490d9bfd8f6b8d9
clojure-1.11.4.jar	clojure/main.clj	26200	7718	3da54c9a	deflated	65610b7562e82b28ecb716cf8b8d41c6e6bc678e30e26b641dfa614d0536e1db
clojure-1.11.4.jar	clojure/math.clj	18631	3576	f77ec925	deflated	13472f02adb3423116bdb2b8e96d0b5e75c5da29957705ccb97985518380ee0a
clojure-1.11.4.jar	clojure/parallel.clj	8829	2941	46973f46	deflated	6a614beb2095f66c1e0d5db3557a8473dbaaeb9c71bbdb6ea27bd6ef6ca0424c
clojure-1.11.4.jar	clojure/pprint.clj	2107	1024	7f53f6a1	deflated	19d25ca1d57163cae1a6bb19ab4de5ada2e2277bc7647dfe693623ec4ee4d17a
clojure-1.11.4.jar	clojure/pprint/cl_format.clj	76569	18173	498c0d83	deflated	cad901133e34f164732621ddbc98a26573cb8f4e2d5f0eababb26f4cd0ca0d06
clojure-1.11.4.jar	clojure/pprint/column_writer.clj	2790	1019	bcd05395	deflated	2824ad82bd7b42736766335bd78998500255fb61d80bb39e37876a842d923cf1
clojure-1.11.4.jar	clojure/pprint/dispatch.clj	22295	5375	b917b8cf	deflated	34cea02e41eb1c4a991e136e16f819aa5416669636a7c708baff4124e37015d3
clojure-1.11.4.jar	clojure/pprint/pprint_base.clj	15660	4752	be52470f	deflated	d98328b45694e0993d97a70c7aa4fce2b4c32f0a8788b241870b251200dc6bc6
clojure-1.11.4.jar	clojure/pprint/pretty_writer.clj	17518	4391	170684ff	deflated	ceec7aa364041a64e5e384583626f596ed626f355e07d055bdec047abc5948f1
clojure-1.11.4.jar	clojure/pprint/print_table.clj	1706	738	264aff6f	deflated	3bd31def2b899a36cdc40f0453bea03ad6e2f7f0fc13e2135850e8c82ef8d60d
clojure-1.11.4.jar	clojure/pprint/utilities.clj	3744	1440	dd0506bc	deflated	96167bfac9879a25d15b7e3384277cda5dd492452453b79a7d2e60f785d121e1
clojure-1.11.4.jar	clojure/reflect.clj	4832	1875	e04876b8	deflated	f7d902884a28bbe19e9cfdd44a726ed7ba5872c36915e28267b148818fac86c3
clojure-1.11.4.jar	clojure/reflect/java.clj	9808	2866	608c9af9	deflated	f1d510ee5cd8d4de5cc299089a196c4996c0eda70bf7e8aabbe3e9675e250414
clojure-1.11.4.jar	clojure/repl.clj	12074	4278	10911d72	deflated	e3df330f246ac7a86de85f898ddfb1f6c702e854205e28cf2b1cd73371f1f554
clojure-1.11.4.jar	clojure/set.clj	5339	1728	1ee034bc	deflated	ac2e6d7f3fa0140a35e5d8c7f8ccf9870035e97889c8c89a3d445851178eb08f
clojure-1.11.4.jar	clojure/stacktrace.clj	2698	1148	f4e28777	deflated	a4f1f895f8776ebbb7aaa087a88d3bdd3abac28002fc5392418c2893dee190f3
clojure-1.11.4.jar	clojure/string.clj	12824	3491	ea6cfe1e	deflated	72c8e4d3cb2ce58e3aec1bc2441b9ab1ec6e1543e8a46ab01436984f83389875
clojure-1.11.4.jar	clojure/template.clj	1960	985	9edac5d0	deflated	b31d7b0bbcab1f44f8970d187aa193640069ca14301daa3d57e8ab47dfeccebb
clojure-1.11.4.jar	clojure/test.clj	27538	8873	58d71cb0	deflated	c83924f9a5dc5ff85efe4454924a92a3667ec53354e5c151c13cac4c44e6db41
clojure-1.11.4.jar	clojure/test/junit.clj	5455	1990	21a48c8e	deflated	3e6dd1616b0cefd2daeef878258f7a7ffc8752c8c586b808bf23c2d4c32a0928
clojure-1.11.4.jar	clojure/test/tap.clj	3591	1404	44fab0de	deflated	1e25fa56d7b36cb01b06d1745687668326051b766708868ab0e8e58f43bc2749
clojure-1.11.4.jar	clojure/uuid.clj	756	425	c7322171	deflated	cdcced5ba417aba87987096ca9dfafbe270e2d4b0ba2610f4d2f1e29396aaad4
clojure-1.11.4.jar	clojure/version.properties	14	16	2bdc7ca3	deflated	436bfad086553883c4bd36e49500c534fdb52afaa047742722d9e1a41d08e236
clojure-1.11.4.jar	clojure/walk.clj	4373	1598	94626aeb	deflated	aa9022bd2ce36996781fd87492588d9a54a28bb7829f53d148caf7fec5acebe4
clojure-1.11.4.jar	clojure/xml.clj	5813	2087	f141b35f	deflated	e3d241f7fdd1ad571ebb34f88a44ef33b7c857d2d03949598cac762f5bc01957
clojure-1.11.4.jar	clojure/zip.clj	9539	2451	aba19e7c	deflated	714a5d04c2c19a265cc322b0191bbe8e371f4c136ecc0e77cc71af1f157c2959
commons-beanutils-1.9.4.jar	META-INF/LICENSE.txt	11358	3949	86e2b4b4	deflated	cfc7749b96f63bd31c3c42b5c471bf756814053e847c10f3eb003417bc523d30
commons-beanutils-1.9.4.jar	META-INF/MANIFEST.MF	1759	707	833820a7	deflated	c8bb3358f5653f101f6b8bfabbad92ef0cfe07d9db79433c90071ef4ff9d14b0
commons-beanutils-1.9.4.jar	META-INF/NOTICE.txt	178	127	27bb66de	deflated	64d3f67a99187e1fadacbd56b1bb56b291221d1ac0010d805afa95770201f539
commons-beanutils-1.9.4.jar	META-INF/maven/commons-beanutils/commons-beanutils/pom.properties	100	83	c7b702b5	deflated	0e19e951c460bc976af9e4d9ec371f188880f93ec3d8689c564048920a436b16
commons-beanutils-1.9.4.jar	META-INF/maven/commons-beanutils/commons-beanutils/pom.xml	18005	4006	91113f57	deflated	c35cca7b61d4678d9578cbc0b901b8717b539abf9254441da78b8fe60de064d0
commons-cli-1.2.jar	META-INF/LICENSE.txt	11358	3948	f07ba430	deflated	c95bae1d1ce0235ecccd3560b772ec1efb97f348a79f0fbe0a634f0c2ccefe2c
commons-cli-1.2.jar	META-INF/MANIFEST.MF	1031	472	03d9c83f	deflated	a0a76f6c6d942165422e29599712410777d4e74ffef6fbd15bbf868ae43706c9
commons-cli-1.2.jar	META-INF/NOTICE.txt	172	126	274fbd89	deflated	ef0d671115935e29fbde70011340bb8b8854bc269b551b96742b7654db03f381
commons-cli-1.2.jar	META-INF/maven/commons-cli/commons-cli/pom.properties	105	92	5bbd3871	deflated	4af9e0dde82e618b484bc0df87b8a31765a527e0ff0d2572ef5cf0427a5a2bc6
commons-cli-1.2.jar	META-INF/maven/commons-cli/commons-cli/pom.xml	7980	2406	f6659a65	deflated	18f3e92076e08c2fde48317025098e9f6baaa85f6912eb43f2d7e68d570e4561
commons-codec-1.15.jar	META-INF/LICENSE.txt	11358	3949	86e2b4b4	deflated	cfc7749b96f63bd31c3c42b5c471bf756814053e847c10f3eb003417bc523d30
commons-codec-1.15.jar	META-INF/MANIFEST.MF	19823	2572	18a3ef5a	deflated	6edc52c7f93cc2d15b59e5e9076f3d4c74f17c8429af091c0385d1840e16d0d5
commons-codec-1.15.jar	META-INF/NOTICE.txt	733	383	2c4d4465	deflated	0e529f7dd092a0c4675485e14c3f79b0c2855fc84830a5b2d79564ba89f71ee6
commons-codec-1.15.jar	META-INF/maven/commons-codec/commons-codec/pom.properties	60	47	51fad522	deflated	696d43d45852e777b762ae18c5468d06906a2f7335f79b20a82427365b5545d8
commons-codec-1.15.jar	META-INF/maven/commons-codec/commons-codec/pom.xml	15443	4076	0404c615	deflated	c86ee198a35a3715487860f419cbf642e7e4d9e8714777947dbe6a4e3a20ab58
commons-codec-1.15.jar	org/apache/commons/codec/language/bm/ash_approx_any.txt	4708	1530	938cd9eb	deflated	ad6c75e0e50b51f807d73a3d3ef46a6f666a891cb4953cc357a5d305e61e30ab
commons-codec-1.15.jar	org/apache/commons/codec/language/bm/ash_approx_common.txt	4971	1431	505504a5	deflated	da5b7febc70f860f91bcccca37c29a619a23442cc80b9cd98ad884e16d6c9854
commons-codec-1.15.jar	org/apache/commons/codec/language/bm/ash_approx_cyrillic.txt	831	477	fe8ffc5f	deflated	a29917ea4c00bdd216db31d36205ef3829d0fb76926d189fcd8260d3700d4c57
commons-codec-1.15.jar	org/apache/commons/codec/language/bm/ash_approx_english.txt	1489	740	bc9e748d	deflated	53739bd27868292338606ef7a1fd209b6253d35e94d7a4afb031769498d60d64
commons-codec-1.15.jar	org/apache/commons/codec/language/bm/ash_approx_french.txt	1224	616	1a67287a	deflated	19650e4ab69678bb849028900e4c2e867f75229c4447a0fcbf5a5bd6b3bd69c3
commons-codec-1.15.jar	org/apache/commons/codec/language/bm/ash_approx_german.txt	1852	759	2fb1098b	deflated	cfc7c1ef41209af89b676ba46a183060b93dedcab1e7d730f6253f48f5af0ea9
commons-codec-1.15.jar	org/apache/commons/codec/language/bm/ash_approx_hebrew.txt	812	463	ce032a4b	deflated	d54f26f806ec83a34beaa033cbd110a9204f853045bf9050a3050146b52ec50b
commons-codec-1.15.jar	org/apache/commons/codec/language/bm/ash_approx_hungarian.txt	830	476	9c55ad03	deflated	6bd249910726949afa4e5a9623ec3999151c3ef43843714a90003cfb11350309
commons-codec-1.15.jar	org/apache/commons/codec/language/bm/ash_approx_polish.txt	2228	785	a5b3d051	deflated	5f56627d50d4ef0e3c8c76225d3e72fd95c8c90ae629d65d32f202f792d5912a
commons-codec-1.15.jar	org/apache/commons/codec/language/bm/ash_approx_romanian.txt	830	477	e32f54e8	deflated	900bcb8b852ce9738f85efacda91bbcaf0192d662f2fa996ebbe34e115801736
commons-codec-1.15.jar	org/apache/commons/codec/language/bm/ash_approx_russian.txt	1427	676	dd6ffa45	deflated	b908b81325099091067ecbaab232db0215b61ebd6899d0f7d989a013363a7cb3
commons-codec-1.15.jar	org/apache/commons/codec/language/bm/ash_approx_spanish.txt	830	476	9c55ad03	deflated	6bd249910726949afa4e5a9623ec3999151c3ef43843714a90003cfb11350309
commons-codec-1.15.jar	org/apache/commons/codec/language/bm/ash_exact_any.txt	1952	922	87dabe69	deflated	bc6b6b423e6af997ce45348e17f3a0d6a18617cfe67b50bdb501cc97258c3d35
commons-codec-1.15.jar	org/apache/commons/codec/language/bm/ash_exact_approx_common.txt	1736	792	6003c285	deflated	a1f947e071423aa5c24360484f85b7139f7a3ffe77d2089e367ca152743d1a19
commons-codec-1.15.jar	org/apache/commons/codec/language/bm/ash_exact_common.txt	1095	591	38605d45	deflated	fc3558377839a10375bb40146d9d12ec9b37487223023cc0769946aed24f352f
commons-codec-1.15.jar	org/apache/commons/codec/language/bm/ash_exact_cyrillic.txt	830	476	9df22ffd	deflated	265d93b530f2f0b3b2b602afda6e912370c0b01c06df4a2987119f6320bffb44
commons-codec-1.15.jar	org/apache/commons/codec/language/bm/ash_exact_english.txt	830	476	9df22ffd	deflated	265d93b530f2f0b3b2b602afda6e912370c0b01c06df4a2987119f6320bffb44
commons-codec-1.15.jar	org/apache/commons/codec/language/bm/ash_exact_french.txt	830	476	9df22ffd	deflated	265d93b530f2f0b3b2b602afda6e912370c0b01c06df4a2987119f6320bffb44
commons-codec-1.15.jar	org/apache/commons/codec/language/bm/ash_exact_german.txt	826	474	5947830a	deflated	32674f342f7c8b73fe831f46b0537df0a2b9d43c45fcded7617ddf28495c0e2a
commons-codec-1.15.jar	org/apache/commons/codec/language/bm/ash_exact_hebrew.txt	812	463	ce032a4b	deflated	d54f26f806ec83a34beaa033cbd110a9204f853045bf9050a3050146b52ec50b
commons-codec-1.15.jar	org/apache/commons/codec/language/bm/ash_exact_hungarian.txt	830	476	9df22ffd	deflated	265d93b530f2f0b3b2b602afda6e912370c0b01c06df4a2987119f6320bffb44
commons-codec-1.15.jar	org/apache/commons/codec/language/bm/ash_exact_polish.txt	875	485	ce3bc4d1	deflated	d04d6e8ea4ed593f478fe1ff150a1f57ac30557c13f9f019fcf2b1658b6ff49e
commons-codec-1.15.jar	org/apache/commons/codec/language/bm/ash_exact_romanian.txt	830	476	9df22ffd	deflated	265d93b530f2f0b3b2b602afda6e912370c0b01c06df4a2987119f6320bffb44
commons-codec-1.15.jar	org/apache/commons/codec/language/bm/ash_exact_russian.txt	831	470	e76e477c	deflated	34bfa509511f7517a628330cca7c5e51464ab4eef953834054f684d02e11ffc7
commons-codec-1.15.jar	org/apache/commons/codec/language/bm/ash_exact_spanish.txt	830	476	9df22ffd	deflated	265d93b530f2f0b3b2b602afda6e912370c0b01c06df4a2987119f6320bffb44
commons-codec-1.15.jar	org/apache/commons/codec/language/bm/ash_hebrew_common.txt	2983	1028	b50094da	deflated	ad11a0f537e90b0893e8624e0c997dd8e2ece13dfe8b90b366d3a773f829bee5
commons-codec-1.15.jar	org/apache/commons/codec/language/bm/ash_lang.txt	4874	1538	2bf33976	deflated	93bc49f227498c3151f4f132363256429e700eece2b72e3d3bc5b7fd857cc22a
commons-codec-1.15.jar	org/apache/commons/codec/language/bm/ash_languages.txt	888	508	7cf803ba	deflated	ee736888a0725497a11c74cca309ee21d520d5ad64b5541250e8f1da9138fe97
commons-codec-1.15.jar	org/apache/commons/codec/language/bm/ash_rules_any.txt	9451	2832	d145b4d3	deflated	bdb60c3901ab057f4c94b384b302a0bdd7a6012ac07cf4edb87bd37b9283d17b
commons-codec-1.15.jar	org/apache/commons/codec/language/bm/ash_rules_cyrillic.txt	2366	964	9275ae66	deflated	361bc87691da6bfda59ff416ce61c922aae811944669fd05f537ac629eefed84
commons-codec-1.15.jar	org/apache/commons/codec/language/bm/ash_rules_english.txt	2970	1273	5e21bc20	deflated	7c28986e7dc911d8798ebe9f26b93d0487e632482fc5348363cd8ef94dac1a5e
commons-codec-1.15.jar	org/apache/commons/codec/language/bm/ash_rules_french.txt	2274	958	e01f0635	deflated	234f4b1eeacea6c814af4494c155799c21387f2b3ce61c47f0f5e90e9592802a
commons-codec-1.15.jar	org/apache/commons/codec/language/bm/ash_rules_german.txt	2787	1065	ba199e11	deflated	00b0a4baf27ff74f992f39ff875df7b694efe7218f228734695b4b0817575758
commons-codec-1.15.jar	org/apache/commons/codec/language/bm/ash_rules_hebrew.txt	1472	680	b7e451cb	deflated	1e36828bd90a0721b6513f6f687eac503dc8c1a37824ae6e6d8d496344620194
commons-codec-1.15.jar	org/apache/commons/codec/language/bm/ash_rules_hungarian.txt	1960	873	d1851e11	deflated	a247af30ac47cbaa87cc9458fe33a9fa101424d77565c7ca012b4e8b923a369d
commons-codec-1.15.jar	org/apache/commons/codec/language/bm/ash_rules_polish.txt	4167	1444	01477e19	deflated	047bf7630b038e180ac407dc6bedb45ebbc42c01a7c9be7b17845c4e9b15f250
commons-codec-1.15.jar	org/apache/commons/codec/language/bm/ash_rules_romanian.txt	1526	711	8475a992	deflated	212f03c2a1c539a08d4664107b107bddced3a461b6d5362335c0c1039dd88d7c
commons-codec-1.15.jar	org/apache/commons/codec/language/bm/ash_rules_russian.txt	3980	1261	14115c69	deflated	9d9904d23ec6031ff620967766cf72a06f5aa9ac958ebc9ab6c4956a19c2c76b
commons-codec-1.15.jar	org/apache/commons/codec/language/bm/ash_rules_spanish.txt	2073	963	f079f98a	deflated	c9e410a8a5c0965b39e39362a904bd107239bbfe0176348e003423e5e4812aa0
commons-codec-1.15.jar	org/apache/commons/codec/language/bm/gen_approx_any.txt	4043	1506	ea3e938a	deflated	a72bbd45de8a31aa3ceaaa06513896c4abb59bc76ef945811a3edc63b55451d4
commons-codec-1.15.jar	org/apache/commons/codec/language/bm/gen_approx_arabic.txt	991	536	e1a71491	deflated	838a47e6f968189a4a882b82220654ca219450956d2cf0ae0336d342894c598f
commons-codec-1.15.jar	org/apache/commons/codec/language/bm/gen_approx_common.txt	5120	1466	d6800efa	deflated	edf03e4f49c343d45b63ea9c3d470b6baf95a3688c5723ad1e85bdfb860e3314
commons-codec-1.15.jar	org/apache/commons/codec/language/bm/gen_approx_cyrillic.txt	831	479	1307074b	deflated	f9a750d48156d8e8e1d94c8ed34dbf596c24efe945123d6e808af069dee2599a
commons-codec-1.15.jar	org/apache/commons/codec/language/bm/gen_approx_czech.txt	830	477	ac2d9983	deflated	e52b12a250fa593f99ca8a06e02b18a091518a1e6b66fd496e78a7db3888cc43
commons-codec-1.15.jar	org/apache/commons/codec/language/bm/gen_approx_dutch.txt	830	477	ac2d9983	deflated	e52b12a250fa593f99ca8a06e02b18a091518a1e6b66fd496e78a7db3888cc43
commons-codec-1.15.jar	org/apache/commons/codec/language/bm/gen_approx_english.txt	1489	740	bc9e748d	deflated	53739bd27868292338606ef7a1fd209b6253d35e94d7a4afb031769498d60d64
commons-codec-1.15.jar	org/apache/commons/codec/language/bm/gen_approx_french.txt	942	507	90d68a28	deflated	1d9d34f64e5d8d3009749d9d818c0583463ee89f08c0f7d2b0544a4316acad47
commons-codec-1.15.jar	org/apache/commons/codec/language/bm/gen_approx_german.txt	1853	760	cd4efd3c	deflated	4330f43e087759d3616b02eb362074aed94698cb4d4f848a6e58f2532c5b0aeb
commons-codec-1.15.jar	org/apache/commons/codec/language/bm/gen_approx_greek.txt	830	477	ac2d9983	deflated	e52b12a250fa593f99ca8a06e02b18a091518a1e6b66fd496e78a7db3888cc43
commons-codec-1.15.jar	org/apache/commons/codec/language/bm/gen_approx_greeklatin.txt	845	485	91e5d3a7	deflated	dffa002d397f85134af0350cc2fa75f1eddfd75a2a18be5a5761e3c80781f12e
commons-codec-1.15.jar	org/apache/commons/codec/language/bm/gen_approx_hebrew.txt	812	463	ce032a4b	deflated	d54f26f806ec83a34beaa033cbd110a9204f853045bf9050a3050146b52ec50b
commons-codec-1.15.jar	org/apache/commons/codec/language/bm/gen_approx_hungarian.txt	831	478	46caf990	deflated	f827f54af6560a4c6d615618433457e1c9dc06c78c7683dee6d4187cdbcd8c83
commons-codec-1.15.jar	org/apache/commons/codec/language/bm/gen_approx_italian.txt	831	478	46caf990	deflated	f827f54af6560a4c6d615618433457e1c9dc06c78c7683dee6d4187cdbcd8c83
commons-codec-1.15.jar	org/apache/commons/codec/language/bm/gen_approx_polish.txt	2183	771	c31334cf	deflated	d062343f0330e121c684e3e6943f7775855c78e965b043a839a4dba87336d4d8
commons-codec-1.15.jar	org/apache/commons/codec/language/bm/gen_approx_portuguese.txt	830	477	ac2d9983	deflated	e52b12a250fa593f99ca8a06e02b18a091518a1e6b66fd496e78a7db3888cc43
commons-codec-1.15.jar	org/apache/commons/codec/language/bm/gen_approx_romanian.txt	830	477	d3576068	deflated	4e35dd86b22d8d011287b19aba8b1d4af9e8c63ebdf27d0899e8d9edf4d4b1ed
commons-codec-1.15.jar	org/apache/commons/codec/language/bm/gen_approx_russian.txt	1437	685	d00b5f6a	deflated	15e71e33faf7bb4558fd3f64ec9e38111bb04852343bc4a89b09ae127279caf0
commons-codec-1.15.jar	org/apache/commons/codec/language/bm/gen_approx_spanish.txt	868	496	9c5b0217	deflated	ca9391f883011b749197fbbc79776777d957dd5f55749d9a600c1d229f80b8df
commons-codec-1.15.jar	org/apache/commons/codec/language/bm/gen_approx_turkish.txt	830	477	ac2d9983	deflated	e52b12a250fa593f99ca8a06e02b18a091518a1e6b66fd496e78a7db3888cc43
commons-codec-1.15.jar	org/apache/commons/codec/language/bm/gen_exact_any.txt	1226	652	fb7ec53e	deflated	cf8da3ee51d478dce1ff6fa1ccef2f65411308d47703f920423cc1172266623e
commons-codec-1.15.jar	org/apache/commons/codec/language/bm/gen_exact_approx_common.txt	1769	808	1c78e51f	deflated	948f6d4355ac74011cccd7bd54ec3bce4a29ea26c5d4518f019cdc1dcef27285
commons-codec-1.15.jar	org/apache/commons/codec/language/bm/gen_exact_arabic.txt	816	464	212abd41	deflated	891a20110c50fd5dd6c34ba71c11207e2e11948c3cca5f1554b3c934644f5a05
commons-codec-1.15.jar	org/apache/commons/codec/language/bm/gen_exact_common.txt	1093	589	fb724c8f	deflated	6a943ca8cf3f7bed1ff516de9a3ecf44f13c801d3dc967803b1b6a95ae45d372
commons-codec-1.15.jar	org/apache/commons/codec/language/bm/gen_exact_cyrillic.txt	830	479	ad8a1b7d	deflated	fd5517e98eebfbe1f979ec21f9749e9d6cafd3e6798e5f31c173a0be08c025e5
commons-codec-1.15.jar	org/apache/commons/codec/language/bm/gen_exact_czech.txt	830	479	ad8a1b7d	deflated	fd5517e98eebfbe1f979ec21f9749e9d6cafd3e6798e5f31c173a0be08c025e5
commons-codec-1.15.jar	org/apache/commons/codec/language/bm/gen_exact_dutch.txt	812	463	ce032a4b	deflated	d54f26f806ec83a34beaa033cbd110a9204f853045bf9050a3050146b52ec50b
commons-codec-1.15.jar	org/apache/commons/codec/language/bm/gen_exact_english.txt	830	479	ad8a1b7d	deflated	fd5517e98eebfbe1f979ec21f9749e9d6cafd3e6798e5f31c173a0be08c025e5
commons-codec-1.15.jar	org/apache/commons/codec/language/bm/gen_exact_french.txt	812	463	ce032a4b	deflated	d54f26f806ec83a34beaa033cbd110a9204f853045bf9050a3050146b52ec50b
commons-codec-1.15.jar	org/apache/commons/codec/language/bm/gen_exact_german.txt	826	475	f232de88	deflated	abe0c2b293dde37d051c84c0a60194b8c3038f399411b60f0706dcddfadb0bdf
commons-codec-1.15.jar	org/apache/commons/codec/language/bm/gen_exact_greek.txt	812	463	ce032a4b	deflated	d54f26f806ec83a34beaa033cbd110a9204f853045bf9050a3050146b52ec50b
commons-codec-1.15.jar	org/apache/commons/codec/language/bm/gen_exact_greeklatin.txt	817	464	0c8aeb5e	deflated	8784c2b1d8b8e206e3dfce6eda4f3dec800a1bc213dc4f4dc0cb09a8132a542c
commons-codec-1.15.jar	org/apache/commons/codec/language/bm/gen_exact_hebrew.txt	812	463	ce032a4b	deflated	d54f26f806ec83a34beaa033cbd110a9204f853045bf9050a3050146b52ec50b
commons-codec-1.15.jar	org/apache/commons/codec/language/bm/gen_exact_hungarian.txt	812	463	ce032a4b	deflated	d54f26f806ec83a34beaa033cbd110a9204f853045bf9050a3050146b52ec50b
commons-codec-1.15.jar	org/apache/commons/codec/language/bm/gen_exact_italian.txt	812	463	ce032a4b	deflated	d54f26f806ec83a34beaa033cbd110a9204f853045bf9050a3050146b52ec50b
commons-codec-1.15.jar	org/apache/commons/codec/language/bm/gen_exact_polish.txt	874	484	554a3e5b	deflated	6d805f7fc3172f02f11240b9043fedc535d0729a105f218205ddbcee3245781a
commons-codec-1.15.jar	org/apache/commons/codec/language/bm/gen_exact_portuguese.txt	812	463	ce032a4b	deflated	d54f26f806ec83a34beaa033cbd110a9204f853045bf9050a3050146b52ec50b
commons-codec-1.15.jar	org/apache/commons/codec/language/bm/gen_exact_romanian.txt	812	463	ce032a4b	deflated	d54f26f806ec83a34beaa033cbd110a9204f853045bf9050a3050146b52ec50b
commons-codec-1.15.jar	org/apache/commons/codec/language/bm/gen_exact_russian.txt	831	470	e76e477c	deflated	34bfa509511f7517a628330cca7c5e51464ab4eef953834054f684d02e11ffc7
commons-codec-1.15.jar	org/apache/commons/codec/language/bm/gen_exact_spanish.txt	832	471	1dc9f8ac	deflated	b3388ed5a9817dfa7172b1061cd2003068623c5b794b4d25a221225c893eddf2
commons-codec-1.15.jar	org/apache/commons/codec/language/bm/gen_exact_turkish.txt	812	463	ce032a4b	deflated	d54f26f806ec83a34beaa033cbd110a9204f853045bf9050a3050146b52ec50b
commons-codec-1.15.jar	org/apache/commons/codec/language/bm/gen_hebrew_common.txt	2845	1040	50c12cbb	deflated	4a989b869f2293590c21af2305da6588966aee6d3bde431b3e49123904b11bcf
commons-codec-1.15.jar	org/apache/commons/codec/language/bm/gen_lang.txt	7594	2276	24e6c5de	deflated	705d3b0eca3803ab2764f00b4cf9b2a68f9ec2201a7b340d6893412361022d95
commons-codec-1.15.jar	org/apache/commons/codec/language/bm/gen_languages.txt	951	544	803d0692	deflated	b3165adaa36026c29338dc8d8f351cebc7423731465e1d6422f27d6778494c7d
commons-codec-1.15.jar	org/apache/commons/codec/language/bm/gen_rules_any.txt	13059	3899	3c000685	deflated	d23d576829821edd7de13f6734eca746a767dd6d565a4cd18e33d9736df0d0ac
commons-codec-1.15.jar	org/apache/commons/codec/language/bm/gen_rules_arabic.txt	2208	903	57738550	deflated	82b707c79998031bda269fd7c1192ea1a9670c03ead09ee77a77ce4feca12c38
commons-codec-1.15.jar	org/apache/commons/codec/language/bm/gen_rules_cyrillic.txt	2300	971	c8fac8e5	deflated	0c8158127f19bd0e683bf883ab2fb7eb4c173a34ee51ab6752f56c932ab125e8
commons-codec-1.15.jar	org/apache/commons/codec/language/bm/gen_rules_czech.txt	1561	745	bca186d0	deflated	84de9e152412cd6129340590372571fedb14876054b5df3b82a2a36564fcd619
commons-codec-1.15.jar	org/apache/commons/codec/language/bm/gen_rules_dutch.txt	1867	845	57760fee	deflated	9921e75dbbc942d2572a8660b0979329639e8707ffa9bb1de6b7d1a7a9955c2b
commons-codec-1.15.jar	org/apache/commons/codec/language/bm/gen_rules_english.txt	3013	1332	53169626	deflated	bcfb8723cbf3966b09ba0dc6f3dbbdc7882869c4e7af160f803c2f0519785a22
commons-codec-1.15.jar	org/apache/commons/codec/language/bm/gen_rules_french.txt	2778	1165	7d470b2c	deflated	b5f12b085cfb4896a91020f901bc16e6f3164f0641e683b0d205a730560274b3
commons-codec-1.15.jar	org/apache/commons/codec/language/bm/gen_rules_german.txt	2735	1053	72646cd6	deflated	453d474ab996523a2f09a1c5897d8e3e1b4c045061227c052792f982e1c3c8b7
commons-codec-1.15.jar	org/apache/commons/codec/language/bm/gen_rules_greek.txt	2918	1129	272d2d0b	deflated	6b56c5d8a9b6270f8777cce5f1b0860390aa218f7e2b43eeb1d7cbdb38778830
commons-codec-1.15.jar	org/apache/commons/codec/language/bm/gen_rules_greeklatin.txt	3041	1196	e37d11b4	deflated	06122f03fe879f2ef78b0b76bf1412eb170c69fa828f40d7e7b907856656446e
commons-codec-1.15.jar	org/apache/commons/codec/language/bm/gen_rules_hebrew.txt	1462	685	75aa315a	deflated	a570f37f45f35f2e409b1173d955d83adc878da8187f899db930d5d19f89a5f1
commons-codec-1.15.jar	org/apache/commons/codec/language/bm/gen_rules_hungarian.txt	1887	860	c2585c44	deflated	16ba7cf79bf85089dc29fd92eff6358c893bc6aef85e6396dd29af7c41a4f611
commons-codec-1.15.jar	org/apache/commons/codec/language/bm/gen_rules_italian.txt	1873	814	61d7c1e3	deflated	99155dedf0caeaae4212877d0b90da52e0252812eee4ab06a9aaf5393b94afb0
commons-codec-1.15.jar	org/apache/commons/codec/language/bm/gen_rules_polish.txt	4112	1435	f65e0e49	deflated	e4e0eb610a8bccf71d39cd0e10b2c51e4d1f132a052d183c749511464ed51fc9
commons-codec-1.15.jar	org/apache/commons/codec/language/bm/gen_rules_portuguese.txt	2598	1096	a8a7fc4d	deflated	0c51c2cc22988516b03f6afdd5699897b7cafe2b3e5d3676ab101941fbfd92dc
commons-codec-1.15.jar	org/apache/commons/codec/language/bm/gen_rules_romanian.txt	1509	720	68cf863b	deflated	75ee26f3c6bf6cafc2258be21b820952e2e07c192919e34fd717dd81b0a2f4ad
commons-codec-1.15.jar	org/apache/commons/codec/language/bm/gen_rules_russian.txt	3042	1115	83d196a3	deflated	ded105c857167c2ba8c44ced7cee000d6bcd7823a4851b698f8ea540115a7f37
commons-codec-1.15.jar	org/apache/commons/codec/language/bm/gen_rules_spanish.txt	2382	1086	896ee7f2	deflated	e7253c7c1ab7e46d29c85792be68c15a7bdb8937c364043f4c4c658d08f76a6b
commons-codec-1.15.jar	org/apache/commons/codec/language/bm/gen_rules_turkish.txt	1386	675	d3a4b4a2	deflated	1800bab9aee6be5f57838bfaaf071009841c1af93d5dd22789e1a7643d199261
commons-codec-1.15.jar	org/apache/commons/codec/language/bm/lang.txt	819	461	757d5ce1	deflated	05987a68044246aa19eabb6abc5a6d9bd066cb250b7fdc95ae9672b7389dc91e
commons-codec-1.15.jar	org/apache/commons/codec/language/bm/sep_approx_any.txt	830	475	db401ace	deflated	47661c92b7bd2a3dbff0b19f2342281076f2877fab2592a0c076a555a813947f
commons-codec-1.15.jar	org/apache/commons/codec/language/bm/sep_approx_common.txt	3195	1131	9b26c34f	deflated	7f3ea2985fd4b1b5e0f5a6544a47ab632497a7853b691aef5e6bd7320fcaa3a6
commons-codec-1.15.jar	org/apache/commons/codec/language/bm/sep_approx_french.txt	812	463	ce032a4b	deflated	d54f26f806ec83a34beaa033cbd110a9204f853045bf9050a3050146b52ec50b
commons-codec-1.15.jar	org/apache/commons/codec/language/bm/sep_approx_hebrew.txt	812	463	ce032a4b	deflated	d54f26f806ec83a34beaa033cbd110a9204f853045bf9050a3050146b52ec50b
commons-codec-1.15.jar	org/apache/commons/codec/language/bm/sep_approx_italian.txt	830	477	6165a00b	deflated	b6165dbda3d972b5c54b2191409a2c04ac35fc7dba0abf5ddf3c9ae13f9a98a0
commons-codec-1.15.jar	org/apache/commons/codec/language/bm/sep_approx_portuguese.txt	831	478	a564babb	deflated	21d632279772ae8983832220505bcf0c6fb500f4ffade0f9908306d018710f13
commons-codec-1.15.jar	org/apache/commons/codec/language/bm/sep_approx_spanish.txt	831	478	a564babb	deflated	21d632279772ae8983832220505bcf0c6fb500f4ffade0f9908306d018710f13
commons-codec-1.15.jar	org/apache/commons/codec/language/bm/sep_exact_any.txt	817	464	9eec969b	deflated	df3f63b3946b8d5f05c4977ee5ab488da8162f4ad8cafa7a81cd8731b4954cb8
commons-codec-1.15.jar	org/apache/commons/codec/language/bm/sep_exact_approx_common.txt	1685	767	5afecfa5	deflated	232f59750f9dedcf0bc2af194d16a1f434a56a0ace0415fe67924b73c7e22a32
commons-codec-1.15.jar	org/apache/commons/codec/language/bm/sep_exact_common.txt	1109	635	c3d88c91	deflated	c3654ad436be18536fef3e3872db7255659c413bfc9b5ad446b1467b68c8b8c0
commons-codec-1.15.jar	org/apache/commons/codec/language/bm/sep_exact_french.txt	815	465	1a46b4f1	deflated	9ddcb79875c3a49259e98faf98433c7d8c29e368dedea7155c9ff7171016857d
commons-codec-1.15.jar	org/apache/commons/codec/language/bm/sep_exact_hebrew.txt	812	463	ce032a4b	deflated	d54f26f806ec83a34beaa033cbd110a9204f853045bf9050a3050146b52ec50b
commons-codec-1.15.jar	org/apache/commons/codec/language/bm/sep_exact_italian.txt	812	463	ce032a4b	deflated	d54f26f806ec83a34beaa033cbd110a9204f853045bf9050a3050146b52ec50b
commons-codec-1.15.jar	org/apache/commons/codec/language/bm/sep_exact_portuguese.txt	812	463	ce032a4b	deflated	d54f26f806ec83a34beaa033cbd110a9204f853045bf9050a3050146b52ec50b
commons-codec-1.15.jar	org/apache/commons/codec/language/bm/sep_exact_spanish.txt	812	463	ce032a4b	deflated	d54f26f806ec83a34beaa033cbd110a9204f853045bf9050a3050146b52ec50b
commons-codec-1.15.jar	org/apache/commons/codec/language/bm/sep_hebrew_common.txt	2187	908	0a9efaa3	deflated	f54d8a4d50ac4331b34a9a6d6466108e8d462f590d83b88130cb439f760a74e8
commons-codec-1.15.jar	org/apache/commons/codec/language/bm/sep_lang.txt	2431	931	86570c64	deflated	f3b5f5fda135f0b1d3016b67eea126a9415c50d3b169ee4fa9bd8dd0143fa9f5
commons-codec-1.15.jar	org/apache/commons/codec/language/bm/sep_languages.txt	849	486	e5582185	deflated	9cc12d4172e415642b4105d96717d9c9b28abca8abfb61b6443f4e9c47adaf87
commons-codec-1.15.jar	org/apache/commons/codec/language/bm/sep_rules_any.txt	4632	1679	e04f4be9	deflated	a334356decf81c182682d8e0d03e1727ab45a068446ed11c96809167aca1877f
commons-codec-1.15.jar	org/apache/commons/codec/language/bm/sep_rules_french.txt	2224	949	659e16a7	deflated	2a3cbe347fda0df595e3110959c49656c6ec6b6f3b7af69a67d5590f0729699b
commons-codec-1.15.jar	org/apache/commons/codec/language/bm/sep_rules_hebrew.txt	1459	682	36efdcad	deflated	545919eeecaee7301ff14afe69c88faf0277f3568c154032be204d3ff0d9da68
commons-codec-1.15.jar	org/apache/commons/codec/language/bm/sep_rules_italian.txt	1848	807	a12e8946	deflated	3b4d253710d0c9dd5649594047c8e10763094c10b7b518cfd84048c122255f9b
commons-codec-1.15.jar	org/apache/commons/codec/language/bm/sep_rules_portuguese.txt	2573	1090	2bd5fa5f	deflated	8a1e06755eba82e40de80beecdcabc01d8a0e9a547f1eabb35346e526bcf90b2
commons-codec-1.15.jar	org/apache/commons/codec/language/bm/sep_rules_spanish.txt	2480	1113	13959cc4	deflated	57654b4355e47b908556126a8cf10f9a77dc49e5bf3b179e9797b4e9b47f88ed
commons-codec-1.15.jar	org/apache/commons/codec/language/dmrules.txt	3545	1259	bb265c82	deflated	90ff9e9c775e01444f19dec3f8444eaa6d39fdeca77d0eaf4ddcb970a43687f7
commons-collections-3.2.2.jar	META-INF/LICENSE.txt	11358	3949	86e2b4b4	deflated	cfc7749b96f63bd31c3c42b5c471bf756814053e847c10f3eb003417bc523d30
commons-collections-3.2.2.jar	META-INF/MANIFEST.MF	1952	709	c9d8797c	deflated	54fb44c22119898a04785352476a9b9aa310d34678b856f3a3471d53af6ecfad
commons-collections-3.2.2.jar	META-INF/NOTICE.txt	180	130	db27c1ea	deflated	908eccd700fb68db2628eba3318ebe0cdce1fe8bbf79089b21530f2aef9f6adf
commons-collections-3.2.2.jar	META-INF/maven/commons-collections/commons-collections/pom.properties	130	110	8faee63f	deflated	7d1c8950efec11c988c2e5ee2bee91d43fe836cca049d4f875cf45876fed1fba
commons-collections-3.2.2.jar	META-INF/maven/commons-collections/commons-collections/pom.xml	12403	2772	6e88a271	deflated	d5d81fcc288c0d8c711c302007cada4aa9a226ed1a112d4baa64cb1d6322170b
commons-compiler-3.0.12.jar	META-INF/DUMMY.DSA	1042	718	9c4137c4	deflated	431d05c417bba6523ec2a2cf7483da13e078b2af5e566703ae7a21911e05672c
commons-compiler-3.0.12.jar	META-INF/DUMMY.SF	4266	1722	f536b980	deflated	a45383327217a53329e27528d1704824bbadc160b787edff9efd8d4058853dfc
commons-compiler-3.0.12.jar	META-INF/MANIFEST.MF	4772	1990	1dcd9129	deflated	4e139c091a147cdfb50c4094af5c8130a1c45106677f477ad468005f9f8874a2
commons-compiler-3.0.12.jar	META-INF/maven/org.codehaus.janino/commons-compiler/pom.properties	106	102	51dba86c	deflated	29f85e556995291912496d36d661e9a777ce6b27bdca546cf1e763a6d93cc4ba
commons-compiler-3.0.12.jar	META-INF/maven/org.codehaus.janino/commons-compiler/pom.xml	1167	480	7fa5ff73	deflated	41808fdcce12e4986b714e0045fc33519bc5bb0f298153c13988b25521de3501
commons-compiler-jdk-3.0.12.jar	META-INF/DUMMY.DSA	1042	718	ff19266b	deflated	2e29e326f20b8bfb8f56be13811d8ec1127a18b834a8c0c5cf21f60fe680c29e
commons-compiler-jdk-3.0.12.jar	META-INF/DUMMY.SF	7798	2832	c8e7d1a6	deflated	99b07de56e5975ca471942d93ca27f85b15e6cc104402407c68f1f0d3a8fbe3f
commons-compiler-jdk-3.0.12.jar	META-INF/MANIFEST.MF	8531	3170	7a3958a3	deflated	87395c6a01a099b5a6afef2419b61649474e79a796d87b89148e610044d6d882
commons-compiler-jdk-3.0.12.jar	META-INF/maven/org.codehaus.janino/commons-compiler-jdk/pom.properties	110	106	c25c4774	deflated	4a48f802e7ac1a2a949154e6e82ddec5323e2fa76a7d6a5219b9dc10cce5b39d
commons-compiler-jdk-3.0.12.jar	META-INF/maven/org.codehaus.janino/commons-compiler-jdk/pom.xml	1413	549	ac3091e1	deflated	96e359446d117870832b5c69887e3d44b7f533f71acb87dd225cb3e12a34273f
commons-compiler-jdk-3.0.12.jar	org.codehaus.commons.compiler.properties	67	49	d17f96f8	deflated	a30a39b044f12a8619fcc700e99220713013e6fd6850c9a76696245af65d6116
commons-configuration2-2.9.0.jar	META-INF/LICENSE.txt	11358	3949	86e2b4b4	deflated	cfc7749b96f63bd31c3c42b5c471bf756814053e847c10f3eb003417bc523d30
commons-configuration2-2.9.0.jar	META-INF/MANIFEST.MF	3938	1088	fa33eed5	deflated	60dd5d868b8ae4ba245b5c47a80096b5528549036294bd94656c73bc9925e104
commons-configuration2-2.9.0.jar	META-INF/NOTICE.txt	183	130	b6d6d926	deflated	36bac19e1341474813c454b5a2f8e045372fc229da089cd7fe5e566642ec1b41
commons-configuration2-2.9.0.jar	META-INF/maven/org.apache.commons/commons-configuration2/pom.properties	75	70	579ee097	deflated	ed66f191f48ab8829a05d51953c74f189aa0a1deff0b6ca9d286820f9e27c679
commons-configuration2-2.9.0.jar	META-INF/maven/org.apache.commons/commons-configuration2/pom.xml	30473	5998	5dfbddd1	deflated	350b770440c37fde5e1a2d5ee15237745a83d39c752382a02be0994166423cfd
commons-configuration2-2.9.0.jar	PropertyList-1.0.dtd	1832	921	6decdf36	deflated	4fcef0e65b39d90eb5a10d8b120092137cbadba23445768c167e96f1d9f6cb99
commons-configuration2-2.9.0.jar	properties.dtd	1059	587	4db13356	deflated	2100a800d2d81c7cada77c44ee3cedd11d932a5fa3b92ea47eb3b000066466a3
commons-dbcp2-2.7.0.jar	META-INF/LICENSE.txt	11560	3963	495fc599	deflated	3ddf9be5c28fe27dad143a5dc76eea25222ad1dd68934a047064e56ed2fa40c5
commons-dbcp2-2.7.0.jar	META-INF/MANIFEST.MF	1833	776	1e0b626e	deflated	ad34f782f00c265dd778d5f8e11066864078eee546cd84ce18d0793423ccf753
commons-dbcp2-2.7.0.jar	META-INF/NOTICE.txt	178	129	21774d19	deflated	17efc01bbe3793ecdbd3fa7f6a49d49676146ffb1413158ddfa2864b9508b524
commons-dbcp2-2.7.0.jar	META-INF/maven/org.apache.commons/commons-dbcp2/pom.properties	101	93	8d3cfdf7	deflated	beee2ad64affd74fb7a4a049d58c9dce728572773643aee4294d0d932ccc2084
commons-dbcp2-2.7.0.jar	META-INF/maven/org.apache.commons/commons-dbcp2/pom.xml	18749	3999	474a4ab0	deflated	8ef9ba4a6a402a7f126389dc358942af15b372cecd31d0b47e885b6145892041
commons-dbcp2-2.7.0.jar	org/apache/commons/dbcp2/LocalStrings.properties	1404	718	64d96e1a	deflated	3aa77daea5a5498f6a308f53aa29552cd631de70e4194c051e6de2c9a4f5fe8e
commons-fileupload-1.5.jar	META-INF/LICENSE.txt	11358	3949	86e2b4b4	deflated	cfc7749b96f63bd31c3c42b5c471bf756814053e847c10f3eb003417bc523d30
commons-fileupload-1.5.jar	META-INF/MANIFEST.MF	1714	710	382b5aef	deflated	7bcf36baecaaa4cf27b74bfcc4275737d5829f645173dab449ea523bf76eb760
commons-fileupload-1.5.jar	META-INF/NOTICE.txt	179	127	0b669e49	deflated	43d3bd62e523399004c73b1fd8b0cbdde22b54079c02d2c0778324cdf638f3f5
commons-fileupload-1.5.jar	META-INF/maven/commons-fileupload/commons-fileupload/pom.properties	69	51	bf2a62c9	deflated	828487bf0842d0fdc0f3b08c991c6048277e69842070c79a9942155e9b0e8340
commons-fileupload-1.5.jar	META-INF/maven/commons-fileupload/commons-fileupload/pom.xml	16232	3885	d2e03fac	deflated	cc720f1e0583579d9fe5393c884ee46d0d74f99d1f9ba017b172b31ea189e2b1
commons-io-2.15.1.jar	META-INF/LICENSE.txt	11359	3949	fe5d93b2	deflated	8c6db340475136df3c1201d458fa5755698eace76e510471ecc9d857d6083dac
commons-io-2.15.1.jar	META-INF/MANIFEST.MF	2184	735	98699682	deflated	2bcbb98292f36298d0067e0a203f1acc9836873c3c47d874b5acbeb2d088e7bb
commons-io-2.15.1.jar	META-INF/NOTICE.txt	172	124	d12b7450	deflated	d881568c91b929923350fa3b9db693a0b1e6ae9de972087822e4e87802561c6a
commons-io-2.15.1.jar	META-INF/maven/commons-io/commons-io/pom.properties	56	46	b7b420d7	deflated	5cc94879ae69eaf1df588b940ead949adb7c077501691243b64e78a35dca6803
commons-io-2.15.1.jar	META-INF/maven/commons-io/commons-io/pom.xml	19970	4425	9ac1442c	deflated	171a1af82b6759eb5740b3b8809aca80113deaf1153036f2f4445901dfd3f91d
commons-lang3-3.12.0.jar	META-INF/LICENSE.txt	11358	3949	86e2b4b4	deflated	cfc7749b96f63bd31c3c42b5c471bf756814053e847c10f3eb003417bc523d30
commons-lang3-3.12.0.jar	META-INF/MANIFEST.MF	2028	717	bedbcc39	deflated	5250f1cfb9d70a5cf2cd83182e1924b92cc87502ffbd85b982895ef54c717b33
commons-lang3-3.12.0.jar	META-INF/NOTICE.txt	174	123	2144cac6	deflated	ee00a9534f25e735b92676cff420aa33d3ea196c8642ec93daa264225f3457df
commons-lang3-3.12.0.jar	META-INF/maven/org.apache.commons/commons-lang3/pom.properties	67	63	bb21ff4d	deflated	527fd050b3656a879a760decd2eaa304f6b511cc2a5cd5c24359416cbc06df25
commons-lang3-3.12.0.jar	META-INF/maven/org.apache.commons/commons-lang3/pom.xml	30660	6241	715ecb15	deflated	82d31f1dcc4583effd744e979165b16da64bf86bca623fc5d1b03ed94f45c85a
commons-pool2-2.7.0.jar	META-INF/LICENSE.txt	11872	4123	55465711	deflated	b39ae936a805376ba837979baaa7d0a060836ff0ed94329448c2926963a31767
commons-pool2-2.7.0.jar	META-INF/MANIFEST.MF	1459	652	35ee4664	deflated	ddbca19bb1f5f109a14b017275bb8e047588bb818a57e9c7a997ea5d6ecc4deb
commons-pool2-2.7.0.jar	META-INF/NOTICE.txt	179	129	aa4a5973	deflated	97007fc2d3888a8f16e16ff930a0457322d3e6ad8a2bc8f96cb77db0350acc06
commons-pool2-2.7.0.jar	META-INF/maven/org.apache.commons/commons-pool2/pom.properties	101	93	7d0c53d2	deflated	d2c42dd6a5c93e4568f390f4e1218261ff4178f06f615c3c7f9782080ea7b54f
commons-pool2-2.7.0.jar	META-INF/maven/org.apache.commons/commons-pool2/pom.xml	15271	3594	dd6fb515	deflated	f42200d6b1a9229bdaccfb98908006d7330f8a35744578f3eb2d2c8fd55446c0
commons-text-1.10.0.jar	META-INF/LICENSE.txt	11358	3949	86e2b4b4	deflated	cfc7749b96f63bd31c3c42b5c471bf756814053e847c10f3eb003417bc523d30
commons-text-1.10.0.jar	META-INF/MANIFEST.MF	1524	598	f347a828	deflated	3107d7e2ece1e743f660e92f160c58841e6a671dd3a8ab3151c04932f93a9933
commons-text-1.10.0.jar	META-INF/NOTICE.txt	174	124	911fb1be	deflated	9d37a6e7eef7ed9f52cb64cd5327375abd01f5a426776acb14a900958b5d1053
commons-text-1.10.0.jar	META-INF/maven/org.apache.commons/commons-text/pom.properties	66	61	b55f0a27	deflated	247ae8a3beb38cebad5301a749e21085240b94e45fc9170bb9fd3520f0cee5a2
commons-text-1.10.0.jar	META-INF/maven/org.apache.commons/commons-text/pom.xml	20824	4442	723c5900	deflated	388dd52348ba1842aa38aeb897c91d270b14661eb875a20fd98031535ab27567
config-1.4.1.jar	META-INF/MANIFEST.MF	1044	481	cb363660	deflated	e27363a86d55b312711f29ae377ef8d59d5c37c79a332cacdcbffa4eb7c923ea
core.async-1.6.681.jar	META-INF/MANIFEST.MF	132	108	6d73b0d3	deflated	7766a27f266e24fdd8d581443904734ccffa77080639b2d0ad3a930d47b98612
core.async-1.6.681.jar	META-INF/maven/org.clojure/core.async/pom.properties	108	107	a9afe010	deflated	852b531284f7f0b2620c4912a66cbf50b1972e1179a4d4ed5dbb0c157af93d71
core.async-1.6.681.jar	META-INF/maven/org.clojure/core.async/pom.xml	2655	846	4ec9d4e6	deflated	c8043f315a7522adde92b186b43f30fd439b1a4409d6e50ccc6ca2c06e1464b1
core.async-1.6.681.jar	cljs/core/async.clj	4045	1653	63dd6660	deflated	59cb90ce7654defe9e8939987a13fcd02ac206c1a204a0b7ab01f0357e89423d
core.async-1.6.681.jar	cljs/core/async.cljs	31979	8596	fb315f1c	deflated	c4a60af4e2f88eddd9108510e8a4f29a7955f2fd30c9bef2917e1e522b2f64bc
core.async-1.6.681.jar	cljs/core/async/impl/buffers.cljs	4060	1267	5c1c3ee0	deflated	d9463c263aa71ada9079c304710473a033823462624e6affed8e7a35b3bc7d9d
core.async-1.6.681.jar	cljs/core/async/impl/channels.cljs	8007	1951	325e75a8	deflated	13771c44f2176e41624496cb25aea325317732b8c17f4f8b47aa33014adcd53c
core.async-1.6.681.jar	cljs/core/async/impl/dispatch.cljs	1312	625	5039104d	deflated	7f722a85b0db4d07ac025a1b58ba04acaf6b8af2f1259403923c10763db1d066
core.async-1.6.681.jar	cljs/core/async/impl/ioc_helpers.cljs	2427	902	9309a5c1	deflated	52ea7e65958d34bbb2dc57c43620dc566660718989bac3bd0f334244950828e1
core.async-1.6.681.jar	cljs/core/async/impl/ioc_macros.clj	31152	7265	e9ff1fd8	deflated	16a93e1f9c64bd494f5dd738e5161aea28d18fc5cc45a1fecc237646119ab1e6
core.async-1.6.681.jar	cljs/core/async/impl/protocols.cljs	1784	861	0ef2c827	deflated	5ea325e3ca2309dd284a72d6083b5531325e9197493c698b420760ae7075937d
core.async-1.6.681.jar	cljs/core/async/impl/timers.cljs	6206	1634	e1b8d106	deflated	c56737ea3833c9daa657c5b3ac465a3e025a4793531b7a0b97e0eca94ab292bc
core.async-1.6.681.jar	cljs/core/async/interop.clj	928	520	7cf96c36	deflated	17f8aba092c71dcb9379a72961a0183c906f7fd5b28dfb211f2626e8c9e9f76f
core.async-1.6.681.jar	cljs/core/async/interop.cljs	1182	579	5a14e497	deflated	e50a1aa0ed998b5f7158a38d69059c4c6d77139832f7daaf02cf3b6ac3bffd34
core.async-1.6.681.jar	cljs/core/async/macros.clj	1151	575	5b483777	deflated	367d4ee00485e2e7ad6950fc04ba87711a9f31ad0af994e3ed0e6efd620f4a9c
core.async-1.6.681.jar	clojure/core/async.clj	44136	11782	9a0238f0	deflated	f205f3eb5be1b05c7191d514eedd1b968fde53e4e207f14782e6374bbf271f58
core.async-1.6.681.jar	clojure/core/async/impl/buffers.clj	2308	783	237eace9	deflated	949fea1e811cf46f0fb2164fdf90462a43cebd1e8de3a0a34a783caf5279de01
core.async-1.6.681.jar	clojure/core/async/impl/channels.clj	11611	2432	6e8b8e88	deflated	dba5d2812a32af53644a625b15a13646dc61b731d3bd0e17023df7d7b07a8710
core.async-1.6.681.jar	clojure/core/async/impl/concurrent.clj	1589	769	597d0be7	deflated	f5ba2e09efce36dae4362a76d34627e56898859c2fa3376c27951f5169f033ab
core.async-1.6.681.jar	clojure/core/async/impl/dispatch.clj	1324	636	3ab013b9	deflated	87a87c692e7274a254f9f91b4796b6957d0037a9cdf0e793c6f72a8a1a9d64aa
core.async-1.6.681.jar	clojure/core/async/impl/exec/threadpool.clj	1426	703	35cad46e	deflated	9c4de86c6b13043cdbbcffc1c5f083081997a2651246b980985d4d1a11ff85c9
core.async-1.6.681.jar	clojure/core/async/impl/ioc_macros.clj	37517	8476	4051fedb	deflated	abac40c7b0397ca48e83b5d58c6f5f6bc1050b39595e2667b95f5c29ed5ff467
core.async-1.6.681.jar	clojure/core/async/impl/mutex.clj	1014	499	77a84eba	deflated	620c3ba7260256c4787adc6aa699adcb91662e53ec0b486b39912b9fd3a5d691
core.async-1.6.681.jar	clojure/core/async/impl/protocols.clj	1870	918	629c8336	deflated	58075ca5b16c893f3b86a1c81961095aaff8d6acf6d3852db2e88a194a266cfa
core.async-1.6.681.jar	clojure/core/async/impl/runtime.clj	3059	1182	8ab30aa4	deflated	8dbbf53dfa98066d48d43cf1fddbc984cdb352de4b48a5ca537b7bc2dc6d3839
core.async-1.6.681.jar	clojure/core/async/impl/timers.clj	2378	1001	9365d502	deflated	aa640d47ada2249d3c8b2eec589e4322d2638c248eef4f4ceb78177372e82f4f
core.async-1.6.681.jar	clojure/core/async/lab.clj	4367	1572	e00ff56a	deflated	cb7105d0e44696fb05a680cad9e644d4a5d7afadeab5507d285ea3a9800e63af
core.cache-1.0.225.jar	META-INF/MANIFEST.MF	133	111	0a21bfc5	deflated	0bd1f21da29e7c60b1223300fcf2784bfef227e9904b43c69d9e3d0876f3cb88
core.cache-1.0.225.jar	META-INF/maven/org.clojure/core.cache/pom.properties	108	105	4d144ed6	deflated	a5302de74b694a5dd77b70f26d6d0071664a57be3562e531de776a0bf2d78251
core.cache-1.0.225.jar	META-INF/maven/org.clojure/core.cache/pom.xml	1469	569	cdc580e1	deflated	39e341f67bfef393e478390d4988f119a779ca449066cb0d33f80b42ff04f43d
core.cache-1.0.225.jar	clojure/core/cache.clj	22635	5690	6fc4b8eb	deflated	d132f0b9b919451345d58423cafc8629ed70b0cc32cb609a3298ee9086597de2
core.cache-1.0.225.jar	clojure/core/cache/wrapped.clj	8054	2448	f5ac97fc	deflated	0ac38c3a827f2abaf532cde4d80ae8b88285bcb9df20b68e777e13cd9d7c9df8
core.memoize-1.0.253.jar	META-INF/MANIFEST.MF	133	111	0a21bfc5	deflated	0bd1f21da29e7c60b1223300fcf2784bfef227e9904b43c69d9e3d0876f3cb88
core.memoize-1.0.253.jar	META-INF/maven/org.clojure/core.memoize/pom.properties	110	108	b3916915	deflated	1a1d3b7278b81cc43b99ba71367e1d0db54230b4dd16d1c6fc8d6815ca788230
core.memoize-1.0.253.jar	META-INF/maven/org.clojure/core.memoize/pom.xml	1707	671	12044d5d	deflated	84c2fab7a32ca3c1e40c41a6ecc9bd536e947b30580e77b8d5dc232a34925eac
core.memoize-1.0.253.jar	clojure/core/memoize.clj	18127	5811	ca902e6f	deflated	392c8294119f7ea7a9c73a03b7e123405b5038b0420bcfdba2b2bfef6d0e0559
core.specs.alpha-0.2.62.jar	META-INF/MANIFEST.MF	133	111	0a21bfc5	deflated	0bd1f21da29e7c60b1223300fcf2784bfef227e9904b43c69d9e3d0876f3cb88
core.specs.alpha-0.2.62.jar	META-INF/maven/org.clojure/core.specs.alpha/pom.properties	113	110	87c93e3d	deflated	3f9029f8cc897812052a021bc7c786ce68a03c77a07d13f8864aba6c195b420d
core.specs.alpha-0.2.62.jar	META-INF/maven/org.clojure/core.specs.alpha/pom.xml	2645	843	af08c258	deflated	1778bbd138bd18590b8054be9d919d1beb6809f85b76e5c6285b67d4077d300e
core.specs.alpha-0.2.62.jar	clojure/core/specs/alpha.clj	7835	1819	6be70178	deflated	522df9d3c957242cf1bcf88cad58ac2ff26a7711415b81b10fab0e9091f951a7
core2-1.0.140.jar	COPYRIGHT	53	52	9e03713a	deflated	7ed9e1f0c36da911350156839b49d5102d59accb33d6c78d1d3318eb557da974
core2-1.0.140.jar	META-INF/maven/com.datomic/core2/pom.xml	2078	468	34fa4fd0	deflated	a143a4f864dcba18fd443f152f7d736dcd546dad89b831c331cce210130dfd9a
core2-1.0.140.jar	com/datomic/core2/manifest.edn	72	66	65e0d737	deflated	344505234c22f96fcac180b118225f8021fb14ad5f6bd662c734560d4b06c67c
crypto-equality-1.0.1.jar	META-INF/MANIFEST.MF	239	151	805844da	deflated	2ab8723c116f7359569237d7c61409f8961cc09912fe9e7683c654091d571809
crypto-equality-1.0.1.jar	META-INF/leiningen/crypto-equality/crypto-equality/README.md	817	485	8438f012	deflated	1dc5d5174ea4dd8120973368221c52dc7a3e428d39dc27fe722f42c8e0995edc
crypto-equality-1.0.1.jar	META-INF/leiningen/crypto-equality/crypto-equality/project.clj	575	295	2ed5ef69	deflated	d38d09cdee25d3a5618ed61ef34d9334845e111d1a5e2ea019d02c328fa73ab3
crypto-equality-1.0.1.jar	META-INF/maven/crypto-equality/crypto-equality/pom.properties	115	92	4782bb1a	deflated	c6e658e7a2748cc385a0b0c54431196fc6431f3fd19288cba884d8347608a1b9
crypto-equality-1.0.1.jar	META-INF/maven/crypto-equality/crypto-equality/pom.xml	2304	771	d0f3a950	deflated	b5ef13baffb401e731c83a7f047dad027c13f4612fd2da3a90870736e00ad54a
crypto-equality-1.0.1.jar	crypto/equality.clj	452	273	564784a9	deflated	c266af6293f5cca6beaa61d00ee5c4baad6beae73f16d31a9140df4e6fd523c5
crypto-random-1.2.1.jar	META-INF/MANIFEST.MF	235	149	96e11be0	deflated	6b9e207f4ceec47d0ad054e89273eaf4e60061417a3d8a4b8843aaba53c4c63e
crypto-random-1.2.1.jar	META-INF/leiningen/crypto-random/crypto-random/README.md	861	384	4311dfdc	deflated	94a4e3f48675da09731d1ecea9690fcb8b0a0430f2f969990ccacf19c98f6900
crypto-random-1.2.1.jar	META-INF/leiningen/crypto-random/crypto-random/project.clj	354	232	e314d801	deflated	410c03fe08c3d72f04d83c9fafc5375800d5377583dcbbe541278cf9af9f5ab7
crypto-random-1.2.1.jar	META-INF/maven/crypto-random/crypto-random/pom.properties	152	125	274b232f	deflated	5fbb465de89f4e98673504071502b9e26db075df8de1339776821580a6bcbc41
crypto-random-1.2.1.jar	META-INF/maven/crypto-random/crypto-random/pom.xml	2440	790	f4d732a0	deflated	a5d06c39d6b7bfd79c18da15c72876bbc81aed9aeb81e5b0156dd9296c278b4f
crypto-random-1.2.1.jar	crypto/random.clj	1072	443	9ab00381	deflated	59b29f653458133fac8e5a822777f55948d888741d889037ebe838380750c260
data.csv-0.1.3.jar	META-INF/MANIFEST.MF	125	101	8307732b	deflated	6049dc5e03f9c5d99f928d3c598d3fa466b20460862f35dfd501a36a54071ca5
data.csv-0.1.3.jar	META-INF/maven/org.clojure/data.csv/pom.properties	104	104	32103710	deflated	74a53b99c46d53ee3c1d825e46f4ab36145bef207e026c318996183468ddac8f
data.csv-0.1.3.jar	META-INF/maven/org.clojure/data.csv/pom.xml	1136	495	d6798009	deflated	c3414b346396b0fd28bc3c202addfbb7e8d708eedbd0855311bebeb5e6bcb4a2
data.csv-0.1.3.jar	clojure/data/csv.clj	4856	1646	0d53683c	deflated	f0960c6e6e89f37ef0e1c9f5489864f1d08ba9c92f0804b2bbca3d404ba1c06a
data.fressian-1.0.0.jar	META-INF/MANIFEST.MF	133	111	0a21bfc5	deflated	0bd1f21da29e7c60b1223300fcf2784bfef227e9904b43c69d9e3d0876f3cb88
data.fressian-1.0.0.jar	META-INF/maven/org.clojure/data.fressian/pom.properties	109	107	73fc8788	deflated	9d5287a8a3906d5af8f4fb8534cc413fc00140bbd3309ae3b218851639bb11f5
data.fressian-1.0.0.jar	META-INF/maven/org.clojure/data.fressian/pom.xml	2643	819	c240bc47	deflated	c41efed8ef3ce49a42dee7597824cc628bd434b7ef58e6499cc12b52e0b94105
data.fressian-1.0.0.jar	clojure/data/fressian.clj	10043	3040	6291b65f	deflated	d75b6dbf7f1cc201ae51bddd4a8dab151199e9f6f32865896776002b56e00918
data.json-2.4.0.jar	META-INF/MANIFEST.MF	98	91	aeebbdf7	deflated	92cdf00e826c258fa2d16cf03fa160f09b77ab49d40ece9dbb9840be3e987f6a
data.json-2.4.0.jar	META-INF/maven/org.clojure/data.json/pom.properties	86	86	9d36d06d	deflated	5529f55cdd250dc360dadde231d5739e255522052557d43793e752117dd755fb
data.json-2.4.0.jar	META-INF/maven/org.clojure/data.json/pom.xml	3355	936	a94eb507	deflated	a42ea70f17b517666ad8492a1bfa917de5defac7b47c516f6d0d4d89c2780cf4
data.json-2.4.0.jar	clojure/data/json.clj	29720	6512	bd840637	deflated	a4ea8f24114413596ba789b08c6072177fa163c31ec2fc39a6022a069344ee36
data.priority-map-1.1.0.jar	META-INF/MANIFEST.MF	133	111	0a21bfc5	deflated	0bd1f21da29e7c60b1223300fcf2784bfef227e9904b43c69d9e3d0876f3cb88
data.priority-map-1.1.0.jar	META-INF/maven/org.clojure/data.priority-map/pom.properties	113	110	2a7178eb	deflated	9b17d2e2ec224021ee975c0f31ee9a5336c160373a60f87a571c478ef084931b
data.priority-map-1.1.0.jar	META-INF/maven/org.clojure/data.priority-map/pom.xml	945	365	a06a8a12	deflated	465200f94f56d8868e0fd7aa0becc62ffb02cfaf420a49ad117910e63af5dffe
data.priority-map-1.1.0.jar	clojure/data/priority_map.clj	21536	6297	13fe4907	deflated	4da7ab739e5a807932019cb57a1cb836d3501ee733717578c70ccb6d2728692f
data.xml-0.2.0-alpha8.jar	META-INF/MANIFEST.MF	131	109	5bf56fe1	deflated	520abb6a8996be1ab7e5073345bd2b8027896d12849f8c4c414b710791d7a05f
data.xml-0.2.0-alpha8.jar	META-INF/maven/org.clojure/data.xml/pom.properties	111	111	a28e0f2e	deflated	a2956f0d6661f700d2bf5072d541a121ff7d9022084f5d34eff91b399be7f6b1
data.xml-0.2.0-alpha8.jar	META-INF/maven/org.clojure/data.xml/pom.xml	2940	956	f963efa5	deflated	af6ecee5b31219626e901d868dafb3a7fada7fbc4768eaef0e7be780f3adb2d2
data.xml-0.2.0-alpha8.jar	clojure/data/xml.clj	7187	1908	657617d4	deflated	a909c50e4c385d429f8e61693b67613e00f92cb2736ff11e292eafe16a48b070
data.xml-0.2.0-alpha8.jar	clojure/data/xml.cljs	2146	1043	7051b51f	deflated	f96bbacc34bb5aaa4ab0c89c53ec111e1d393249a940df06adb0a872ec01d0d5
data.xml-0.2.0-alpha8.jar	clojure/data/xml/event.clj	4474	1495	caaaac3e	deflated	db494fb28c81e022166d8c23e37cd085b5a753074948ad9960825c5317438b76
data.xml-0.2.0-alpha8.jar	clojure/data/xml/impl.clj	2520	1171	f1c79fc3	deflated	498fac92283edc1894db3c4d79b91f36b4a89b332c31955f77aaccf92eb9ab76
data.xml-0.2.0-alpha8.jar	clojure/data/xml/js/dom.cljs	9692	2742	7a4ede4e	deflated	16e28070c004cdc219bb6dffd59a518a6008ef4913b21068a11487a41eb92233
data.xml-0.2.0-alpha8.jar	clojure/data/xml/js/name.cljs	990	529	7e10c3a7	deflated	37ac1adbca0af14450c5abdf778772c2284c0c69e03ce1d63eb0700d009e6cb5
data.xml-0.2.0-alpha8.jar	clojure/data/xml/jvm/emit.clj	8869	2875	ec440027	deflated	8c05335d3ae9dcb924b2edd6f24ffdcb2fdc24634a53deba9ce7402e111dc46f
data.xml-0.2.0-alpha8.jar	clojure/data/xml/jvm/name.clj	1271	613	e150f672	deflated	a0b8141f9d2dc4a8b4a16938119f4388650175f714a20d2b4408c39ed85bc8b0
data.xml-0.2.0-alpha8.jar	clojure/data/xml/jvm/parse.clj	5728	1970	f364cb55	deflated	0912b8ca9c1171296326befee1764e096b105262b1e40931303205f1e27be024
data.xml-0.2.0-alpha8.jar	clojure/data/xml/jvm/pprint.clj	1252	614	3a4b04d9	deflated	d189ea7c62815ec9bd0968297cd5337fd49a147045edeab8f1b7f16206693fe7
data.xml-0.2.0-alpha8.jar	clojure/data/xml/name.cljc	7365	2611	f073c36d	deflated	4f9020af65f799f542397b98b240f3c2590af9aeea4f0ebad189712034e0925c
data.xml-0.2.0-alpha8.jar	clojure/data/xml/node.cljc	7481	2519	5fc9bc02	deflated	76aad9fb7275f707c6512bfc574a8133b870672848717b51c1dc0a8827e948c0
data.xml-0.2.0-alpha8.jar	clojure/data/xml/process.clj	2099	888	9a2053bf	deflated	16df1eeef7d761d2a7ae3d91513c7e175a1b06933883f2ddf922661774a46dbf
data.xml-0.2.0-alpha8.jar	clojure/data/xml/protocols.cljc	1256	638	145efb2f	deflated	03d200dc5b74e18edb92353c4c29b8cc44e366c5fd414288431be9fdb4f8bdd4
data.xml-0.2.0-alpha8.jar	clojure/data/xml/prxml.clj	2508	1097	03f5ed3b	deflated	74c1404c92705c0217f2a23d66fa9ed465b2163e8c41c42992f773143d13d179
data.xml-0.2.0-alpha8.jar	clojure/data/xml/pu_map.cljc	4058	1478	4cdd5c1d	deflated	6d0a274115f7b690291729d46ec1e18361ddf965b54ecbe9ecf1ce488d166e3e
data.xml-0.2.0-alpha8.jar	clojure/data/xml/spec.cljc	2629	817	8b9e16ad	deflated	ba0c3210978a8bbe2aa1903ba3105a2c26b3614e894b3707fc5ab1157c25d149
data.xml-0.2.0-alpha8.jar	clojure/data/xml/tree.clj	2979	1241	1e945b05	deflated	406959ab4dc1d398a378dd2545ce0a930fa1bb849062e6d4e7985078a2876e29
data.xml-0.2.0-alpha8.jar	data_readers.cljc	92	69	443128e1	deflated	b928902289ef877c85f4b232aca5bab799dcff502555197fd74b4f2538ace696
datomic-lucene-core-3.3.0.jar	META-INF/LICENSE.txt	17778	5955	9399c39c	deflated	c566cd9a6a8d71e2bfe2257a6259adec5cccc414c022079a4f0111ee6fc22445
datomic-lucene-core-3.3.0.jar	META-INF/MANIFEST.MF	443	243	5439d5b8	deflated	f76f9d1c3fa6c7c1e02b22e37a5454903cee21f96de8c6d2096fc3866bee1b5d
datomic-lucene-core-3.3.0.jar	META-INF/NOTICE.txt	5139	1692	051ba380	deflated	ddad1c6c430ca3e5b583094560d4ac0d3ccb9bf96bfd55291ff7ccf0bd355c40
datomic.specs-0.1.3.jar	COPYRIGHT	47	46	f7897766	deflated	9558711bcd62b6ebcb1752295198c291268c4d137c90c23672688e189da2a566
datomic.specs-0.1.3.jar	META-INF/MANIFEST.MF	25	27	ee027fb2	deflated	566ad1a80220026d05099562645ce968ff0e7c36cde22634332605bb34cc3eff
datomic.specs-0.1.3.jar	META-INF/maven/com.datomic/datomic.specs/pom.properties	136	106	7a9f53c5	deflated	3c44100e34063f2a87c72f6ad565fe0a12bd62bf3ce8180022f7fa2a2e539eb8
datomic.specs-0.1.3.jar	META-INF/maven/com.datomic/datomic.specs/pom.xml	1298	398	0839eaeb	deflated	1a687e55889718939ed4caf9139afa46f1c99b57cc078cdb0fee62cbd4cca0f5
datomic.specs-0.1.3.jar	datomic/specs.clj	520	300	e1312806	deflated	42b50993e1e360eb66b587ab9f5ade8dc50f8383c4977e76e96bcc12a25c6876
diffutils-1.3.0.jar	META-INF/MANIFEST.MF	633	383	2a0da022	deflated	2a19be59a944fbdfb4a7a50e86512318a2873f55100a54f523c038240413a962
diffutils-1.3.0.jar	META-INF/maven/com.googlecode.java-diff-utils/diffutils/pom.properties	129	120	682c5ae1	deflated	f6360dd9625d5c9a8a6f5163c391230fd3dddb175105a9f162990bcc296e8aaf
diffutils-1.3.0.jar	META-INF/maven/com.googlecode.java-diff-utils/diffutils/pom.xml	2777	1065	2bcdc9d6	deflated	2fe31dd6309b0f5f195bbdc4749cfc0af065d61f06cfe183dfd2f2092ab847b6
dynamodb-848.2.1413.0.jar	LICENSE	11358	3949	86e2b4b4	deflated	cfc7749b96f63bd31c3c42b5c471bf756814053e847c10f3eb003417bc523d30
dynamodb-848.2.1413.0.jar	META-INF/MANIFEST.MF	81	80	7928fefc	deflated	2a185c3a3a6b39d2987b2acabd0af36555390a556370ce50072b34e97c317963
dynamodb-848.2.1413.0.jar	META-INF/maven/com.cognitect.aws/dynamodb/pom.properties	67	68	92ceb73e	deflated	3bca2a36b7800cd0579403069261b82948c5765d4119b37a255ddb76b94cbfa9
dynamodb-848.2.1413.0.jar	META-INF/maven/com.cognitect.aws/dynamodb/pom.xml	4433	1031	a0cda7d0	deflated	aa21fdc4bfebb3bef5bd724334023f84dbf8ea296ed0aa8890c8ee8a1d6fdfc3
dynamodb-848.2.1413.0.jar	cognitect/aws/dynamodb/docs.edn	124761	19095	ba4a854d	deflated	5487b276d5582c9adcbd4ef1d77a60bc3325fc33beae86da78251302c9a16344
dynamodb-848.2.1413.0.jar	cognitect/aws/dynamodb/service.edn	81450	10071	acbf5e67	deflated	a489214fb2d6a50a069f84aab5402c6f6cf0c35f26526752c231cc4b761971ff
dynamodb-848.2.1413.0.jar	cognitect/aws/dynamodb/specs.clj	175075	16429	e5a45139	deflated	7f13e5de7511876b6526aa52ce335101a45919f6b6cdc7d2ebc768b3ce040b54
endpoints-1.1.12.504.jar	META-INF/MANIFEST.MF	81	80	7928fefc	deflated	2a185c3a3a6b39d2987b2acabd0af36555390a556370ce50072b34e97c317963
endpoints-1.1.12.504.jar	META-INF/maven/com.cognitect.aws/endpoints/pom.properties	66	65	acf1bdfd	deflated	35669e58ba03f8d6dae8a45f3ab8edbf65efb149b68ca16498f45ba6507819db
endpoints-1.1.12.504.jar	META-INF/maven/com.cognitect.aws/endpoints/pom.xml	4434	1030	ef0c6867	deflated	e04bfb921fcd8b37069b1d35404574afb2abb55dba193e1cceaa081555161dc9
endpoints-1.1.12.504.jar	cognitect/aws/endpoints.edn	402508	27448	5593573b	deflated	a86b147f43549825b6a614803fa4031c741cf5b65e0669aee3b9843bad961f09
error_prone_annotations-2.18.0.jar	META-INF/MANIFEST.MF	139	124	a91ecac4	deflated	f226666b3f33c0d59059d8de92068687bca35c73a181b5896f4179d9fec8ce74
error_prone_annotations-2.18.0.jar	META-INF/maven/com.google.errorprone/error_prone_annotations/pom.properties	80	72	a76be625	deflated	8e9b089149a3b037c1ec2c77cda63a09ead6b47219534edd49e4e7bbd2a4f56b
error_prone_annotations-2.18.0.jar	META-INF/maven/com.google.errorprone/error_prone_annotations/pom.xml	2159	904	b2481a40	deflated	920135797dcca5917b5a5c017642a58d340a4cd1bcd12f56f892a5663bd7bddc
eventstream-1.0.1.jar	META-INF/MANIFEST.MF	143	125	70f211bc	deflated	31501ac3500d7c5cdef40955b7b2277c275101426cb8f18428f5d90bb4d862d6
eventstream-1.0.1.jar	META-INF/maven/software.amazon.eventstream/eventstream/pom.properties	104	92	2c874350	deflated	7dc814b84b62c45765dd0a3cf7ce77fe490d0e32d4cfd23eb5dabcc0a575896c
eventstream-1.0.1.jar	META-INF/maven/software.amazon.eventstream/eventstream/pom.xml	6066	1291	429e4ce8	deflated	f9460cb794a0a7af68277efb5769569e8e66515250276c37e62a7e8bd4b257cc
failureaccess-1.0.1.jar	META-INF/MANIFEST.MF	1061	591	b56b6eac	deflated	56d9d0f4796cc294d0ea0b9ec66c07344834faf5345331b7832ae7b5503858d7
failureaccess-1.0.1.jar	META-INF/maven/com.google.guava/failureaccess/pom.properties	138	125	6a6b38d8	deflated	564abbe9da397f70b1120287cbb252e4deb86d7ed5d1aa31e7faabd86eda7fa0
failureaccess-1.0.1.jar	META-INF/maven/com.google.guava/failureaccess/pom.xml	2413	851	8e5ba0d7	deflated	e96042ce78fecba0da2be964522947c87b40a291b5fd3cd672a434924103c4b9
fressian-0.6.8.jar	META-INF/MANIFEST.MF	131	109	5bf56fe1	deflated	520abb6a8996be1ab7e5073345bd2b8027896d12849f8c4c414b710791d7a05f
fressian-0.6.8.jar	META-INF/maven/org.fressian/fressian/pom.properties	105	98	fb062b3c	deflated	405b5921e896e15ce27d58b70469adbd26f179f53d767fcd9ac26be857d95d9f
fressian-0.6.8.jar	META-INF/maven/org.fressian/fressian/pom.xml	5107	1497	50ca0908	deflated	504430244c14aa8097561cb3b556494aec68e4d22d0d9da25d92ca7872dafd64
guava-32.0.1-android.jar	META-INF/MANIFEST.MF	2538	771	4b120081	deflated	fd234560e259f5fcc5e68c2d486f004ef0289c0bbf0783f9d64519a8359d848d
guava-32.0.1-android.jar	META-INF/maven/com.google.guava/guava/pom.properties	65	61	5b82ea38	deflated	0b9fc155406e0dafc355361b14312fd5fb386f390dbf35f84558284b566f1bde
guava-32.0.1-android.jar	META-INF/maven/com.google.guava/guava/pom.xml	11358	3200	7ba424dc	deflated	cf26ce63461fb585cad25dc6932765883122643c3beec5e3269f667c73295ac4
h2-2.1.214.jar	META-INF/MANIFEST.MF	3107	818	bc281d15	deflated	02bea5ee1d70cdc27d42203a8363a72e78ef56dbdeb34c2fd514ea398b0db2b6
h2-2.1.214.jar	META-INF/services/java.sql.Driver	13	15	de240b6b	deflated	3af2d11bcee89e3c4f14fedf376a6db8bc9b2ade8933f15636940ea77a98e8b1
h2-2.1.214.jar	org/h2/util/data.zip	663084	186533	697368c8	deflated	3defc3a0706cc0344640551cae8f36902b4d94f878216c28b4440e3f5adee8d6
hiccup-1.0.1.jar	META-INF/MANIFEST.MF	78	77	b2212d78	deflated	ccc108637f8219c50c45457a8cf0aef7c0c5b7d785730ce4c105a8c6c1caee45
hiccup-1.0.1.jar	META-INF/leiningen/hiccup/hiccup/project.clj	251	185	420a06d7	deflated	87183f3b460304ac6119fdda6da4cd6dad76c395af4e68bf35e906a14e03d7ba
hiccup-1.0.1.jar	META-INF/maven/hiccup/hiccup/pom.properties	138	119	bd622b4f	deflated	de5da844b98f61699974cf73490f1b236ee98d7331c0a3f7000b003dfc549293
hiccup-1.0.1.jar	META-INF/maven/hiccup/hiccup/pom.xml	2074	679	cd57381b	deflated	c910a26e4dcdcff03f2202b9cfae02eef0dbbc9835aa9b1036a5f63189525edc
hiccup-1.0.1.jar	hiccup/compiler.clj	7382	2224	023645f1	deflated	bbd17a7a69c0869aeb00367a1d1e405b1989df93a2d05ce9874383648dd4f915
hiccup-1.0.1.jar	hiccup/core.clj	543	294	bc61de80	deflated	79b0ee8f09f0d7db6b98c7e4c3cbf509b137f74fe931a96b00829c48e974d246
hiccup-1.0.1.jar	hiccup/def.clj	1334	562	b4b3c99f	deflated	f17b861c1048e6dc7f550090bec970bfd2070c9c5372eb65b9d3e6e9618b5fab
hiccup-1.0.1.jar	hiccup/element.clj	1023	441	ebe125fd	deflated	d284669eb6abaa538d5c0804dfa03f559bdf7fa7bd92419f4473988e06c6fc24
hiccup-1.0.1.jar	hiccup/form.clj	3833	1162	3c9c485f	deflated	bb2f73fed32b541bdc753796b619a44edf961b1c3ac3e2b0bd4ecffdaa0be365
hiccup-1.0.1.jar	hiccup/middleware.clj	407	227	6a8db872	deflated	1a6d0b81698b58ed5e2aaaeab78cd95f49db7f51aa356db58211833aef311ad1
hiccup-1.0.1.jar	hiccup/page.clj	2656	878	b97e4f76	deflated	91ba53879b7a8cf75d886546c6251be35c01e0261c3696920a54da1245b8b87d
hiccup-1.0.1.jar	hiccup/util.clj	2306	969	8313a18c	deflated	e40068c3e7090bacc5d117768ec3457af26e49a6458141663256f34275484389
hiccup-1.0.1.jar	project.clj	251	185	420a06d7	deflated	87183f3b460304ac6119fdda6da4cd6dad76c395af4e68bf35e906a14e03d7ba
hmac-authn-0.1.211.jar	COPYRIGHT	53	52	9e03713a	deflated	7ed9e1f0c36da911350156839b49d5102d59accb33d6c78d1d3318eb557da974
hmac-authn-0.1.211.jar	LICENSE	11358	3949	86e2b4b4	deflated	cfc7749b96f63bd31c3c42b5c471bf756814053e847c10f3eb003417bc523d30
hmac-authn-0.1.211.jar	META-INF/maven/com.cognitect/hmac-authn/pom.xml	900	338	40676408	deflated	6b152286b106cbd00fb99724bd4d9aff7cb9a2f7240f8c2ba0752d9b8f927405
hmac-authn-0.1.211.jar	cognitect/hmac_authn.clj	13921	4347	d0c12362	deflated	459109cc0d366e77cba7315011d997eacf792372bc4e8e52b508168fe36176ff
hmac-authn-0.1.211.jar	cognitect/hmac_authn/specs.clj	3839	1361	417fb792	deflated	e584e0675f845525dc9cde4dabf6abd88d325b4abde768dd9276503c085d84fb
hmac-authn-0.1.211.jar	com/cognitect/hmac-authn/manifest.edn	79	72	e8f66a83	deflated	fbbd4fb53fda1cb79700fd9fc1b5d5d7f19f436d82302f49f7ca0ee4209fc137
http-client-1.0.126.jar	COPYRIGHT	53	52	9e03713a	deflated	7ed9e1f0c36da911350156839b49d5102d59accb33d6c78d1d3318eb557da974
http-client-1.0.126.jar	LICENSE	11358	3949	86e2b4b4	deflated	cfc7749b96f63bd31c3c42b5c471bf756814053e847c10f3eb003417bc523d30
http-client-1.0.126.jar	META-INF/maven/com.cognitect/http-client/pom.xml	1092	344	f0d26740	deflated	d1d3f038ea375ace2b99845d249e37ff00ef06eac35a285a011f2759af6a2d19
http-client-1.0.126.jar	cognitect/http_client.clj	14894	4581	d98bfade	deflated	4ede26fc444c7e287b8378b7a91d9db7a01d4fc3a9f8456c8ddebb6a2980f0c4
http-client-1.0.126.jar	cognitect/http_client/specs.clj	4214	1050	1d655701	deflated	fee1d0ef212dfa782fecf13e392a377257e250f691b3ecfce949c027d9248a22
http-client-1.0.126.jar	com/cognitect/http-client/manifest.edn	80	74	89d1a4eb	deflated	16353f1c6411ee26cd993b5cb657fde40b2b16f558448d6286650bedb43942e3
http-client-spi-2.15.66.jar	META-INF/LICENSE.txt	11679	4051	ba81ea6b	deflated	14c6a5fbdbd6b87244abeb494712b9922d43f53afb658a42014c66da8e0c4403
http-client-spi-2.15.66.jar	META-INF/MANIFEST.MF	147	131	ad284264	deflated	bb6e6450fec4591ecd98f008d3cac7551c753a6218461ab993289e8185ebd9a0
http-client-spi-2.15.66.jar	META-INF/NOTICE.txt	775	446	2311f95b	deflated	b5bbdba9fccbdae9fef728b4d17c5d14dbaa9fb2476afa32d68f7dbe3472dddd
http-client-spi-2.15.66.jar	META-INF/maven/software.amazon.awssdk/http-client-spi/pom.properties	105	102	09fb5d2b	deflated	6a43f8ef8d6d0f0f66a14859fde2b55c11125a2c89c592283bb202572ba08d3f
http-client-spi-2.15.66.jar	META-INF/maven/software.amazon.awssdk/http-client-spi/pom.xml	3442	988	14c28289	deflated	36c0bb148da8b29e27c71c541eba64b62395442241b47eeb58157dcec1152830
http-endpoint-1.0.104.jar	COPYRIGHT	53	52	9e03713a	deflated	7ed9e1f0c36da911350156839b49d5102d59accb33d6c78d1d3318eb557da974
http-endpoint-1.0.104.jar	META-INF/maven/com.cognitect/http-endpoint/pom.xml	1415	377	26acc518	deflated	fba04e08f862605254c496222f9f33b51fe49c67bdc43326d5fd6644c869eefa
http-endpoint-1.0.104.jar	com/cognitect/http-endpoint/manifest.edn	82	75	8ce2107b	deflated	96c3e4e2c44a68f91caed8907cd295c0b6763bf3bf2c985e9f69d74223b0629f
httpclient-4.5.13.jar	META-INF/DEPENDENCIES	1028	329	ed222a73	deflated	e4a19f1ff15e66449985f84abe0593cf237108dc94b3e51baa81632f82d9f3c5
httpclient-4.5.13.jar	META-INF/LICENSE	11358	3949	86e2b4b4	deflated	cfc7749b96f63bd31c3c42b5c471bf756814053e847c10f3eb003417bc523d30
httpclient-4.5.13.jar	META-INF/MANIFEST.MF	523	244	23f8f4db	deflated	021fee43bf2cd20e61c79adae85990738b72999979d04324255b43a8135e35bd
httpclient-4.5.13.jar	META-INF/NOTICE	174	124	793e6f0f	deflated	290a6b4aa53aa74eaf2a8d1b815bbac2502eb3ddbf7d5a6b9343be8ed490994d
httpclient-4.5.13.jar	META-INF/maven/org.apache.httpcomponents/httpclient/pom.properties	102	91	27bda902	deflated	c5b0b8c22c7640890a843bebb0d603fb37ca4d61d3aa69343e428b5eb4bdcc51
httpclient-4.5.13.jar	META-INF/maven/org.apache.httpcomponents/httpclient/pom.xml	6609	1819	d44541e6	deflated	78eb9ada74929fcd63d07adc4f49236841a45cc29d5f817bf45801f513fd7e6c
httpclient-4.5.13.jar	mozilla/public-suffix-list.txt	225312	73896	47d24ccd	deflated	45479362abb0eb02ddfb2e40726d06eaeff59f41154b05815339a1f2b78d5099
httpclient-4.5.13.jar	org/apache/http/client/version.properties	1272	612	9cf7188a	deflated	4fe0b87989b7e2079ed71d6c30b9309a3dfc72b26870459af3e5e29c4c524ba9
httpcore-4.4.13.jar	META-INF/DEPENDENCIES	265	113	900c16be	deflated	68c0d7be5f21657e67cb89945e25f91cbc3d8d2619c2ab9dce18c470b0c6bf9d
httpcore-4.4.13.jar	META-INF/LICENSE	11358	3949	86e2b4b4	deflated	cfc7749b96f63bd31c3c42b5c471bf756814053e847c10f3eb003417bc523d30
httpcore-4.4.13.jar	META-INF/MANIFEST.MF	721	333	0b94334f	deflated	7eb35345351d14a18fba155ea2ba9e2f7b0693b923a849b1383a1a2f5f71a50e
httpcore-4.4.13.jar	META-INF/NOTICE	172	123	179032fb	deflated	ae5de071e467c6931498ae994edba2157bbdd18811f7e5b3cadf5970765b403f
httpcore-4.4.13.jar	META-INF/maven/org.apache.httpcomponents/httpcore/pom.properties	100	90	7c7f4ce7	deflated	e3ce995bbc1d502259181fcd1043d90797e9c53a5202dfa9759c924a8784cf18
httpcore-4.4.13.jar	META-INF/maven/org.apache.httpcomponents/httpcore/pom.xml	4968	1576	81fbc6c0	deflated	8f812d9fa7b72a3d4aa7f825278932a5df344b42a6d8398905879431a1bf9a97
httpcore-4.4.13.jar	org/apache/http/version.properties	904	518	f9e960b7	deflated	34dbe3489f11c3bf17a5f44af43af88e91a7dba187af87ed522b005b309ff777
io-stats-1.0.14.jar	COPYRIGHT	58	58	da4562c8	deflated	42007cd18bf4de9dfe65a1707878fae9c761ebb1c95f2bd599b19ce9a17ecc7b
io-stats-1.0.14.jar	LICENSE	11358	3949	86e2b4b4	deflated	cfc7749b96f63bd31c3c42b5c471bf756814053e847c10f3eb003417bc523d30
io-stats-1.0.14.jar	META-INF/maven/com.datomic/io-stats/pom.xml	1198	462	13cc6284	deflated	ba7852092c6c829cfdf8403e0b9cef8960079f32d67bebde739a038fd4990d26
io-stats-1.0.14.jar	com/datomic/io-stats/manifest.edn	74	68	205a2283	deflated	9d58be10f651bc72abf45d1aac12a2118974c5ac4a62beb459f960955646d978
ion-1.0.67.jar	COPYRIGHT	60	59	248b72f6	deflated	afca805697a33e7e878fbe60b905b781e8fa712c28b0aa2fa1aea58d147259a1
ion-1.0.67.jar	LICENSE	11358	3949	86e2b4b4	deflated	cfc7749b96f63bd31c3c42b5c471bf756814053e847c10f3eb003417bc523d30
ion-1.0.67.jar	META-INF/maven/com.datomic/ion/pom.xml	1031	364	95e16ef5	deflated	71262492a95fc0aa85899fac1d2b91303b24be94f823b821652480994937bc91
ion-1.0.67.jar	com/datomic/ion/manifest.edn	69	61	5f51c154	deflated	658ffe9b876fe4f8704dd5c447ad1955c96c63416e630668c61d4f430ad14af0
ion-java-1.0.2.jar	META-INF/MANIFEST.MF	1060	515	4e7fb30b	deflated	b0884a6e9ae8763805d538e3a1c27f05ad6bee54ff6659d3a9a218b158798fd1
ion-java-1.0.2.jar	META-INF/maven/software.amazon.ion/ion-java/pom.properties	136	126	d487c94d	deflated	34995084433977013dcd11f8c709211629eb43862595398ee32ff59faaa16594
ion-java-1.0.2.jar	META-INF/maven/software.amazon.ion/ion-java/pom.xml	8847	2086	dcd7e0ec	deflated	20a643c46de6bc30cc81fa3b9e3bb1697afa37168cc183745497b704969bbb92
j2objc-annotations-2.8.jar	META-INF/MANIFEST.MF	131	109	accaab3c	deflated	11dcd439f300c9bf1103c45ab8ff195a7941c625dc9dbe25cd310d8e68cb2a86
j2objc-annotations-2.8.jar	META-INF/maven/com.google.j2objc/j2objc-annotations/pom.properties	118	112	25ecef39	deflated	fde1636dc40646d9e28a0de7e621965856f9b70ed33d84d0e8eb9d10befc60b7
j2objc-annotations-2.8.jar	META-INF/maven/com.google.j2objc/j2objc-annotations/pom.xml	2921	998	81036b57	deflated	37f87798b18385113c918bfa9e1276fe50735ef8fa849b5800c519d54dbf11f8
jackson-annotations-2.13.4.jar	META-INF/LICENSE	11358	3949	86e2b4b4	deflated	cfc7749b96f63bd31c3c42b5c471bf756814053e847c10f3eb003417bc523d30
jackson-annotations-2.13.4.jar	META-INF/MANIFEST.MF	1061	510	8e602bc3	deflated	229c6207719b49597bc20e756ce26402c64e006774604e3039852c8ac8d9f74f
jackson-annotations-2.13.4.jar	META-INF/maven/com.fasterxml.jackson.core/jackson-annotations/pom.properties	81	76	5751edf1	deflated	ff57578564599f80b0066ee267bc316b4b3c20879f254fa1415ebea4966723e6
jackson-annotations-2.13.4.jar	META-INF/maven/com.fasterxml.jackson.core/jackson-annotations/pom.xml	6080	1955	ac044cbc	deflated	5266a52dc739e3213e1c4cc2d5657baec8ef7453f2ebdbe835f7b056e8c27643
jackson-core-2.13.4.jar	META-INF/LICENSE	11358	3949	86e2b4b4	deflated	cfc7749b96f63bd31c3c42b5c471bf756814053e847c10f3eb003417bc523d30
jackson-core-2.13.4.jar	META-INF/MANIFEST.MF	3428	856	ae9b991f	deflated	9cd5f22cfa497615458634ef586382420cf1976a77ee9e9eb85099b3cca5b704
jackson-core-2.13.4.jar	META-INF/NOTICE	667	416	d15a19d2	deflated	e1e98bd0b4c0b313defed877c4e438fd57dfa26eecfd9ea7b7634a5ffa85ff19
jackson-core-2.13.4.jar	META-INF/maven/com.fasterxml.jackson.core/jackson-core/pom.properties	74	66	c9b9642e	deflated	1f1845864c7123160e4cc79cb226d6ae7951312696eecc9c3daf2b578eadb154
jackson-core-2.13.4.jar	META-INF/maven/com.fasterxml.jackson.core/jackson-core/pom.xml	5533	1861	a82a3779	deflated	27b6a64288546e298641ec8a13e267faee67f2d8a1133cda4ee347def2b2bbba
jackson-core-2.13.4.jar	META-INF/services/com.fasterxml.jackson.core.JsonFactory	39	39	b3197263	deflated	8bf715fbf4c33436cce55f9269fc331eb255c322233cdedae4456297b338aaf0
jackson-databind-2.13.4.2.jar	META-INF/LICENSE	11358	3949	86e2b4b4	deflated	cfc7749b96f63bd31c3c42b5c471bf756814053e847c10f3eb003417bc523d30
jackson-databind-2.13.4.2.jar	META-INF/MANIFEST.MF	11800	1743	804876fb	deflated	99590f3bdeea31ac8af2fe078b19035293afc00c67bb80cdde682371f4efa2e8
jackson-databind-2.13.4.2.jar	META-INF/NOTICE	667	416	d15a19d2	deflated	e1e98bd0b4c0b313defed877c4e438fd57dfa26eecfd9ea7b7634a5ffa85ff19
jackson-databind-2.13.4.2.jar	META-INF/maven/com.fasterxml.jackson.core/jackson-databind/pom.properties	80	75	6258650c	deflated	bd78fdfaf1651a4490dcd926d8bd9278e75fe0405f43bf167a841003e6f2bc27
jackson-databind-2.13.4.2.jar	META-INF/maven/com.fasterxml.jackson.core/jackson-databind/pom.xml	16549	4465	55288720	deflated	5026062f36c6ad718dae4f024d1cd89f98df3146dc1e8cf2e4c2bcbf978185be
jackson-databind-2.13.4.2.jar	META-INF/services/com.fasterxml.jackson.core.ObjectCodec	44	46	09ea2bfa	deflated	a64943b0a3e7e5734e94fe6d71173a92b8c0f83ef650305b44ac438b07b88cc1
jackson-dataformat-cbor-2.12.6.jar	META-INF/MANIFEST.MF	2246	788	2356b51e	deflated	18219436c6c76e28bbccf441ec42a16357999c592b7ba36b3d42d1948dc67c3d
jackson-dataformat-cbor-2.12.6.jar	META-INF/maven/com.fasterxml.jackson.dataformat/jackson-dataformat-cbor/pom.properties	91	77	e55ca464	deflated	183150f101bdc4e40356e49c95706675f1dfb1b4cd8b7faae34d86e8db263a7c
jackson-dataformat-cbor-2.12.6.jar	META-INF/maven/com.fasterxml.jackson.dataformat/jackson-dataformat-cbor/pom.xml	2840	1177	d93eb52b	deflated	85af589ccb95d5f435b7f3b9895bf4ee5ca2e995dfb32abf4767a772cd1c9ab2
jackson-dataformat-cbor-2.12.6.jar	META-INF/services/com.fasterxml.jackson.core.JsonFactory	50	52	e2e36c2e	deflated	051dff08a4e6efc017d75037eba38641320e325136144615c2d3a395cc2524ac
jansi-1.11.jar	META-INF/MANIFEST.MF	965	455	a81a80c3	deflated	4044d0996176273c4cccc26f09b8b8a01e64ac3493f8afd1496feaee5b0317f6
jansi-1.11.jar	META-INF/maven/org.fusesource.hawtjni/hawtjni-runtime/pom.properties	120	114	5e0ced3a	deflated	2729da711205d8e2695fe6a530d54d396e3d2f2cfbaa9538caa8106feb2b9cb0
jansi-1.11.jar	META-INF/maven/org.fusesource.hawtjni/hawtjni-runtime/pom.xml	1828	822	d4ac39fc	deflated	13ecedc2275242731df0cb4b491cb79cacb36f945ff402677b56680d7321a15f
jansi-1.11.jar	META-INF/maven/org.fusesource.jansi/jansi-native/pom.properties	115	109	1a715ab6	deflated	608da018730230f482b6e40e25a9d33ab22959ca32e9e88649f63e57d5ace960
jansi-1.11.jar	META-INF/maven/org.fusesource.jansi/jansi-native/pom.xml	11420	2767	79092155	deflated	e6fd759cbf831b6df571733eb38cfbee690d52c2e205248a76690efd24c8e036
jansi-1.11.jar	META-INF/maven/org.fusesource.jansi/jansi/pom.properties	109	102	78d4df93	deflated	e40bd46c652ce34242199b14946b3dac7dd574fbdfe17066a1bca9f2b6f3e325
jansi-1.11.jar	META-INF/maven/org.fusesource.jansi/jansi/pom.xml	6061	1645	32b08c1d	deflated	fba16891bde4264829c63dcddbed8832b14537caeb25d10a90ee0fba934a552d
jansi-1.11.jar	META-INF/native/linux32/libjansi.so	47791	14265	f44e4a96	deflated	ded5221dc2cf5d1fa1258e7178b29992b137f489908dcaf16aaf3005597c2cba
jansi-1.11.jar	META-INF/native/linux64/libjansi.so	48397	16465	046cb2e2	deflated	c7d645708adb3651d912c986ad36d03d9875fe91d84155195d8de9c3ca449987
jansi-1.11.jar	META-INF/native/osx/libjansi.jnilib	27840	3507	016d47bc	deflated	6f04ff5edda98af656b5f82f5fe032bc73a96c6b93e90fb269f376fac8f20534
jansi-1.11.jar	META-INF/native/windows32/jansi.dll	17408	6168	c38232b7	deflated	0f59ff32a7c70e00a580d893de42ffaf48d0242b4d6251792666919b10ac3cd4
jansi-1.11.jar	META-INF/native/windows64/jansi.dll	19968	6801	ef7ef603	deflated	c33505a7c1fb847c03329a4f0e4b3c5cebac3a3604133d797d09172de25e3978
java-driver-core-shaded-4.17.0.jar	META-INF/MANIFEST.MF	74101	8267	ac372aac	deflated	68e5296fb7924bad3efde052d1c4b1accabdeab718c003d0049f1c49aae6aae4
java-driver-core-shaded-4.17.0.jar	META-INF/maven/com.datastax.oss/java-driver-core-shaded/pom.xml	13384	2358	00006f86	deflated	05643d53410563d4d6c9c275fc20e8961ab9bac9d1064143aae3c8931f4810e7
java-driver-core-shaded-4.17.0.jar	META-INF/native-image/com.datastax.oss/java-driver-core/native-image.properties	427	193	67c3f3c6	deflated	3d8710db3df74b79a3e2eaa4a615b5e0c79ddd6f3dccd18efa448e91642c97fb
java-driver-core-shaded-4.17.0.jar	META-INF/native-image/com.datastax.oss/java-driver-core/proxy.json	41	43	8a9cb8a6	deflated	6e891a592d4a75207b1af65c0e3717a604bc634c25d779ef167b3d44cd1d4f17
java-driver-core-shaded-4.17.0.jar	META-INF/native-image/com.datastax.oss/java-driver-core/reflection.json	8297	815	3cc029a1	deflated	a51d773bdf167e1eebcd0204cea662e4803cbe48043c7b7eadcd008821647df9
java-driver-core-shaded-4.17.0.jar	META-INF/services/reactor.blockhound.integration.BlockHoundIntegration	81	70	b52d052e	deflated	43ac4e8e5193848dfa36f2ba6949cb96860be24cccaeaddd595efce58621faf0
java-driver-core-shaded-4.17.0.jar	com/datastax/oss/driver/Driver.properties	1122	670	67d13a15	deflated	fa2342d24ae8f810fcf42111d97817330b788f1b405bdb7c4db404217e8a3045
java-driver-core-shaded-4.17.0.jar	reference.conf	109605	26548	d943da1b	deflated	1430633d8c24fe1cf699f9303bebdc59c1782be421275262d849bb3b32be9118
java-driver-shaded-guava-25.1-jre-graal-sub-1.jar	META-INF/MANIFEST.MF	4137	901	7572cf51	deflated	30d3fbfbbfa324c12e0403391ae35bc2c4e906bf2087a32b7cd461c09c1a62ce
java-driver-shaded-guava-25.1-jre-graal-sub-1.jar	META-INF/maven/com.datastax.oss/java-driver-shaded-guava/pom.properties	121	111	3aaaa461	deflated	140d54cb0d6ddede1b6584b0343a09c37970a01c88209123c914dcd4b4a356f4
java-driver-shaded-guava-25.1-jre-graal-sub-1.jar	META-INF/maven/com.datastax.oss/java-driver-shaded-guava/pom.xml	10032	2021	8ea8e1d5	deflated	342a274e362c7c907df530a1819423a16f2e6998981c3c085a25a8db3d2775b4
java-io-0.1.29.jar	COPYRIGHT	60	59	248b72f6	deflated	afca805697a33e7e878fbe60b905b781e8fa712c28b0aa2fa1aea58d147259a1
java-io-0.1.29.jar	LICENSE	11358	3949	86e2b4b4	deflated	cfc7749b96f63bd31c3c42b5c471bf756814053e847c10f3eb003417bc523d30
java-io-0.1.29.jar	META-INF/maven/com.datomic/java-io/pom.xml	1139	469	72d4f3aa	deflated	4d6b074c06064a4861f60068f473771d0a46ced3a425665b141b1f93d915c13c
java-io-0.1.29.jar	com/datomic/java-io/manifest.edn	73	67	29041ca7	deflated	06b4888d1ccea5ae9922c66486f7ab8f2589787240b2ec81ee8701e8f5218778
java.classpath-0.3.0.jar	META-INF/MANIFEST.MF	129	106	b0e4a47f	deflated	dbf08238d24f5f6d11a1af77916cbeba498636636d84ea2b297a2d6594de85ff
java.classpath-0.3.0.jar	META-INF/maven/org.clojure/java.classpath/pom.properties	110	107	0f677f3c	deflated	5039f2f42c135b3b7c9abad214d8a293cc2aa639f2a0169490037e2da59c88e9
java.classpath-0.3.0.jar	META-INF/maven/org.clojure/java.classpath/pom.xml	866	343	e60d680d	deflated	dc74fc61e08c3e900186a7a8caf000423f441bd43d5d0e9a89171c3858fbf6a8
java.classpath-0.3.0.jar	clojure/java/classpath.clj	3233	1276	0c96b359	deflated	97a871df0e8ca72f0e0bdfddcde0ad03723f87ee9ab0033af1b8821fb19428a6
java.jmx-1.0.0.jar	META-INF/MANIFEST.MF	133	111	0a21bfc5	deflated	0bd1f21da29e7c60b1223300fcf2784bfef227e9904b43c69d9e3d0876f3cb88
java.jmx-1.0.0.jar	META-INF/maven/org.clojure/java.jmx/pom.properties	104	104	ef1f35e8	deflated	e5839d332ac9440e14cd4b82fba52a1fce4eedc3938f3e2a97537b809e7b5039
java.jmx-1.0.0.jar	META-INF/maven/org.clojure/java.jmx/pom.xml	896	354	0367fd05	deflated	1fa4ca01d7fe40fa40bf0a5dba725f760539bb079f95585211958385c0bcc6d7
java.jmx-1.0.0.jar	clojure/java/jmx.clj	13488	4326	2e279698	deflated	a71568b2e504228fee4a7e16f1431d747589b907b2f8644477220166a75d2fa1
javassist-3.18.1-GA.jar	META-INF/MANIFEST.MF	2372	738	db32f349	deflated	b8e7eede758c8eaa2a6fdd42aa05f80d0d08c09ffd97f550cf1c4a1839bcbbc3
javassist-3.18.1-GA.jar	META-INF/maven/org.javassist/javassist/pom.properties	135	122	01d25e80	deflated	06d83cf0f828423737c914fcc9f8ba0f9b5a077c5452d7fa42987673de1de8a5
javassist-3.18.1-GA.jar	META-INF/maven/org.javassist/javassist/pom.xml	9522	2332	6fef841b	deflated	5ab1956fe8c45f35d46a5e47f320744d9fc4f5857cda9311b37189c5d353da0f
javax.activation-api-1.2.0.jar	META-INF/LICENSE.txt	39394	12978	b0c7000f	deflated	a14851d626df4d0298a117ac41788bca73a9c24c2ecc2a12fa2a1101ee9fddc8
javax.activation-api-1.2.0.jar	META-INF/MANIFEST.MF	1146	496	e37b4bf4	deflated	e382b59a3e151d26f6aebd5f7f8d3e924e3a80f2230dd5a66353d2ca2c4c1863
javax.activation-api-1.2.0.jar	META-INF/maven/javax.activation/javax.activation-api/pom.properties	121	102	39cb39ed	deflated	6252eefc94f1c7b68af607e8d24632a96218b11c5ed4e27c524056f357b3df7e
javax.activation-api-1.2.0.jar	META-INF/maven/javax.activation/javax.activation-api/pom.xml	4919	1854	205c2a36	deflated	da2926f3c8be898643cc10acdec6de0b0351a57fb2735770fa0177b06ade71b9
javax.servlet-api-3.1.0.jar	META-INF/LICENSE.txt	36116	11548	462ca155	deflated	a4c80869daf4350b6773bd5e6ee1d0a6cc52b63db3a3d2dc20961b0cdd272a5c
javax.servlet-api-3.1.0.jar	META-INF/MANIFEST.MF	1206	482	ca7bd2c1	deflated	6bbfc5f0890a32652d7115b95b62e81ef3ae77eb375c6b39113dc0853ecb864d
javax.servlet-api-3.1.0.jar	META-INF/maven/javax.servlet/javax.servlet-api/pom.properties	115	103	6179833a	deflated	e20f7b27e3a703a14e025f1662058b761b874460b55c4c2bcd22f9ab0a9183b6
javax.servlet-api-3.1.0.jar	META-INF/maven/javax.servlet/javax.servlet-api/pom.xml	13527	3341	c4ad27c3	deflated	b31109e22ea3f2df1ad7955432e718a35def50ae6c19698034afa8a0cf9e9069
javax.servlet-api-3.1.0.jar	javax/servlet/LocalStrings.properties	2864	1327	c761ae17	deflated	bbe56cf0e9068823372364afb3f87be80eef10e34884b12d96752331c3f95183
javax.servlet-api-3.1.0.jar	javax/servlet/LocalStrings_fr.properties	2799	1301	3f199972	deflated	d0bdbf59fd5bb880c44b00326df94bec34a0e258f98dc246f773bd87d3d3a06c
javax.servlet-api-3.1.0.jar	javax/servlet/LocalStrings_ja.properties	2834	1323	694883f8	deflated	e0d4b3a3818e901a8b811a53843053dec979ab5c48003a7b46cf5e7e79e2036b
javax.servlet-api-3.1.0.jar	javax/servlet/annotation/package.html	2349	1153	5bdcfd77	deflated	75e454e6525a49d6bc7ca263a74d53036df9838b268ce4d97f69daaff24d5983
javax.servlet-api-3.1.0.jar	javax/servlet/descriptor/package.html	2322	1142	af734425	deflated	f63e7956f8537b84f06d7a79559acb5c66a74021a8b306abc4ee429aca46b5a6
javax.servlet-api-3.1.0.jar	javax/servlet/http/LocalStrings.properties	3615	1577	33fc84fc	deflated	091f4cde1721df3944c68d84edb488c7ff7cc82cc6c3d35f4d2166cbe544c216
javax.servlet-api-3.1.0.jar	javax/servlet/http/LocalStrings_es.properties	3401	1524	e7b03767	deflated	da139c4bd5b3d1b2a00e24a00744319ae166e28cae8f9833e34a91cbe902c3cf
javax.servlet-api-3.1.0.jar	javax/servlet/http/LocalStrings_fr.properties	3360	1476	3dd80679	deflated	fa86a3bd15b80a5f70e82bc20fe19ca4c7a764e34f5434cb5ec93ad964109c10
javax.servlet-api-3.1.0.jar	javax/servlet/http/LocalStrings_ja.properties	4062	1594	7cb24446	deflated	07a502d2e4a8ecd2971cf01c7523d51eb432027d51a7d43852d0e0ba386b52be
javax.servlet-api-3.1.0.jar	javax/servlet/http/package.html	3113	1432	514f68e8	deflated	d7c76e2f3e3276ab479636dc35c34d0537b3849de855d0690f8d6062381e5cd0
javax.servlet-api-3.1.0.jar	javax/servlet/package.html	3076	1413	13fa39af	deflated	ce92f60c8adaf1fff701123db3c7fdbbd423cd259b251452eae004b622ee6feb
jaxb-api-2.4.0-b180830.0359.jar	META-INF/LICENSE.txt	36551	11640	d50be645	deflated	5c9d2d07ef2e47ae9c2af9f192c30549b148b9b57a06043ac2fd236250ef8521
jaxb-api-2.4.0-b180830.0359.jar	META-INF/MANIFEST.MF	2384	854	488b31a8	deflated	12a4b549f5647970b12bb39b02907206bd01317268805d0a32ec92035a74f564
jaxb-api-2.4.0-b180830.0359.jar	META-INF/maven/javax.xml.bind/jaxb-api/pom.properties	101	97	6e847304	deflated	9ecf6ca959c2b307e8571ba9ec0183a7bcb9821d668260e44f97b45f4131c256
jaxb-api-2.4.0-b180830.0359.jar	META-INF/maven/javax.xml.bind/jaxb-api/pom.xml	19709	3842	37f23c97	deflated	b1c93fc301d7f5fe4cde13d1953299251da37efffc91f523835504c3ff873707
jaxb-api-2.4.0-b180830.0359.jar	javax/xml/bind/Messages.properties	3211	1488	64dfc166	deflated	0fcb34677a57a2629a506ca039e6685941b12c5b7bee4d94a9b4085662e71ed8
jaxb-api-2.4.0-b180830.0359.jar	javax/xml/bind/helpers/Messages.properties	2679	1215	ffc4f86b	deflated	3d7cca595610a59f4e346c9bce612c843dbf08042300923a802b1e6f1bf4ee94
jaxb-api-2.4.0-b180830.0359.jar	javax/xml/bind/util/Messages.properties	2299	1054	cb1cbe85	deflated	82963f5a78f6dfeb9da0ce9da33f3d0405d85ceaae545aae9f9bc2b493249ccc
jcip-annotations-1.0-1.jar	META-INF/MANIFEST.MF	133	112	807fa267	deflated	cdd219975c1d6fcd13d0bb0ce131d188511f481a5f136d511e075d8a72b9ed48
jcip-annotations-1.0-1.jar	META-INF/maven/com.github.stephenc.jcip/jcip-annotations/pom.properties	125	117	e056b9ff	deflated	3453055135512306a1dbf69f811c54455bf55dff4d7a5cf6c4fceae38b7d7658
jcip-annotations-1.0-1.jar	META-INF/maven/com.github.stephenc.jcip/jcip-annotations/pom.xml	5428	1453	74488734	deflated	68c2a5aa6e8f345743093e52b5b9e0190ba4d5a5215c0a59b4d7d33647208cbb
jcl-over-slf4j-1.7.36.jar	META-INF/MANIFEST.MF	676	342	02da593f	deflated	50b66870e59d4cba129e83131386fa6ad9c686643980cc26e7015b038def86a6
jcl-over-slf4j-1.7.36.jar	META-INF/maven/org.slf4j/jcl-over-slf4j/pom.properties	62	56	b66fb00d	deflated	99ab396790ed6583f356506491eab37bb14a56908cb4f8785a4d98d6ef147abc
jcl-over-slf4j-1.7.36.jar	META-INF/maven/org.slf4j/jcl-over-slf4j/pom.xml	1181	469	eca4ca36	deflated	bd96243d7d4218cd7cc7d45c0e30fa13480a1a4f91d356edd7dfe93f1ffb68e6
jcl-over-slf4j-1.7.36.jar	META-INF/services/org.apache.commons.logging.LogFactory	256	197	4992b5c9	deflated	fc2c126de05282e6e503ab0fc6665b990013118c87933b4b10b9fddf7699af33
jctools-core-2.1.2.jar	META-INF/MANIFEST.MF	854	426	8df53582	deflated	8cd7141ac295917a166b57efb10b0a094f99764b5664610f6c202f61dc7102b4
jctools-core-2.1.2.jar	META-INF/maven/org.jctools/jctools-core/pom.properties	133	121	f3d9ab73	deflated	2a794c1ab2ac3512cf0815c076a6339733b941099900d43ab41e46311b882380
jctools-core-2.1.2.jar	META-INF/maven/org.jctools/jctools-core/pom.xml	4036	1157	adb197e9	deflated	9e87e29f3babf3c9a8dd722e5e1ff58021a69add0fdba38346bb1ff812fb05ab
jetty-client-9.4.53.v20231009.jar	META-INF/LICENSE	23152	7602	61076dcb	deflated	41cee10347b097e5d5358ad56b427c49751df3ae959bfce47d512c352c3c3979
jetty-client-9.4.53.v20231009.jar	META-INF/MANIFEST.MF	2766	855	fb0ff12a	deflated	371c08b584747bdbe729b2363fc21cb048b59b5765deacd0d49656a32a61f146
jetty-client-9.4.53.v20231009.jar	META-INF/NOTICE.txt	3011	1121	430dcb23	deflated	b31f0921de534f7b8035b374d05176f248caf4dae6f39d34c5da446f2f7cc12d
jetty-client-9.4.53.v20231009.jar	META-INF/maven/org.eclipse.jetty/jetty-client/pom.properties	75	71	10276b20	deflated	bfcf5f5fb04891efd5f8e371729e4bd66653c5ed8f5ca7bb84678f05f62293e0
jetty-client-9.4.53.v20231009.jar	META-INF/maven/org.eclipse.jetty/jetty-client/pom.xml	5096	1063	a19d8f63	deflated	c75147b5b0b29fee255325d54639806793bd5cc6ecac2ed14298ce13bdd585fa
jetty-client-9.4.53.v20231009.jar	about.html	2052	1001	b168d97a	deflated	0d881e7fc69bb79dea528a970df35615c632fcba86ab067cf85e4129ebe9abec
jetty-continuation-9.4.53.v20231009.jar	META-INF/LICENSE	23152	7602	61076dcb	deflated	41cee10347b097e5d5358ad56b427c49751df3ae959bfce47d512c352c3c3979
jetty-continuation-9.4.53.v20231009.jar	META-INF/MANIFEST.MF	1134	578	20abae5d	deflated	c0502ce486c1dfe200938f3f7d69795c127a08cc558aa86008e11070001e9b2c
jetty-continuation-9.4.53.v20231009.jar	META-INF/NOTICE.txt	3011	1121	430dcb23	deflated	b31f0921de534f7b8035b374d05176f248caf4dae6f39d34c5da446f2f7cc12d
jetty-continuation-9.4.53.v20231009.jar	META-INF/maven/org.eclipse.jetty/jetty-continuation/pom.properties	81	78	58a9f77e	deflated	f20750868a90692ad9d7b2260a6a40cda4fd6d10292ee4312afc95391aa4bb6a
jetty-continuation-9.4.53.v20231009.jar	META-INF/maven/org.eclipse.jetty/jetty-continuation/pom.xml	952	424	246d5ccb	deflated	ec57c1cd5f5bbe41d8b15c7101746e2b7481ff75c254dd6faa88a979f90b9011
jetty-continuation-9.4.53.v20231009.jar	about.html	2052	1001	b168d97a	deflated	0d881e7fc69bb79dea528a970df35615c632fcba86ab067cf85e4129ebe9abec
jetty-http-9.4.53.v20231009.jar	META-INF/LICENSE	23152	7602	61076dcb	deflated	41cee10347b097e5d5358ad56b427c49751df3ae959bfce47d512c352c3c3979
jetty-http-9.4.53.v20231009.jar	META-INF/MANIFEST.MF	2269	837	92fabad3	deflated	658986545c25820bbf367d71964d572419d05cd2fce40efb98f691fcf68bbaaa
jetty-http-9.4.53.v20231009.jar	META-INF/NOTICE.txt	3011	1121	430dcb23	deflated	b31f0921de534f7b8035b374d05176f248caf4dae6f39d34c5da446f2f7cc12d
jetty-http-9.4.53.v20231009.jar	META-INF/maven/org.eclipse.jetty/jetty-http/pom.properties	73	70	4c2b4e57	deflated	9569e5f58fa06993c83918e20251c004a3c339ef1807d7539eedc17103188bb3
jetty-http-9.4.53.v20231009.jar	META-INF/maven/org.eclipse.jetty/jetty-http/pom.xml	4028	1030	2fdd8ed3	deflated	5b5e1f927321ac5704b988aa3e339e25a48ea0e01acd0d2b96d240b5e9fdf9d3
jetty-http-9.4.53.v20231009.jar	META-INF/services/org.eclipse.jetty.http.HttpFieldPreEncoder	43	43	58b121e2	deflated	bb9e984635247ae0596721ad686fedeba964d21dcc38d63c05a2b49d60330a30
jetty-http-9.4.53.v20231009.jar	about.html	2052	1001	b168d97a	deflated	0d881e7fc69bb79dea528a970df35615c632fcba86ab067cf85e4129ebe9abec
jetty-http-9.4.53.v20231009.jar	org/eclipse/jetty/http/encoding.properties	457	219	01d0205d	deflated	e032f9ec94dcb36afd9b3ab1a59e24b19744dd59c1dec764b2df4ffb627c9342
jetty-http-9.4.53.v20231009.jar	org/eclipse/jetty/http/mime.properties	5039	1447	1541ef2c	deflated	47bc108ce4b89a3ca4d2679e10cf4fd4026048ac3779642891dec77fc64400f5
jetty-io-9.4.53.v20231009.jar	META-INF/LICENSE	23152	7602	61076dcb	deflated	41cee10347b097e5d5358ad56b427c49751df3ae959bfce47d512c352c3c3979
jetty-io-9.4.53.v20231009.jar	META-INF/MANIFEST.MF	1989	742	f58f462b	deflated	89418f5527ea131f80ac3d86745ede367627bbb28f15314b7d35a67211bd696d
jetty-io-9.4.53.v20231009.jar	META-INF/NOTICE.txt	3011	1121	430dcb23	deflated	b31f0921de534f7b8035b374d05176f248caf4dae6f39d34c5da446f2f7cc12d
jetty-io-9.4.53.v20231009.jar	META-INF/maven/org.eclipse.jetty/jetty-io/pom.properties	71	68	8cf1bc49	deflated	930f99de369e3e166da75baf5fe057ee38eb91ad0907e3e4b15e4d77926d7d4f
jetty-io-9.4.53.v20231009.jar	META-INF/maven/org.eclipse.jetty/jetty-io/pom.xml	1238	450	8d7ee47b	deflated	d324786b72c64b16652692afe303b9283a0d48c0da09443439b27b0f34dc354c
jetty-io-9.4.53.v20231009.jar	about.html	2052	1001	b168d97a	deflated	0d881e7fc69bb79dea528a970df35615c632fcba86ab067cf85e4129ebe9abec
jetty-security-9.4.53.v20231009.jar	META-INF/LICENSE	23152	7602	61076dcb	deflated	41cee10347b097e5d5358ad56b427c49751df3ae959bfce47d512c352c3c3979
jetty-security-9.4.53.v20231009.jar	META-INF/MANIFEST.MF	2563	898	edd5e462	deflated	c439614459348b36960b866e30882486a80f160b02f91b5a27f1e004ffb02087
jetty-security-9.4.53.v20231009.jar	META-INF/NOTICE.txt	3011	1121	430dcb23	deflated	b31f0921de534f7b8035b374d05176f248caf4dae6f39d34c5da446f2f7cc12d
jetty-security-9.4.53.v20231009.jar	META-INF/maven/org.eclipse.jetty/jetty-security/pom.properties	77	75	e608970d	deflated	ccb7dab136091b41e11f5e78dac387e53b34e2c6d41bf2c03c3daef54d8a9f11
jetty-security-9.4.53.v20231009.jar	META-INF/maven/org.eclipse.jetty/jetty-security/pom.xml	2097	693	bf1a5299	deflated	68d7c735bfeae185fea2bd22d26a4f3dae79cd25e32ff2d599c2d3a3f2b7cedb
jetty-security-9.4.53.v20231009.jar	about.html	2052	1001	b168d97a	deflated	0d881e7fc69bb79dea528a970df35615c632fcba86ab067cf85e4129ebe9abec
jetty-server-9.4.53.v20231009.jar	META-INF/LICENSE	23152	7602	61076dcb	deflated	41cee10347b097e5d5358ad56b427c49751df3ae959bfce47d512c352c3c3979
jetty-server-9.4.53.v20231009.jar	META-INF/MANIFEST.MF	4127	1057	193acae1	deflated	9c2f8c6cceb68248bb3c629317efb6b6f5297ee890d053a0ad8218c704b3f22d
jetty-server-9.4.53.v20231009.jar	META-INF/NOTICE.txt	3011	1121	430dcb23	deflated	b31f0921de534f7b8035b374d05176f248caf4dae6f39d34c5da446f2f7cc12d
jetty-server-9.4.53.v20231009.jar	META-INF/maven/org.eclipse.jetty/jetty-server/pom.properties	75	71	8b77a97c	deflated	4973d556dc16bbebe3182189a79b6f478b96b6cb4628ba9e5e7da8415ddf3d77
jetty-server-9.4.53.v20231009.jar	META-INF/maven/org.eclipse.jetty/jetty-server/pom.xml	3419	792	e5eccd7f	deflated	652fdde4f422366c8ba5968380ed736815dcf1e8aab786d114142410865a5b32
jetty-server-9.4.53.v20231009.jar	about.html	2052	1001	b168d97a	deflated	0d881e7fc69bb79dea528a970df35615c632fcba86ab067cf85e4129ebe9abec
jetty-server-9.4.53.v20231009.jar	jetty-dir.css	542	288	d0a9071e	deflated	3e8f879db1b7b70b0c1a4bf8e1773118e601ff5b30f79698f1d5ace31361b14c
jetty-server-9.4.53.v20231009.jar	org/eclipse/jetty/favicon.ico	1150	699	f6fb62b6	deflated	981bbee0ea0e46529f52f67a286ffd8b74f9d6a364c46650ddba5902eb7b04c6
jetty-servlet-9.4.53.v20231009.jar	META-INF/LICENSE	23152	7602	61076dcb	deflated	41cee10347b097e5d5358ad56b427c49751df3ae959bfce47d512c352c3c3979
jetty-servlet-9.4.53.v20231009.jar	META-INF/MANIFEST.MF	2627	864	92b16dc6	deflated	b4331030cb37ac6904d1cb86d3da282026f860d23f9d65d579cb016bc05a5053
jetty-servlet-9.4.53.v20231009.jar	META-INF/NOTICE.txt	3011	1121	430dcb23	deflated	b31f0921de534f7b8035b374d05176f248caf4dae6f39d34c5da446f2f7cc12d
jetty-servlet-9.4.53.v20231009.jar	META-INF/maven/org.eclipse.jetty/jetty-servlet/pom.properties	76	74	4a998947	deflated	0761ec67670e88ee90f488b3cd9f3cbbf7a6ef3775c1222b6650ee17905d2e9d
jetty-servlet-9.4.53.v20231009.jar	META-INF/maven/org.eclipse.jetty/jetty-servlet/pom.xml	2271	615	e772477a	deflated	1e2a553ea43bc71712c646872ad77070b5f8a3ba19fd29516f228fa194cf6448
jetty-servlet-9.4.53.v20231009.jar	about.html	2052	1001	b168d97a	deflated	0d881e7fc69bb79dea528a970df35615c632fcba86ab067cf85e4129ebe9abec
jetty-util-9.4.53.v20231009.jar	META-INF/LICENSE	23152	7602	61076dcb	deflated	41cee10347b097e5d5358ad56b427c49751df3ae959bfce47d512c352c3c3979
jetty-util-9.4.53.v20231009.jar	META-INF/MANIFEST.MF	3282	1024	bdc2167a	deflated	9fbbbf775dce15e2b56328c8bc45b6a2200a6284dc7439797f28b1564b56ba61
jetty-util-9.4.53.v20231009.jar	META-INF/NOTICE.txt	3011	1121	430dcb23	deflated	b31f0921de534f7b8035b374d05176f248caf4dae6f39d34c5da446f2f7cc12d
jetty-util-9.4.53.v20231009.jar	META-INF/maven/org.eclipse.jetty/jetty-util/pom.properties	73	70	395d3a30	deflated	cf7011a312f24293a0a782c97641442d8a5f41ad91c3d879f1e89697c6349c6b
jetty-util-9.4.53.v20231009.jar	META-INF/maven/org.eclipse.jetty/jetty-util/pom.xml	4033	1234	935710bc	deflated	5aeb1afe0ef4f39421baf9e235d88d208a7ac9bb51ac75b4e89e49d75e2fca37
jetty-util-9.4.53.v20231009.jar	about.html	2052	1001	b168d97a	deflated	0d881e7fc69bb79dea528a970df35615c632fcba86ab067cf85e4129ebe9abec
jetty-util-9.4.53.v20231009.jar	org/eclipse/jetty/version/build.properties	172	141	3e27104f	deflated	5b459f2361d7a57ff9b092fe5cab5dc3103f33a489f560dd179b03f0fc949b3c
jetty-util-ajax-9.4.53.v20231009.jar	META-INF/LICENSE	23152	7602	61076dcb	deflated	41cee10347b097e5d5358ad56b427c49751df3ae959bfce47d512c352c3c3979
jetty-util-ajax-9.4.53.v20231009.jar	META-INF/MANIFEST.MF	1185	582	b280d438	deflated	9ab139eabe84f5de41f8c517e75f5c876dc554294a374270c563b460e218f9da
jetty-util-ajax-9.4.53.v20231009.jar	META-INF/NOTICE.txt	3011	1121	430dcb23	deflated	b31f0921de534f7b8035b374d05176f248caf4dae6f39d34c5da446f2f7cc12d
jetty-util-ajax-9.4.53.v20231009.jar	META-INF/maven/org.eclipse.jetty/jetty-util-ajax/pom.properties	78	76	264c121c	deflated	2b5dbba58f1ab316de4f6b5a64ab089ad7d82eda1ac61c08705f2d680372fe87
jetty-util-ajax-9.4.53.v20231009.jar	META-INF/maven/org.eclipse.jetty/jetty-util-ajax/pom.xml	1256	471	43a7e4c5	deflated	bf4587e033bcf95b9f31bf2bac8dd41e30593789103a70f7d4184b2fff2e7a39
jetty-util-ajax-9.4.53.v20231009.jar	about.html	2052	1001	b168d97a	deflated	0d881e7fc69bb79dea528a970df35615c632fcba86ab067cf85e4129ebe9abec
jffi-1.2.16-native.jar	META-INF/MANIFEST.MF	560	342	3fdce788	deflated	2c2bac2bf763bdcc577d274938a0de991196ba0de7616fda7c0d50e3accbab96
jffi-1.2.16-native.jar	jni/Darwin/libjffi-1.2.jnilib	148624	48217	07d2fb88	deflated	7a1ac705353cf5c844ecd2c89fd2b2dfad59bca198aba816041876a9fcf67b3c
jffi-1.2.16-native.jar	jni/aarch64-Linux/libjffi-1.2.so	94386	31194	2e1bf930	deflated	05122fd72c26d217343fa5224a85ec538d10e0120fdf10531470f105e5a5d251
jffi-1.2.16-native.jar	jni/arm-Linux/libjffi-1.2.so	86363	32192	64e4a8d8	deflated	b4f7fc96793bcb576ed70f43ef2225a4c368d4d24918f46246b442da06aa03a1
jffi-1.2.16-native.jar	jni/i386-Linux/libjffi-1.2.so	80909	29699	56271665	deflated	16d5fbb9ec9715053a404db3a5188d9e5d47f457f62eff8da0be9fe15de49103
jffi-1.2.16-native.jar	jni/i386-SunOS/libjffi-1.2.so	55724	21428	bbeb7e7a	deflated	cf64407468f8e74b4a9f28a317baf97bcc5097d6f45dd27fdb4aaba377708b20
jffi-1.2.16-native.jar	jni/i386-Windows/jffi-1.2.dll	116997	38044	96696e82	deflated	d63b0ec9a7cc75c26fa951928bf550c0e9a5e6c195a3de94a9c24995206bbfd2
jffi-1.2.16-native.jar	jni/ppc-AIX/libjffi-1.2.a	146475	51586	7cbe6d89	deflated	b6dd8421180c59a01eb08ade4c0d40260dbaacd5b1e3bf6f6d413a56c3dd5da4
jffi-1.2.16-native.jar	jni/ppc64-Linux/libjffi-1.2.so	132742	35933	b30bcf88	deflated	1031cc6771fc0f746394d603ca91bffa64940a7b34f6c2b0abcaff8eab427944
jffi-1.2.16-native.jar	jni/ppc64le-Linux/libjffi-1.2.so	116541	34041	df800402	deflated	9b2a6c52d67c863afa2fff3e941458f1f371e315d92ab8d4a32f0e623151f39a
jffi-1.2.16-native.jar	jni/sparcv9-Linux/libjffi-1.2.so	92947	28964	4832ebd3	deflated	49c4ccf4c4a27f7bfc7ef1be8a7a574b967d5d21284d135cb876bd82546b4d28
jffi-1.2.16-native.jar	jni/sparcv9-SunOS/libjffi-1.2.so	63184	20978	0745999f	deflated	9d3c31a6e72e7f7565e79cd90a2c59c61aec2fd1b1a964c2a69aa3e009dc9eec
jffi-1.2.16-native.jar	jni/x86_64-FreeBSD/libjffi-1.2.so	83762	29855	e4285519	deflated	3c9ff9c662046cc8747d98199302072638d46637e48dba96fd2101564489f798
jffi-1.2.16-native.jar	jni/x86_64-Linux/libjffi-1.2.so	90382	31666	50ff71db	deflated	9c3861025073835920b677cb1f1f0e7cf7d1eac03ac4aa8d50f074b7ad729528
jffi-1.2.16-native.jar	jni/x86_64-OpenBSD/libjffi-1.2.so	509169	147078	6afc9de2	deflated	9ad66909493ac67cb14776a2b70399943ea41b1a05e941b404438778517e378d
jffi-1.2.16-native.jar	jni/x86_64-SunOS/libjffi-1.2.so	138344	26823	38fef0bd	deflated	053cf2e2836e752ecf329fb02b12db9b1801ba8738e779446b3197ab3c1bf499
jffi-1.2.16-native.jar	jni/x86_64-Windows/jffi-1.2.dll	141178	52149	2055c71f	deflated	58398ba5cda1b7cb89ad4e03dd4a658006956f81acfef4efb4e7dd934e2733ef
jffi-1.2.16.jar	META-INF/MANIFEST.MF	133	112	9ba019cf	deflated	8e5f3c03b929c42bd0943393e0ffe8730f9317b50cd1e7ca25b805f8f4d30879
jffi-1.2.16.jar	META-INF/maven/com.github.jnr/jffi/pom.properties	104	103	8841d0f9	deflated	9b1da5ca8ef64a9a5e4e1d87aceb0e694f42262e838e15dc0c112ea4c369a250
jffi-1.2.16.jar	META-INF/maven/com.github.jnr/jffi/pom.xml	9223	1894	a1e5bca7	deflated	0034625f5b9b52efe358f7ee78084b23278efee15677d950b51632e6baf3356d
jline-0.9.9.jar	META-INF/MANIFEST.MF	487	307	f2b1533a	deflated	bc8e3b9203afaba6c31272997e8ad3f6adf4aa830fd168034d0692e2df2c18d6
jline-0.9.9.jar	META-INF/maven/jline/jline/pom.properties	95	90	215f1484	deflated	0644f67c31c67dfb6b9f4af0bfe6bdafbe2884e719760217422c070714095d77
jline-0.9.9.jar	META-INF/maven/jline/jline/pom.xml	6894	1634	7a65ab4e	deflated	50dfc085da60ec88117381b7bf199d0257a1879551bef0bdcf857fda5cd9f65d
jline-0.9.9.jar	jline/CandidateListCompletionHandler.properties	112	75	353b9129	deflated	95388bd393c8b607f8f5ebb024945fc9e67fa7e18f3c215f606c9aefa4fe3803
jline-0.9.9.jar	jline/jline.dll	16069	4095	37ae9a7a	deflated	3ddb21ed441296861413cfd109c61f12626ecc66ece659754b621d295fe9b23c
jline-0.9.9.jar	jline/keybindings.properties	1224	569	95dc218a	deflated	cf9c2cfc6ad756b91d4859176b2050969a8c9b231fed71f2f17383d423ac9b59
jline-win-1.0.jar	META-INF/MANIFEST.MF	754	445	9da8e1cb	deflated	4f2450f9e7fd5969288f2dd1da6bdab38f7faeea4c11dcbbf43e88eb3285fe77
jline-win-1.0.jar	META-INF/maven/jline/jline/pom.properties	94	89	9fe16dfa	deflated	a6ffb879cfdf9c6efddad0983caf204437b25e2ba1c6d53b59005f2c84c2f96e
jline-win-1.0.jar	META-INF/maven/jline/jline/pom.xml	8515	2021	1d29ac25	deflated	d8c7469b1f56648d100d22df156fbc964201245db19a671695d57cb68f5d2a5c
jline-win-1.0.jar	jline/CandidateListCompletionHandler.properties	135	89	f7fdbeb4	deflated	32d28acfabde2d06de7c033415fae176c289a9d53c79681ebbfb1e3e8e8190cd
jline-win-1.0.jar	jline/jline32.dll	16069	4095	37ae9a7a	deflated	3ddb21ed441296861413cfd109c61f12626ecc66ece659754b621d295fe9b23c
jline-win-1.0.jar	jline/jline64.dll	48128	22772	27992d1a	deflated	f496874c86992b7436962451e05d1ffc9ca32ab64ce819501c42d807670e376e
jline-win-1.0.jar	jline/keybindings-mac.properties	1361	626	67e91b1f	deflated	f64437a364a3295c6de4a42df246838250eb173a4863cce7c18abfa7cd6d09f6
jline-win-1.0.jar	jline/keybindings.properties	1525	721	7985a711	deflated	6b3c516afa1369cc1f80623b392f64f3c07acb1051298a8725d44e40c66bc89a
jline-win-1.0.jar	jline/windowsbindings.properties	1547	724	e6848a6a	deflated	ac0d1763ea8e93e470f283e0093f8408a6c5787c606deac4c167887216995725
jmespath-java-1.12.564.jar	META-INF/MANIFEST.MF	130	108	08960c59	deflated	3361b4fae45527150983b918ea4f23f365809055f11e87101dc864076e083a81
jmespath-java-1.12.564.jar	META-INF/maven/com.amazonaws/jmespath-java/pom.properties	114	114	434be74a	deflated	d7ee80c6a47b197b63857829a08e4d78b9ccebd903a8344cc3a7370af7cd40ea
jmespath-java-1.12.564.jar	META-INF/maven/com.amazonaws/jmespath-java/pom.xml	3422	1034	909fd100	deflated	451f828ee9feb069a6c7494b0047c77eaa39fbe4fed696770fa3643aca701b50
jnr-constants-0.9.9.jar	META-INF/MANIFEST.MF	965	406	7b23cdd2	deflated	e53f576513def1f4234b0ba5de6ec4541897c788f754a206e031e46b70c7915a
jnr-constants-0.9.9.jar	META-INF/maven/com.github.jnr/jnr-constants/pom.properties	112	110	1edcca9a	deflated	880cf2537379ece4dcbfe9de13f9fb8d69d3cd07a71f715365922d4079e3274f
jnr-constants-0.9.9.jar	META-INF/maven/com.github.jnr/jnr-constants/pom.xml	3487	993	ec40c8aa	deflated	55a3e942954dc6caf15c4e9831c8647290662405502bd33ef40773f151f34cb3
jnr-ffi-2.1.7.jar	META-INF/MANIFEST.MF	2502	664	3b974570	deflated	99a7687c0f5ad902790042f7bb8728d18df22cdbb5f7f3a4398bbca4d1e2d306
jnr-ffi-2.1.7.jar	META-INF/maven/com.github.jnr/jnr-ffi/pom.properties	106	105	0a2c86cc	deflated	8c1b757f1b52e0ba9bdb814d26d50660c0c7ddef23aad72282ade6156ef64cfb
jnr-ffi-2.1.7.jar	META-INF/maven/com.github.jnr/jnr-ffi/pom.xml	8175	1742	098165c4	deflated	6bcfa24f72ef05d242ba246507b9a1837520a32ac3deed259bd8fd53a95b221b
jnr-posix-3.0.44.jar	META-INF/MANIFEST.MF	1085	505	3c598875	deflated	3f8ddf81198933bd2301f3e32962f2c84259dc5e7bfe0e9defeb070687546bab
jnr-posix-3.0.44.jar	META-INF/maven/com.github.jnr/jnr-posix/pom.properties	109	106	12c0ed10	deflated	e7366bcebdf45332700bb8d06f3c8bf2beaad4098057542f9325f59d4b80b09b
jnr-posix-3.0.44.jar	META-INF/maven/com.github.jnr/jnr-posix/pom.xml	6343	1573	05621c2d	deflated	521e026ef342cc0e386b3a95a6e3f820f0b9a252f94f16a053bd245465ba4970
jnr-x86asm-1.0.2.jar	META-INF/MANIFEST.MF	124	102	108851e5	deflated	ad934326cf40e3172558720c0ab56e288cfe73f4709ed61133f9fd601c4f6004
jnr-x86asm-1.0.2.jar	META-INF/maven/com.github.jnr/jnr-x86asm/pom.properties	109	108	d53a4dfa	deflated	21e94740904d1e7688889a484c168cb65d8b0a0ccfb304873e64ce8e8d57d093
jnr-x86asm-1.0.2.jar	META-INF/maven/com.github.jnr/jnr-x86asm/pom.xml	1646	622	ca370abe	deflated	ea862ce3bd96ccb8ca36b8e9e7baef2da3fbbfbdc256baeaa8c8a873911074e7
joda-time-2.8.1.jar	META-INF/LICENSE.txt	11560	3963	495fc599	deflated	3ddf9be5c28fe27dad143a5dc76eea25222ad1dd68934a047064e56ed2fa40c5
joda-time-2.8.1.jar	META-INF/MANIFEST.MF	963	369	e6380fdf	deflated	e3b7b6477750b6ab94d0aa7e65f8ac4c8d027c77003fe8d31c48ae2a06b20a3a
joda-time-2.8.1.jar	META-INF/NOTICE.txt	316	147	a53b7b74	deflated	b154bf92635c234c6bb4ba9178f1d4a45da2c581580602d7371dd21579b588d0
joda-time-2.8.1.jar	META-INF/maven/joda-time/joda-time/pom.properties	115	103	2904ecaf	deflated	6023d4ab5b57b2a89d4ec932766a63ee34f37a75a27902543a1a68651f810f75
joda-time-2.8.1.jar	META-INF/maven/joda-time/joda-time/pom.xml	28722	4818	ad8450dc	deflated	18ba5cfdff96091e0019895361446079d91235ee566cb1d497639c1ace629d78
joda-time-2.8.1.jar	org/joda/time/format/messages.properties	650	174	1bab6b04	deflated	eb07afe2320c7210c051f9d47e36d878431d320c002901895355a764661c547e
joda-time-2.8.1.jar	org/joda/time/format/messages_da.properties	663	193	06d6634b	deflated	6254fc677c75b73deee99edcc0eeceb284e818a79f00a632995f1f9ba5baabb1
joda-time-2.8.1.jar	org/joda/time/format/messages_de.properties	660	191	b721cc37	deflated	d522c76958f4248a19bfef8e2c902646b15e8f5827c8d5fddd1be1435def3508
joda-time-2.8.1.jar	org/joda/time/format/messages_en.properties	0	2	00000000	deflated	e3b0c44298fc1c149afbf4c8996fb92427ae41e4649b934ca495991b7852b855
joda-time-2.8.1.jar	org/joda/time/format/messages_es.properties	665	194	4221c155	deflated	cc9702c4cb97f7debc36aa4146be58ca42fcb9d47008de46a426e35ca210a873
joda-time-2.8.1.jar	org/joda/time/format/messages_fr.properties	670	191	21dcc07c	deflated	9a6f43d4d1d44b04f5090e1d7af3bac1e49bf452ba746ab68c5d8413f021b36f
joda-time-2.8.1.jar	org/joda/time/format/messages_ja.properties	658	179	ab573b7a	deflated	08ccd208c136adae4f5e03e17c7a42209e85380488201ca8d524e4d67305907a
joda-time-2.8.1.jar	org/joda/time/format/messages_nl.properties	649	182	bbde0b43	deflated	a0697f339eaad1cfca3516907fe17a0b52d86a0e7a0551fe8860263ca438a251
joda-time-2.8.1.jar	org/joda/time/format/messages_pl.properties	1172	315	1a2daf6f	deflated	f2ecf97021248eda8b72edcd0e11b16a779ce977c37a753f5be43b333ad25edf
joda-time-2.8.1.jar	org/joda/time/format/messages_pt.properties	652	191	677d6b79	deflated	fc4998773f1f751054c20b9329bda5820a71f5cd1d7db243b793754e3d55bab6
joda-time-2.8.1.jar	org/joda/time/tz/data/Africa/Abidjan	46	40	c14783bc	deflated	0bdced4536b32102e9dbc0d4d9add475461fd38a656f7942173136ac91548910
joda-time-2.8.1.jar	org/joda/time/tz/data/Africa/Accra	443	260	48bbe6c1	deflated	9670cd2103191fd7e226bee6cffd2385b6d4767b6f4d191814a9a4c09a419e3b
joda-time-2.8.1.jar	org/joda/time/tz/data/Africa/Addis_Ababa	86	73	b94a1c66	deflated	be2a16a1b8886193458d068655413875fefe883053310ea000d0babfbf6cc35e
joda-time-2.8.1.jar	org/joda/time/tz/data/Africa/Algiers	308	226	2a7cc12b	deflated	d75e1e4fc039fb314a89845ad638558a38b898d0cad3f06a1b884a876efaab58
joda-time-2.8.1.jar	org/joda/time/tz/data/Africa/Asmara	86	73	b94a1c66	deflated	be2a16a1b8886193458d068655413875fefe883053310ea000d0babfbf6cc35e
joda-time-2.8.1.jar	org/joda/time/tz/data/Africa/Bamako	46	40	c14783bc	deflated	0bdced4536b32102e9dbc0d4d9add475461fd38a656f7942173136ac91548910
joda-time-2.8.1.jar	org/joda/time/tz/data/Africa/Bangui	46	39	7d5fa732	deflated	ac420f388d80af3b5de05e703d69421a7e8bdfc9d81244fc663da93701c3a03f
joda-time-2.8.1.jar	org/joda/time/tz/data/Africa/Banjul	46	40	c14783bc	deflated	0bdced4536b32102e9dbc0d4d9add475461fd38a656f7942173136ac91548910
joda-time-2.8.1.jar	org/joda/time/tz/data/Africa/Bissau	58	50	d92977bd	deflated	55fcdce48427f7480d4cd86c858d54fd2556b10c3a651395a974dc97b421c0cf
joda-time-2.8.1.jar	org/joda/time/tz/data/Africa/Blantyre	46	39	cfa2e562	deflated	2444b877660cbc6c2804dde1aaec4e4a8042801e7ddba2b6f36e71ea30bea55a
joda-time-2.8.1.jar	org/joda/time/tz/data/Africa/Brazzaville	46	39	7d5fa732	deflated	ac420f388d80af3b5de05e703d69421a7e8bdfc9d81244fc663da93701c3a03f
joda-time-2.8.1.jar	org/joda/time/tz/data/Africa/Bujumbura	46	39	cfa2e562	deflated	2444b877660cbc6c2804dde1aaec4e4a8042801e7ddba2b6f36e71ea30bea55a
joda-time-2.8.1.jar	org/joda/time/tz/data/Africa/Cairo	934	579	c30eca50	deflated	f6e8d95d61ba7da8973c1e72623e4754a5d1ec7dba28f1f4c8905b6fe5463425
joda-time-2.8.1.jar	org/joda/time/tz/data/Africa/Casablanca	776	500	3f3e42a7	deflated	59c4dde8f35da575221f6d1a372783205113ec4cfc13f55dd8e72ac31a5bf7b3
joda-time-2.8.1.jar	org/joda/time/tz/data/Africa/Ceuta	390	277	d2a57ead	deflated	bd33e058fafc696c96aee25bf9930782381a464256817891fe029183f036f8de
joda-time-2.8.1.jar	org/joda/time/tz/data/Africa/Conakry	46	40	c14783bc	deflated	0bdced4536b32102e9dbc0d4d9add475461fd38a656f7942173136ac91548910
joda-time-2.8.1.jar	org/joda/time/tz/data/Africa/Dakar	46	40	c14783bc	deflated	0bdced4536b32102e9dbc0d4d9add475461fd38a656f7942173136ac91548910
joda-time-2.8.1.jar	org/joda/time/tz/data/Africa/Dar_es_Salaam	86	73	b94a1c66	deflated	be2a16a1b8886193458d068655413875fefe883053310ea000d0babfbf6cc35e
joda-time-2.8.1.jar	org/joda/time/tz/data/Africa/Djibouti	86	73	b94a1c66	deflated	be2a16a1b8886193458d068655413875fefe883053310ea000d0babfbf6cc35e
joda-time-2.8.1.jar	org/joda/time/tz/data/Africa/Douala	46	39	7d5fa732	deflated	ac420f388d80af3b5de05e703d69421a7e8bdfc9d81244fc663da93701c3a03f
joda-time-2.8.1.jar	org/joda/time/tz/data/Africa/El_Aaiun	699	443	0d470823	deflated	e949fa5e6e61af88930f90145f85bd98e37fe6009d05e55de8ed65f97184bbed
joda-time-2.8.1.jar	org/joda/time/tz/data/Africa/Freetown	46	40	c14783bc	deflated	0bdced4536b32102e9dbc0d4d9add475461fd38a656f7942173136ac91548910
joda-time-2.8.1.jar	org/joda/time/tz/data/Africa/Gaborone	46	39	cfa2e562	deflated	2444b877660cbc6c2804dde1aaec4e4a8042801e7ddba2b6f36e71ea30bea55a
joda-time-2.8.1.jar	org/joda/time/tz/data/Africa/Harare	46	39	cfa2e562	deflated	2444b877660cbc6c2804dde1aaec4e4a8042801e7ddba2b6f36e71ea30bea55a
joda-time-2.8.1.jar	org/joda/time/tz/data/Africa/Johannesburg	92	80	2c35cfca	deflated	7f483ce015346250ca5b407bea55d02c46c0c4b865bbf4db91a86d62979df254
joda-time-2.8.1.jar	org/joda/time/tz/data/Africa/Juba	288	195	82f85afe	deflated	c1eb94dee584913792c5942477c552e656c3056c2910acbe7a245c11f546bb2b
joda-time-2.8.1.jar	org/joda/time/tz/data/Africa/Kampala	86	73	b94a1c66	deflated	be2a16a1b8886193458d068655413875fefe883053310ea000d0babfbf6cc35e
joda-time-2.8.1.jar	org/joda/time/tz/data/Africa/Khartoum	288	195	82f85afe	deflated	c1eb94dee584913792c5942477c552e656c3056c2910acbe7a245c11f546bb2b
joda-time-2.8.1.jar	org/joda/time/tz/data/Africa/Kigali	46	39	cfa2e562	deflated	2444b877660cbc6c2804dde1aaec4e4a8042801e7ddba2b6f36e71ea30bea55a
joda-time-2.8.1.jar	org/joda/time/tz/data/Africa/Kinshasa	46	39	7d5fa732	deflated	ac420f388d80af3b5de05e703d69421a7e8bdfc9d81244fc663da93701c3a03f
joda-time-2.8.1.jar	org/joda/time/tz/data/Africa/Lagos	46	39	7d5fa732	deflated	ac420f388d80af3b5de05e703d69421a7e8bdfc9d81244fc663da93701c3a03f
joda-time-2.8.1.jar	org/joda/time/tz/data/Africa/Libreville	46	39	7d5fa732	deflated	ac420f388d80af3b5de05e703d69421a7e8bdfc9d81244fc663da93701c3a03f
joda-time-2.8.1.jar	org/joda/time/tz/data/Africa/Lome	46	40	c14783bc	deflated	0bdced4536b32102e9dbc0d4d9add475461fd38a656f7942173136ac91548910
joda-time-2.8.1.jar	org/joda/time/tz/data/Africa/Luanda	46	39	7d5fa732	deflated	ac420f388d80af3b5de05e703d69421a7e8bdfc9d81244fc663da93701c3a03f
joda-time-2.8.1.jar	org/joda/time/tz/data/Africa/Lubumbashi	46	39	cfa2e562	deflated	2444b877660cbc6c2804dde1aaec4e4a8042801e7ddba2b6f36e71ea30bea55a
joda-time-2.8.1.jar	org/joda/time/tz/data/Africa/Lusaka	46	39	cfa2e562	deflated	2444b877660cbc6c2804dde1aaec4e4a8042801e7ddba2b6f36e71ea30bea55a
joda-time-2.8.1.jar	org/joda/time/tz/data/Africa/Malabo	46	39	7d5fa732	deflated	ac420f388d80af3b5de05e703d69421a7e8bdfc9d81244fc663da93701c3a03f
joda-time-2.8.1.jar	org/joda/time/tz/data/Africa/Maputo	46	39	cfa2e562	deflated	2444b877660cbc6c2804dde1aaec4e4a8042801e7ddba2b6f36e71ea30bea55a
joda-time-2.8.1.jar	org/joda/time/tz/data/Africa/Maseru	92	80	2c35cfca	deflated	7f483ce015346250ca5b407bea55d02c46c0c4b865bbf4db91a86d62979df254
joda-time-2.8.1.jar	org/joda/time/tz/data/Africa/Mbabane	92	80	2c35cfca	deflated	7f483ce015346250ca5b407bea55d02c46c0c4b865bbf4db91a86d62979df254
joda-time-2.8.1.jar	org/joda/time/tz/data/Africa/Mogadishu	86	73	b94a1c66	deflated	be2a16a1b8886193458d068655413875fefe883053310ea000d0babfbf6cc35e
joda-time-2.8.1.jar	org/joda/time/tz/data/Africa/Monrovia	88	64	5f20187b	deflated	cd085c25e813e609b061c5f827f30ee08fb793aad52496a18286aa2aad9029a5
joda-time-2.8.1.jar	org/joda/time/tz/data/Africa/Nairobi	86	73	b94a1c66	deflated	be2a16a1b8886193458d068655413875fefe883053310ea000d0babfbf6cc35e
joda-time-2.8.1.jar	org/joda/time/tz/data/Africa/Ndjamena	66	58	c39d54f0	deflated	f02b38e263e2d47efdd2f70e263b9ed06b434fcb7116e1b69d5ebf1d5fd22368
joda-time-2.8.1.jar	org/joda/time/tz/data/Africa/Niamey	46	39	7d5fa732	deflated	ac420f388d80af3b5de05e703d69421a7e8bdfc9d81244fc663da93701c3a03f
joda-time-2.8.1.jar	org/joda/time/tz/data/Africa/Nouakchott	46	40	c14783bc	deflated	0bdced4536b32102e9dbc0d4d9add475461fd38a656f7942173136ac91548910
joda-time-2.8.1.jar	org/joda/time/tz/data/Africa/Ouagadougou	46	40	c14783bc	deflated	0bdced4536b32102e9dbc0d4d9add475461fd38a656f7942173136ac91548910
joda-time-2.8.1.jar	org/joda/time/tz/data/Africa/Porto-Novo	46	39	7d5fa732	deflated	ac420f388d80af3b5de05e703d69421a7e8bdfc9d81244fc663da93701c3a03f
joda-time-2.8.1.jar	org/joda/time/tz/data/Africa/Sao_Tome	46	40	c14783bc	deflated	0bdced4536b32102e9dbc0d4d9add475461fd38a656f7942173136ac91548910
joda-time-2.8.1.jar	org/joda/time/tz/data/Africa/Tripoli	274	202	6df7de8b	deflated	3a226937087c7e485869d1f119fe4a4e54118fef38a74930a3802489be12ee26
joda-time-2.8.1.jar	org/joda/time/tz/data/Africa/Tunis	297	219	78a13bb7	deflated	4f2da7f084741499f5f899ed8b15f45fe5fa40339c57f607833b0ebaa4f831fa
joda-time-2.8.1.jar	org/joda/time/tz/data/Africa/Windhoek	144	116	0820f453	deflated	7cc852d6ab26f34dbe1e1364260f25bb60df24bff741899cacc0592b8a4b7a2e
joda-time-2.8.1.jar	org/joda/time/tz/data/America/Adak	704	469	84b20eeb	deflated	426fe03ebe937454b98695d7a4c8848082bfbf4d5e08e2376b39aebf1e13ad75
joda-time-2.8.1.jar	org/joda/time/tz/data/America/Anchorage	711	476	d28c0d20	deflated	5f318acf5f3dfae671d5d3f11df33aace3b7f512df596ecc5c28ce6bf1bad052
joda-time-2.8.1.jar	org/joda/time/tz/data/America/Anguilla	46	41	a16fd42b	deflated	b24abbc42e16a553006f45e8935ef102ab3cdd61d9f542701c6bf7fdfbda3f61
joda-time-2.8.1.jar	org/joda/time/tz/data/America/Antigua	46	41	a16fd42b	deflated	b24abbc42e16a553006f45e8935ef102ab3cdd61d9f542701c6bf7fdfbda3f61
joda-time-2.8.1.jar	org/joda/time/tz/data/America/Araguaina	402	292	53cae718	deflated	a7469be7f379f371bfeb16b39a88cb725a2a5bef9d70e818078813bcd80c170f
joda-time-2.8.1.jar	org/joda/time/tz/data/America/Argentina/Buenos_Aires	486	352	3a648a2a	deflated	5be7d53e180aeca90aa700aa997b82f4a2cc524a7ab382708811b97f72a28fe9
joda-time-2.8.1.jar	org/joda/time/tz/data/America/Argentina/Catamarca	492	360	ebe98289	deflated	5f3c85acaa643deaaaeb9c6d37be9536f7da6f469bb040a88aaf367a47d00ce5
joda-time-2.8.1.jar	org/joda/time/tz/data/America/Argentina/Cordoba	492	357	826104b8	deflated	9089652825abbe1e0eda2f6f2152d914cd169c5eabd23a81840525f011526663
joda-time-2.8.1.jar	org/joda/time/tz/data/America/Argentina/Jujuy	485	355	918c5c8f	deflated	e1110a2faeca01e979259090877150453b664a4f8b546c5da30d2f8300036d40
joda-time-2.8.1.jar	org/joda/time/tz/data/America/Argentina/La_Rioja	499	366	33b9eb73	deflated	8e37fbb80316e4863caa7f08b039489d80c0a28997ec9d4e3ab60e77c54d05b2
joda-time-2.8.1.jar	org/joda/time/tz/data/America/Argentina/Mendoza	499	365	73c00053	deflated	06058eb9c3f8bd153ed825ea3b209874e8c5b93c39ee3b50bbdcde8ff8a244c9
joda-time-2.8.1.jar	org/joda/time/tz/data/America/Argentina/Rio_Gallegos	492	357	7594853a	deflated	61b1276df2bc9dfb5d43b501f69deca0b78dde6128220d20c713c59bacf42d97
joda-time-2.8.1.jar	org/joda/time/tz/data/America/Argentina/Salta	478	349	12f58458	deflated	4482944f39468e3f03002c276d84558aac10d7428654b57bdbb4e984054b0a56
joda-time-2.8.1.jar	org/joda/time/tz/data/America/Argentina/San_Juan	499	365	f60bfdd5	deflated	a9c1c08be9fdf7703270ff93b4ca7c5a26702afc4928cb8de1753a19dac8088e
joda-time-2.8.1.jar	org/joda/time/tz/data/America/Argentina/San_Luis	506	370	fac8db4d	deflated	3543c494a48d8287d391032b9d515bbbe63523014187e0c16450613b4239b2cb
joda-time-2.8.1.jar	org/joda/time/tz/data/America/Argentina/Tucuman	506	368	956cddf6	deflated	b2916b3c33176c1c740289230732a1e87d0b755d5af75aa08e82c909de1c3d3d
joda-time-2.8.1.jar	org/joda/time/tz/data/America/Argentina/Ushuaia	492	358	9a1ecc19	deflated	37fec705f0a015517cb63ea5b138957da4e8f9f280ad80b866974e4b003c57a9
joda-time-2.8.1.jar	org/joda/time/tz/data/America/Aruba	58	51	ab27cbef	deflated	f9eb8abb09bc0e9a1be10db275b02c8c53e782b766c7521f9a3fd76a794831b6
joda-time-2.8.1.jar	org/joda/time/tz/data/America/Asuncion	645	426	5182be60	deflated	f9982e41dbeba7923a2273f23028dc647e7e1d57f84a2bf4c41ee1484d41f202
joda-time-2.8.1.jar	org/joda/time/tz/data/America/Atikokan	108	92	4300cba2	deflated	786c1457dbe19c1186ea22e175800bfc3e23d29cec689eff155fabff82dd1094
joda-time-2.8.1.jar	org/joda/time/tz/data/America/Bahia	472	334	1e9297a7	deflated	a429f2fd5bde53ab5d0fcca438737b90ccff77f1bbe8b60b61b699ceb269d3d1
joda-time-2.8.1.jar	org/joda/time/tz/data/America/Bahia_Banderas	358	258	f2d175c4	deflated	47fc6e27773791aeecb4b3ac4d86d285c2022335f99514e82ed59894325be514
joda-time-2.8.1.jar	org/joda/time/tz/data/America/Barbados	128	95	26748577	deflated	90bae0dbbbec85c70cc53b98fb4121856f759bec70afa9c12e8c1b1db16b2083
joda-time-2.8.1.jar	org/joda/time/tz/data/America/Belem	248	186	b006914c	deflated	db34ec7e4d858fed434c9ebdb8f6780b29c127547ae05b1f85a11f326b4cdceb
joda-time-2.8.1.jar	org/joda/time/tz/data/America/Belize	435	296	ba6be4f7	deflated	06dafd47fc4fde00ebe976cb303b0bac1d3224762ab8d0a8dc54586c7ec059b8
joda-time-2.8.1.jar	org/joda/time/tz/data/America/Blanc-Sablon	96	82	8350b6cd	deflated	05451ef96bb7fd611cee30585e8d4c69f0f08a76aa7e9f8196d49ac9600f17f3
joda-time-2.8.1.jar	org/joda/time/tz/data/America/Boa_Vista	276	206	98572d6d	deflated	7c2975b12a7e3dd5726d3d1c45f95aa2a2eaedab13581f34caaa7477a8a41c15
joda-time-2.8.1.jar	org/joda/time/tz/data/America/Bogota	87	72	eded2e6d	deflated	bdc84dcf3234b52bbd21c8b9014d6897a90e61e27cb5438cc3ed42692f2149e2
joda-time-2.8.1.jar	org/joda/time/tz/data/America/Boise	725	465	ee3ad401	deflated	e38d24040fc5d5dbf181d9d983bbc65de55e6afbab2a1cde3cd215d8874d4c8f
joda-time-2.8.1.jar	org/joda/time/tz/data/America/Cambridge_Bay	532	375	8492b887	deflated	ce635d22f7942a343b523bff6c0aa69c54476592612c7eb230e4e5f476c27838
joda-time-2.8.1.jar	org/joda/time/tz/data/America/Campo_Grande	974	614	1db0a9a7	deflated	c8b593fb4350f3a76b9055860288868cd97516799c3a6c28e5fde20d7c6c3d43
joda-time-2.8.1.jar	org/joda/time/tz/data/America/Cancun	347	242	b121afaa	deflated	4cb34faf14ea95639a2bd39f0a9c13a18452234f0c1d83c50c34eee17254d3ff
joda-time-2.8.1.jar	org/joda/time/tz/data/America/Caracas	81	66	00b58155	deflated	d9c2f58191e2565ee65cacef044393724245a04325d075c799530baf0bd42d08
joda-time-2.8.1.jar	org/joda/time/tz/data/America/Cayenne	53	48	73a2d596	deflated	5a48d803a6b7fe693a1f417adfa7ecd08004e02be188f613e08f1676feae860c
joda-time-2.8.1.jar	org/joda/time/tz/data/America/Cayman	111	88	fd635d67	deflated	20a0da17967ec29f32d613483a4eebe33bc05d72d9fbf664bf71b48ac195b168
joda-time-2.8.1.jar	org/joda/time/tz/data/America/Chicago	1315	750	9f373e6e	deflated	a62b5965a7f26b673e0303c295b75b157e44995eb5e6b24e7dcf7f37870781c8
joda-time-2.8.1.jar	org/joda/time/tz/data/America/Chihuahua	218	167	5bd1090a	deflated	b517926d41cf43428ac30cbf1fc370c5c2355e176ac945616ab6e3c66bd591a2
joda-time-2.8.1.jar	org/joda/time/tz/data/America/Costa_Rica	129	99	d1f8d769	deflated	0c2ae4a06596c7fa87f30a7b071410fdaad25778ec699e44ac6e965a0583a3d5
joda-time-2.8.1.jar	org/joda/time/tz/data/America/Creston	65	56	21789dce	deflated	aabb4c74f34b64ac81d4e97b69fdf848a1f45da678432439082138aa79e918ac
joda-time-2.8.1.jar	org/joda/time/tz/data/America/Cuiaba	960	605	1c0edfcc	deflated	31215bd6a6300f2fc8b345d807ba55ce002a0bfdeadbb6f2e467d69d49ebc163
joda-time-2.8.1.jar	org/joda/time/tz/data/America/Curacao	58	51	ab27cbef	deflated	f9eb8abb09bc0e9a1be10db275b02c8c53e782b766c7521f9a3fd76a794831b6
joda-time-2.8.1.jar	org/joda/time/tz/data/America/Danmarkshavn	288	197	a6c92850	deflated	fb1c0acb2db61f34b7d28749ad3a45aac0e36266ef0fc927673130e47215d0aa
joda-time-2.8.1.jar	org/joda/time/tz/data/America/Dawson	564	384	fdc2f8d1	deflated	59dafe2cadf074b8aa0162e02a5081fc803fcda28a7b449d2f8ae6451b70d6ef
joda-time-2.8.1.jar	org/joda/time/tz/data/America/Dawson_Creek	465	316	cec21d12	deflated	adecda166158d707dd2481d75394800dad63def2a6d14455307cc18fb9f4235b
joda-time-2.8.1.jar	org/joda/time/tz/data/America/Denver	764	481	5fab4bb3	deflated	51eab141a990d651ab442f5dbe01aa9bd1428fcfdfd1332e526edf8335be9e51
joda-time-2.8.1.jar	org/joda/time/tz/data/America/Detroit	637	411	913f5e5d	deflated	9b1bdc1bb4cb27a2894a58fd171ea6bc1c518baf91b4368d6ae66ee6dfd8bbce
joda-time-2.8.1.jar	org/joda/time/tz/data/America/Dominica	46	41	a16fd42b	deflated	b24abbc42e16a553006f45e8935ef102ab3cdd61d9f542701c6bf7fdfbda3f61
joda-time-2.8.1.jar	org/joda/time/tz/data/America/Edmonton	737	475	3a29784a	deflated	d22b0a4ce8362d602806feac780e91bf30725d713a30ba4245e3de5448120bb0
joda-time-2.8.1.jar	org/joda/time/tz/data/America/Eirunepe	281	209	67506b9e	deflated	7e8f8e353d379bc5cf2b63acfbd526fabf89e37f14ae3e24c220d4bcbe79e9c6
joda-time-2.8.1.jar	org/joda/time/tz/data/America/El_Salvador	79	66	89e5b430	deflated	b67641ca4b0b9532d35ceb295b6fca1312fca6ea1cde5143aac73179d3ab3224
joda-time-2.8.1.jar	org/joda/time/tz/data/America/Fortaleza	315	235	6bf69fbc	deflated	427f1f1417bb129bcf44a64cda151e4d465fb4dfffc29eedb06b9e724ba9511c
joda-time-2.8.1.jar	org/joda/time/tz/data/America/Glace_Bay	639	411	56270486	deflated	700d103764ab66dda45bd3fb8a486978a6d92acb1e99375268118abf12775c16
joda-time-2.8.1.jar	org/joda/time/tz/data/America/Godthab	316	215	8412d278	deflated	2929333d047ad1ce26be7403c59ef6a9680c05e711d67879f40664c7a9186efd
joda-time-2.8.1.jar	org/joda/time/tz/data/America/Goose_Bay	1193	719	9367a68f	deflated	ea90862d04d59f89cdf8ed0b4f05361cf78e637172297727079fc5fa6dda4a32
joda-time-2.8.1.jar	org/joda/time/tz/data/America/Grand_Turk	595	381	0418ffd3	deflated	a342a9fea155a9b820f55da1923d2138c5aba8f51ac40900693df423687f036d
joda-time-2.8.1.jar	org/joda/time/tz/data/America/Grenada	46	41	a16fd42b	deflated	b24abbc42e16a553006f45e8935ef102ab3cdd61d9f542701c6bf7fdfbda3f61
joda-time-2.8.1.jar	org/joda/time/tz/data/America/Guadeloupe	46	41	a16fd42b	deflated	b24abbc42e16a553006f45e8935ef102ab3cdd61d9f542701c6bf7fdfbda3f61
joda-time-2.8.1.jar	org/joda/time/tz/data/America/Guatemala	107	87	b1c2d1bb	deflated	ba81c685d44f3c14287535d25965cc03a6a85d1a20b20e082b1548183ce0b9a8
joda-time-2.8.1.jar	org/joda/time/tz/data/America/Guayaquil	64	54	3d727abb	deflated	55b05ee64d89689c3546d99442087fec071698e5b8f8328e8e42f87bea7ad50c
joda-time-2.8.1.jar	org/joda/time/tz/data/America/Guyana	85	72	7d8843b8	deflated	f22c615cf1f87be743e75615698835011d565ef610b0456b4cd303f7d46eb426
joda-time-2.8.1.jar	org/joda/time/tz/data/America/Halifax	1255	740	d7b4e9a5	deflated	3def5eb4b160c0b3890a24161f422c675799baa8acabc9874f75dd65e696a3b9
joda-time-2.8.1.jar	org/joda/time/tz/data/America/Havana	832	533	023adcfa	deflated	f361d1f40fdf47b156c3c08f632a87bf7977edbcfe8c2bb8e30e6dfea606d1a2
joda-time-2.8.1.jar	org/joda/time/tz/data/America/Hermosillo	155	122	3fe67edc	deflated	428fa054bb0f3e53e3db69db0785c2705df7b878320066662193080614cbddcf
joda-time-2.8.1.jar	org/joda/time/tz/data/America/Indiana/Indianapolis	361	260	4d4eb296	deflated	fbac9ee5dedfdb0139b773da9e19c6af9d90ab5cbd73499e71d7c287cb5a4e69
joda-time-2.8.1.jar	org/joda/time/tz/data/America/Indiana/Knox	741	482	0763311d	deflated	a4d5a247e2b7b26f7669acae1f55b314d85fa2f738991337098386d30182cef2
joda-time-2.8.1.jar	org/joda/time/tz/data/America/Indiana/Marengo	389	285	0af9bd98	deflated	0592e83262431db5358e2403df7757d041caeec58181aa087eae65a56913c3c6
joda-time-2.8.1.jar	org/joda/time/tz/data/America/Indiana/Petersburg	494	351	5bd8df95	deflated	9a1fdc5badc8959b7147af9824271e6b0505e14948309cc6e232b451861b1bb3
joda-time-2.8.1.jar	org/joda/time/tz/data/America/Indiana/Tell_City	375	276	5fd94c17	deflated	8147b336b72d3d1295a70a4802f986dab15367285fcaec741dae46d41c5fc8f8
joda-time-2.8.1.jar	org/joda/time/tz/data/America/Indiana/Vevay	235	184	e5e2f104	deflated	0ea886bcb1262ce6a06f4e8d54dcd5933aa10851d8ab298aa02582029573b435
joda-time-2.8.1.jar	org/joda/time/tz/data/America/Indiana/Vincennes	389	285	0024d500	deflated	3b260395373b09607e878637a4af9a7d9e58515fbc3ae3e08ae41e3029f56d68
joda-time-2.8.1.jar	org/joda/time/tz/data/America/Indiana/Winamac	424	300	4433bafa	deflated	8e4021b6f5df23710d85ebe68b6bc83bd9fe1a6fe1bca01fe6099aba8d35d5c1
joda-time-2.8.1.jar	org/joda/time/tz/data/America/Inuvik	491	333	844e8915	deflated	cb6a79ce243b3faaac857ab425917b1fed658bf30e38190bb250e336298137f9
joda-time-2.8.1.jar	org/joda/time/tz/data/America/Iqaluit	513	357	c44a5483	deflated	6fca781687a89cf478005f9070b45e2e08d25795434fef68996a1a790ae42ea1
joda-time-2.8.1.jar	org/joda/time/tz/data/America/Jamaica	212	147	134bad4f	deflated	22e28f416529c887e3377f54f5fd85d0d873961528856bfd3df0e728e798a79a
joda-time-2.8.1.jar	org/joda/time/tz/data/America/Juneau	700	470	e65d2095	deflated	6f34eceb5adb0d90d5c7cca3ea817aa2a6cdd726be5556eee9f749052664a9d7
joda-time-2.8.1.jar	org/joda/time/tz/data/America/Kentucky/Louisville	914	566	59bc4901	deflated	0c893bf0fabfc92ed56ba5f5c893fcd13578c17f653569a0a6260ed9b3278548
joda-time-2.8.1.jar	org/joda/time/tz/data/America/Kentucky/Monticello	704	449	a5b3af16	deflated	bebd02cad613167e362934e24e1200e6c1dd600b6362617f41a70b15ed0e1e06
joda-time-2.8.1.jar	org/joda/time/tz/data/America/Kralendijk	58	51	ab27cbef	deflated	f9eb8abb09bc0e9a1be10db275b02c8c53e782b766c7521f9a3fd76a794831b6
joda-time-2.8.1.jar	org/joda/time/tz/data/America/La_Paz	89	68	8bd4e15a	deflated	b7377201fb34d2313d1776bd483cb68a4d64df06e6c92d63ab69be6030cf5edc
joda-time-2.8.1.jar	org/joda/time/tz/data/America/Lima	166	130	58ccf9ed	deflated	e5efc8df08fece74339df77cfaa65c585bbcb773e9527a239d41da198a9f0ba7
joda-time-2.8.1.jar	org/joda/time/tz/data/America/Los_Angeles	960	574	20d644a3	deflated	feffe89df19bfe7910b3934d46e61bd24b8efd6032d8d4b0e2eb76ac2c7ace41
joda-time-2.8.1.jar	org/joda/time/tz/data/America/Lower_Princes	58	51	ab27cbef	deflated	f9eb8abb09bc0e9a1be10db275b02c8c53e782b766c7521f9a3fd76a794831b6
joda-time-2.8.1.jar	org/joda/time/tz/data/America/Maceio	332	246	c7f3a0cf	deflated	0488e46387e53a0350abc985472a3ba97d8663f4f41a5ea582c82b5d234c634f
joda-time-2.8.1.jar	org/joda/time/tz/data/America/Managua	175	132	9e8be142	deflated	daef4c4d01cb905ed29b1971196497fe4f0a5d8f833d0c2c0b94190d8cbb5c33
joda-time-2.8.1.jar	org/joda/time/tz/data/America/Manaus	262	195	0772cfb1	deflated	07579fc1f13bfa1670bf0cbe3f95b30e362121410bde149aec2de509e40d8d7a
joda-time-2.8.1.jar	org/joda/time/tz/data/America/Marigot	46	41	a16fd42b	deflated	b24abbc42e16a553006f45e8935ef102ab3cdd61d9f542701c6bf7fdfbda3f61
joda-time-2.8.1.jar	org/joda/time/tz/data/America/Martinique	87	70	62af3dca	deflated	4817bc7b9a4123b9cecb084073ed68c21ca957c399c71a739fac27115b2698b4
joda-time-2.8.1.jar	org/joda/time/tz/data/America/Matamoros	297	207	23a471bb	deflated	c88e58817c99f6cf67f355cdfc22c6a103fe527ee02370c55940ea92b30fff70
joda-time-2.8.1.jar	org/joda/time/tz/data/America/Mazatlan	236	177	91ae1633	deflated	3e3fa054cafcb2a5ac3182cec5de2a6b7ca3f1d36303b273aa6bcc75a0250b5f
joda-time-2.8.1.jar	org/joda/time/tz/data/America/Menominee	665	432	7bb64717	deflated	2f54a42814612fb00e4e7554c5aa919a74811ea3207af0201cf16aa93edc254b
joda-time-2.8.1.jar	org/joda/time/tz/data/America/Merida	192	143	16afe4bb	deflated	84d3b13ee2465b6b452ceb2eee6f0298641094cab034c1f3fe668b19af8331dc
joda-time-2.8.1.jar	org/joda/time/tz/data/America/Metlakatla	308	217	a1aa33a1	deflated	631e90a13bfbed8deb0c9e628468cc73c997e15e00be120bf6249e22fb3b5d5c
joda-time-2.8.1.jar	org/joda/time/tz/data/America/Mexico_City	274	204	ef5b8eea	deflated	cd0c753f7e195dcb1c47e5ebeca4b2604de8c907b888650a1927395e520682c9
joda-time-2.8.1.jar	org/joda/time/tz/data/America/Miquelon	386	265	e16ee7f9	deflated	82eb5bf84101f4c359c830649d61f5de6d5a3ce11888d530127399584db51122
joda-time-2.8.1.jar	org/joda/time/tz/data/America/Moncton	1113	657	6dce89b8	deflated	a33ff86a195eb7b40994e5e4969dec87ed646e9724581574f5634b8102721398
joda-time-2.8.1.jar	org/joda/time/tz/data/America/Monterrey	187	139	8539cc68	deflated	6b9b24a566869818525d3da6615dfa1e05b588a52c3e46c135e27305bfc77ca8
joda-time-2.8.1.jar	org/joda/time/tz/data/America/Montevideo	589	412	5050bfcf	deflated	28c6115b25b5b763cfe18bee126dfb4d5b7b1aa69e7005e1908e489d963a07ab
joda-time-2.8.1.jar	org/joda/time/tz/data/America/Montserrat	46	41	a16fd42b	deflated	b24abbc42e16a553006f45e8935ef102ab3cdd61d9f542701c6bf7fdfbda3f61
joda-time-2.8.1.jar	org/joda/time/tz/data/America/Nassau	692	421	74dcfb33	deflated	08c3ea23b2f0e93607d729146f50d3873b5d9f156c7f3262aff614f75c2deb7b
joda-time-2.8.1.jar	org/joda/time/tz/data/America/New_York	1310	741	10436498	deflated	d909e35a6a947459da3ed753df56cccc779a03a60c29248ef68b813e82307e2d
joda-time-2.8.1.jar	org/joda/time/tz/data/America/Nipigon	604	394	a517b066	deflated	8033f28b549884817b001e0a3fed3e2ac3e422230e1c00ccb5182fad6c06dc61
joda-time-2.8.1.jar	org/joda/time/tz/data/America/Nome	707	475	0d9cf068	deflated	2c3ff1596eee6a3c2f7e53aadeb54f7ff73d880829550e4ebcf638ede0904e9e
joda-time-2.8.1.jar	org/joda/time/tz/data/America/Noronha	318	237	810a6330	deflated	f9f067fd07846ba6e1f79c44432254dc955d0a180ae3a22a357520ba0820947e
joda-time-2.8.1.jar	org/joda/time/tz/data/America/North_Dakota/Beulah	774	495	19a1b9bc	deflated	e6f6209498c30ba52b6ce6da0f383bb9089094e2b4d4f4a47e910cf18c65863b
joda-time-2.8.1.jar	org/joda/time/tz/data/America/North_Dakota/Center	718	467	a3961d29	deflated	74b2d16d5160669e1513d9ac552280f6209cbe3995390c660b5c2ec036ec52eb
joda-time-2.8.1.jar	org/joda/time/tz/data/America/North_Dakota/New_Salem	718	454	9bc933d8	deflated	db11446780f24a16f2f06374b310dda4eee01a57488ff995879882b0907154b0
joda-time-2.8.1.jar	org/joda/time/tz/data/America/Ojinaga	330	237	6318aa96	deflated	45ec1d3becf5e60408a94dcc7b2400b08844c62ba45cebc33a64149160077200
joda-time-2.8.1.jar	org/joda/time/tz/data/America/Panama	67	54	91947782	deflated	b83c713142dfc576d59808cc0c2628639c55b69b30b1f65a53fba1fcf902d874
joda-time-2.8.1.jar	org/joda/time/tz/data/America/Pangnirtung	530	372	8ecb87b7	deflated	732dd79c6e782ac73b934e85abd074286d5ddc513f95b1dbeaeadfd8ec7d913f
joda-time-2.8.1.jar	org/joda/time/tz/data/America/Paramaribo	103	84	f5d31d71	deflated	fd4db84fde73689d362fa8963ea18ed08c66bd747b967fee6a63d8454bb4670f
joda-time-2.8.1.jar	org/joda/time/tz/data/America/Phoenix	125	100	5b9d3b03	deflated	5ac9c46f83b627999687ea186f8e0af0dc964b236a80a79843a2641e6faaf595
joda-time-2.8.1.jar	org/joda/time/tz/data/America/Port-au-Prince	347	245	1dbe8c93	deflated	aaf46f55fbf358f0291fbebb9114fab3c14059cb24cd3dd41265d4fd2d8834ea
joda-time-2.8.1.jar	org/joda/time/tz/data/America/Port_of_Spain	46	41	a16fd42b	deflated	b24abbc42e16a553006f45e8935ef102ab3cdd61d9f542701c6bf7fdfbda3f61
joda-time-2.8.1.jar	org/joda/time/tz/data/America/Porto_Velho	248	185	4c06e514	deflated	ef2b9ed93ce3a2583091ae2c863bf121fa1682598d6f3f74e146d702be4cac56
joda-time-2.8.1.jar	org/joda/time/tz/data/America/Puerto_Rico	77	66	95cd4c4d	deflated	bdb1f733163ed66cd3d155c060547b0ae32f0ef3ef1e94af19347fe3807fd705
joda-time-2.8.1.jar	org/joda/time/tz/data/America/Rainy_River	604	394	206ce9e1	deflated	64b7baf91a6894712182696fcae3c33413e6ad83106633a4888e703d07af5951
joda-time-2.8.1.jar	org/joda/time/tz/data/America/Rankin_Inlet	484	328	88ee04b5	deflated	d99d70680b8aff469f4fc0ee89c4e40b34392cfebc4a2bffa84dbbb5ad1bb440
joda-time-2.8.1.jar	org/joda/time/tz/data/America/Recife	318	237	7562fd8b	deflated	33fc16f67fbabeb90703ba51f84661925bc15c94bfe512a16692aac391df2335
joda-time-2.8.1.jar	org/joda/time/tz/data/America/Regina	430	300	d81979d4	deflated	b764c07734bd5dd7248190e3091066b3a9f663efda3e08ad14fdd20e55fe7eb6
joda-time-2.8.1.jar	org/joda/time/tz/data/America/Resolute	491	335	bb20aad7	deflated	d6f3e736daba661d9ddea51999cd621c36393dcc04f968ab93b6daa243581d46
joda-time-2.8.1.jar	org/joda/time/tz/data/America/Rio_Branco	267	199	591caba1	deflated	09ed4ba0e324ce69692acc8b25a91c4c0e1b32676c15dcd75241f53402cea6f9
joda-time-2.8.1.jar	org/joda/time/tz/data/America/Santa_Isabel	636	422	96f59ed2	deflated	7eae2d25195d1d43a88716b4512ef617cc0f7dfe1906e9b4b20e89cd4b6d9127
joda-time-2.8.1.jar	org/joda/time/tz/data/America/Santarem	260	196	fec76b14	deflated	4bf44e46b7556f9d8595ba19c03429d79eab166d82d11dc3f3f660e3401e8b1d
joda-time-2.8.1.jar	org/joda/time/tz/data/America/Santiago	888	564	4527d148	deflated	a70a1c988421d5fe0961bd01e028aa20517dc004d666e589cd4d77f77c80cad4
joda-time-2.8.1.jar	org/joda/time/tz/data/America/Santo_Domingo	186	147	68d4ec37	deflated	989355a6f70cfbb655a047a29ded18129bf5d7a3511834c728f2008f9baeccc5
joda-time-2.8.1.jar	org/joda/time/tz/data/America/Sao_Paulo	974	614	79a2e3d5	deflated	cd3ffefa2090d9286d7f1d2fac8d70e3f1023916f9d5d936fa6c832362e575e4
joda-time-2.8.1.jar	org/joda/time/tz/data/America/Scoresbysund	327	227	f751ccbc	deflated	58b234e95d921f22348518e40d4615b219fc874f78d46e45809dce936dd1a319
joda-time-2.8.1.jar	org/joda/time/tz/data/America/Sitka	695	462	c27b8dd3	deflated	b9b44fee197b871b9f1f31e2d6c49c5eb23b9cfac6b2aa24950c45c8f85d07f3
joda-time-2.8.1.jar	org/joda/time/tz/data/America/St_Barthelemy	46	41	a16fd42b	deflated	b24abbc42e16a553006f45e8935ef102ab3cdd61d9f542701c6bf7fdfbda3f61
joda-time-2.8.1.jar	org/joda/time/tz/data/America/St_Johns	1734	892	5997a9bb	deflated	0eee59eea04e7cf29fc422fc81ec625814c64edefa71936493324a58347483d7
joda-time-2.8.1.jar	org/joda/time/tz/data/America/St_Kitts	46	41	a16fd42b	deflated	b24abbc42e16a553006f45e8935ef102ab3cdd61d9f542701c6bf7fdfbda3f61
joda-time-2.8.1.jar	org/joda/time/tz/data/America/St_Lucia	46	41	a16fd42b	deflated	b24abbc42e16a553006f45e8935ef102ab3cdd61d9f542701c6bf7fdfbda3f61
joda-time-2.8.1.jar	org/joda/time/tz/data/America/St_Thomas	46	41	a16fd42b	deflated	b24abbc42e16a553006f45e8935ef102ab3cdd61d9f542701c6bf7fdfbda3f61
joda-time-2.8.1.jar	org/joda/time/tz/data/America/St_Vincent	46	41	a16fd42b	deflated	b24abbc42e16a553006f45e8935ef102ab3cdd61d9f542701c6bf7fdfbda3f61
joda-time-2.8.1.jar	org/joda/time/tz/data/America/Swift_Current	220	165	4ef001b6	deflated	e8cbba45ffc3136bace78db090ed796fb7356f62e9ebcd04bfd42d9715ccdd02
joda-time-2.8.1.jar	org/joda/time/tz/data/America/Tegucigalpa	93	77	3b5f015f	deflated	b242428e7b3d5e8863ddf5e07ee2fbd2b580dd95ce23356159780f0b01b5116b
joda-time-2.8.1.jar	org/joda/time/tz/data/America/Thule	314	221	ecd7e0fc	deflated	63feb8e46d0fc77815b6abef8afd791726caebff8eada234a301e0bcdc8cc389
joda-time-2.8.1.jar	org/joda/time/tz/data/America/Thunder_Bay	634	407	acc7e2d5	deflated	e263e9f512e8e6cc70f76a3577f9be2f6215cb6a2cffecd40944117c8e38b04e
joda-time-2.8.1.jar	org/joda/time/tz/data/America/Tijuana	748	484	9a5bee32	deflated	d001bee1383e7fa849d8b6d536903e8058463224c0bf8123edbe7116c16222f4
joda-time-2.8.1.jar	org/joda/time/tz/data/America/Toronto	1290	742	f8117a9a	deflated	f262688abc45fade2da1be16ef6020098f45d98473d66ea1f14591dc6f05a0eb
joda-time-2.8.1.jar	org/joda/time/tz/data/America/Tortola	46	41	a16fd42b	deflated	b24abbc42e16a553006f45e8935ef102ab3cdd61d9f542701c6bf7fdfbda3f61
joda-time-2.8.1.jar	org/joda/time/tz/data/America/Vancouver	989	587	fd4efd70	deflated	a717790159232d2bf9aa93dab8559a216e41a722210b7644ce587e81f2cc0ce2
joda-time-2.8.1.jar	org/joda/time/tz/data/America/Whitehorse	564	381	9fdfc95d	deflated	ddcb7a703eca8c97b4fcf2f3e0dd4ae719f415fc64b0a1ed858ef90143484b50
joda-time-2.8.1.jar	org/joda/time/tz/data/America/Winnipeg	961	583	88fc3644	deflated	f22f11ef68d5661f8ba3af83e2c1ae0de760d1695dde6cf1f001d1ffeb93619c
joda-time-2.8.1.jar	org/joda/time/tz/data/America/Yakutat	690	453	20055f60	deflated	f18f4c0a1f3ccd5505528923d7629665bb7784b191d954e828341d205040b331
joda-time-2.8.1.jar	org/joda/time/tz/data/America/Yellowknife	510	346	6ba6cb1c	deflated	8039b551fb1263d662875c8320a10640d21da3917bda166b4f29d2e83851650b
joda-time-2.8.1.jar	org/joda/time/tz/data/Antarctica/Casey	72	61	5f8d6714	deflated	e4e691c65109a6af6fe6825f66d63b3c632d475b1a058c56fe90600daf01db80
joda-time-2.8.1.jar	org/joda/time/tz/data/Antarctica/Davis	80	67	5ef2c884	deflated	52654075b98b32151f9fb33b20fe5eef3963ce52cc08bf965f1af186e736aa24
joda-time-2.8.1.jar	org/joda/time/tz/data/Antarctica/DumontDUrville	57	48	adb37224	deflated	dae359ff8603cbc8bdc61e4a63ecaeb2385d7f0f694c2f7415c8fbf31dda3424
joda-time-2.8.1.jar	org/joda/time/tz/data/Antarctica/Macquarie	680	431	7bdf6c9f	deflated	15fefc1c2d318cef544968276abb2be8c14d0abfa0ca3ee182c44e13eabdd633
joda-time-2.8.1.jar	org/joda/time/tz/data/Antarctica/Mawson	45	40	e24873fd	deflated	2e239f1ca7b592741586b56e4bc7eb9ff58fbd6155f46002da7f4bb14454925a
joda-time-2.8.1.jar	org/joda/time/tz/data/Antarctica/McMurdo	751	470	956766f4	deflated	fd2558341b9c70a378a79fccf5751bb611c53aeb440e1ecd3c10aef14f8a9d57
joda-time-2.8.1.jar	org/joda/time/tz/data/Antarctica/Palmer	607	405	b3d14cba	deflated	7f4fc881384a494f1d40b0bca29b2e475065e7a3827d0077511d2fd4ce517c30
joda-time-2.8.1.jar	org/joda/time/tz/data/Antarctica/Rothera	38	32	181c6b5e	deflated	2cb496110aafef24de2c8102454ba296e3267f4eae33c2fc9a9097e7c773850f
joda-time-2.8.1.jar	org/joda/time/tz/data/Antarctica/Syowa	38	32	d54c975f	deflated	57ed007dedddb6088c8db1a0e7fbb72f6e9e95e9654d0e86df8003ead44c35a1
joda-time-2.8.1.jar	org/joda/time/tz/data/Antarctica/Troll	83	65	c03fb899	deflated	b8e41b466e01f48b4f957c2c3f33922f4c9b92348a2d5595b1821ad96d6a21dd
joda-time-2.8.1.jar	org/joda/time/tz/data/Antarctica/Vostok	38	34	e20bae8d	deflated	135db938efe7e7284088712e47f2963d05d7bd955d16c0b9b626d572ecc041fc
joda-time-2.8.1.jar	org/joda/time/tz/data/Arctic/Longyearbyen	481	318	f8657b9e	deflated	fbff820e9e20e6d21528936fcf71ef415f8ab3d3d9d6079eca51ba26e0b05e21
joda-time-2.8.1.jar	org/joda/time/tz/data/Asia/Aden	46	39	f3fc932a	deflated	6be7da21ed48adea976df51b822e15e7644fa519aa0e5cf2d6ec617b9bb463af
joda-time-2.8.1.jar	org/joda/time/tz/data/Asia/Almaty	383	264	267abc75	deflated	1d2b178b3f763b08c99928ace3ebc070e608bd588e477956621121882931a212
joda-time-2.8.1.jar	org/joda/time/tz/data/Asia/Amman	568	384	497efa60	deflated	9471f8465af57eaef4878ba831dcc0149cd036906edc3302e4f5d71ae636fe17
joda-time-2.8.1.jar	org/joda/time/tz/data/Asia/Anadyr	495	352	4c076695	deflated	b9acb74a57192293ca12689e0e3d809975d427c2bba3a5ee732508963b627338
joda-time-2.8.1.jar	org/joda/time/tz/data/Asia/Aqtau	416	305	dd938b8a	deflated	4ec56770caa0c06a6872cbfb915a13d6a308dbac816f4d9312662a4a87f366c6
joda-time-2.8.1.jar	org/joda/time/tz/data/Asia/Aqtobe	403	284	6e773c5d	deflated	0067e3eb812a5275c67ef52973d9c153bcbf010d6d936b49826d310f92d340b4
joda-time-2.8.1.jar	org/joda/time/tz/data/Asia/Ashgabat	234	175	26ffdf9f	deflated	054ebd3421d0a8f0aabe6db55d4845df22e3b77d6c44b04be0abef3160a3c66a
joda-time-2.8.1.jar	org/joda/time/tz/data/Asia/Baghdad	436	298	10392475	deflated	1a217b15199cb280b71ed2aa3364622bd2c18280ef3f88b52c7062484600a53b
joda-time-2.8.1.jar	org/joda/time/tz/data/Asia/Bahrain	58	48	ef03a3ed	deflated	9d1c7b38424ac589b2189d2e0f9313249de6920c60a28d9ab9f0239064db8ac1
joda-time-2.8.1.jar	org/joda/time/tz/data/Asia/Baku	301	228	b1b27bf0	deflated	f5b3960f621e2774e89e63b72eec3aa497847f73d659191133e75df308ce310a
joda-time-2.8.1.jar	org/joda/time/tz/data/Asia/Bangkok	67	50	88fdd5c3	deflated	13841b57625cec52b100c976637d6e155bc49cc024ca53420b409791784ef68f
joda-time-2.8.1.jar	org/joda/time/tz/data/Asia/Beirut	523	356	55533e4f	deflated	a32afd1b79a98a490d0daf1fb5e2b1d840bd72c948075b1168dae26635efd5fb
joda-time-2.8.1.jar	org/joda/time/tz/data/Asia/Bishkek	422	300	67bd6545	deflated	a47f1e79d97eb9e3b7efe7a198045f8ed5a99bbbac72cbcf600316d6325cc7b3
joda-time-2.8.1.jar	org/joda/time/tz/data/Asia/Brunei	53	46	b78eda2f	deflated	8aadcc134867c5d630bb537cedc89e916dd26b58d80a36d4b732f092e4aa0e25
joda-time-2.8.1.jar	org/joda/time/tz/data/Asia/Chita	508	357	8412b10e	deflated	52b2df7fb5b38228ca1042fd472252994d6f7d5ed54f75fe94e570713a103ec8
joda-time-2.8.1.jar	org/joda/time/tz/data/Asia/Choibalsan	421	294	00a700c6	deflated	6c8d1c4ee1784c3637e81fa94f6c75f2a2faa88fb0403fa602925d7dade7ebd6
joda-time-2.8.1.jar	org/joda/time/tz/data/Asia/Colombo	120	100	f6a88de4	deflated	bdc9577227796dae424bf0b004746766a1a809b4ce2748c549aff5664aed6840
joda-time-2.8.1.jar	org/joda/time/tz/data/Asia/Damascus	771	497	2e480cdb	deflated	9207cc58085ac976a1ddf4b4d40d62561d6b51b70e5de404c31b0cf894da58c2
joda-time-2.8.1.jar	org/joda/time/tz/data/Asia/Dhaka	137	116	e032acc4	deflated	aa3c1095cc8ac9499e4647e25e82aebbe7351d578b6caef29993b6de895d7234
joda-time-2.8.1.jar	org/joda/time/tz/data/Asia/Dili	85	77	f8cfdf07	deflated	73fcb09feeee4ee93b9649c1ad43dbb47bd1a77d12bb2bb8838c5b701b93a6a9
joda-time-2.8.1.jar	org/joda/time/tz/data/Asia/Dubai	46	39	f4691348	deflated	3f5900b8d6f568141d1f57dfccc5aa3b90c20bbfe28a29de5a6167a4274bcff5
joda-time-2.8.1.jar	org/joda/time/tz/data/Asia/Dushanbe	220	161	ef287726	deflated	ef5bd361fdbee81493ea780b133da4cf7d8326507afb92c9048d986aaa88a1e8
joda-time-2.8.1.jar	org/joda/time/tz/data/Asia/Gaza	774	520	cdc49e48	deflated	5dfa79e20f16a268c6b8b19adad781a7838b89ee20db6778d4aaefd091ab0ce7
joda-time-2.8.1.jar	org/joda/time/tz/data/Asia/Hebron	788	529	32287733	deflated	eaaa9b531ebcaf38674f1ce6bc6467f4236eb9d1a14b0cd72b917519dd276749
joda-time-2.8.1.jar	org/joda/time/tz/data/Asia/Ho_Chi_Minh	127	101	1e5a7965	deflated	5e5c8310efc4875e2cd2443beee742215e02575ba30ce7884d4ca5175935f475
joda-time-2.8.1.jar	org/joda/time/tz/data/Asia/Hong_Kong	533	350	ffce287e	deflated	63bd1ebb3470912a6ecbce358e5bdc9aeb4d1947e10e1a2d5b6596c93c9b0e1d
joda-time-2.8.1.jar	org/joda/time/tz/data/Asia/Hovd	411	276	2d05461e	deflated	44a121a12a84ec8aa427d4f951cc2a09bbdbcc99d7b83c933465b52efe04b112
joda-time-2.8.1.jar	org/joda/time/tz/data/Asia/Irkutsk	523	359	e229504f	deflated	e4771fa7743afe535d8e8c6176560da5fb2120f975e9391ca95a3e7b06e44801
joda-time-2.8.1.jar	org/joda/time/tz/data/Asia/Istanbul	978	624	4ac1706b	deflated	7291550f4eb489d14919aa5370d72e1f721fc69c80cbe558f38bdc7be6005da8
joda-time-2.8.1.jar	org/joda/time/tz/data/Asia/Jakarta	125	102	9159bedc	deflated	6eab741f956d441efa0781459a32e5f05836a70cbcffd88b6bf1209337c5bd79
joda-time-2.8.1.jar	org/joda/time/tz/data/Asia/Jayapura	66	59	882896fd	deflated	69e5e824497498165f6fc0ec8dd75b2200226b09d9e1ea79f5090631a556d960
joda-time-2.8.1.jar	org/joda/time/tz/data/Asia/Jerusalem	754	516	a0fa73e6	deflated	176e3e892fb735dff3121ff716fe2cc38306afe7508ec70fd1cc3d0cffeedb0e
joda-time-2.8.1.jar	org/joda/time/tz/data/Asia/Kabul	53	46	42b53a91	deflated	4b6819e912da0d99630614548d786d2a5660c4fcc1eaa53e14c3e062de2079eb
joda-time-2.8.1.jar	org/joda/time/tz/data/Asia/Kamchatka	495	347	2df78d92	deflated	3262a188060dab40632a394dac67c5a8ad9940990289d86fa5bf33d38d1f933d
joda-time-2.8.1.jar	org/joda/time/tz/data/Asia/Karachi	133	111	3dd5b92c	deflated	56a232361b1bfbc97c8ce82d0573a469b5e98e11e5cf296de9607ee3944c7634
joda-time-2.8.1.jar	org/joda/time/tz/data/Asia/Kathmandu	64	53	fe110834	deflated	50b0bfaba8fd137dc673129628aa3c51fa69f7f164877823a3657bbe3c826814
joda-time-2.8.1.jar	org/joda/time/tz/data/Asia/Khandyga	529	372	7e82b62e	deflated	b19e064e0c952ceae0750db74dc5414b2344aac265897576f4b8c4aa6090efeb
joda-time-2.8.1.jar	org/joda/time/tz/data/Asia/Kolkata	94	77	1819c459	deflated	bfe2f915fb751cf3e54d0266e38d53a1f279f06a38be20d6a086708fa82386a2
joda-time-2.8.1.jar	org/joda/time/tz/data/Asia/Krasnoyarsk	502	349	9192f50b	deflated	669f5155df3cb9905ef9dd0bec0420e1f64fe7e7c4949286d48130e301a3f96b
joda-time-2.8.1.jar	org/joda/time/tz/data/Asia/Kuala_Lumpur	136	113	c0cba457	deflated	8bff4cd7161c54cfb330454b39968e0228f206ad29c7e2729cf489e240175354
joda-time-2.8.1.jar	org/joda/time/tz/data/Asia/Kuching	212	154	53bcfc91	deflated	78ca78ddb2a851dda912b49504f5d72e9bad510922164da7a44e688c452dcec5
joda-time-2.8.1.jar	org/joda/time/tz/data/Asia/Kuwait	46	39	f3fc932a	deflated	6be7da21ed48adea976df51b822e15e7644fa519aa0e5cf2d6ec617b9bb463af
joda-time-2.8.1.jar	org/joda/time/tz/data/Asia/Macau	344	245	9793bbe5	deflated	d06c2f22db30433287858e0366aeb814cbd533366271ef2da580491e70aa45e0
joda-time-2.8.1.jar	org/joda/time/tz/data/Asia/Magadan	502	350	f6692b68	deflated	b47853761f2954870b3af3b587b268d8840f69b9abcdb4c92925d8249b342d01
joda-time-2.8.1.jar	org/joda/time/tz/data/Asia/Makassar	87	70	aca54587	deflated	05d102b8e18256e40c243346430b78483a4a98869a3756aa330fdd11225f9b8c
joda-time-2.8.1.jar	org/joda/time/tz/data/Asia/Manila	123	107	dfba57be	deflated	5e51a2e278489d9bd74ab94943b93777cbcedfa3aa417c5de6d3ffeb765909ca
joda-time-2.8.1.jar	org/joda/time/tz/data/Asia/Muscat	46	39	f4691348	deflated	3f5900b8d6f568141d1f57dfccc5aa3b90c20bbfe28a29de5a6167a4274bcff5
joda-time-2.8.1.jar	org/joda/time/tz/data/Asia/Nicosia	421	276	a2141f58	deflated	76f9873a495ef18a4e28fff47227069ca0f5f87ac107753d8a108a9f4801571a
joda-time-2.8.1.jar	org/joda/time/tz/data/Asia/Novokuznetsk	515	363	df7d653d	deflated	1a6cbf6522a2b030da4dd985121b563478ac414d4b0d610e1c953e595036accf
joda-time-2.8.1.jar	org/joda/time/tz/data/Asia/Novosibirsk	509	352	e58f6baf	deflated	abc0bb0189a1e117c2d572f8f22b215d5fd01d2faf8c272bb1a0bd5cd2be00d2
joda-time-2.8.1.jar	org/joda/time/tz/data/Asia/Omsk	502	348	a76b6db9	deflated	64b7258ff3154c19e324de371f28fc3fbb5c81d629f742f0d02c832bf4eaf99f
joda-time-2.8.1.jar	org/joda/time/tz/data/Asia/Oral	410	296	c803e760	deflated	b2a192018ad3dfe637fb8099583818845f35c5fad66fb03294589d7cadbdd605
joda-time-2.8.1.jar	org/joda/time/tz/data/Asia/Phnom_Penh	67	50	88fdd5c3	deflated	13841b57625cec52b100c976637d6e155bc49cc024ca53420b409791784ef68f
joda-time-2.8.1.jar	org/joda/time/tz/data/Asia/Pontianak	120	99	332e4bb5	deflated	c3ae766023ff0c6b147d636f7555faebd621ae97ad222629ad88e2b279171de2
joda-time-2.8.1.jar	org/joda/time/tz/data/Asia/Pyongyang	75	66	c6513998	deflated	9e6bd5c67071f944d215857b009a04b507da4f4781c418f1b171ede787b7a45f
joda-time-2.8.1.jar	org/joda/time/tz/data/Asia/Qatar	58	48	ef03a3ed	deflated	9d1c7b38424ac589b2189d2e0f9313249de6920c60a28d9ab9f0239064db8ac1
joda-time-2.8.1.jar	org/joda/time/tz/data/Asia/Qyzylorda	410	292	5431c600	deflated	2188f917d247fe6ae10c2b85463ec576f93d9d064fcca3831fd27ab8f826636d
joda-time-2.8.1.jar	org/joda/time/tz/data/Asia/Rangoon	92	72	c88d0f9a	deflated	210bd2b4e3c108a163b683324a07ef006970476e93feef379e377c14a0e4dc80
joda-time-2.8.1.jar	org/joda/time/tz/data/Asia/Riyadh	46	39	f3fc932a	deflated	6be7da21ed48adea976df51b822e15e7644fa519aa0e5cf2d6ec617b9bb463af
joda-time-2.8.1.jar	org/joda/time/tz/data/Asia/Sakhalin	520	363	03869154	deflated	61299442447390f73eb11b5b4bdbcce34a91ffd274e844051e27d01f056cfd38
joda-time-2.8.1.jar	org/joda/time/tz/data/Asia/Samarkand	239	177	96e3d748	deflated	5507bb65dba1849a6b3bcc39d62b78b0c0c322d6d428d1198b82c0402f5f0ff1
joda-time-2.8.1.jar	org/joda/time/tz/data/Asia/Seoul	209	162	1e01a80a	deflated	c343ad0a0b7a1f25bb3545574a1175ffc44deefbb1bfc63935c78b65d54a9888
joda-time-2.8.1.jar	org/joda/time/tz/data/Asia/Shanghai	163	123	5b104a4f	deflated	689efb4c95f6b55c33360f4244d41838cc7aa70dcdada4a58f8903d333453c8d
joda-time-2.8.1.jar	org/joda/time/tz/data/Asia/Singapore	143	116	7c80e5f3	deflated	60e05ae60177e62967d45a9d9b904403f085d04028e1d43bb049e691120bd1cd
joda-time-2.8.1.jar	org/joda/time/tz/data/Asia/Srednekolymsk	508	355	ffc6dda0	deflated	712011a7be56f9a87cffcc1e1cafa5977b3f5bd70499162d19852d062675afb4
joda-time-2.8.1.jar	org/joda/time/tz/data/Asia/Taipei	339	239	3b84ef70	deflated	1154995eaf1f56c95d2903e309e0b8a4a7987eb810b4dbd29e2a77c08964081c
joda-time-2.8.1.jar	org/joda/time/tz/data/Asia/Tashkent	233	173	a748976a	deflated	dbeddcf88de35bd49515e703cc0bcafe589221a2b0f5d90d9756ed4854198b76
joda-time-2.8.1.jar	org/joda/time/tz/data/Asia/Tbilisi	437	319	a3ffeaec	deflated	352ab512b1ff4f3e290295694552e61adecbdb825659aacff1672394ffd73fb1
joda-time-2.8.1.jar	org/joda/time/tz/data/Asia/Tehran	760	480	d91e6193	deflated	5550add9403a6c0eed09f2e4039e61e215dec7698536824fb036fd0f40256d61
joda-time-2.8.1.jar	org/joda/time/tz/data/Asia/Thimphu	58	50	feca4bb2	deflated	3033f8d5b640f272371a75877607abe38f24e3cc772184db8dc3ae0b8e666e3c
joda-time-2.8.1.jar	org/joda/time/tz/data/Asia/Tokyo	126	97	4a236341	deflated	f7747ede5e7aea8e1d13b0bc5281da9884905038eb039b5d22a9e8c28bed43cd
joda-time-2.8.1.jar	org/joda/time/tz/data/Asia/Ulaanbaatar	411	276	50b1f227	deflated	ff6a695446a62b24bc64ab0fce601a8da98445cef3e1ce6d35cf59faa30c26e7
joda-time-2.8.1.jar	org/joda/time/tz/data/Asia/Urumqi	46	39	d168b38c	deflated	d9ae32bc75144a7de974e1198b3dd656e38969e6ad9b39ce12483694e1ec70eb
joda-time-2.8.1.jar	org/joda/time/tz/data/Asia/Ust-Nera	521	369	339c6814	deflated	e5f73a90239d8b93899b35ea0e2c96c70be7e8659c8416aa409bbf15c0e3e908
joda-time-2.8.1.jar	org/joda/time/tz/data/Asia/Vientiane	67	50	88fdd5c3	deflated	13841b57625cec52b100c976637d6e155bc49cc024ca53420b409791784ef68f
joda-time-2.8.1.jar	org/joda/time/tz/data/Asia/Vladivostok	502	348	89410636	deflated	736cc4b3dc4a7a6c3cd2d90fd7adf94ba842e67ea87a438d6e0365190a50f9e1
joda-time-2.8.1.jar	org/joda/time/tz/data/Asia/Yakutsk	502	350	0342bab4	deflated	25627a2f3cc00ffa7bd07e3e9a31f71dac29e2e737589c26d10aaa9160db698e
joda-time-2.8.1.jar	org/joda/time/tz/data/Asia/Yekaterinburg	536	375	f2a77343	deflated	f38d0ee39f9619df7d1dda96c6f0472fbbb95f7bb644b122a0a5a6e5b2578992
joda-time-2.8.1.jar	org/joda/time/tz/data/Asia/Yerevan	496	344	ebae9fa1	deflated	bbf3c270d89f6f2637615286f68dc8fd38b05918d1b3285f43c4ac823c9fdbc5
joda-time-2.8.1.jar	org/joda/time/tz/data/Atlantic/Azores	1074	658	77a54057	deflated	137ae9578ac998925a7f949c6955708bf3b4227ff6df31f36707f85c171f3845
joda-time-2.8.1.jar	org/joda/time/tz/data/Atlantic/Bermuda	552	355	df633cf6	deflated	c95c06913351f676ac96c9b86fc72114e7fc9d1c2e8b90b5c95e2895cbf3aaf6
joda-time-2.8.1.jar	org/joda/time/tz/data/Atlantic/Canary	329	227	e03d2b4f	deflated	7e37e6667dc06dc2f902d3f18af5c1ef2e7f3b54ae438c4c819b05f7d4ac19c0
joda-time-2.8.1.jar	org/joda/time/tz/data/Atlantic/Cape_Verde	73	67	970b6d45	deflated	415aa478fb1e04e664b635244a0236b806c2c8806812d2e490f26d10bf76a621
joda-time-2.8.1.jar	org/joda/time/tz/data/Atlantic/Faroe	302	206	0e21d1e3	deflated	44586d61f220ccd9f56b0cf44aa3c19e0d98e94fdc8886003f966e33a8c67b1d
joda-time-2.8.1.jar	org/joda/time/tz/data/Atlantic/Madeira	1078	654	1542f7a7	deflated	33df4fdbd6ef6518534510b02a9ef893e8611930cf7c373db6647d1147e85b49
joda-time-2.8.1.jar	org/joda/time/tz/data/Atlantic/Reykjavik	523	340	6ea4aab2	deflated	f5826c3132f9d0a1f16b5bcf213b54d09a90a2766a41a45d0eb68783511cd897
joda-time-2.8.1.jar	org/joda/time/tz/data/Atlantic/South_Georgia	46	41	a7396cec	deflated	f597bc6edbe4b70ce4e99c6a9e0a72cd3a7bf449465d41549945b09d6e06691a
joda-time-2.8.1.jar	org/joda/time/tz/data/Atlantic/St_Helena	46	40	c14783bc	deflated	0bdced4536b32102e9dbc0d4d9add475461fd38a656f7942173136ac91548910
joda-time-2.8.1.jar	org/joda/time/tz/data/Atlantic/Stanley	549	374	c055cc67	deflated	cb33eccf0dd40f03be7039c98d3a6b5194a69557b04ad112881725714c57005d
joda-time-2.8.1.jar	org/joda/time/tz/data/Australia/Adelaide	668	425	0a7c36d7	deflated	272344c9d701e14a9da57e77a20ec87157e250d21339ce61aadc6ce158a56a8b
joda-time-2.8.1.jar	org/joda/time/tz/data/Australia/Brisbane	165	124	0b64a10c	deflated	7d175e3b6a6ee2bc6748833f747388e3a312bda0706c11af63a20e0678f0550a
joda-time-2.8.1.jar	org/joda/time/tz/data/Australia/Broken_Hill	681	435	dc7e8455	deflated	be1cb02593a6a708a6fa9f31ef367e253387ff0cd7ebd652d8c82f5c2af01e7c
joda-time-2.8.1.jar	org/joda/time/tz/data/Australia/Currie	654	414	3958a34f	deflated	3e4b31e6302a4773d559082e1a9a4d34ac5ccfec597ecc156da11628210517f0
joda-time-2.8.1.jar	org/joda/time/tz/data/Australia/Darwin	116	91	11a5f7f3	deflated	4fb23014c1e214297fd081f0af9de0a49b3c4b8515cfb1fbd7c0a34b652ee8b8
joda-time-2.8.1.jar	org/joda/time/tz/data/Australia/Eucla	295	148	1d2e42a3	deflated	589719143cee4b53d2f37988b2f345abffdce0a35690219a36fb5f3790d13b26
joda-time-2.8.1.jar	org/joda/time/tz/data/Australia/Hobart	710	448	28a75afd	deflated	bcc57b0bec01491782dce2873db64397c9445145d89c745e83fd96d27ca4109a
joda-time-2.8.1.jar	org/joda/time/tz/data/Australia/Lindeman	193	143	085dc610	deflated	639ce44dec7bd739040b6e4a71af80ac3f2ef70a99a23eb89ce0b8356c9480aa
joda-time-2.8.1.jar	org/joda/time/tz/data/Australia/Lord_Howe	478	320	6cf9e6ca	deflated	610803cb90d5ef8d8f624ce26f4a39e6c9640b0c73071a414f669fc82ac15db2
joda-time-2.8.1.jar	org/joda/time/tz/data/Australia/Melbourne	661	419	63e950c0	deflated	0ab2c19e3ecc4a42f579db4c11ba64baad5261efdf4bf984f2bb2c1dcbe55049
joda-time-2.8.1.jar	org/joda/time/tz/data/Australia/Perth	179	140	0e4c4347	deflated	80911f8445be2c49fcbfde6a8b6ec8a59c49beda38ed5ba7d8f88e52d2912491
joda-time-2.8.1.jar	org/joda/time/tz/data/Australia/Sydney	661	417	c216e3dd	deflated	91f19849a7f99cf7ffbf03cac30bd42ba072c87ddfb34f35213a20e60a39481d
joda-time-2.8.1.jar	org/joda/time/tz/data/CET	435	293	0ad4afc3	deflated	3fceddbd7c8f3106b49e5ee53acac1f6ca10a6dfd894fa9ec7e1b89836dc9007
joda-time-2.8.1.jar	org/joda/time/tz/data/CST6CDT	688	428	ba25acb3	deflated	63ddd0d716261ca6b3673903001e1f46f1d502125217a41892af3c2a51c01b64
joda-time-2.8.1.jar	org/joda/time/tz/data/EET	337	218	ff93481d	deflated	2ae9d2b6c0dfa435b481679d86f4c489444ca90ac3d02e341fb6987e4d837aad
joda-time-2.8.1.jar	org/joda/time/tz/data/EST	8	10	68fc9358	deflated	fe06019181bbcbbaed31390ce6fdc4abb50bf2b8491fcd217e23e4e1e9a40621
joda-time-2.8.1.jar	org/joda/time/tz/data/EST5EDT	688	428	4535e2e6	deflated	7d447cb7a6671269108ac23a56c289d5c225cd244e88da13bb75498d78800754
joda-time-2.8.1.jar	org/joda/time/tz/data/Etc/GMT	8	10	e45ce478	deflated	115f13a8ea37aba35cb5a44920dab063f0bdae42e1f66e5beeba7dde4e080085
joda-time-2.8.1.jar	org/joda/time/tz/data/Etc/GMT+1	10	12	15098bf5	deflated	5c2b11f0b2bff28c138b645a6dff49ef0f175aa73eb3573c9e7d40999d3d7c75
joda-time-2.8.1.jar	org/joda/time/tz/data/Etc/GMT+10	11	13	66ffed6a	deflated	234e6ebdf4936989958c0f991a8c7444986f39e088ca6a2fb595c6a54ca65a77
joda-time-2.8.1.jar	org/joda/time/tz/data/Etc/GMT+11	11	13	d80485ee	deflated	2ada5deab604009a7079237710ce3fe1246534d6bf294af6cfb0df48005a8bca
joda-time-2.8.1.jar	org/joda/time/tz/data/Etc/GMT+12	11	13	067a3819	deflated	f2bc61f9cd5e857617b6c2f9707480f2302896cf123ac8e5b6a8aa3c1107cf96
joda-time-2.8.1.jar	org/joda/time/tz/data/Etc/GMT+2	10	12	cb773602	deflated	6409078cdf5f9a3871c39460c9da1a5ed83c669efea92e12de0a9d7d762373fe
joda-time-2.8.1.jar	org/joda/time/tz/data/Etc/GMT+3	10	12	758c5e86	deflated	e4ef0fab04caa4dcf0217df19d4165c316e3137455814fbf36c45100c9f22e10
joda-time-2.8.1.jar	org/joda/time/tz/data/Etc/GMT+4	10	12	acfb4bad	deflated	9279b698b4ed959a07dd981861f8049e3767c2382b5677cf4243d1da4964e84e
joda-time-2.8.1.jar	org/joda/time/tz/data/Etc/GMT+5	10	12	d4022113	deflated	6a44a7b9fb610e1c04bf5008c232ae40ba498f9ddb6ba13899e6a35e40fae2e1
joda-time-2.8.1.jar	org/joda/time/tz/data/Etc/GMT+6	10	12	0a7c9ce4	deflated	29213e60f5da900a9546d29895a90d09d5e15fb2fbbb51b7a32642ef55e448ad
joda-time-2.8.1.jar	org/joda/time/tz/data/Etc/GMT+7	10	12	b487f460	deflated	b1675fc269b0c32c512c0063c1f27632e92ad96ea8b87d47d928293d296d1b3f
joda-time-2.8.1.jar	org/joda/time/tz/data/Etc/GMT+8	10	12	63e3b0f3	deflated	164d3c76debd4335d2d8e92ff8c769b1bb97e25cce6ccf94a384087db5ab3fe4
joda-time-2.8.1.jar	org/joda/time/tz/data/Etc/GMT+9	10	12	4c6fd878	deflated	13b796a53d64f46c7a3e221f09d153ce51066f15a2fd08458619135587de8d20
joda-time-2.8.1.jar	org/joda/time/tz/data/Etc/GMT-1	10	12	6cfed151	deflated	9e3941a90cd354e38f5899ba54f8ccc11ce4fff2cae72a77f7a732542b058a04
joda-time-2.8.1.jar	org/joda/time/tz/data/Etc/GMT-10	11	13	d6221caf	deflated	97694ed370640c282fec3f726e9b8227be33d5b5f5b10e68ce46b2c8cf355a45
joda-time-2.8.1.jar	org/joda/time/tz/data/Etc/GMT-11	11	13	0bd87536	deflated	91a65337bc1d9c599fceded1ea2ab445e0522f418eb0bc83dcf0ae14cb3ede2e
joda-time-2.8.1.jar	org/joda/time/tz/data/Etc/GMT-12	11	13	70a5cbe6	deflated	ea68f1c0b989fee1225e5d7436a3d034db10e420b4119d494306932d9d75da2c
joda-time-2.8.1.jar	org/joda/time/tz/data/Etc/GMT-13	11	13	ad5fa27f	deflated	12e4d4a33201d51fa7579136ab2f82cc4e2b8d2223b6bb7fd150a8cb141e199c
joda-time-2.8.1.jar	org/joda/time/tz/data/Etc/GMT-14	11	13	1729b649	deflated	7d34ffed49c12ce5d394967da3d274304f81d04e1f63117ebf94c48c8963e366
joda-time-2.8.1.jar	org/joda/time/tz/data/Etc/GMT-2	10	12	d1816dbb	deflated	14114b4723c519eb390f1ad06510889c605842889c5539d2f16afdcafb7e3a22
joda-time-2.8.1.jar	org/joda/time/tz/data/Etc/GMT-3	10	12	0c7b0422	deflated	30b70092a1c231a98341960c8cb996bb88d2e28ab33320cf17eb4fb94d7d1f56
joda-time-2.8.1.jar	org/joda/time/tz/data/Etc/GMT-4	10	12	700f122e	deflated	027fa1219a928b8f2980ff4502c73611e2a68cb3908d868858b0deaa3908c483
joda-time-2.8.1.jar	org/joda/time/tz/data/Etc/GMT-5	10	12	adf57bb7	deflated	b1317b9a3ccc99cad021dc7764ba7d51c44949701c83b987b9fe536ae70aff1d
joda-time-2.8.1.jar	org/joda/time/tz/data/Etc/GMT-6	10	12	108ac75d	deflated	49a7bdd279dd58dd36dbe481d8433be3dac82bbf9c36380648cf160cff8a9bdd
joda-time-2.8.1.jar	org/joda/time/tz/data/Etc/GMT-7	10	12	cd70aec4	deflated	8e2fcba84ec3462b80467410f0da2f2f36a7cfd7c259e2e0418de1903b3e7f39
joda-time-2.8.1.jar	org/joda/time/tz/data/Etc/GMT-8	10	12	e862eb45	deflated	9eeea1fc07e83acaa8108547d7f9b9300edb48eac50dfdd3bb6df6d45cc43941
joda-time-2.8.1.jar	org/joda/time/tz/data/Etc/GMT-9	10	12	359882dc	deflated	827b418fc74cce9f7f7a63f07410d5f58ef57e978352baa50ec5a2d81cfd8bbc
joda-time-2.8.1.jar	org/joda/time/tz/data/Etc/UCT	8	10	1ea357a9	deflated	95d7a1baaba71b821c20d504a30c8648901aae9611aca4f1f0382587ff2f80e3
joda-time-2.8.1.jar	org/joda/time/tz/data/Etc/UTC	8	10	ca048d7a	deflated	99d437d0a43bef6286748f150245a1e30a0f60c586fa371fa39accee87cb861e
joda-time-2.8.1.jar	org/joda/time/tz/data/Europe/Amsterdam	1210	562	cfb12925	deflated	3d0e14df43b386972d4b4b0d9e6318be9fda7c5dafa3c8e938cbe222a84b4879
joda-time-2.8.1.jar	org/joda/time/tz/data/Europe/Andorra	258	179	81519ac3	deflated	585497c829c9b6b823c531d131c0faa370bee1a36b37b8a405810506dfad86a2
joda-time-2.8.1.jar	org/joda/time/tz/data/Europe/Athens	488	332	0dc4070e	deflated	1629189ab74f46fbb7b7a5e01bfbd487a570403c4557e0b2db6b1a09eccedead
joda-time-2.8.1.jar	org/joda/time/tz/data/Europe/Belgrade	327	224	ad7553ef	deflated	d9ab08da33ccca524dd9fc02f00ab485f80cbee5acdb397d8ef48a92b49d4dbf
joda-time-2.8.1.jar	org/joda/time/tz/data/Europe/Berlin	504	341	e8d96d61	deflated	5453d3b1412830dd542548c94c524da2c8ab0fd08730541a44355f3cf7ad9761
joda-time-2.8.1.jar	org/joda/time/tz/data/Europe/Bratislava	505	338	edd2c388	deflated	00d31e6ce15f412afa9a3f6e060d4e11986268415dbb1e9b8d13c2120a1c4315
joda-time-2.8.1.jar	org/joda/time/tz/data/Europe/Brussels	817	526	cf0e483d	deflated	43023319b95b4db29c6ca03b13f9134ffa4048c6606aec0cbaaf46898d0c93bc
joda-time-2.8.1.jar	org/joda/time/tz/data/Europe/Bucharest	477	322	50a965ea	deflated	9f7634513aefede2bba947bc36ecd53edb73c789a98214e105e99b6dc91d5252
joda-time-2.8.1.jar	org/joda/time/tz/data/Europe/Budapest	554	368	94938443	deflated	7b1351d5fa76fcf7a09b4a8c519d2bacb9e6d2c6fe401b62e3ffa287c5971021
joda-time-2.8.1.jar	org/joda/time/tz/data/Europe/Busingen	351	239	ecdf1c98	deflated	aa6793054667ca371dcfbd3d7eda390141f80bb98269a19f36294f86f4d305a0
joda-time-2.8.1.jar	org/joda/time/tz/data/Europe/Chisinau	530	373	9be1845a	deflated	b05126da1c243e5eeffba8867b67b00dad3b3a3b8ca7d53d24afa7aea6f72c09
joda-time-2.8.1.jar	org/joda/time/tz/data/Europe/Copenhagen	449	302	75184986	deflated	9ceb74bfdd85cd38544b2e9ff1b1700f88596855126057611cdfcb17f8b278d7
joda-time-2.8.1.jar	org/joda/time/tz/data/Europe/Dublin	1109	671	82b6408a	deflated	d2ae65955f331ccd80d205b0086b18dbb114b7a09acd2f376142817151a6ca53
joda-time-2.8.1.jar	org/joda/time/tz/data/Europe/Gibraltar	899	569	b919ae8d	deflated	caa0fe55772932eb3b5f8807e99d43465c1c327e261c41918cf9670e6fbbd868
joda-time-2.8.1.jar	org/joda/time/tz/data/Europe/Guernsey	1188	714	2d24dcf7	deflated	93668ffdafc3718a12eff46f8ac98088e8d895242163f3c613a743e092abba19
joda-time-2.8.1.jar	org/joda/time/tz/data/Europe/Helsinki	337	228	9be16d89	deflated	19c593836b2a6d8e17f5fe2c58f1d3620e3ea6e84ca31ea4911c3b41588e9b89
joda-time-2.8.1.jar	org/joda/time/tz/data/Europe/Isle_of_Man	1188	714	2d24dcf7	deflated	93668ffdafc3718a12eff46f8ac98088e8d895242163f3c613a743e092abba19
joda-time-2.8.1.jar	org/joda/time/tz/data/Europe/Istanbul	978	624	4ac1706b	deflated	7291550f4eb489d14919aa5370d72e1f721fc69c80cbe558f38bdc7be6005da8
joda-time-2.8.1.jar	org/joda/time/tz/data/Europe/Jersey	1188	714	2d24dcf7	deflated	93668ffdafc3718a12eff46f8ac98088e8d895242163f3c613a743e092abba19
joda-time-2.8.1.jar	org/joda/time/tz/data/Europe/Kaliningrad	621	426	97c0cf6d	deflated	6355b5d540810e9d4305993033730fcff22816ca818a079e556acbf41792f85e
joda-time-2.8.1.jar	org/joda/time/tz/data/Europe/Kiev	379	270	5f6bc5e8	deflated	a7208f7da2c3717718ae6338593b5cf0fe2d444b82612cf2f73d764445598b0c
joda-time-2.8.1.jar	org/joda/time/tz/data/Europe/Lisbon	1068	657	01af6b30	deflated	9d27547b673012627a4842300c8c2d6d7f09df9b1a6a5628bac10baa2365e3d7
joda-time-2.8.1.jar	org/joda/time/tz/data/Europe/Ljubljana	327	224	ad7553ef	deflated	d9ab08da33ccca524dd9fc02f00ab485f80cbee5acdb397d8ef48a92b49d4dbf
joda-time-2.8.1.jar	org/joda/time/tz/data/Europe/London	1188	714	2d24dcf7	deflated	93668ffdafc3718a12eff46f8ac98088e8d895242163f3c613a743e092abba19
joda-time-2.8.1.jar	org/joda/time/tz/data/Europe/Luxembourg	789	511	73912f87	deflated	4303e6a97876243ce55c68f3dcb54fe6cfb15b7df58d18d41bb48ad2d2d1ffb4
joda-time-2.8.1.jar	org/joda/time/tz/data/Europe/Madrid	662	432	465b0d5a	deflated	956aa0baa19f671eae2bd7526ed55860ae3da44e7d341bd5e2a3cd645aaf64a9
joda-time-2.8.1.jar	org/joda/time/tz/data/Europe/Malta	680	450	289ae519	deflated	d389b4e70ddf1007260d563885ed0f023ac708f1c217947a22fbd71ed4535119
joda-time-2.8.1.jar	org/joda/time/tz/data/Europe/Mariehamn	337	228	9be16d89	deflated	19c593836b2a6d8e17f5fe2c58f1d3620e3ea6e84ca31ea4911c3b41588e9b89
joda-time-2.8.1.jar	org/joda/time/tz/data/Europe/Minsk	565	388	f4741ac3	deflated	39b08c9901b05b103519defae8d04804cd2c2de229badd234743a661543ea93a
joda-time-2.8.1.jar	org/joda/time/tz/data/Europe/Monaco	823	518	fa9ea6b1	deflated	fe1ea124d9c5e3df2a6bd13f66b984ed35b0a7c104525f0b5fa506d11fcffdda
joda-time-2.8.1.jar	org/joda/time/tz/data/Europe/Moscow	685	458	d2d3575d	deflated	b25692c2a6661d34e5ab271fde6fa64e47295046e53703b547d5d6c55c5116a1
joda-time-2.8.1.jar	org/joda/time/tz/data/Europe/Nicosia	421	276	a2141f58	deflated	76f9873a495ef18a4e28fff47227069ca0f5f87ac107753d8a108a9f4801571a
joda-time-2.8.1.jar	org/joda/time/tz/data/Europe/Oslo	481	318	f8657b9e	deflated	fbff820e9e20e6d21528936fcf71ef415f8ab3d3d9d6079eca51ba26e0b05e21
joda-time-2.8.1.jar	org/joda/time/tz/data/Europe/Paris	816	517	0f2a9b27	deflated	3d2c2bdd306e2bd7c4f75d0c7d1861b9b48f08069a0bc287fcd859a2c6866e9a
joda-time-2.8.1.jar	org/joda/time/tz/data/Europe/Podgorica	327	224	ad7553ef	deflated	d9ab08da33ccca524dd9fc02f00ab485f80cbee5acdb397d8ef48a92b49d4dbf
joda-time-2.8.1.jar	org/joda/time/tz/data/Europe/Prague	505	338	edd2c388	deflated	00d31e6ce15f412afa9a3f6e060d4e11986268415dbb1e9b8d13c2120a1c4315
joda-time-2.8.1.jar	org/joda/time/tz/data/Europe/Riga	525	354	f9779571	deflated	a4160c9c41587b184d3f3dd1bef1fafa34eb8f8cbd5791c65e5d3c8f5557a4c6
joda-time-2.8.1.jar	org/joda/time/tz/data/Europe/Rome	701	463	4d043d14	deflated	1303d451e67fb7220da06f2a03b487382c82248b37fbe30afe84b9d396466ac0
joda-time-2.8.1.jar	org/joda/time/tz/data/Europe/Samara	531	379	b94d4602	deflated	8a49a6b8d85ef923bb58dfac88e6cc87255ef89f0fff54c8c7ea07223d8ee8e3
joda-time-2.8.1.jar	org/joda/time/tz/data/Europe/San_Marino	701	463	4d043d14	deflated	1303d451e67fb7220da06f2a03b487382c82248b37fbe30afe84b9d396466ac0
joda-time-2.8.1.jar	org/joda/time/tz/data/Europe/Sarajevo	327	224	ad7553ef	deflated	d9ab08da33ccca524dd9fc02f00ab485f80cbee5acdb397d8ef48a92b49d4dbf
joda-time-2.8.1.jar	org/joda/time/tz/data/Europe/Simferopol	602	413	7316b7ec	deflated	9ff01efb14c3d21986ee7536d2d7400c4ac2e9f83fb2e912e49da3ca24d140d6
joda-time-2.8.1.jar	org/joda/time/tz/data/Europe/Skopje	327	224	ad7553ef	deflated	d9ab08da33ccca524dd9fc02f00ab485f80cbee5acdb397d8ef48a92b49d4dbf
joda-time-2.8.1.jar	org/joda/time/tz/data/Europe/Sofia	418	292	7bf35c75	deflated	35b773c73a91a38ade890de44d1e138ac2e86b16e623db87ebdb0029345b9dd9
joda-time-2.8.1.jar	org/joda/time/tz/data/Europe/Stockholm	351	238	6abfb1e2	deflated	990faceaabe10b3d26f3ce32fe01a83b5002c15ccab3e7202c189662b26bc157
joda-time-2.8.1.jar	org/joda/time/tz/data/Europe/Tallinn	477	340	f70869d1	deflated	f03df90d8bcdf89f30fd5a20a5dbc8c1b445b4fb44ce60d4f89bd559c51edf69
joda-time-2.8.1.jar	org/joda/time/tz/data/Europe/Tirane	428	290	c9e20446	deflated	83b6676deaf5aaa6e7c4cae74afb02f6bf332e14655462e70388f0f045c9e285
joda-time-2.8.1.jar	org/joda/time/tz/data/Europe/Uzhgorod	358	260	60aa6718	deflated	ba41655073839d35c70c62c1c58f46665cee0286a73234c475cb720af964b9da
joda-time-2.8.1.jar	org/joda/time/tz/data/Europe/Vaduz	351	239	ecdf1c98	deflated	aa6793054667ca371dcfbd3d7eda390141f80bb98269a19f36294f86f4d305a0
joda-time-2.8.1.jar	org/joda/time/tz/data/Europe/Vatican	701	463	4d043d14	deflated	1303d451e67fb7220da06f2a03b487382c82248b37fbe30afe84b9d396466ac0
joda-time-2.8.1.jar	org/joda/time/tz/data/Europe/Vienna	470	316	33e42368	deflated	08ca68c685c015c02d4bf9b98e895c06fe75558bb7a0110d8868621a94066a0a
joda-time-2.8.1.jar	org/joda/time/tz/data/Europe/Vilnius	481	349	72a2756a	deflated	d1afb88cbd9dd820d06b1d000bb862a39d33af3be8fe3892c488aa0e86502ef0
joda-time-2.8.1.jar	org/joda/time/tz/data/Europe/Volgograd	524	375	ff37045a	deflated	08fa5811106730be791e83c1ebbac3dd18d4403a28838b87544a278d76b5d3b1
joda-time-2.8.1.jar	org/joda/time/tz/data/Europe/Warsaw	671	443	7e043bf3	deflated	b35e6f3b3bdfda1b8569be85c391836666d8e97e9695fd991bc8c8c00f7d1447
joda-time-2.8.1.jar	org/joda/time/tz/data/Europe/Zagreb	327	224	ad7553ef	deflated	d9ab08da33ccca524dd9fc02f00ab485f80cbee5acdb397d8ef48a92b49d4dbf
joda-time-2.8.1.jar	org/joda/time/tz/data/Europe/Zaporozhye	383	277	14739b67	deflated	2b1f67848864e7f2e8b569250cb1b1ad705f29cfa5a8fdb6d2f2062196f33242
joda-time-2.8.1.jar	org/joda/time/tz/data/Europe/Zurich	351	239	ecdf1c98	deflated	aa6793054667ca371dcfbd3d7eda390141f80bb98269a19f36294f86f4d305a0
joda-time-2.8.1.jar	org/joda/time/tz/data/HST	8	10	dd235448	deflated	38c77f785260197edacf5a7aa7acdfe9773a475400b8e8e4bfa2c132b6c98246
joda-time-2.8.1.jar	org/joda/time/tz/data/Indian/Antananarivo	86	73	b94a1c66	deflated	be2a16a1b8886193458d068655413875fefe883053310ea000d0babfbf6cc35e
joda-time-2.8.1.jar	org/joda/time/tz/data/Indian/Chagos	53	46	925420ad	deflated	75ebafaa73fda704f422c8236591cb0ab28ee20a9bf3e350657d65c0d77c44c7
joda-time-2.8.1.jar	org/joda/time/tz/data/Indian/Christmas	46	39	474918d3	deflated	6000a9fc2ac3209fd38fa0efd13a32228dcd3180f2e69baf72636b69e8128ad3
joda-time-2.8.1.jar	org/joda/time/tz/data/Indian/Cocos	46	39	40ee458e	deflated	c8e31194d295665e846f20a8dfbc43d57ac803fc7acf187547d565475ed90974
joda-time-2.8.1.jar	org/joda/time/tz/data/Indian/Comoro	86	73	b94a1c66	deflated	be2a16a1b8886193458d068655413875fefe883053310ea000d0babfbf6cc35e
joda-time-2.8.1.jar	org/joda/time/tz/data/Indian/Kerguelen	37	32	ed11a004	deflated	1e582d801ae491fdd65a33f267c73529d8494c1345d3fdef5535f1111b75d275
joda-time-2.8.1.jar	org/joda/time/tz/data/Indian/Mahe	46	39	03ade10d	deflated	0276c9df914eb28882d042a0dc5a6746f9e67e8981a1a01cdf1c9d844c512549
joda-time-2.8.1.jar	org/joda/time/tz/data/Indian/Maldives	61	47	08dd7335	deflated	877bfa43bfacb6a31478e32ea3f9167958df4fd885028ea5a8dbeadc56b62b8d
joda-time-2.8.1.jar	org/joda/time/tz/data/Indian/Mauritius	77	69	f9dc6c89	deflated	02535873be90b36223bea2974cb7fa08d57b4b78335c34c487243a496d39d7bc
joda-time-2.8.1.jar	org/joda/time/tz/data/Indian/Mayotte	86	73	b94a1c66	deflated	be2a16a1b8886193458d068655413875fefe883053310ea000d0babfbf6cc35e
joda-time-2.8.1.jar	org/joda/time/tz/data/Indian/Reunion	46	38	dc9d8e88	deflated	097dcf0122de676b27d319e04e1cee60c980c2ea6397456a07065436d7c7fbf1
joda-time-2.8.1.jar	org/joda/time/tz/data/MET	435	293	1cd25526	deflated	26bb4c2a5a513b8a93f7668902e7e89cfb94928c8758740aa9c4df41fc521e36
joda-time-2.8.1.jar	org/joda/time/tz/data/MST	8	10	3b8dd984	deflated	839fc791a24faf4f8d28e9e7eb9096f82c52644d06847e2512cf95c83819b717
joda-time-2.8.1.jar	org/joda/time/tz/data/MST7MDT	688	427	a4e30344	deflated	b216e5d08ae358cca2183c9a7a08eb04e93ecc27c6942250eb83e76646f2b8c8
joda-time-2.8.1.jar	org/joda/time/tz/data/PST8PDT	688	428	9ba12332	deflated	eacab8c43a148a45c3e0db9d3ca2753b9bd9deb9aab03cdf8d8ee38a25684164
joda-time-2.8.1.jar	org/joda/time/tz/data/Pacific/Apia	155	123	747a8193	deflated	9f071339c1b83fb2003d11a35812f450b290aa37ba2c4a4a4f849fe71914d27c
joda-time-2.8.1.jar	org/joda/time/tz/data/Pacific/Auckland	751	470	956766f4	deflated	fd2558341b9c70a378a79fccf5751bb611c53aeb440e1ecd3c10aef14f8a9d57
joda-time-2.8.1.jar	org/joda/time/tz/data/Pacific/Bougainville	99	81	9cc8e64e	deflated	5eb5a2dec2e2f7f3005225c01d1e06bf032bd8731662eb6a01f42da5972933a3
joda-time-2.8.1.jar	org/joda/time/tz/data/Pacific/Chatham	996	396	4ef20959	deflated	04ff99e9dc94acbdb2e01848fa962132d9f6b141e594c7ff791bd93de494b1e4
joda-time-2.8.1.jar	org/joda/time/tz/data/Pacific/Chuuk	47	40	7c4c4355	deflated	3c397ff755fdf8e19b9f39c507e9b3fc2023d11cf4f9c053749a8f7de288466e
joda-time-2.8.1.jar	org/joda/time/tz/data/Pacific/Easter	733	475	b1d99242	deflated	821a85f836f66b151d0c3bb1477131716c6cf78f1600bc8979b08fc9a59178ef
joda-time-2.8.1.jar	org/joda/time/tz/data/Pacific/Efate	192	136	a10e5bdd	deflated	087dc64b4fe8a088f2140db71c1323569b723079320b7dc7d74213204448710b
joda-time-2.8.1.jar	org/joda/time/tz/data/Pacific/Enderbury	61	56	767a78db	deflated	4544285d52a90347bebab69686964bb3836b107b5381e7c4e0dd615f3a3fa982
joda-time-2.8.1.jar	org/joda/time/tz/data/Pacific/Fakaofo	53	48	9f105f42	deflated	a9ec735e15c40711e8326d2a6be118a7ad54ebb841bd455cec7ad34cf83271c6
joda-time-2.8.1.jar	org/joda/time/tz/data/Pacific/Fiji	190	145	46d5eb04	deflated	957ada574d5eb2a5bec082ddc9e6bc347a5461fff4097ec0a270b9d58aea1c21
joda-time-2.8.1.jar	org/joda/time/tz/data/Pacific/Funafuti	46	39	2e7d6705	deflated	121fa791e1c2544ab68403b005e455d44a1f24d9c0e91d62facb685ce7932ab6
joda-time-2.8.1.jar	org/joda/time/tz/data/Pacific/Galapagos	59	53	55aea0fa	deflated	6c593ab45613aec2fb6142144bd1e9b4b9cce16584e27e22ce043be3d93780cb
joda-time-2.8.1.jar	org/joda/time/tz/data/Pacific/Gambier	47	40	295ce5a3	deflated	1e3ac256ae35312b432855235f0b839cabb8dd168ed3bca7feedf74dc1aaacd5
joda-time-2.8.1.jar	org/joda/time/tz/data/Pacific/Guadalcanal	46	39	9360f6a4	deflated	687fe555173694c91305c8a957a9d5f0eef717232726412c1f0f37db926c2377
joda-time-2.8.1.jar	org/joda/time/tz/data/Pacific/Guam	69	61	5cc009f4	deflated	9159e226428c7a47423cb5d3afe11bf8bd016a72951cb064eaa9f01d7a40cb2a
joda-time-2.8.1.jar	org/joda/time/tz/data/Pacific/Honolulu	86	74	9832744b	deflated	28b4495cf51b6e29ffb539d2a91b793224c5e47a1f5638b21ec2fba5ee25c8e3
joda-time-2.8.1.jar	org/joda/time/tz/data/Pacific/Johnston	86	74	9832744b	deflated	28b4495cf51b6e29ffb539d2a91b793224c5e47a1f5638b21ec2fba5ee25c8e3
joda-time-2.8.1.jar	org/joda/time/tz/data/Pacific/Kiritimati	67	58	5cb03c8e	deflated	fa7536e72e624cba0f216bb2a42a371b1c176d2d4faae3949e013380ad887eef
joda-time-2.8.1.jar	org/joda/time/tz/data/Pacific/Kosrae	61	53	50ae98f9	deflated	5fd83179faf1e2b5ea81213ade974a53cfb428f97fae503d361d211fa18117e7
joda-time-2.8.1.jar	org/joda/time/tz/data/Pacific/Kwajalein	66	60	cc0a0095	deflated	bbddd32c6eb966378d8ff2bd1ef8ea83c0f5d16c684fc4547cfe16722cbf3a40
joda-time-2.8.1.jar	org/joda/time/tz/data/Pacific/Majuro	53	46	34931825	deflated	b7703d8f2f9e6ddb251425ca6254a1c1fdd5e742f42370e943da2b346a806162
joda-time-2.8.1.jar	org/joda/time/tz/data/Pacific/Marquesas	44	39	af565f06	deflated	ce9476758c92d369e2fe07b117176546962bc48bc0f10224dd9a718ea00b1456
joda-time-2.8.1.jar	org/joda/time/tz/data/Pacific/Midway	86	72	996814c9	deflated	2283e44f73dbb96d883fa24f4574a3251cf8c13f4fc4a5861f2df6de46fc03d9
joda-time-2.8.1.jar	org/joda/time/tz/data/Pacific/Nauru	72	63	838bc861	deflated	8bc56ca7bb9e51af05a19bce181d162ad7d585d7407a9f9d8e5d1b1b59291315
joda-time-2.8.1.jar	org/joda/time/tz/data/Pacific/Niue	66	58	982a0b7a	deflated	ff81e194157e2cbd8e5b2acd6c8ff1e64e5df58325789e2e14e1fc6642e07b9f
joda-time-2.8.1.jar	org/joda/time/tz/data/Pacific/Norfolk	64	51	9a44ccbf	deflated	20b22c279a8ce66b454075297f70a08237d1068178b71ae8d1288750b20321b3
joda-time-2.8.1.jar	org/joda/time/tz/data/Pacific/Noumea	94	78	5105cf71	deflated	a31d15f6ffea9f52c488c582bc69170819cc5bfa18713c058f2ccdf1991f8ef7
joda-time-2.8.1.jar	org/joda/time/tz/data/Pacific/Pago_Pago	86	72	996814c9	deflated	2283e44f73dbb96d883fa24f4574a3251cf8c13f4fc4a5861f2df6de46fc03d9
joda-time-2.8.1.jar	org/joda/time/tz/data/Pacific/Palau	46	39	d2671491	deflated	0218d67ddfcde177313d0b1fba3c479c663b17580d6f7e7884630a039a4e97fa
joda-time-2.8.1.jar	org/joda/time/tz/data/Pacific/Pitcairn	58	51	16887a78	deflated	0e2357220655b27d0e6c8d6480f69e5f5855bad79ccf7b6c7723c514cfe6f2cb
joda-time-2.8.1.jar	org/joda/time/tz/data/Pacific/Pohnpei	47	40	b384f734	deflated	64c88847597e217dd70507de59fae5abb0651fd6ce0a5402c44c75470edf6203
joda-time-2.8.1.jar	org/joda/time/tz/data/Pacific/Port_Moresby	68	54	34ff62ec	deflated	e9d8fc546ef8da90a69337c0a3243802e0ef8ec007933e21400bfe57945e1091
joda-time-2.8.1.jar	org/joda/time/tz/data/Pacific/Rarotonga	235	170	366538d7	deflated	c1f52075efb18118cfc98fd0dccba28ffc1ee7e9bf4ad73b2b4c5d15f5a3ef53
joda-time-2.8.1.jar	org/joda/time/tz/data/Pacific/Saipan	69	61	5cc009f4	deflated	9159e226428c7a47423cb5d3afe11bf8bd016a72951cb064eaa9f01d7a40cb2a
joda-time-2.8.1.jar	org/joda/time/tz/data/Pacific/Tahiti	47	42	d57e1e76	deflated	0b3fc02cb597d0b0740ae261c1e315dbcbd5ae71736bc280c2680142fb8e0327
joda-time-2.8.1.jar	org/joda/time/tz/data/Pacific/Tarawa	47	40	96dfc8a2	deflated	4cf178f758e6b93e5899b34f8a3f0a87f1e054947751953fe20c98ebd0ebb186
joda-time-2.8.1.jar	org/joda/time/tz/data/Pacific/Tongatapu	107	89	37250ce3	deflated	b828c57bac404cd240897dd4c28a4511fcbf4ea5b50cc3396e71628a39e97635
joda-time-2.8.1.jar	org/joda/time/tz/data/Pacific/Wake	47	40	a35fdde7	deflated	645847fe3a9a8510a877b73d9534750a48fa0b1a37038ccd7eb2d1cf4cb104c2
joda-time-2.8.1.jar	org/joda/time/tz/data/Pacific/Wallis	46	39	3eb43b52	deflated	5611be8a177faf641a1d0720e49a084f6a8514456b822bc00675d786ac6fe33d
joda-time-2.8.1.jar	org/joda/time/tz/data/WET	337	217	b7cee128	deflated	cc34d1c476dc68beca6c6b6195c4f79454efa623a0b82710f0f857366af5b386
joda-time-2.8.1.jar	org/joda/time/tz/data/ZoneInfoMap	11788	5278	04d7f027	deflated	5904e540f50fe94ee17eac3cf71641e94197eeb21c6858b46f38407767039dfc
json-simple-1.1.1.jar	META-INF/MANIFEST.MF	544	317	119022e8	deflated	90dbc6320d688434de8d2f12e65816ae89ec64225bf65a2f9aa3c60998836a67
json-simple-1.1.1.jar	META-INF/maven/com.googlecode.json-simple/json-simple/pom.properties	151	130	6eade210	deflated	642d8b4b35490c2a07386a98599d43c17e45a073f876951580cdc80a8aeac905
json-simple-1.1.1.jar	META-INF/maven/com.googlecode.json-simple/json-simple/pom.xml	3464	831	45037f34	deflated	665f63590defb63d62add21d3525362cf937cf6a1c05e4b0145bae8da8a57f83
jsr305-3.0.2.jar	META-INF/MANIFEST.MF	627	354	e0932d03	deflated	9329f6c6942e128348908339b59dbf209642c148dda83f1cf55fc8516a023092
jsr305-3.0.2.jar	META-INF/maven/com.google.code.findbugs/jsr305/pom.properties	121	116	c05905c1	deflated	a1bc40920a401d8954cb1368e63e6d36f88fb9cfd4ef1bed8534cbdcecfec127
jsr305-3.0.2.jar	META-INF/maven/com.google.code.findbugs/jsr305/pom.xml	4286	1109	3261ee0a	deflated	19889dbdf1b254b2601a5ee645b8147a974644882297684c798afe5d63d78dfe
jul-to-slf4j-1.7.36.jar	META-INF/MANIFEST.MF	550	298	52c41261	deflated	b8f4dfe2dfd240d91d406f4999d0db54c0f65e2676d3f0d99710404a03361241
jul-to-slf4j-1.7.36.jar	META-INF/maven/org.slf4j/jul-to-slf4j/pom.properties	60	55	3a27a3b4	deflated	6574a28d711bc13d28d00644813daf2396ff21333671d9f164c2c57cdefc5edc
jul-to-slf4j-1.7.36.jar	META-INF/maven/org.slf4j/jul-to-slf4j/pom.xml	991	396	66fead24	deflated	99ff5340c4642a30829d3d98253f123e7a3ef573483164477c88d89d7e6586b7
liberator-0.15.3.jar	META-INF/MANIFEST.MF	233	154	d4b31615	deflated	bacb57270bac3b6867fabe431c0c79749b227cde521d515f06f162392a99fcbd
liberator-0.15.3.jar	META-INF/leiningen/liberator/liberator/LICENSE	450	275	132cf5b8	deflated	76aa3d3b5acc155c64fbc220835f95cbcd59ef3883256158f6ca9b69b6c4bc23
liberator-0.15.3.jar	META-INF/leiningen/liberator/liberator/README.markdown	1676	805	7763ddb7	deflated	0b4603d2c5bce8af6f84485a6c51e5825626eaa7bc400987a56e26d42ec95a22
liberator-0.15.3.jar	META-INF/leiningen/liberator/liberator/project.clj	1954	719	89278d8d	deflated	e6e3f7da416624b8ba05714db839b082818576913f78b2af17fe78da4c05cb62
liberator-0.15.3.jar	META-INF/maven/liberator/liberator/pom.properties	145	123	98e8fa8f	deflated	97b74d2f7a8911eff50bdea2d96d273dea851c4ca2a361009ff7823c42e15a55
liberator-0.15.3.jar	META-INF/maven/liberator/liberator/pom.xml	2785	850	f29b9ef5	deflated	328101e96ecfa7ce9cc621b0b2880c0a31ac908cade31945aebdec524b4ba430
liberator-0.15.3.jar	liberator/conneg.clj	10334	3173	442d0422	deflated	18ecc522bade7f380755c51761330ae1d0568d937a1b6888accb3bcf1c4b6608
liberator-0.15.3.jar	liberator/core.clj	22288	5638	3d57000f	deflated	69a2b8625a4916f53a39b1c6e028c35f7ad43828ab55938c0bc79a9477bb949c
liberator-0.15.3.jar	liberator/dev.clj	9133	3035	b3afb3c4	deflated	114bbd52a61dc86ba9eb397c2204b29548d72b73b7b2582c4cb8b674ce061305
liberator-0.15.3.jar	liberator/graph.clj	3365	1058	bd2ba665	deflated	9e35cfebff54bbe7ca91bbbe62d02d3b1fbb082ac6d64031cc289ee6a4068c26
liberator-0.15.3.jar	liberator/representation.clj	10646	3192	e0b399d6	deflated	983959aac2f6adf68343dc4068f5a5e156bdb12c648dbc1edd01b5a3b04501b1
liberator-0.15.3.jar	liberator/trace.css	659	191	1bf4cdb6	deflated	9ee3c4fcbe843aa59a1d1f01cd2033d66d5f5b26f56501e5057d0be89bab48d5
liberator-0.15.3.jar	liberator/trace.svg	112971	19739	18844772	deflated	582a518563f88b4728f9e4b31198956214114c5c66450a99186e6bff13508403
liberator-0.15.3.jar	liberator/util.clj	2753	1150	ebdb7786	deflated	01b304cfa74dcd2ce0b12be1ba0df6747d0ef345e9c5d96db22f19e95a432bb4
listenablefuture-9999.0-empty-to-avoid-conflict-with-guava.jar	META-INF/MANIFEST.MF	108	98	4e713f3d	deflated	261de46adefa0b980173ca8de48e924c2068d0f41390d01ff017958f8a2e3c7f
listenablefuture-9999.0-empty-to-avoid-conflict-with-guava.jar	META-INF/maven/com.google.guava/listenablefuture/pom.properties	134	116	da741e7b	deflated	7443dcd4709998f62380c61303d600b29388bc7a931fa2021c44926a80cd6bdf
listenablefuture-9999.0-empty-to-avoid-conflict-with-guava.jar	META-INF/maven/com.google.guava/listenablefuture/pom.xml	2278	895	c4a3a879	deflated	18d4b1db26153d4e55079ce1f76bb1fe05cdb862ef9954a88cbcc4ff38b8679b
log4j-over-slf4j-1.7.36.jar	META-INF/MANIFEST.MF	717	331	f491881d	deflated	33dac21dce7d506b4e32a8c9092a6c63200162a9bb69a280858e3f9e05ec48f2
log4j-over-slf4j-1.7.36.jar	META-INF/maven/org.slf4j/log4j-over-slf4j/pom.properties	64	58	88d0f0d2	deflated	0049b473fe1fdf9bff171b2834a56796f095f59ce83f1db5d82378b1607f0bbc
log4j-over-slf4j-1.7.36.jar	META-INF/maven/org.slf4j/log4j-over-slf4j/pom.xml	1130	452	f6d17f41	deflated	fb309c5dd2021cc364cc37fe88a1bbc36e4f8c1503a8fd4accc3011f2b630758
logback-classic-1.2.8.jar	META-INF/MANIFEST.MF	7061	1472	3c404096	deflated	7afa49937985535b306b567045df7723e505a1ef43c8b64a11fcdffa574eaa0a
logback-classic-1.2.8.jar	META-INF/maven/ch.qos.logback/logback-classic/pom.properties	126	119	beca3a22	deflated	d61257b8908c1706cd66a213a3f997cbff6026232b2e1a3c6c1cdf0a0d5ae38a
logback-classic-1.2.8.jar	META-INF/maven/ch.qos.logback/logback-classic/pom.xml	12672	2351	06407575	deflated	a2e4f832f60412b80385f72b14794a3d0542b08a3ec1b6c0ad20a5cf2d89034d
logback-classic-1.2.8.jar	META-INF/services/javax.servlet.ServletContainerInitializer	65	58	418ed92d	deflated	c3103d05a3ff40b7dc281dfb941c7be5da475811960a1f14abe2da827bd8bedc
logback-classic-1.2.8.jar	ch/qos/logback/classic/boolex/EvaluatorTemplate.groovy	1157	549	1f43a879	deflated	fa536cbc8274a129d02daf71751b0e5cfc7789f6f2e80969a572cd890962fd24
logback-classic-1.2.8.jar	ch/qos/logback/classic/db/script/db2.sql	1901	711	c277496e	deflated	f984198933ab375f2949c0f7af7b1cd94f7988570b3b3b76fa648a29f2a72444
logback-classic-1.2.8.jar	ch/qos/logback/classic/db/script/h2.sql	1426	574	0d4af1f0	deflated	5d02df836f7c393796446ff079ae9290a284b9be343d2b138bd4491b7217c4ed
logback-classic-1.2.8.jar	ch/qos/logback/classic/db/script/hsqldb.sql	1467	593	fded9bc0	deflated	195b03164b0debf4b85181523ef4784ff6ec90a98178a0f61c92b6b3c6e3f45b
logback-classic-1.2.8.jar	ch/qos/logback/classic/db/script/mssql.sql	1795	620	122d96f6	deflated	a5a599376ac85e815a8000df04a520958e77d818a84e93a4ebd60da549b2e401
logback-classic-1.2.8.jar	ch/qos/logback/classic/db/script/mysql.sql	1811	649	be211de0	deflated	1134b1045f204587cb6376e682963c598cd5c172e64392dbc36a95638916b513
logback-classic-1.2.8.jar	ch/qos/logback/classic/db/script/oracle.sql	2470	961	7c295ed1	deflated	ba070ac9bdbb81292c46bc2f4363837427716d31164d5d3e9089677e8412c476
logback-classic-1.2.8.jar	ch/qos/logback/classic/db/script/postgresql.sql	1810	643	5483fb0e	deflated	6cfc9b7de20ea11406be3baa564155420cf4c879f8fce4d444c0263456d4c713
logback-classic-1.2.8.jar	ch/qos/logback/classic/db/script/sqllite.sql	1846	667	b08860b1	deflated	741d3e8b29fe0641715801ea09a95c194fde58eb116c5a2870dbd35d74101360
logback-classic-1.2.8.jar	ch/qos/logback/classic/db/script/sybaseSqlAnywhere.sql	1622	610	75f43315	deflated	f08a7542a6e060153f0fa94b2945b4994b53846102ff193b0044bcea974c93a6
logback-classic-1.2.8.jar	ch/qos/logback/classic/gaffer/AppenderDelegate.groovy	1434	659	5a5d23e0	deflated	7346fe759f80accc999f3b1d56621a79309e234357df9c1f3ca1419278cf5532
logback-classic-1.2.8.jar	ch/qos/logback/classic/gaffer/ComponentDelegate.groovy	4606	1434	bf2892b6	deflated	f7aa34abca8001537ee06c3829070140a04931748e254473979acf0284f6bde7
logback-classic-1.2.8.jar	ch/qos/logback/classic/gaffer/ConfigurationContributor.groovy	950	510	e99ea78a	deflated	5fc35d1148cee2dc69d726054d28770156529bea36331afd8f7991de64ab1002
logback-classic-1.2.8.jar	ch/qos/logback/classic/gaffer/ConfigurationDelegate.groovy	10134	2766	3ca54ede	deflated	782a7a369d936f6908678d6868a452f2f78c31ba193b4c8215fbf4b9218e0c41
logback-classic-1.2.8.jar	ch/qos/logback/classic/gaffer/GafferConfigurator.groovy	3706	1332	c0481d53	deflated	9f126753f6d800c0162edc406c20a8b0eb47a997596849558b7e3a029aa5770f
logback-classic-1.2.8.jar	ch/qos/logback/classic/gaffer/NestedType.groovy	659	408	7e994a44	deflated	89edc9dc16d065a1746f403c0028b23686be47462c324f22fe9658564b4dec0d
logback-classic-1.2.8.jar	ch/qos/logback/classic/gaffer/PropertyUtil.groovy	3511	1181	d0e02927	deflated	ec434040c2facc0768292769ea17e97f8328b0c34d593e396dcc09e015dc6917
logback-core-1.2.8.jar	META-INF/MANIFEST.MF	6350	1286	711c67f4	deflated	ec6006ede2f03adaabcde35dea32313e63944513f71435458b1c6a9182561c07
logback-core-1.2.8.jar	META-INF/maven/ch.qos.logback/logback-core/pom.properties	123	117	8560bc8a	deflated	d6d997df66fac30fb44712ca4782e4094f1f116b1f56410250d8f98a1b42d935
logback-core-1.2.8.jar	META-INF/maven/ch.qos.logback/logback-core/pom.xml	4196	1087	6cb9e57a	deflated	8ea84833b62f5867f18f0079239bc6d9eb0f501da7c2ef4dd7fdc46c8a28e9b9
memcache-asg-java-client-1.1.0.36.jar	META-INF/MANIFEST.MF	439	247	a2e3ee69	deflated	cbd6ee03e54c8e89b4fa793495f0e9c458a8409872de9e23fd5efe04ae6ef5ba
memcache-asg-java-client-1.1.0.36.jar	net/spy/memcached/changelog.txt	397953	117743	e76d979b	deflated	2aab4babf21a48816571f69c217a0251ee4ba0422234299a99f6a8fd2fef6c42
metrics-core-3.2.2.jar	META-INF/MANIFEST.MF	897	504	8141904b	deflated	0796f8e0254f73f04c7cf8f2ac75ed48a0a8b88fe1318336aad2944fd47fedae
metrics-core-3.2.2.jar	META-INF/maven/io.dropwizard.metrics/metrics-core/pom.properties	142	128	d694a075	deflated	e960de5c29ed70bda7b0453baf5a35e823cf160045a6e01e74ee2e2862df5648
metrics-core-3.2.2.jar	META-INF/maven/io.dropwizard.metrics/metrics-core/pom.xml	846	434	32dde3de	deflated	31e662289c96e73fde2d50275a4c397c505f4b96a29aaa12e806e75489dd1db9
metrics-spi-2.15.66.jar	META-INF/LICENSE.txt	11679	4051	ba81ea6b	deflated	14c6a5fbdbd6b87244abeb494712b9922d43f53afb658a42014c66da8e0c4403
metrics-spi-2.15.66.jar	META-INF/MANIFEST.MF	150	132	4cfb3a0a	deflated	e5fcd7212f743b62598be5fa65b1b2dab03aba08e4bf6471ddd6dac3e0f0c79e
metrics-spi-2.15.66.jar	META-INF/NOTICE.txt	775	446	2311f95b	deflated	b5bbdba9fccbdae9fef728b4d17c5d14dbaa9fb2476afa32d68f7dbe3472dddd
metrics-spi-2.15.66.jar	META-INF/maven/software.amazon.awssdk/metrics-spi/pom.properties	101	100	2c7d4882	deflated	488c9fc236defe830687f45bd9e7dac194beeff32dcf853270c22cf7a6af5e30
metrics-spi-2.15.66.jar	META-INF/maven/software.amazon.awssdk/metrics-spi/pom.xml	2925	705	c9059e0b	deflated	f5026e19f41e331e27ecea7e2ca7e3bea6491218af791901cc03429feb8c97b6
micrometer-core-1.9.5.jar	META-INF/LICENSE	11359	3948	2ed80d61	deflated	62fb8a3a9621dc2388174caaabe9c2317b694bb9a1d46c98bcf5655b68f51be3
micrometer-core-1.9.5.jar	META-INF/MANIFEST.MF	914	471	af665fde	deflated	7fcc2bb6d8dfeace2173e5eff42ef86598638316d33c5adc7de7ed17b6b80034
micrometer-core-1.9.5.jar	META-INF/NOTICE	1734	718	c565de2b	deflated	df207ca1a2ea3794caf112d7c1f024c87b4ddfe91d3f243977ad1d3cd085d538
micrometer-core-1.9.5.jar	META-INF/micrometer-core.properties	819	434	0d68dab4	deflated	457339b1bf3b81c4d32105bd663b0ac5c804baf041ad1bdf9cef9fa46b9df8bd
micrometer-core-1.9.5.jar	META-INF/native-image/io.micrometer/micrometer-core/native-image.properties	646	412	beef95b7	deflated	83fd4265fe65c2a3ab7c4f86550e620d367831dff0f5ffcd4e48383d9eaacf35
micrometer-core-1.9.5.jar	META-INF/native-image/io.micrometer/micrometer-core/reflect-config.json	679	218	6c806ffd	deflated	dbe3cb9985da731cb90f80af8f12481dcf7e3f3b37d130269cdc388fa0ac490f
moustache-1.1.0.jar	META-INF/MANIFEST.MF	76	74	820778b7	deflated	05b2d2bc70e5a071fca60503c7bf69c22327e479007230b3b8eda064a5f24191
moustache-1.1.0.jar	META-INF/maven/net.cgrand/moustache/pom.properties	96	97	1cef2e58	deflated	a8ce28b1fe79837bd30d75a8af3e22599050489970b2fde49ee6ba5e3cee78e1
moustache-1.1.0.jar	META-INF/maven/net.cgrand/moustache/pom.xml	1747	553	e7daa5ac	deflated	558aa336e7e1bb5c821b6fc4bf417243f6e184c057c6d0cc20735fdf9fd961ce
moustache-1.1.0.jar	net/cgrand/moustache.clj	8807	2880	1a54a115	deflated	efd2eba11967d7536d7676d1ae6a8dfc0236be1b4a9bfcc3243e56ad63a85c42
moustache-1.1.0.jar	project.clj	313	192	27458c78	deflated	ef51b130958513e8f4475291f15e2de385659365469baee9be1da085ab6ece93
msgpack-0.6.12.jar	META-INF/MANIFEST.MF	2105	651	2abc7af4	deflated	59061e1561809f09abb2bcfb637953e06c225ee07f311731c34e2df5b1b8485f
msgpack-0.6.12.jar	META-INF/maven/org.msgpack/msgpack/pom.properties	128	117	bcd7feaa	deflated	2cceb663dbaee989b848da70004974740620341fb3019142ac85bfb2ff5c01aa
msgpack-0.6.12.jar	META-INF/maven/org.msgpack/msgpack/pom.xml	5689	1421	17de8a45	deflated	94497d8f02f8de8159a5b7d5136e010f57f5d9ac65886112eced8695c5056dee
nano-impl-0.1.325.jar	META-INF/MANIFEST.MF	82	80	81310700	deflated	587b83f896b60b3a94b708a9f23eee370cc4949270b2a2504beddeb37f5398f2
nano-impl-0.1.325.jar	META-INF/maven/com.cognitect/nano-impl/pom.properties	59	60	d3304980	deflated	02f7cc0b7fd65c703b90a26bc22dba5719743826e3fc11b79afe0f7370ba0980
nano-impl-0.1.325.jar	META-INF/maven/com.cognitect/nano-impl/pom.xml	9464	1634	50962121	deflated	f12b7e27ea56c40a6908ca27b98da7b2178ad6efeed2ab9eafa29bb1f71488db
nano-impl-0.1.325.jar	cognitect/nano_impl.clj	13585	3526	c4e256cc	deflated	6e6706379425f7a3454774a1b7978f433c41fbb312c1302dd354cce6d26b47fb
nano-impl-0.1.325.jar	cognitect/nano_impl/aws_detect.clj	2470	897	d3c3d954	deflated	8a11d68e2d678b8d98a0e6955b2450c568dd5262641307f85f1cb21b0092e19c
nano-impl-0.1.325.jar	cognitect/nano_impl/marshaling.clj	11303	3279	a4a44fc1	deflated	adf9d702b0b524e4a499afad3b505929bc3b28ea663baa845f23be84d92e66fc
nano-impl-0.1.325.jar	cognitect/nano_impl/registration.clj	24036	5669	f1bd8ec8	deflated	2fb1ad8f46b6269fb2a192f2622288a0d6276961ace7bbd3f38f991bf11cfd6e
nano-impl-0.1.325.jar	cognitect/nano_impl/ring.clj	1963	764	8ffca961	deflated	4367699ac4677d15fdfd97d29dd41aef5f231fc6995dad5d73fcae57fcbcf130
nano-impl-0.1.325.jar	cognitect/nano_impl/server.clj	14027	3604	d0bf4ede	deflated	49318cb8e352418cfaeb0438c4d2458bccf2d57cad695df805ebe21d03a532b6
nano-impl-0.1.325.jar	nano_impl/transactor-key.jks	1368	1200	67c8138d	deflated	f3627f52580b84fe8f536423643fb46999fd2458498989307f2820d778eb73a1
nano-impl-0.1.325.jar	nano_impl/transactor-trust.jks	662	460	edaa55e1	deflated	ca64f839d051d909974a624b4345d83cc739a0b90edbe54e7c3605a2fd8fc13b
native-protocol-1.5.1.jar	META-INF/MANIFEST.MF	3184	812	07134e79	deflated	374b3c06af54631a2dfa3d8701f0d96ece4e62340cab1a45fe271d0f1098ade6
native-protocol-1.5.1.jar	META-INF/maven/com.datastax.oss/native-protocol/pom.properties	140	127	e2b01365	deflated	fb865aa328bde8d4fe8da777fff6ceeb6c1b0760e96e38821f33894f11319614
native-protocol-1.5.1.jar	META-INF/maven/com.datastax.oss/native-protocol/pom.xml	10929	2523	b15a1323	deflated	48aeb5baf2a2fa2955878971e58e6b0e23cb0b0251e659d1026da069a33a8b54
native-protocol-1.5.1.jar	dse_protocol_v1.spec	66151	18204	840ca5ea	deflated	f2142de69f4a29102cf5e5d5f941d3c9bbb4279f3c2ca6b509bfebaa91b3f105
native-protocol-1.5.1.jar	dse_protocol_v2.spec	71204	19485	75afd905	deflated	0a55a6e8a6226ee577bbea099435cea56ecf9c8174fd28f6bc9806d725f6c81d
native-protocol-1.5.1.jar	native_protocol_v3.spec	48892	14384	a5666362	deflated	ed98ce90305e4ccecf59e692b98bbc6ced47dc91907cc491d01d85f760fa8560
native-protocol-1.5.1.jar	native_protocol_v4.spec	56812	15590	110daf27	deflated	af83ba3c55c403321e0a2803c7dac96e65b56ba78cd4e3f2d9761998b844a111
native-protocol-1.5.1.jar	native_protocol_v5.spec	62592	16981	a36f932d	deflated	69c58f1be6c4b7668e6d1b5b3abcf5b3358a73bbf0ac03d0c41272ff59f936a9
native-protocol-1.5.1.jar	native_protocol_v6.spec	63857	17090	b52147e0	deflated	4a1da03f72ee57b07af90b4da08632fb87002e5590faa4e8ebf2acd580beaefe
netty-buffer-4.1.100.Final.jar	META-INF/INDEX.LIST	288	129	bbb74c14	deflated	537044c73853eb174fd473fb87828dbc409623747289d1eae71b90f857bd85fc
netty-buffer-4.1.100.Final.jar	META-INF/MANIFEST.MF	1434	660	364653d7	deflated	ff79e6279a9c0d3e2c6c3a87791629f17d29c52ce41335fb01af87a2f0bc7a3b
netty-buffer-4.1.100.Final.jar	META-INF/io.netty.versions.properties	346	208	dc4dd70a	deflated	3d659c220986b838d1718e0e5ed961d1c88dc9996eea3b208332297ef780a4f8
netty-buffer-4.1.100.Final.jar	META-INF/maven/io.netty/netty-buffer/pom.properties	63	60	4cd4877a	deflated	97446245fc3a4790459c02bbbf600b122e617bd9db2470e33e93c18d74ee5c4d
netty-buffer-4.1.100.Final.jar	META-INF/maven/io.netty/netty-buffer/pom.xml	1581	740	516e6ff5	deflated	a4a9715de676f91d8f88b40eb7873a0d63769902086798d3a898ca930325bd34
netty-buffer-4.1.100.Final.jar	META-INF/native-image/io.netty/netty-buffer/native-image.properties	797	460	2e99ebaa	deflated	26db0a23913a0e61b5a33fabc92a21826abfd1ec04fb2010f54b5de0f10708e3
netty-codec-4.1.100.Final.jar	META-INF/INDEX.LIST	684	209	fbf71a4a	deflated	b089ffe0215cba4fc3d776d3a72ebf26febd618f1c34770ad518ce707322ad11
netty-codec-4.1.100.Final.jar	META-INF/MANIFEST.MF	3526	1074	74bb98c9	deflated	8f311da3d9152d695cb1175faf3f571ab1b6637c223a279c0a054d0427254a87
netty-codec-4.1.100.Final.jar	META-INF/io.netty.versions.properties	340	207	7535cc55	deflated	4d4ee822397e5e4f6a474431b8d06f8726941a050c3f55cf658b9dcd0c86bff5
netty-codec-4.1.100.Final.jar	META-INF/maven/io.netty/netty-codec/pom.properties	62	59	f53935c6	deflated	27b2d060492abbf306d2b94cb6162bc72f48f23b685e715918bcc1a3e7e319e8
netty-codec-4.1.100.Final.jar	META-INF/maven/io.netty/netty-codec/pom.xml	5302	1176	003222bf	deflated	891ad7692c911a356a0b9ef7c255bc64afc526e8bfccae6f18c5ed2912498f75
netty-codec-4.1.100.Final.jar	META-INF/native-image/io.netty/netty-codec/generated/handlers/reflect-config.json	13063	746	ef439d95	deflated	5a8bcb3d98ed2b4679fb35986e88389176a33c0ebecfddda62a4c8df02460ce3
netty-codec-4.1.100.Final.jar	META-INF/native-image/io.netty/netty-codec/native-image.properties	698	433	b7c9b77a	deflated	e366d684d7d376a038bb70fd7a3bcccecb9ebf7d62f1cfe518e473a74d8829f9
netty-codec-http-4.1.100.Final.jar	META-INF/INDEX.LIST	767	212	6e3671a5	deflated	c5fc044fe949824cccbee74e5f0e584a1189b912a1ff32d4cb1c1bb0f3f4f76c
netty-codec-http-4.1.100.Final.jar	META-INF/MANIFEST.MF	3425	1009	ed53efd3	deflated	69123ccfe2fe847ce81091035962cb1b1d97135ab2e0cff7c89f6f3a67871814
netty-codec-http-4.1.100.Final.jar	META-INF/io.netty.versions.properties	370	210	39b10097	deflated	fc16b0d6b0300bb114bfed2199e91f02e0436fdfd36f6979ce86c6b42c7ef2ce
netty-codec-http-4.1.100.Final.jar	META-INF/maven/io.netty/netty-codec-http/pom.properties	67	64	f30d0249	deflated	ccc610efd98e995e65ef0d3c8f1dab90a422f0f8e9b9a5ebdf3a0be1fccfec08
netty-codec-http-4.1.100.Final.jar	META-INF/maven/io.netty/netty-codec-http/pom.xml	4200	1031	d56116fe	deflated	e6b7cb7ecc69e44f127725a4124d50876334f8964fc7477fc694a7492a95ff8a
netty-codec-http-4.1.100.Final.jar	META-INF/native-image/io.netty/netty-codec-http/generated/handlers/reflect-config.json	15337	816	3202be76	deflated	d816cef6771d952b75e371322a630f3d7510e0fc27b67858750bded3d20d1245
netty-codec-http-4.1.100.Final.jar	META-INF/native-image/io.netty/netty-codec-http/native-image.properties	880	494	e160fa28	deflated	c2ce542e4b0dfef502609477cc590788d96d82dafac8ef75eb9631b4e3dd5acd
netty-codec-socks-4.1.100.Final.jar	META-INF/INDEX.LIST	556	167	07ee97f0	deflated	0fb50520b517305381142044a1d51aa157227463bdcec6efd3ef58308618180f
netty-codec-socks-4.1.100.Final.jar	META-INF/MANIFEST.MF	2077	764	ce0924c0	deflated	e6da4aae6574e00bdf64233f084d9d44679519d40ec93909eebead63d3c46dec
netty-codec-socks-4.1.100.Final.jar	META-INF/io.netty.versions.properties	373	207	fe68e03e	deflated	2bf6de6df21efbbb6e91f4ef3d82281b0aab07c7f7eabaecedf493407cf6aba0
netty-codec-socks-4.1.100.Final.jar	META-INF/maven/io.netty/netty-codec-socks/pom.properties	68	65	55531885	deflated	ed101e21944cff2b27a3462a499d9164e8bae25d7969d12e7f87148004111b29
netty-codec-socks-4.1.100.Final.jar	META-INF/maven/io.netty/netty-codec-socks/pom.xml	2538	878	1bf266df	deflated	642fccabeb6f63f3f6222fe5cf4acac06a1925e7d9ee7e8d10e4392126884283
netty-codec-socks-4.1.100.Final.jar	META-INF/native-image/io.netty/netty-codec-socks/generated/handlers/reflect-config.json	4440	341	a6756458	deflated	58e14e91bfce857d6e0f5d7802cb54a19d7701e3a3f37320513cf76c8746304d
netty-common-4.1.100.Final.jar	META-INF/MANIFEST.MF	2434	860	ec8a4b5c	deflated	f04e810aa58cb466985611014032df780a4c43f55ff41b0271d9e50c03023fdd
netty-common-4.1.100.Final.jar	META-INF/io.netty.versions.properties	346	208	f5914185	deflated	782e26e7dbfdc402fa66958e14c88f047cbe3199d1955a686e1ceee45be0825d
netty-common-4.1.100.Final.jar	META-INF/maven/io.netty/netty-common/pom.properties	63	60	13b64200	deflated	7741bc49baa5fab9db5fe4acf492e308052e888062d2b8cb42ce04269fe642bc
netty-common-4.1.100.Final.jar	META-INF/maven/io.netty/netty-common/pom.xml	7723	1972	4878342b	deflated	b0cf32f166d76f5101c1b697a156d35a146af2ee2d4ae02087a5cdc29a2d8b3d
netty-common-4.1.100.Final.jar	META-INF/maven/org.jctools/jctools-core/pom.properties	133	120	1dac3372	deflated	bb37fd1b6d070a9a63476a244331539f468a3411d0f44f433bedd4f5dd40367b
netty-common-4.1.100.Final.jar	META-INF/maven/org.jctools/jctools-core/pom.xml	4193	1177	780e267a	deflated	acaf1b4c366f6794a734288a2c003f16af90a9c479cf4d7daade689764e4fb47
netty-common-4.1.100.Final.jar	META-INF/native-image/io.netty/netty-common/native-image.properties	1261	561	03fa3fe1	deflated	ece54b4d9c117474e9faecb6ffef1f02c6094e020d95c1c3158f22aadf40ba84
netty-common-4.1.100.Final.jar	META-INF/services/reactor.blockhound.integration.BlockHoundIntegration	672	416	c3e65d07	deflated	6c62350b26f842a0d55c3bf2a81873d0ba8f643872c7b0e68e620c36df9ed36c
netty-handler-4.1.100.Final.jar	META-INF/INDEX.LIST	678	204	52b526cd	deflated	e1ee78e7c39418a1961a436d367f6ae02c0cd4fc6c28cd03e33aa4a730a9ecdc
netty-handler-4.1.100.Final.jar	META-INF/MANIFEST.MF	3904	1131	a349f64c	deflated	cc013232912ec372bf2bfb42442ea8b68ccb15d9b3543269cd29da8c289ebd0d
netty-handler-4.1.100.Final.jar	META-INF/io.netty.versions.properties	352	209	f1699ca2	deflated	fcdc75e2ec581fad9f72613930c3ef286563e2e11f42f9f332cccaeed86c8a9d
netty-handler-4.1.100.Final.jar	META-INF/maven/io.netty/netty-handler/pom.properties	64	61	a714cf5f	deflated	0e79bbc7562198d3eb832be6df50f9091726fe354b7f9fd022fef8e652f5a2b5
netty-handler-4.1.100.Final.jar	META-INF/maven/io.netty/netty-handler/pom.xml	4621	1188	d2853039	deflated	46e5647ab1344c5faeffea0cd509913465808c09469d05f54b7a563e96d9d53e
netty-handler-4.1.100.Final.jar	META-INF/native-image/io.netty/netty-handler/generated/handlers/reflect-config.json	18502	1140	d45f9b71	deflated	e6e5181f855e802e3cd5c37f6f38bb6033909b3bb2ae026ab14b628dce690b1e
netty-handler-4.1.100.Final.jar	META-INF/native-image/io.netty/netty-handler/native-image.properties	701	439	c9115865	deflated	b677eea3a83a94b10d308b4eaf03c15013f478be172463db571a6406bcdc0f98
netty-handler-proxy-4.1.100.Final.jar	META-INF/INDEX.LIST	441	147	7949282e	deflated	8de2f84918b5d0bbd3f3433fdf5824f4825b84129b818e0afd79fc04f56bbf1d
netty-handler-proxy-4.1.100.Final.jar	META-INF/MANIFEST.MF	1744	734	7bd3441d	deflated	59bc2089cbd81a983989e18bea0329cdd9217448619b6fed9745b813154f4739
netty-handler-proxy-4.1.100.Final.jar	META-INF/io.netty.versions.properties	385	209	b7938797	deflated	2e2f0289022ed6e1c68b75eb45f5b3c53e4548faaaf974acd1af49fa01bbeeaa
netty-handler-proxy-4.1.100.Final.jar	META-INF/maven/io.netty/netty-handler-proxy/pom.properties	70	67	37a44da6	deflated	9a73e5a9499490f26ed51f260fa42feba5d8c2cabda21980f9cd5699c108e468
netty-handler-proxy-4.1.100.Final.jar	META-INF/maven/io.netty/netty-handler-proxy/pom.xml	3551	1054	d8725385	deflated	bd7324b546a6332294cd49c36958b50476c3f9653f213aaef573f8bff944d53b
netty-handler-proxy-4.1.100.Final.jar	META-INF/native-image/io.netty/netty-handler-proxy/generated/handlers/reflect-config.json	993	177	199435bc	deflated	b7f6ccf90156be2b895aef195dd3efc1b39b5ce910eea37f0153df38249904da
netty-resolver-4.1.100.Final.jar	META-INF/INDEX.LIST	174	99	9684ff3a	deflated	70e7966e206c29766de13c3bf5af9e9b7d9a176b72e38ec8fe9e41ae8d9cafe6
netty-resolver-4.1.100.Final.jar	META-INF/MANIFEST.MF	1394	652	e66d8077	deflated	94e93950e00d56191b238ec427d6ff1e030e9a05e1993e5e9ee36c4fb2fe1d6d
netty-resolver-4.1.100.Final.jar	META-INF/io.netty.versions.properties	358	210	6fc89630	deflated	b7c5c06a716346c4ada09ea817a14602427f97ca7f30dffda55e2d991e8f3c8c
netty-resolver-4.1.100.Final.jar	META-INF/maven/io.netty/netty-resolver/pom.properties	65	61	b019a6bd	deflated	508b3053a964c8149c309e5022ef00fc7531d9e3933d64b2cc9e55df8ceb4a95
netty-resolver-4.1.100.Final.jar	META-INF/maven/io.netty/netty-resolver/pom.xml	1588	740	475f86bd	deflated	4e2e76bc370a0564ddb7efa9cf2032752e328fcdd075170e1c1e2313fa8efdc6
netty-transport-4.1.100.Final.jar	META-INF/INDEX.LIST	659	204	63a7a0fa	deflated	d14df80ded027f06849cc906e71f14b6e28508f56c81c80016b7abdebd1c9802
netty-transport-4.1.100.Final.jar	META-INF/MANIFEST.MF	2706	870	39e82611	deflated	043764db565ad81823e776ea6f79eb01d736a177d5c111de411b9bd9c2b783fb
netty-transport-4.1.100.Final.jar	META-INF/io.netty.versions.properties	364	211	b41c240c	deflated	ca9e66fadbfafe69bdb272a0d607d114f41a654cae20790273a2d852762bbcb5
netty-transport-4.1.100.Final.jar	META-INF/maven/io.netty/netty-transport/pom.properties	66	63	a73d4f08	deflated	3bdf26d02cbc30966240c8b38716075eaaeee6e9e7e6f5937bcd3e89016d617b
netty-transport-4.1.100.Final.jar	META-INF/maven/io.netty/netty-transport/pom.xml	2164	804	8d0df3e8	deflated	9fe43f0ea37a3ceedccff157cba610331d3ae55c89a5f9a48fbc75d7e1559e3c
netty-transport-4.1.100.Final.jar	META-INF/native-image/io.netty/netty-transport/generated/handlers/reflect-config.json	3337	346	a9a91dd1	deflated	ddf81b09fa019b363266c428b5dca02d2323dc9277b09e90f2bafa7fe4a43373
netty-transport-4.1.100.Final.jar	META-INF/native-image/io.netty/netty-transport/native-image.properties	688	428	f14e596a	deflated	1a097898916af2d29f9d8eb2e53b5c98c811bafbd68df1081a6fd2122b9d2fec
netty-transport-4.1.100.Final.jar	META-INF/native-image/io.netty/netty-transport/reflection-config.json	784	263	291a3877	deflated	951b89511cd7e1ab3fa2f06e790a7683b0293e38bbc15e8ae067141415749dcc
netty-transport-classes-epoll-4.1.100.Final.jar	META-INF/INDEX.LIST	340	142	d11560bc	deflated	9b5fb0a72e71b8eb4e3516b29244ad8631d63829cde4b17da847c49907cfe47c
netty-transport-classes-epoll-4.1.100.Final.jar	META-INF/MANIFEST.MF	1771	736	2415bc92	deflated	1efa4c9f4f3e177d82bb7179bc3d1765f77174b38cd9a6a21a843f6243721928
netty-transport-classes-epoll-4.1.100.Final.jar	META-INF/io.netty.versions.properties	445	217	547d8294	deflated	8a310d927519344163db036a2c4276200f7ec7d1370a18a3656029ef1c23103d
netty-transport-classes-epoll-4.1.100.Final.jar	META-INF/maven/io.netty/netty-transport-classes-epoll/pom.properties	80	75	f56d5d5a	deflated	05e6585578d77b9d18db0a155dbcea3c70f44469fa80ec52095e97675d383d79
netty-transport-classes-epoll-4.1.100.Final.jar	META-INF/maven/io.netty/netty-transport-classes-epoll/pom.xml	2134	805	4eba84e0	deflated	6c790a75d0ee2da923fc95ee32ebf0193ab29f2b6678d9ace7c005a967654f8b
netty-transport-classes-epoll-4.1.100.Final.jar	META-INF/native-image/io.netty/netty-transport-classes-epoll/jni-config.json	4321	531	c6de4a64	deflated	9616aee590500d191f0aead46cc91b0ab3c633982eaf74b9e868f387df524282
netty-transport-classes-epoll-4.1.100.Final.jar	META-INF/native-image/io.netty/netty-transport-classes-epoll/native-image.properties	761	445	1cbaabd2	deflated	454c7e4a552846631e60bad538d32d44fdbc38e28e9b9315d8d55f557408ff1a
netty-transport-classes-epoll-4.1.100.Final.jar	META-INF/native-image/io.netty/netty-transport-classes-epoll/reflect-config.json	934	185	73a3a122	deflated	033d2d465541fe0659f03a516e2687f41d74a2fc17a11089494f965e521ab0f1
netty-transport-classes-epoll-4.1.100.Final.jar	META-INF/native-image/io.netty/netty-transport-classes-epoll/resource-config.json	232	150	72e4e96f	deflated	a0e456432129cbfd55aa681545d4dc7fdaa3f0636850330670a66aff55044c2e
netty-transport-classes-kqueue-4.1.100.Final.jar	META-INF/INDEX.LIST	229	125	d8bb2b65	deflated	155968ec439b2070cbff2646c3a0a3c3318e1c34a7e150c1b9c56924ea692796
netty-transport-classes-kqueue-4.1.100.Final.jar	META-INF/MANIFEST.MF	1765	741	5844c534	deflated	f7433e64fa9dea82c683122770119fa259def15c922b0af7d06e53d154ad0008
netty-transport-classes-kqueue-4.1.100.Final.jar	META-INF/io.netty.versions.properties	454	222	10b2f90f	deflated	c151108bac4e378c8f0f9098d6ed6ffcf1fb888bd0995755f07bdfc1e4b32a05
netty-transport-classes-kqueue-4.1.100.Final.jar	META-INF/maven/io.netty/netty-transport-classes-kqueue/pom.properties	81	76	b9c38391	deflated	950646d4a35904e3c52b57afd386ad17caff8efe20052406cb1ac9e943564031
netty-transport-classes-kqueue-4.1.100.Final.jar	META-INF/maven/io.netty/netty-transport-classes-kqueue/pom.xml	2136	806	15706a39	deflated	e2b084630c1bb86bd991618594ddaef75c29d895eeb2795528d7a296160b0b2f
netty-transport-native-epoll-4.1.100.Final-linux-x86_64.jar	META-INF/INDEX.LIST	201	120	f35ad7a4	deflated	ce0cbefa3a939dd6b12b78e9f49da43f810c1d0131001ff8e3e38d63a7d69b3a
netty-transport-native-epoll-4.1.100.Final-linux-x86_64.jar	META-INF/MANIFEST.MF	1300	641	76b1c263	deflated	72893c7a7237a75a0a9d0ebd1038471780262053bc68d14516e4cd78ab1ce1dd
netty-transport-native-epoll-4.1.100.Final-linux-x86_64.jar	META-INF/io.netty.versions.properties	439	216	9ce910fb	deflated	ee7ba856b722b982516766ad995fb05ed4f0b160fd1fa9d6a97225ff1a4554cb
netty-transport-native-epoll-4.1.100.Final-linux-x86_64.jar	META-INF/maven/io.netty/netty-transport-native-epoll/pom.properties	79	74	03b36374	deflated	c1c986cc9d477eaf2c6ec81c8a7fd7a9b275415c82f25c175f84efea5bfd6747
netty-transport-native-epoll-4.1.100.Final-linux-x86_64.jar	META-INF/maven/io.netty/netty-transport-native-epoll/pom.xml	19332	3381	5d562f4e	deflated	75940a06cc911fc7897a08fefbbc4ae65fb9523df6190a98e00aae11c201ca14
netty-transport-native-epoll-4.1.100.Final-linux-x86_64.jar	META-INF/native/libnetty_transport_native_epoll_x86_64.so	99422	33233	ca30086e	deflated	8ca1ff10b2ba95ef521c028cee347f8ec3100d73c2e53946169e54a18c2268fd
netty-transport-native-kqueue-4.1.100.Final-osx-x86_64.jar	META-INF/INDEX.LIST	201	119	2b5f7259	deflated	7e4e21667e6f96a921069c207ffcba9e6c1b228ae1c0faa604405d0f52ca3cae
netty-transport-native-kqueue-4.1.100.Final-osx-x86_64.jar	META-INF/MANIFEST.MF	1310	646	9b8897ba	deflated	48847d20b8d1b77008d4f3b5827cfd0f6f135b7c829280d522780b3a97f22e77
netty-transport-native-kqueue-4.1.100.Final-osx-x86_64.jar	META-INF/io.netty.versions.properties	448	221	41260bbb	deflated	56fd87f97b718508b8647b78bb746421ca8dcc36585a71c3c1218f5968ea27a0
netty-transport-native-kqueue-4.1.100.Final-osx-x86_64.jar	META-INF/maven/io.netty/netty-transport-native-kqueue/pom.properties	80	75	65e35060	deflated	e0cec6567b71a73e33ebed694003079857f6bccd1b6da374bfc1157566547f8b
netty-transport-native-kqueue-4.1.100.Final-osx-x86_64.jar	META-INF/maven/io.netty/netty-transport-native-kqueue/pom.xml	30268	3389	1225ee19	deflated	8b9b7dad46f7e3fe060d651382b8b28f80a5c260d091ab87946b980437f14e52
netty-transport-native-kqueue-4.1.100.Final-osx-x86_64.jar	META-INF/native/libnetty_transport_native_kqueue_x86_64.jnilib	63472	18846	36f510cc	deflated	193b6269b85ce386b2827534c197bf27f5b964a010d8c61a6b1c5f32c755f543
netty-transport-native-unix-common-4.1.100.Final.jar	META-INF/INDEX.LIST	235	128	4418fac9	deflated	073173ecab76dde8f2f5054d7358b2c999fec8e0b44ff6d1b8f37563d2d312b8
netty-transport-native-unix-common-4.1.100.Final.jar	META-INF/MANIFEST.MF	1453	633	80dea6a7	deflated	a8765c17c79d461a8b0d47a4f865fc90f4afff7016e070bd6c70c269dae64407
netty-transport-native-unix-common-4.1.100.Final.jar	META-INF/io.netty.versions.properties	478	224	705e562f	deflated	a913656faed74b9ab92a0c15e52d2061e60cb1ba86d959caaef62d0aa8aed617
netty-transport-native-unix-common-4.1.100.Final.jar	META-INF/maven/io.netty/netty-transport-native-unix-common/pom.properties	85	78	5f07093e	deflated	11db1052bc79e160af86d71f42cfdf6f60317e0c6377d481ddf65c41ce3eda3c
netty-transport-native-unix-common-4.1.100.Final.jar	META-INF/maven/io.netty/netty-transport-native-unix-common/pom.xml	29547	2988	11d91f18	deflated	b16c8d0e083f65a74b6118c22ed02c93d01b8084f65c1eac08fce6e816d50b15
ns-tracker-0.4.0.jar	META-INF/MANIFEST.MF	229	147	8ca3533e	deflated	e1e7e67e9aa99170d1e92d930a96114eec026ac506b12640db8eee9c736f81fb
ns-tracker-0.4.0.jar	META-INF/leiningen/ns-tracker/ns-tracker/LICENSE.txt	11585	4224	5fc29084	deflated	ba4c1321665d624f1739b1e739b8688064a13526662c054602a787d5ab0a8d5a
ns-tracker-0.4.0.jar	META-INF/leiningen/ns-tracker/ns-tracker/README.md	2028	1000	f0a2dd73	deflated	b33d7016ceecd0d054074d50dccf7d5e6fb6bd498d654f21ee21fa1b2e4152b4
ns-tracker-0.4.0.jar	META-INF/leiningen/ns-tracker/ns-tracker/project.clj	844	360	fcc3b114	deflated	abdafabdac6009571aff6570ca84b5de91ca746cd5675bd5d0d4f0acf07fe7e9
ns-tracker-0.4.0.jar	META-INF/maven/ns-tracker/ns-tracker/pom.properties	146	123	3023fc64	deflated	35f577c173201df33703fea1c7181cb78eb8dc097cea2d7fdb01079c61b24b7d
ns-tracker-0.4.0.jar	META-INF/maven/ns-tracker/ns-tracker/pom.xml	2565	799	a4d2a61a	deflated	c3524a671c13399f58a746191d706a8c32089d374a1fa53f7b6298505a666221
ns-tracker-0.4.0.jar	ns_tracker/core.clj	4312	1291	982007f2	deflated	06ec135bb84bd62825d3cd246776582ccd06ba0cbfd2abe2dedc03ca0691673c
ns-tracker-0.4.0.jar	ns_tracker/dependency.clj	2548	867	c607d103	deflated	48fe6b0cf2e35414b4b69035d3c5808f6b9388f7f952a8cb592103ba26cd85cd
ns-tracker-0.4.0.jar	ns_tracker/nsdeps.clj	2752	959	488d6c80	deflated	d0162adf96f8ab8bae89ae0b0382e70302f99e02e912cf7ee8a424b8569234bf
ns-tracker-0.4.0.jar	ns_tracker/parse.clj	688	354	467f62b8	deflated	594f962e1a25b2db033aec03ecf2258793ab5262bb0d81247a0f6a1442c5f617
peer-1.0.7277.jar	META-INF/MANIFEST.MF	64	63	3089b9c9	deflated	ac381c98524493f5f6e16c30e196f3c556371f894c58295d12caa519f9e48b0b
peer-1.0.7277.jar	META-INF/maven/com.datomic/peer/pom.xml	13023	2376	79e4f762	deflated	34b9caaa92b72b5a6d69397c5d7908a5b79fc7c29cb75ba4af490ff59fed0be9
peer-1.0.7277.jar	com/datomic/core2/manifest.edn	72	66	65e0d737	deflated	344505234c22f96fcac180b118225f8021fb14ad5f6bd662c734560d4b06c67c
peer-1.0.7277.jar	copyright	58	58	da4562c8	deflated	42007cd18bf4de9dfe65a1707878fae9c761ebb1c95f2bd599b19ce9a17ecc7b
peer-1.0.7277.jar	data_readers.clj	103	78	54c29c92	deflated	d681bd3c1854dd6303b29565f18451645a7265d64710fb7d2ee4e6abd55c3fc0
peer-1.0.7277.jar	datomic/VERSION	8	10	abe5ac5e	deflated	5b9f9a16f9249dd933274578f4deb26eeb208178c66077c6be373365d780fc5d
peer-1.0.7277.jar	datomic/aws/instance-arch.edn	1729	456	6c3e8fef	deflated	a0ce8dc0e131071523b6be446a8ea1ca91bc7085f1661b44b7d39b6e50750973
peer-1.0.7277.jar	datomic/aws/region-arch-ami.edn	751	303	bb51a80e	deflated	402a1c4343bdc7951d5806344e026c4e18fa10942a642b4f4b41ccda4f143cb5
peer-1.0.7277.jar	datomic/transactor-key.jks	1368	1200	67c8138d	deflated	f3627f52580b84fe8f536423643fb46999fd2458498989307f2820d778eb73a1
peer-1.0.7277.jar	datomic/transactor-trust.jks	662	460	edaa55e1	deflated	ca64f839d051d909974a624b4345d83cc739a0b90edbe54e7c3605a2fd8fc13b
postgresql-42.5.1.jar	META-INF/LICENSE	1696	899	66179404	deflated	8dba3cbae1f0a41e9d13b2c5a78df499ef2064ef3ee911cc75b7aa4cb9c443b1
postgresql-42.5.1.jar	META-INF/MANIFEST.MF	10593	2085	6222a302	deflated	5108a27fb123fdc31051356299b581e36c37454d7bce636aeaf58662d5a80ba3
postgresql-42.5.1.jar	META-INF/licenses/com.ongres.scram/client-2.1/LICENSE	1261	661	9c24427a	deflated	44984ca243358ea87de79ea35c655095ddc5df84874aced17990d7f9bdee7b3f
postgresql-42.5.1.jar	META-INF/licenses/com.ongres.scram/common-2.1/LICENSE	1261	661	9c24427a	deflated	44984ca243358ea87de79ea35c655095ddc5df84874aced17990d7f9bdee7b3f
postgresql-42.5.1.jar	META-INF/licenses/com.ongres.stringprep/saslprep-1.1/LICENSE	1261	660	9ced7c3a	deflated	d4b2a0426ed0c8536cf92fadb37cd22c04029b57d05d92b7bdf009f6c9adfb9a
postgresql-42.5.1.jar	META-INF/licenses/com.ongres.stringprep/stringprep-1.1/LICENSE	1261	660	9ced7c3a	deflated	d4b2a0426ed0c8536cf92fadb37cd22c04029b57d05d92b7bdf009f6c9adfb9a
postgresql-42.5.1.jar	META-INF/services/java.sql.Driver	22	24	b4e2de64	deflated	eadab89824c6de5c20fba24bb9c9733d6ec854a60243e6536fb7a9e70d2cecee
profiles-2.15.66.jar	META-INF/LICENSE.txt	11679	4051	ba81ea6b	deflated	14c6a5fbdbd6b87244abeb494712b9922d43f53afb658a42014c66da8e0c4403
profiles-2.15.66.jar	META-INF/MANIFEST.MF	151	133	404e60ae	deflated	ae5084f713abf333be1b7641d8359582c1f0c64a1983ff2f407e43a8871f87e0
profiles-2.15.66.jar	META-INF/NOTICE.txt	775	446	2311f95b	deflated	b5bbdba9fccbdae9fef728b4d17c5d14dbaa9fb2476afa32d68f7dbe3472dddd
profiles-2.15.66.jar	META-INF/maven/software.amazon.awssdk/profiles/pom.properties	98	98	678aac71	deflated	49cdae47be22aeec12ed59ea06db9b0f12e0f396c32cbfa3fa6e69d8f9db6a69
profiles-2.15.66.jar	META-INF/maven/software.amazon.awssdk/profiles/pom.xml	2697	922	99f26d33	deflated	5f8e4d3a27a96fa896615c39e236f1f627e829016b79a538be702fde32997c3b
query-stats-1.0.13.jar	COPYRIGHT	58	58	da4562c8	deflated	42007cd18bf4de9dfe65a1707878fae9c761ebb1c95f2bd599b19ce9a17ecc7b
query-stats-1.0.13.jar	LICENSE	11358	3949	86e2b4b4	deflated	cfc7749b96f63bd31c3c42b5c471bf756814053e847c10f3eb003417bc523d30
query-stats-1.0.13.jar	META-INF/maven/com.datomic/query-stats/pom.xml	1207	466	2beee8e1	deflated	7ef40bdd1ce04538136bbda9b1538308cd92e6dc9d8781ad9fa42084de88a742
query-stats-1.0.13.jar	com/datomic/query-stats/manifest.edn	77	71	7764921d	deflated	c831f5520b776aefcc9cf792cba7376ffed6e5207e913cdf39308f6828349c5d
query-support-0.8.28.jar	COPYRIGHT	53	52	9e03713a	deflated	7ed9e1f0c36da911350156839b49d5102d59accb33d6c78d1d3318eb557da974
query-support-0.8.28.jar	LICENSE	11358	3949	86e2b4b4	deflated	cfc7749b96f63bd31c3c42b5c471bf756814053e847c10f3eb003417bc523d30
query-support-0.8.28.jar	META-INF/maven/com.datomic/query-support/pom.xml	441	250	826b0fc1	deflated	489d25b51a95b225ffb3d4f1f1b20474edbf5b921fd1762ba36d9ce74103075d
query-support-0.8.28.jar	com/datomic/query-support/manifest.edn	79	73	c982c035	deflated	386b106d6bd14f8ab88c0d2ca437b9059bcbaf5e212ae93b3a3d1d7c9083c53c
query-support-0.8.28.jar	datomic/query/support.clj	3709	1529	501be7e1	deflated	54d6bba7e770c528ecd55abdb2950ff7bce9263e290d3a50ee9532f83965fd1c
query-support-0.8.28.jar	datomic/query/support/MapOnIndexed.java	3768	1259	dba9c86d	deflated	0177222720aafa9c474d6a7ece38bd7075b16aa2b0a209310aaeeac596c6ae47
reactive-streams-1.0.3.jar	META-INF/MANIFEST.MF	555	318	1b793f55	deflated	578fb0902db5b8332ac6ff17cefaf595da0871392751b379e8b274c877eb14ef
rebl-0.9.242.jar	META-INF/COPYRIGHT.txt	53	52	9e03713a	deflated	7ed9e1f0c36da911350156839b49d5102d59accb33d6c78d1d3318eb557da974
rebl-0.9.242.jar	META-INF/LICENSE.txt	7289	3215	73297a44	deflated	f9d0f34d65f5fc40420415c67ddcb736760f23e7a70bff06da26afe2878562ea
rebl-0.9.242.jar	META-INF/maven/com.cognitect/rebl/pom.xml	1039	358	aa38de0d	deflated	d444821aed0b4b1f19f35f6f5b8c30c86e948c74d0faf6e839ec708382eac373
rebl-0.9.242.jar	cognitect/rebl/cljsout/cljs/core.cljs	331656	68954	87b94134	deflated	ae95c2acd13a9a9e8f6c6bde3b281d30d3ba8a6f08cdae899c649bd2a3214393
rebl-0.9.242.jar	cognitect/rebl/cljsout/cljs/core.cljs.cache.json	593876	85785	5f50beb7	deflated	a692402f104693703b16913972943e30fb3218355fa706b751b9b7a33a64ae2e
rebl-0.9.242.jar	cognitect/rebl/cljsout/cljs/core.js	1244057	159526	c80d4de1	deflated	1392737321241d751a34c42c5856a2dd95dfb65358ba9fd79dcb37434d4439cb
rebl-0.9.242.jar	cognitect/rebl/cljsout/cljsc_opts.edn	188	116	67a28864	deflated	2ee1a8fe15cbb8be932a68048082977ccb926fbc932cafeaff4daa7f09ecca79
rebl-0.9.242.jar	cognitect/rebl/cljsout/cognitect/monaco/paredit.cljs.cache.json	6608	1238	59e86948	deflated	885b491d403664ca3abb4d62dad2579b7bd43ffd36759c0c63d3c1d5fc0c6546
rebl-0.9.242.jar	cognitect/rebl/cljsout/cognitect/monaco/paredit.js	16009	2471	f88ec321	deflated	611e1ddd5c053714eb43a8b683e286cd65c36fe8f28b297723fbdff1e2adc985
rebl-0.9.242.jar	cognitect/rebl/cljsout/goog/array/array.js	59394	12935	d3616cc9	deflated	a607accac31a207ac08bd26d117c0142d42a6ca94c22b9ebe88fcb091efee3e4
rebl-0.9.242.jar	cognitect/rebl/cljsout/goog/asserts/asserts.js	13595	3190	cfcab1cc	deflated	56722d81d68c2f50ec74b06b8669a8a83c351ee11e73c5b0e9af86c6286eb9dc
rebl-0.9.242.jar	cognitect/rebl/cljsout/goog/base.js	97323	28465	ed922040	deflated	caee1361d9465c9ace57fde9b4a9412832cec7f83d7036620389491683e41ccb
rebl-0.9.242.jar	cognitect/rebl/cljsout/goog/debug/error.js	1797	916	eb2f19a4	deflated	7165182c88fc587a0c46267c28ab1a791cec6540de31c276d71c6dc31777dcce
rebl-0.9.242.jar	cognitect/rebl/cljsout/goog/dom/nodetype.js	1449	803	4b6ba9a2	deflated	c4a516c59a452fc7b0361a8aed3ea70f62986e430134ce35d9af522a978b2b69
rebl-0.9.242.jar	cognitect/rebl/cljsout/goog/functions/functions.js	14785	4000	55d75d35	deflated	30b02bfbc946d6b803782242c1b1a12415afc7893ccdc3c3ab269f487b09d611
rebl-0.9.242.jar	cognitect/rebl/cljsout/goog/iter/iter.js	43951	9354	34b56fa2	deflated	e926fde9ec6fd6c116909e626822551852806ec4539bbfb3c9c5301d03e49c8f
rebl-0.9.242.jar	cognitect/rebl/cljsout/goog/math/integer.js	24550	5937	5fc6487e	deflated	251cb7564e2e9f7d85c3c7989e34eb72c74f259ff519802d0a6064ff5566636f
rebl-0.9.242.jar	cognitect/rebl/cljsout/goog/math/long.js	30213	6959	cdd27f96	deflated	2d17c07181ff7a375035e44ed307f965055607b7d61091c79ab3b92aba1674f7
rebl-0.9.242.jar	cognitect/rebl/cljsout/goog/math/math.js	14582	4415	04836b06	deflated	18f6eb3156dedd7061c41a4c7fe051cb8b532fbacd15ea373ad7fe5d5636f9fb
rebl-0.9.242.jar	cognitect/rebl/cljsout/goog/object/object.js	22128	5549	ab7b92c6	deflated	ae4340c110b761e16b99c7e3d2792f82d3b2383bc27adfebc3fbc735f6d59817
rebl-0.9.242.jar	cognitect/rebl/cljsout/goog/reflect/reflect.js	4627	1841	07762c58	deflated	305fc24f131de68c7a6cf1c211179027ee512720a6c61d8a6c525604333691c9
rebl-0.9.242.jar	cognitect/rebl/cljsout/goog/string/string.js	53241	14184	b65bd989	deflated	ea343c65697636075fd768405cd2f6ec6ace51ae44584ba7f395b95fe27fbffe
rebl-0.9.242.jar	cognitect/rebl/cljsout/goog/string/stringbuffer.js	2701	1114	33ebea50	deflated	0d8f72d136155e3217c6641f2755ccba8f3e83991bdb9c0052b28340cf62c313
rebl-0.9.242.jar	cognitect/rebl/cljsout/goog/structs/map.js	12867	3886	7e67fbb5	deflated	71d34398efc7b299f079f09437470dd1e2825303588a6825408614ba2de7382f
rebl-0.9.242.jar	cognitect/rebl/cljsout/goog/structs/structs.js	11678	2582	aa65ce86	deflated	53a0ee76c6ffdb8331f54128d725fc177e39326f923ba629392a6e741ed23618
rebl-0.9.242.jar	cognitect/rebl/cljsout/goog/uri/uri.js	43936	10802	8923808b	deflated	ffd7f8bd445d246a31096986576debb5e3d4d6ea8b9374ed574b991454f4659e
rebl-0.9.242.jar	cognitect/rebl/cljsout/goog/uri/utils.js	36648	9940	5e1b2375	deflated	748541fb78ac50fc05eb69fa69114ad7e7ebad0ca809a37b29afb77efd004660
rebl-0.9.242.jar	cognitect/rebl/cljsout/process/env.cljs	565	352	b233cdaf	deflated	08a35bf2f745f20ee377df3dc9eccc36240b52bd65d0aa256786c0fdf3aa71cb
rebl-0.9.242.jar	cognitect/rebl/cljsout/process/env.cljs.cache.json	676	328	4970e1a9	deflated	984a0c8f454c46227fabb35020920da8e2ba0f8ccc2c195f178a5afabec8fe20
rebl-0.9.242.jar	cognitect/rebl/cljsout/process/env.js	173	144	9a5aaf27	deflated	f5764624d920ce6c396fd5685c4e190cdfe944138a4182a898ad29752e3378ba
rebl-0.9.242.jar	cognitect/rebl/codeview.css	160	108	60d9f107	deflated	ab72e4248557a9c65556e5395d05ac3d24382a21835ad441a373a8482856d876
rebl-0.9.242.jar	cognitect/rebl/codeview.html	2115	950	723258cd	deflated	dbab1cfc4da97d6bd8be746ccb489e0adcf984655ecb41890cb8d8fdf8ece1e6
rebl-0.9.242.jar	cognitect/rebl/exception.fxml	3310	633	7f71b7b6	deflated	8f1985e1b94fd81db69059d5aff9e57241e9ac38043ae30357332d6e27abd1af
rebl-0.9.242.jar	cognitect/rebl/fx.css	33	35	d14cc747	deflated	2a7712dfad098dd47be665f3f4e1f2c4eef3959e6c302d07ee18a5056c22c311
rebl-0.9.242.jar	cognitect/rebl/libs/monaco/min/vs/base/worker/workerMain.js	145087	40411	3630113a	deflated	29e86626f52555afb2e31c41efdebe36605f3aa9dfc4a31811a6e4bc9512875c
rebl-0.9.242.jar	cognitect/rebl/libs/monaco/min/vs/basic-languages/apex/apex.js	4338	1958	ceed5127	deflated	29cf24e4f26f646991f6571bd7e3c268327ebf9f899d0022a1ef87a242cd5ddb
rebl-0.9.242.jar	cognitect/rebl/libs/monaco/min/vs/basic-languages/azcli/azcli.js	1232	515	8d4e91db	deflated	3630f2a61765fbf2197051b58e8feac7cb01a4641a38070c9f4f89677a08983c
rebl-0.9.242.jar	cognitect/rebl/libs/monaco/min/vs/basic-languages/bat/bat.js	2225	1053	496f7ed6	deflated	aa440e90159f3276409c3017189b104a86a68fd2339611a755c9ccf0a739bfba
rebl-0.9.242.jar	cognitect/rebl/libs/monaco/min/vs/basic-languages/clojure/clojure.js	9745	3705	9c7db97d	deflated	a50a779f1ce2e1142207d785a006c2805dc4b8599bbc0616670f07fc2c7c194b
rebl-0.9.242.jar	cognitect/rebl/libs/monaco/min/vs/basic-languages/coffee/coffee.js	3976	1504	f2db16ba	deflated	16a56c63a0f7c12911c3bdcca54b4e16bf5df39480d3fb1967db2276ce51743e
rebl-0.9.242.jar	cognitect/rebl/libs/monaco/min/vs/basic-languages/cpp/cpp.js	5502	2222	002c49ba	deflated	f55ea6a696b69814eb76bf7c3f9d83c904062dd37b9d05e89c93d2c64d1aeb8b
rebl-0.9.242.jar	cognitect/rebl/libs/monaco/min/vs/basic-languages/csharp/csharp.js	4921	1925	d8a2cbf8	deflated	e9e8c8d39c032733969c9f4c57ee4306ec50327dc8d1d663ee720e65cd650d1f
rebl-0.9.242.jar	cognitect/rebl/libs/monaco/min/vs/basic-languages/csp/csp.js	1799	719	a27aa067	deflated	525234f54db3738444156b76aac493741874a3d82d0e47f7322632bc9fd1f584
rebl-0.9.242.jar	cognitect/rebl/libs/monaco/min/vs/basic-languages/css/css.js	4869	1562	bf6ba97c	deflated	09ce0fc5163f432ba3a71ad4446525c06d0538bd211607f7e95c5ea1a1b32a6f
rebl-0.9.242.jar	cognitect/rebl/libs/monaco/min/vs/basic-languages/dockerfile/dockerfile.js	2389	897	d7d93735	deflated	e4ebd392900ca2b6f5d15981ded4a36afc8e3bd98755f474dbadc27944986fda
rebl-0.9.242.jar	cognitect/rebl/libs/monaco/min/vs/basic-languages/fsharp/fsharp.js	3331	1502	78b0fa4f	deflated	1e2c1e0f5cf61e0e384dc2e9f7d8ec59e65d7712ad0814d7f2bb68ebbbbf5a48
rebl-0.9.242.jar	cognitect/rebl/libs/monaco/min/vs/basic-languages/go/go.js	3035	1336	0c07ea4d	deflated	71c63301765f6a5bca27835d58fc2caa7ac48a1460aa4bc949fe042a1408b8d9
rebl-0.9.242.jar	cognitect/rebl/libs/monaco/min/vs/basic-languages/handlebars/handlebars.js	6528	1521	559752d8	deflated	69857919fb70358200066b521f7ca2536a785196a8e86409e749c59e7c5d86ba
rebl-0.9.242.jar	cognitect/rebl/libs/monaco/min/vs/basic-languages/html/html.js	4932	1372	2d61b90e	deflated	10da8a19abb9ddd55de2139f0b8d5f48047001435eee14a127e00b37fb930e9e
rebl-0.9.242.jar	cognitect/rebl/libs/monaco/min/vs/basic-languages/ini/ini.js	1481	727	879edf54	deflated	0e0b6116b071b1a326d671f81fa8aac893132f349f664ccc243fe9aa8d2398b3
rebl-0.9.242.jar	cognitect/rebl/libs/monaco/min/vs/basic-languages/java/java.js	3351	1532	e0415cbb	deflated	2f29ef1c16fc913a7ebace1220642e4d7c9a7bf7d8547aa4224804fa7532a375
rebl-0.9.242.jar	cognitect/rebl/libs/monaco/min/vs/basic-languages/javascript/javascript.js	6404	2266	905846a8	deflated	b66ea85d8d1f8137b9b5d5701d45b476c35246a916230a0b6965eec8eb8c21e4
rebl-0.9.242.jar	cognitect/rebl/libs/monaco/min/vs/basic-languages/less/less.js	4278	1600	9b0d6767	deflated	d33b1ca4d589ca70d56d39eaf1a1356381513918bb75b526dc4735ddb7d9fbe3
rebl-0.9.242.jar	cognitect/rebl/libs/monaco/min/vs/basic-languages/lua/lua.js	2503	1114	393eac01	deflated	fb90efcdf352e5195e16b33c0ada38cb9249f619bec9aaa6f8a464bcddbff36c
rebl-0.9.242.jar	cognitect/rebl/libs/monaco/min/vs/basic-languages/markdown/markdown.js	3769	1447	afbbe92f	deflated	5bf07a517991f91c5e147741badcffccf67d9e734f4340a021c0623e36391c7c
rebl-0.9.242.jar	cognitect/rebl/libs/monaco/min/vs/basic-languages/msdax/msdax.js	5296	2146	376921e9	deflated	92e502550e41a7c49db3e523903daef2bcaf4d1e64666f89ba5c3c16fed543f1
rebl-0.9.242.jar	cognitect/rebl/libs/monaco/min/vs/basic-languages/mysql/mysql.js	14882	5323	3d7a41ce	deflated	d2dc849acd4ffeff2adee6d1efddf78a3f8acff030b662a93b739d80f80efcb3
rebl-0.9.242.jar	cognitect/rebl/libs/monaco/min/vs/basic-languages/objective-c/objective-c.js	2798	1245	1ae13ed8	deflated	8f0d8620728da8750629f943945db449815f9c7e0e1422712bc1877c0b2bc75c
rebl-0.9.242.jar	cognitect/rebl/libs/monaco/min/vs/basic-languages/perl/perl.js	8637	3281	6ba8c3b5	deflated	4927fefca980e2beeb6e0d9bf43547faa4b7702ac3c9a75d7371830655ee315d
rebl-0.9.242.jar	cognitect/rebl/libs/monaco/min/vs/basic-languages/pgsql/pgsql.js	18014	6490	86155f5a	deflated	84973d08186b9c73d7f124c4ddc832b5ba925b8dd5b607163699ab3466199b9c
rebl-0.9.242.jar	cognitect/rebl/libs/monaco/min/vs/basic-languages/php/php.js	8413	2242	27c84cef	deflated	7858922909ebb39a25a7c2a822a707056f74b95f4366274bdc4185291a1f762e
rebl-0.9.242.jar	cognitect/rebl/libs/monaco/min/vs/basic-languages/postiats/postiats.js	8246	2604	0703dff6	deflated	4954ca10427b18645b23d2af43ca4fb218a5c1b30fb9ea03568df4327a64f347
rebl-0.9.242.jar	cognitect/rebl/libs/monaco/min/vs/basic-languages/powerquery/powerquery.js	17333	5056	d134fccb	deflated	4c5606e2a0a954e5c137bbe95b193594a3953ff15facfddd9be47c6a123fe1fc
rebl-0.9.242.jar	cognitect/rebl/libs/monaco/min/vs/basic-languages/powershell/powershell.js	3663	1564	4c06f32d	deflated	d2c5f177f53ebcce01da07e1ddf08c069b29bf0e2bd6218b1fbe58e31c54ab95
rebl-0.9.242.jar	cognitect/rebl/libs/monaco/min/vs/basic-languages/pug/pug.js	5208	1832	0b2bf173	deflated	6021244bf5ca494e2cd4f3a2abbcc69ecfc32f38706f747b7343d1ca6b6b5fe1
rebl-0.9.242.jar	cognitect/rebl/libs/monaco/min/vs/basic-languages/python/python.js	3630	1557	955ba4c6	deflated	d9a7a5f81f0392eafce1cc42f2d8b01c9e83fbe9f9411a5a7ac3fe29ec8f576d
rebl-0.9.242.jar	cognitect/rebl/libs/monaco/min/vs/basic-languages/r/r.js	3211	1359	a72d142e	deflated	b59b002895eb5fd409b2730daae7f2a930bc716e187a05d33242f90f2374f1f8
rebl-0.9.242.jar	cognitect/rebl/libs/monaco/min/vs/basic-languages/razor/razor.js	8838	2285	7af37ce6	deflated	45949aab012b897153e25e8c7f953140a6e80fdeb4d65132cfcf0c483c5a575d
rebl-0.9.242.jar	cognitect/rebl/libs/monaco/min/vs/basic-languages/redis/redis.js	3940	1671	20d9219e	deflated	864245ff09655d95afeeb77ff235f2c6a1392a3609225d4de4fe5021be3e2d22
rebl-0.9.242.jar	cognitect/rebl/libs/monaco/min/vs/basic-languages/redshift/redshift.js	12172	4493	498a8fc8	deflated	42f0b362c579fc72eb2bd4ef6be7e4943d8f6890abe2e5323a5e9a0c366aa5e4
rebl-0.9.242.jar	cognitect/rebl/libs/monaco/min/vs/basic-languages/ruby/ruby.js	8505	2560	5354a7ca	deflated	e854893dc1b9d6f5df1c9adf65479c168f8d415a7f52affc87e751e0005cf00d
rebl-0.9.242.jar	cognitect/rebl/libs/monaco/min/vs/basic-languages/rust/rust.js	4304	1940	8047a0a5	deflated	0a6d5abffc2484429056f277badddd82476cca770ad619aa944cbd67f6ac61ab
rebl-0.9.242.jar	cognitect/rebl/libs/monaco/min/vs/basic-languages/sb/sb.js	2207	1018	a41f9d77	deflated	d4342222dfe851f84bbcd37efb97fedc764ed84b952340f893b349afa5635ecf
rebl-0.9.242.jar	cognitect/rebl/libs/monaco/min/vs/basic-languages/scheme/scheme.js	2153	1003	6bbc0f89	deflated	29275a7c534b25d298f17e50abd9a232d0e47db04664509dffcbfdd34f6d36bb
rebl-0.9.242.jar	cognitect/rebl/libs/monaco/min/vs/basic-languages/scss/scss.js	6791	1931	4290d0ea	deflated	7696607ee25d249b3ce12e2597e8fdd242d2d6ac90af286cdca92d4c261696df
rebl-0.9.242.jar	cognitect/rebl/libs/monaco/min/vs/basic-languages/shell/shell.js	3310	1344	0aba02e1	deflated	c5f31075248ac543f01d31ba814f2413560020dd77dd4837657dfc8b0fb41d78
rebl-0.9.242.jar	cognitect/rebl/libs/monaco/min/vs/basic-languages/solidity/solidity.js	18973	4638	3a09875d	deflated	eb1bd7c9686a65f304f5ec372f8f378ed72286eabe56e0defaf2ab4b1f42289f
rebl-0.9.242.jar	cognitect/rebl/libs/monaco/min/vs/basic-languages/sql/sql.js	18619	6734	07b0d9f4	deflated	002958f44c6a291d1771659796b1082d310ae3a122734ca4ea6797685552a506
rebl-0.9.242.jar	cognitect/rebl/libs/monaco/min/vs/basic-languages/st/st.js	7278	2232	b8d1492b	deflated	8ca76f6c7cb7d0b18c3ffa6a185e191bb13a066741c4231fe037af126e6cf21d
rebl-0.9.242.jar	cognitect/rebl/libs/monaco/min/vs/basic-languages/swift/swift.js	4249	1789	9e0dd6b0	deflated	9a6ae33f2091154e12e37e49c1d1c61b0ca413d67aa448d09cd88b23840c53ce
rebl-0.9.242.jar	cognitect/rebl/libs/monaco/min/vs/basic-languages/typescript/typescript.js	5406	2118	f762450d	deflated	55499ddb4814c7f08d1992fa695e0977d608aba928e50f64ddd7d5b2c5003ba5
rebl-0.9.242.jar	cognitect/rebl/libs/monaco/min/vs/basic-languages/vb/vb.js	6076	2221	7f30bf18	deflated	e2e91f3e6b33bb5c7a7813ccccf16f7c02500fa2d33ebd6350bfff4f4221c779
rebl-0.9.242.jar	cognitect/rebl/libs/monaco/min/vs/basic-languages/xml/xml.js	2119	815	8c5d39c9	deflated	1bc57f56e223977d44867357aec635d94585f6b27addbe4330e2a543ac1e1435
rebl-0.9.242.jar	cognitect/rebl/libs/monaco/min/vs/basic-languages/yaml/yaml.js	3924	1416	b89b3788	deflated	fe4281d471f2acc6d330661b35d638ebe907096687991d86ac17f44d4d94178e
rebl-0.9.242.jar	cognitect/rebl/libs/monaco/min/vs/editor/editor.main.css	219957	50467	e94135f1	deflated	ca52ea72a1214ba0482b36406f5f9f15c7e2ef7d229660d7cb2a3c27a40a800f
rebl-0.9.242.jar	cognitect/rebl/libs/monaco/min/vs/editor/editor.main.js	1957180	450214	cb544ace	deflated	02e6c417888b217f7c7ec5d149de8f56a1bfca914dad34d4e019fd88e14da21a
rebl-0.9.242.jar	cognitect/rebl/libs/monaco/min/vs/editor/editor.main.nls.de.js	33632	8759	f2a34a9e	deflated	83fd76f4c5b548d96a9fdee1c1868152c3d5bcd9b463f46cc5e45727e3ae97ca
rebl-0.9.242.jar	cognitect/rebl/libs/monaco/min/vs/editor/editor.main.nls.es.js	33632	8759	f77cffe4	deflated	953bebf7fc3b66c9772ee600a22c37335cb42404edee4085c5ea471ca3d7d087
rebl-0.9.242.jar	cognitect/rebl/libs/monaco/min/vs/editor/editor.main.nls.fr.js	33632	8760	10611665	deflated	10f5b19436c722a44fcc5d1691e9a15bbf919245b3f0415e6235f63f10f47e8f
rebl-0.9.242.jar	cognitect/rebl/libs/monaco/min/vs/editor/editor.main.nls.it.js	33632	8760	58ed24a2	deflated	02b7210d5799c8ff8bc691c3075563abee70ae15dc76c8188b855631f6f4d97d
rebl-0.9.242.jar	cognitect/rebl/libs/monaco/min/vs/editor/editor.main.nls.ja.js	33632	8760	35779b66	deflated	d462e8c1c8807d803de25b17c275d8a6f4082a32516f1170f1079c87a6304a3a
rebl-0.9.242.jar	cognitect/rebl/libs/monaco/min/vs/editor/editor.main.nls.js	33626	8754	bf954392	deflated	ac858c2dff8e38667c3162618fec1108900c516d011c61ef8258684eaaca8791
rebl-0.9.242.jar	cognitect/rebl/libs/monaco/min/vs/editor/editor.main.nls.ko.js	33632	8760	c3adb59a	deflated	3959c8792e3e17eadd6cd2dc2b97328481c3e08aee0bfccaa98a9113b37b4126
rebl-0.9.242.jar	cognitect/rebl/libs/monaco/min/vs/editor/editor.main.nls.ru.js	33632	8759	bbd8eead	deflated	6c291f46751156ca485475323210bbeed61a94fbc2092a87b901ba7be79d478f
rebl-0.9.242.jar	cognitect/rebl/libs/monaco/min/vs/editor/editor.main.nls.zh-cn.js	33638	8765	ddb7bc69	deflated	cc3615a9ef7519d495d4b523527082bb5e245f9546ef052587182378431f293b
rebl-0.9.242.jar	cognitect/rebl/libs/monaco/min/vs/editor/editor.main.nls.zh-tw.js	33638	8767	6da74ce0	deflated	f2887a50238d18569b674fd8b0b57d022810b6861fe5d8c791f0b3b4e97ccf8b
rebl-0.9.242.jar	cognitect/rebl/libs/monaco/min/vs/language/css/cssMode.js	26314	6812	da86eea5	deflated	c9445583c943619874c425c9bd5b1ef71a716b08703c7ba32fcf3cdb7d902617
rebl-0.9.242.jar	cognitect/rebl/libs/monaco/min/vs/language/css/cssWorker.js	568700	122072	6dde7d9a	deflated	8b922527a7d1521f434514d4a1c0222c3cb77060a62163a405ad9ccabad6fc67
rebl-0.9.242.jar	cognitect/rebl/libs/monaco/min/vs/language/html/htmlMode.js	23432	6315	2e5858f5	deflated	57c2703e0eb306c13d299659448a440946836e429ef31c63487ecf7de24d35fe
rebl-0.9.242.jar	cognitect/rebl/libs/monaco/min/vs/language/html/htmlWorker.js	167425	52203	9279e496	deflated	76a4758b6a325a606172b204d38bcac57d237d47b5e03624485bd807f70a95d5
rebl-0.9.242.jar	cognitect/rebl/libs/monaco/min/vs/language/json/jsonMode.js	44232	12157	735a5659	deflated	93f51f5fd8add707418ca6024482be3281aac0fab7db8c069009159b0382eef2
rebl-0.9.242.jar	cognitect/rebl/libs/monaco/min/vs/language/json/jsonWorker.js	112518	28511	8c7f11bd	deflated	61bf938e6e799301a7c16d3f7c3d6bda9fed2d4103739bdc233a0e48e43ecb16
rebl-0.9.242.jar	cognitect/rebl/libs/monaco/min/vs/language/typescript/tsMode.js	16048	4402	3d7ed668	deflated	7f348ce16da09e09a250c39ad12a036e52fdcb379eef1f8c73af81683d1a351c
rebl-0.9.242.jar	cognitect/rebl/libs/monaco/min/vs/language/typescript/tsWorker.js	2967805	651535	96e70a6c	deflated	33d1ffb40c15c5935c6c14b17e28c6bad2d4a250b334b80764cfc58de6ab825d
rebl-0.9.242.jar	cognitect/rebl/libs/monaco/min/vs/loader.js	28992	8382	e44a2023	deflated	5387142cf7e32024ac5e3624c03fc1a53c3edee60dadaf9fb211cd6882e0ccb6
rebl-0.9.242.jar	cognitect/rebl/libs/paredit-bundle.min.js	18031	5622	ab88371e	deflated	e53451cfe6d67a858357872ecfe771204ae697fdd0d554cdf368c60828503b1a
rebl-0.9.242.jar	cognitect/rebl/libs/raphael.js	314913	67122	95bbd126	deflated	30f5e34d2108995248d7cdf82401ee6dd2bb2edb3555350f266090f732808f20
rebl-0.9.242.jar	cognitect/rebl/rebl.fxml	16138	2195	f8212f7a	deflated	5aa86e146f162c2623b107b1b4ebd640a6bc12eb0ef44f90cce7e548cc58b545
rebl-0.9.242.jar	cognitect/rebl/rebl.js	234	151	c5d87e33	deflated	3b91d4b53321f8d8747e1843f6afd64144a43dfd6ae623daa805c47971782ddd
rebl-0.9.242.jar	cognitect/rebl/reblcljs.js	885921	116497	55d03c70	deflated	ff69ddc8dc90a67309ab1ab14e917cbcbbcca61b1ec65889390606d729004474
rebl-0.9.242.jar	cognitect/rebl/series-pair-chart.fxml	688	311	52d81901	deflated	92163ea44a50fdffe59f3c88dadf95e826767739d6806ff1e7566c90b75b10b9
rebl-0.9.242.jar	cognitect/rebl/var.fxml	3359	812	9c04ea6e	deflated	daa5394d9e5423595bfb3f306f607aaf3887c74d78b76568124cad2375d24276
rebl-0.9.242.jar	com/cognitect/rebl/manifest.edn	73	64	88726f84	deflated	c8397e56a30693c2754e9ab0f9ebe3e66982a48b7b9ec3f4ef3ff5a9bb413fed
regions-2.15.66.jar	META-INF/LICENSE.txt	11679	4051	ba81ea6b	deflated	14c6a5fbdbd6b87244abeb494712b9922d43f53afb658a42014c66da8e0c4403
regions-2.15.66.jar	META-INF/MANIFEST.MF	150	132	81a85bef	deflated	629030d57b43e7fdc32fce3ee88947a2ca54c5978e3923de92d56a5a34506c20
regions-2.15.66.jar	META-INF/NOTICE.txt	775	446	2311f95b	deflated	b5bbdba9fccbdae9fef728b4d17c5d14dbaa9fb2476afa32d68f7dbe3472dddd
regions-2.15.66.jar	META-INF/maven/software.amazon.awssdk/regions/pom.properties	97	93	c57d8acb	deflated	bd36922f23ba23e1431d38ddffece9608d3d94b041df361610fa20c86b661a6d
regions-2.15.66.jar	META-INF/maven/software.amazon.awssdk/regions/pom.xml	5182	1217	4ca5455f	deflated	18c2b6796ada2c63bdaedb7fe4eb540270b12cf52f347db5d507edbdcbe78a29
regions-2.15.66.jar	software/amazon/awssdk/regions/internal/region/endpoints.json	279710	12276	f32576b4	deflated	ff20c3ef132284d40614a9ecbef18d1d6b4738eeaa6f1e2478fdb878efda06d5
rewrite-clj-0.6.1.jar	META-INF/MANIFEST.MF	118	108	0ea6e4b2	deflated	79dc231c20c57e18342804aa133930c0546f3d600fdffd14aba09263b6a593c3
rewrite-clj-0.6.1.jar	META-INF/leiningen/rewrite-clj/rewrite-clj/LICENSE	1076	634	e41dc03e	deflated	4ac7b016718590dbc7a2317150094fbad61138bdfc96ed079f531ec40808b27e
rewrite-clj-0.6.1.jar	META-INF/leiningen/rewrite-clj/rewrite-clj/README.md	6756	2737	29d7a6bd	deflated	fd3133bb128dc18b68093a013b3388ed753f9b51c66ed558136668de1c816465
rewrite-clj-0.6.1.jar	META-INF/leiningen/rewrite-clj/rewrite-clj/project.clj	1144	484	c804b6b3	deflated	101511c88e4cb271506e31e82f1774b555134b17bf0cb14a909184b098cadf6c
rewrite-clj-0.6.1.jar	META-INF/maven/rewrite-clj/rewrite-clj/pom.properties	149	125	f44ddfcd	deflated	64e7d8d944625291c86cd7eeb519cae5bf4999c35bf66fd223f33e7991b589bd
rewrite-clj-0.6.1.jar	META-INF/maven/rewrite-clj/rewrite-clj/pom.xml	2680	824	e8545433	deflated	88782b0517a90ab07b01d1a46771cbe532d810bfff2d62ee23c32d94989f0146
rewrite-clj-0.6.1.jar	rewrite_clj/custom_zipper/core.clj	8289	2376	240f07e5	deflated	e94a81b52751ebc4b0647c4213edd91a53494cc86f4fae394cf78a7b934519ab
rewrite-clj-0.6.1.jar	rewrite_clj/custom_zipper/utils.clj	2724	727	fce7b60a	deflated	b7dce41559c95e5d4418bc96a320f4e501c32a9e93b7a32bdb52c5d2f84f1e66
rewrite-clj-0.6.1.jar	rewrite_clj/node.clj	2164	720	b88b9d36	deflated	e22758519c3cb375f3cda1401d55c3edfb17906c44bc1699b335bde3f2544a49
rewrite-clj-0.6.1.jar	rewrite_clj/node/coerce.clj	3504	967	c41e8a9a	deflated	61c65224e2dc9ba7035785c5181d87fee7228b088bf6609b71859d2c4079803e
rewrite-clj-0.6.1.jar	rewrite_clj/node/comment.clj	667	361	23b782d6	deflated	fa4d6e6eb1f297266e71c8e31da478554ce93bce4f1c501b28acc23b2798a01c
rewrite-clj-0.6.1.jar	rewrite_clj/node/fn.clj	2249	983	4b6d379e	deflated	f362705878117669a784957bf2e3a38dd30177fb08a233b91e5518e84a43bdf3
rewrite-clj-0.6.1.jar	rewrite_clj/node/forms.clj	853	401	f93cab41	deflated	0e61291629632f2397c844ca8fe88711eb753d0e1de29188c5d2dca7eaa3d66c
rewrite-clj-0.6.1.jar	rewrite_clj/node/indent.clj	1427	593	899982d7	deflated	be4cf0440e71cab43ec47172e6ba5d74888619446833c49db16731c58b0ff431
rewrite-clj-0.6.1.jar	rewrite_clj/node/integer.clj	953	437	9bc15b9b	deflated	8e348a7ddcfa1189cb57cb29fc7a5bd9bd47adb2b212cf735f74e42995e1c7e1
rewrite-clj-0.6.1.jar	rewrite_clj/node/keyword.clj	954	460	5b88c81e	deflated	a8f88ed41267f3b1ad4a33e14425e103b4abd785a62cb5ef5ef152361dc615eb
rewrite-clj-0.6.1.jar	rewrite_clj/node/meta.clj	1429	571	87a6402e	deflated	9c66561c93db0c88c2a79e7485717406c16eb817c3d70fc2d9c2ca6772d2d511
rewrite-clj-0.6.1.jar	rewrite_clj/node/protocols.clj	4219	1569	52a96b77	deflated	34be3178c8566472331c2d80a49fd6ce12ca62efe179b44bbc2a723cb0eeb6be
rewrite-clj-0.6.1.jar	rewrite_clj/node/quote.clj	1851	550	dc82154d	deflated	5db464148ff14120da1fbcba7f076fa347983e288d127bce8728edb4932db4c1
rewrite-clj-0.6.1.jar	rewrite_clj/node/reader_macro.clj	3338	832	3d312e9f	deflated	8953b1fca611f4bdeaf66a9b62e1553ae162b00cef8235e4cced6b723ae81154
rewrite-clj-0.6.1.jar	rewrite_clj/node/regex.clj	474	259	ab0c059d	deflated	d730143273804f2c6053af0ff04136c222f91e16be67da9504519a2adee422c0
rewrite-clj-0.6.1.jar	rewrite_clj/node/seq.clj	3074	878	2a73386d	deflated	b01e283a87a5e4ef8d9b2f3ce52910db52fa340df61d37e9766a0ff060730e01
rewrite-clj-0.6.1.jar	rewrite_clj/node/string.clj	951	434	683dfce1	deflated	a5301125eb315d28f88215268e8c0f267aa5dae679254ab77ce00561fd76d3e4
rewrite-clj-0.6.1.jar	rewrite_clj/node/token.clj	550	292	5e8b89cc	deflated	d496616de844a662ef0adc498175192c183dc643980ce14a03672afcce7540f4
rewrite-clj-0.6.1.jar	rewrite_clj/node/uneval.clj	906	427	9ad1eadb	deflated	40fe2f796e6f1acb971fe5b083858f4b589f072fd16cbb675da2be61b0492a50
rewrite-clj-0.6.1.jar	rewrite_clj/node/whitespace.clj	3790	1116	e6aae6ab	deflated	9d6a37ac50a855b7e8e6588fb368ef32e0218f4b14e93279c69fa7e0a41d64d2
rewrite-clj-0.6.1.jar	rewrite_clj/parser.clj	1148	383	f690f1d5	deflated	b23352c0814799778da81f25cc9d4c5fe7fe8c3c257a003b1c7e9975500fa945
rewrite-clj-0.6.1.jar	rewrite_clj/parser/core.clj	4903	1365	1e38b785	deflated	6e8869514c5b98b43b17230b1100fbfe7a0f1c45b49e10febc86080587295b27
rewrite-clj-0.6.1.jar	rewrite_clj/parser/keyword.clj	549	254	473a6553	deflated	2c290f2db8812ba1564221ccfad9a2be441e5bc5b833749fb502d0b4c6480418
rewrite-clj-0.6.1.jar	rewrite_clj/parser/string.clj	1155	467	5bcab3f1	deflated	e910ee3f7403186bddd8bd3a9d2d96e29e08945e39795c4027af8523a4f2c533
rewrite-clj-0.6.1.jar	rewrite_clj/parser/token.clj	1235	451	d0386874	deflated	5ec839c9cbb42e09cc4cf8cf1ae8b57f6687cecda4747e76ff606f3ea41e7818
rewrite-clj-0.6.1.jar	rewrite_clj/parser/utils.clj	1042	420	3246738c	deflated	b9cf9b6de5930f5da4fb658c2a4e9a0166a01d1b6df118d99877196d331e95d4
rewrite-clj-0.6.1.jar	rewrite_clj/parser/whitespace.clj	652	258	fb07bf33	deflated	6585a6711e9aee55d52885eff47b9e68eb264dd5cea0617bc5132dea9be6afc2
rewrite-clj-0.6.1.jar	rewrite_clj/potemkin.clj	4934	1692	373f6b9a	deflated	82f51c17d17c6d66a92b80739f92f6c67f358e7130f11b4c47a9e8495533a4b9
rewrite-clj-0.6.1.jar	rewrite_clj/reader.clj	4126	1461	c0a576df	deflated	a4ed0bed6c8d7275f31addc25d82273b25dc42c29e5147bc84f51c6ad801ff64
rewrite-clj-0.6.1.jar	rewrite_clj/zip.clj	3261	1009	a791c88a	deflated	584820aeb95d2fcf5c27c818afca9de0c64ad268c8fe32c0e3c2ed9b768ca476
rewrite-clj-0.6.1.jar	rewrite_clj/zip/base.clj	2910	952	3275ec91	deflated	ee0ef4f8dde72677641f4c25feb0e8e6eb5f3be6d70a831eda316c1bcf478b8c
rewrite-clj-0.6.1.jar	rewrite_clj/zip/edit.clj	2990	1038	b34f5658	deflated	7a2caf0e6b775a65e9b3fadde9a289926d0d2346ce2bd628a56cb935a5fcd47a
rewrite-clj-0.6.1.jar	rewrite_clj/zip/find.clj	3172	758	c61c59cd	deflated	cf25e464401c2b3f13e17c660314479c26e7bb16288c193ecc236cbc25e2dce8
rewrite-clj-0.6.1.jar	rewrite_clj/zip/insert.clj	1491	480	919faf83	deflated	23acacce45bd9a281165225d38969c17e211a3edd65b5065ec01af7255c3ee10
rewrite-clj-0.6.1.jar	rewrite_clj/zip/move.clj	1914	486	2396d0d3	deflated	09648b57149bb2c74564f824f759f238bdb177abe98fb694044617544bb8ea7f
rewrite-clj-0.6.1.jar	rewrite_clj/zip/remove.clj	1544	631	5a22057c	deflated	10ff3dd8d096954b9544da182d765051dbcff2ee7bfaf3d554d5d13faf62c99d
rewrite-clj-0.6.1.jar	rewrite_clj/zip/seq.clj	2604	860	eeb60b54	deflated	4f7e01f31a8f5d8fc46974fe5eafc4d1d40cc5dfdd9bb94fe38d1de0da0c156e
rewrite-clj-0.6.1.jar	rewrite_clj/zip/subedit.clj	2641	820	ce139da2	deflated	ee4f50bd53aac99df25cab24873a7f989b440bfe2cf90efabf61c65d821cf8a5
rewrite-clj-0.6.1.jar	rewrite_clj/zip/walk.clj	1371	483	5c913a27	deflated	621cc64bdb1478fc63a2f3a30483de8ebec3e0ec718c092f3429544f0b606820
rewrite-clj-0.6.1.jar	rewrite_clj/zip/whitespace.clj	3059	751	2697e362	deflated	25bf60474a9d282dae7c5d9dea747da261815f9258e3e79e4d521cab7ce29b6d
rewrite-cljs-0.4.4.jar	META-INF/MANIFEST.MF	125	114	d8eab5a6	deflated	e0259a9b763e5df3d7aa49927a92c101dae27378b1cde563338cb90ff2792aeb
rewrite-cljs-0.4.4.jar	META-INF/leiningen/rewrite-cljs/rewrite-cljs/LICENSE	1084	639	abc6563a	deflated	c6c0e3fea8085675a9879f351aac66ed63c103d5e2b490dc9746a80ee2e21c61
rewrite-cljs-0.4.4.jar	META-INF/leiningen/rewrite-cljs/rewrite-cljs/README.adoc	6146	2451	c20f0b09	deflated	9b5b31e26b87f7e5b42559508bb1ac4fd79b90d7accf42e32f53566755d50f5b
rewrite-cljs-0.4.4.jar	META-INF/leiningen/rewrite-cljs/rewrite-cljs/project.clj	1637	622	fdd12c6b	deflated	cd7542891b621d0d8383e3592bf76e772fba65bb8bcf2bb9a5e3d8af1d9113b0
rewrite-cljs-0.4.4.jar	META-INF/maven/rewrite-cljs/rewrite-cljs/pom.properties	153	129	f8f6ea01	deflated	7e96d512a989c9c54eba1a1d46951394535f0fd04a29fec5acf9394d77101957
rewrite-cljs-0.4.4.jar	META-INF/maven/rewrite-cljs/rewrite-cljs/pom.xml	2711	822	87656387	deflated	03eb9235d075cf1acc0b6edd0e61272529dbbb527518e297dedcbc29414e8e51
rewrite-cljs-0.4.4.jar	project.clj	1637	622	fdd12c6b	deflated	cd7542891b621d0d8383e3592bf76e772fba65bb8bcf2bb9a5e3d8af1d9113b0
rewrite-cljs-0.4.4.jar	rewrite_clj/node.cljs	4668	877	76d259b5	deflated	c563368f32ff415a9aa86cf1a84a80b7b073d34d18852521de97e47d826369c8
rewrite-cljs-0.4.4.jar	rewrite_clj/node/coercer.cljs	3056	829	e7a3c055	deflated	1159aa116b65296ca21b8e495db9f4c881eb7d7355ec1bb19fbf62f3c6259742
rewrite-cljs-0.4.4.jar	rewrite_clj/node/comment.cljs	621	327	3e64f3b0	deflated	1570724afd9535f41bbaddcdd7e1db52102eb538b1ef39929e52d2810efca360
rewrite-cljs-0.4.4.jar	rewrite_clj/node/fn.cljs	2312	1009	312a2659	deflated	3c84459864a1927cd787cc90724cf9e089013705053ea32544030ff48ab90f3e
rewrite-cljs-0.4.4.jar	rewrite_clj/node/forms.cljs	838	400	c1bf0fc3	deflated	57bc4a1db96c12e8b66e9196d0d2dab406512fdc7c90e9cee9c2b9a792c56efd
rewrite-cljs-0.4.4.jar	rewrite_clj/node/keyword.cljs	1058	508	b0593da2	deflated	10306c19c0f70cdb635f9640001403788f0273b89ec7c7442bee80dcf246bf9e
rewrite-cljs-0.4.4.jar	rewrite_clj/node/meta.cljs	1376	553	73d8695a	deflated	5f572027ba6fcb9481bea25baf1b330fd2c8c57210438f3ce87f5192c46d3428
rewrite-cljs-0.4.4.jar	rewrite_clj/node/protocols.cljs	2486	934	2da2e0c1	deflated	525c62b667821bce05f2e124c424ec1b71c71c19e0c09b423c1c00c7b0c914ae
rewrite-cljs-0.4.4.jar	rewrite_clj/node/quote.cljs	1811	540	7f599c6f	deflated	80ada845df67089b675087a54dd0455952c41d36eca782b4bcc6b016bd06e862
rewrite-cljs-0.4.4.jar	rewrite_clj/node/reader_macro.cljs	3257	827	ce2baa4c	deflated	24fe60f0619757db5709c3eb75e4630808bfe6ba45318ace995b77ac283fe439
rewrite-cljs-0.4.4.jar	rewrite_clj/node/seq.cljs	1406	504	4dc3e86a	deflated	d891d7e1cf95529488ee72bafad7978e719fc513bbc245e863e4d148d8d77c8f
rewrite-cljs-0.4.4.jar	rewrite_clj/node/stringz.cljs	921	419	98793ae9	deflated	cb5010088d92d7146cada1404b47d7458e352fb93a91dc4843befa874b3a5598
rewrite-cljs-0.4.4.jar	rewrite_clj/node/token.cljs	571	291	f149ed61	deflated	240de9ba3839cda0555b45f1612d75054ef7be22c8a79871fca2c51130e80781
rewrite-cljs-0.4.4.jar	rewrite_clj/node/uneval.cljs	897	427	7ff88ad4	deflated	5ec15eaafcbbb38ff04afab4f5ce5c36aa648c766a3a8014f2df281a6c227f13
rewrite-cljs-0.4.4.jar	rewrite_clj/node/whitespace.cljs	2950	939	25a54429	deflated	bb104f83afc7ae3d84ab54b92b6a6c43be260a1ca0a72a41878cc82b9e51c9de
rewrite-cljs-0.4.4.jar	rewrite_clj/paredit.cljs	17303	4178	2489271b	deflated	fef9e3277784b64e8476ea7d111e303c258d311c2d8ad1263248333cb48579ae
rewrite-cljs-0.4.4.jar	rewrite_clj/parser.cljs	805	319	84ed4d26	deflated	6eee701786470f1907921079fba55150f7db581aa45c1ae008be92916f6129c1
rewrite-cljs-0.4.4.jar	rewrite_clj/parser/core.cljs	4909	1258	ff0e3297	deflated	c3a3ce5de03130fcd590100defd33db31952662f6cb3c60359b22e5b277dd01b
rewrite-cljs-0.4.4.jar	rewrite_clj/parser/keyword.cljs	527	245	34aacfab	deflated	508d8ed5253342bf1a742dc1e7849a0163e0050bfcf8180318dd3420f34c13ed
rewrite-cljs-0.4.4.jar	rewrite_clj/parser/string.cljs	1175	476	453648f3	deflated	82aecd3d8d347cdf0be9a466faa4b7592474074d284571f5ba703a2be4106ed8
rewrite-cljs-0.4.4.jar	rewrite_clj/parser/token.cljs	1559	541	d2df86c2	deflated	6f2e34a63b8bdae9cb42e198802c9388d25f4eb6b30e63c7439b05af9fc2949e
rewrite-cljs-0.4.4.jar	rewrite_clj/parser/whitespace.cljs	452	228	e0123fca	deflated	3a36fab7de0dc6c5cee9c5b4a76c0df9a0b8cad5679c19af86fa00f66c149fa1
rewrite-cljs-0.4.4.jar	rewrite_clj/reader.cljs	5625	1861	850fa7d4	deflated	f8c8fd745807aacde375d22394906235a343fc39093c06db3106b84f6752702d
rewrite-cljs-0.4.4.jar	rewrite_clj/zip.cljs	4189	909	3dc6cc19	deflated	0064e3905107ea835b02515e8e7cf0d452bcb4ea9230d661bf7995c731bc8baf
rewrite-cljs-0.4.4.jar	rewrite_clj/zip/base.cljs	1923	669	a56c00b6	deflated	5d040a329d362ed8579a5cd7e48e1dc5b65125161fc40812b9cf0beaf50ad39d
rewrite-cljs-0.4.4.jar	rewrite_clj/zip/editz.cljs	2974	1020	98a231d7	deflated	b9bcdd541d7ce84008475205efe6190178678e70a1226bb1845f92ef15d8213e
rewrite-cljs-0.4.4.jar	rewrite_clj/zip/findz.cljs	4035	1010	80b5272b	deflated	0af4131f2d6de48e022abbe9eb32dcc4e75fb738c1323ab7d0040953cc7f5775
rewrite-cljs-0.4.4.jar	rewrite_clj/zip/insert.cljs	1426	458	620a5a39	deflated	5d32724dd74c84814b7d9f4d03a706ae81fad0d323101ff942b43e6026c20b55
rewrite-cljs-0.4.4.jar	rewrite_clj/zip/move.cljs	1886	466	c31c4690	deflated	044a6970d026e45ddb2419a00b4614c2813cb0d68cd84e4fea60e80fafe0fcb2
rewrite-cljs-0.4.4.jar	rewrite_clj/zip/removez.cljs	2064	695	473eff7f	deflated	d083347334d057efa2263d96f3573f0c254d480835dc106aa812567c74c2d6e2
rewrite-cljs-0.4.4.jar	rewrite_clj/zip/seqz.cljs	2602	832	04b4c86a	deflated	abbc3576aae581779f3bdc699649655a5a2091a1ecb1979f4948f67da9305cd5
rewrite-cljs-0.4.4.jar	rewrite_clj/zip/utils.cljs	2475	773	92daaf97	deflated	95e9bd5b1a9646cc10f63775684ced63be50489d0607c3993d15acbb9eced814
rewrite-cljs-0.4.4.jar	rewrite_clj/zip/whitespace.cljs	1924	547	1b1df20a	deflated	d76d6cd79f89fae7b2737efd1159ef00fa98615d94b65e96cc6821845df77440
ring-1.10.0.jar	META-INF/MANIFEST.MF	220	143	96ea1665	deflated	8ea49135913fd15ad192972d2c508486e811d163bdc86b9249f9fc6d16b08c6b
ring-1.10.0.jar	META-INF/leiningen/ring/ring/LICENSE	1105	650	d89340d0	deflated	b437003c7191642ea21ff78de3c7f191814eec00c3f29e273423392e7424d6fe
ring-1.10.0.jar	META-INF/leiningen/ring/ring/README.md	2162	1061	4e995707	deflated	342b70daa6d3b5123c29cb2093d234b90d9cbe7a374340194857b37382f7d2c1
ring-1.10.0.jar	META-INF/leiningen/ring/ring/project.clj	1003	388	aa190bfd	deflated	d5bb3bf5bfb48a161fd35d640755c186007047b5ac5bbe1299476afc263d4eb3
ring-1.10.0.jar	META-INF/maven/ring/ring/pom.properties	94	82	730b4a88	deflated	4e313bc8b6fd7066ed394600390b4ce08bb8565bde8c8e8824a719a186e6206b
ring-1.10.0.jar	META-INF/maven/ring/ring/pom.xml	2624	752	dc5dfe5b	deflated	b89d399657efcaace7d97ebeb09fe4155bf3f3c014e01d80836dbcc559ef9433
ring-codec-1.2.0.jar	META-INF/MANIFEST.MF	223	148	7d245e3a	deflated	d14b100ecd8aac980687ec8f5883ba034975f6446951410f2b0c32eed2a90d01
ring-codec-1.2.0.jar	META-INF/leiningen/ring/ring-codec/LICENSE	1105	650	d89340d0	deflated	b437003c7191642ea21ff78de3c7f191814eec00c3f29e273423392e7424d6fe
ring-codec-1.2.0.jar	META-INF/leiningen/ring/ring-codec/README.md	539	330	12c5ac13	deflated	53dfc6bc52be832144e743ad5615487dcdc51c4a5539af22ed451f8514ef67dc
ring-codec-1.2.0.jar	META-INF/leiningen/ring/ring-codec/project.clj	752	362	f476c77b	deflated	84826dc8cc6350982cb5c47ffe41dc0d35d99b5d96b16e1560efc5ae78272906
ring-codec-1.2.0.jar	META-INF/maven/ring/ring-codec/pom.properties	99	86	e54f5b0e	deflated	7f3a3ece163a97e5bba02cc52dbea81e8f36e324ada984de508220f5f98b9669
ring-codec-1.2.0.jar	META-INF/maven/ring/ring-codec/pom.xml	2239	734	51c7edb5	deflated	9ccca4c9c349a55942bf492f80661c393d1ed4f890a2f4b4b643db5679689234
ring-codec-1.2.0.jar	ring/util/codec.clj	5334	1707	08bff942	deflated	d0369e8c98ced16d2b8d19a49745c807b37638af5fbc59a811716f3737f5d697
ring-core-1.10.0.jar	META-INF/MANIFEST.MF	225	147	38cdc046	deflated	ebd4234f23e7b883e17a954d044f22bb92567b1671e74493054831836e6d258b
ring-core-1.10.0.jar	META-INF/leiningen/ring/ring-core/project.clj	983	395	4f3a4eb8	deflated	708e50a16b1224bbb81b17cab7035207aa2503dee0b8d27e250834d6321f9cd4
ring-core-1.10.0.jar	META-INF/maven/ring/ring-core/pom.properties	99	85	c95750fe	deflated	69ccf2a1275adc238027aace251fdab6d91dc361c01cd1964e465174c1139e65
ring-core-1.10.0.jar	META-INF/maven/ring/ring-core/pom.xml	3117	856	ee6acfb3	deflated	7be665e469220e2756cdd0d1e9f43ea04e081107fd59a5a67b6c93d9aee4739f
ring-core-1.10.0.jar	ring/core/protocols.clj	1684	545	8532ed9c	deflated	82b0220dab70a5d742e00d15c98ebff34cdc0382490ea77bb13d2afec6539cd2
ring-core-1.10.0.jar	ring/middleware/content_type.clj	1547	572	df975e3d	deflated	e1af78f835dc63488d7fd448b0feed66091f71d22a7528e93c860bb2a5362d43
ring-core-1.10.0.jar	ring/middleware/cookies.clj	7372	2437	7b29fedf	deflated	2290e0f01aa3da71ae13c9e21a903486f61dab130460bdf5df536c317d9ad8c7
ring-core-1.10.0.jar	ring/middleware/file.clj	2881	971	bf595365	deflated	2f2845fdd9fac07fc38c7387d8344964e33d43e430bc0a40d9a2564dbdb6d317
ring-core-1.10.0.jar	ring/middleware/file_info.clj	3255	1212	c559ae20	deflated	2097878ddc7d423a6fef17b534805643eb53b3cb8dd27743813ec6b5a592d0a3
ring-core-1.10.0.jar	ring/middleware/flash.clj	1612	524	0149e6d0	deflated	b731998dda7d8952bae4eb0853b0a1b20864780af4d0b04f012d090011e1694a
ring-core-1.10.0.jar	ring/middleware/head.clj	1050	397	d14e67cd	deflated	ce3be7d82612157b40311d0566ff37ae632bb76e5e27bdc105950b8726c0ea72
ring-core-1.10.0.jar	ring/middleware/keyword_params.clj	1793	629	61f2ef76	deflated	f887bfef018e6184a4ce2e55293fa84f16c413167ead408a60315fc8e5d352a8
ring-core-1.10.0.jar	ring/middleware/multipart_params.clj	8045	2392	9ecd2dc1	deflated	fbd690fe7da4c508550960ee96198b7351485a604e1a323447948fa0d43b2344
ring-core-1.10.0.jar	ring/middleware/multipart_params/byte_array.clj	707	362	7a0f0dab	deflated	7d86469e4ecd7ee38cf33a690b40fc191e9270a295f5204b81727a3a97c96c54
ring-core-1.10.0.jar	ring/middleware/multipart_params/temp_file.clj	2378	973	3d22b843	deflated	9f3bb8ab9b35dc4baec6339dab29a148f4de72dc2eb0c836b82e0ffdad5b9e43
ring-core-1.10.0.jar	ring/middleware/nested_params.clj	2662	1021	0ce0d520	deflated	99c0a3f169d2c2f2cc99ffb7d1dfbf785b2fac3d246f9cee63e9ae0c9ce768c5
ring-core-1.10.0.jar	ring/middleware/not_modified.clj	2355	736	9195e1fc	deflated	8eec7ecf02f037068e5351d916deb15d893e4b0346bf1da56d986a4756b0820e
ring-core-1.10.0.jar	ring/middleware/params.clj	2696	754	6912510f	deflated	8606ae53ead821b99e8d524503cc8cae4768bafea726270ba8da923e9f5d2deb
ring-core-1.10.0.jar	ring/middleware/resource.clj	2688	829	7937a6e9	deflated	fafdac41faa1bb52dd311b580ba6b3e9b755dc612237aee1c77dcb1b9b705917
ring-core-1.10.0.jar	ring/middleware/session.clj	5012	1410	9365083b	deflated	632c95bc875077d1316645d1117693f3e6e1397f90c20f435993a514b078e2b4
ring-core-1.10.0.jar	ring/middleware/session/cookie.clj	4381	1594	a4ea19fd	deflated	bd02453be778fe130e2796697d889ee421c4fda0f748d2b21731252bb3efd00d
ring-core-1.10.0.jar	ring/middleware/session/memory.clj	778	368	1b3822da	deflated	b5cb84e48014b515fbce0589822b780849abeebe5594775c21d2ce13929bc35a
ring-core-1.10.0.jar	ring/middleware/session/store.clj	1023	468	6e0f4693	deflated	12f718e5873c970788eadf67c5074394a029225c0460ded811764f891a423cd4
ring-core-1.10.0.jar	ring/util/io.clj	1558	660	eb7aa383	deflated	380b4f1cfa4a37cdfa4c0e5dc7039dfe349cad59740859516abcd426a236c8f5
ring-core-1.10.0.jar	ring/util/mime_type.clj	3764	1122	b3122bf0	deflated	f5744395b6b39bc356140cbc90f49ccccc83c92bf133096a4b537b019c5ad9dd
ring-core-1.10.0.jar	ring/util/parsing.clj	871	454	aa1018b9	deflated	e9a9b06546fefad4de5b17ef7d8ac21ff64bb79022136b0e9ee93cacf1d8126c
ring-core-1.10.0.jar	ring/util/request.clj	2481	821	f2828d3b	deflated	42bf652533f4248629e0ec6f5580c97a80dc483419d05632c0fb78f7cada8fb6
ring-core-1.10.0.jar	ring/util/response.clj	10915	3402	f3aebb1e	deflated	43f3d704efb235c2da60424f99baa26162f6432e25d2af934cb3605a2d65c2be
ring-core-1.10.0.jar	ring/util/test.clj	365	213	6dd27b83	deflated	50dfda10d71fc7bb7e537116530508934f7c814e99c3787a4cb78b0fc6f91ee0
ring-core-1.10.0.jar	ring/util/time.clj	1095	536	8217971f	deflated	35e0eada360ce52f74188d4217a8ba1c1a70ecb48e38ea1583c80957beab22da
ring-devel-1.10.0.jar	META-INF/MANIFEST.MF	226	148	0c40f4e3	deflated	d3ce170dd63443b0c3be1e6c86ed5e4b6591c4fc1f80e2609f29b57cc02bdd6d
ring-devel-1.10.0.jar	META-INF/leiningen/ring/ring-devel/project.clj	781	344	ca1accb0	deflated	7917daebfb89389bd55d9c79414290688b65069fb5839a573242a3e2a00cea58
ring-devel-1.10.0.jar	META-INF/maven/ring/ring-devel/pom.properties	100	86	684e7707	deflated	011f1db5bc8dbd342f718e02ce87233427caf07150eb4290f54695662dccc611
ring-devel-1.10.0.jar	META-INF/maven/ring/ring-devel/pom.xml	2789	810	d5ec2fb0	deflated	5088e153f53fe45ebd8f1afd34144099c9273ebcf1579e325638fd6fac2b269d
ring-devel-1.10.0.jar	ring/css/dump.css	1267	618	8a8becba	deflated	d13195e733a823be10b97af2935245cb0ac65be4f9f8c8f054b012804680c5fe
ring-devel-1.10.0.jar	ring/css/stacktrace.css	2170	865	c7283082	deflated	403eaced95a1ffab4c9d181031cf58e75f947772b00b3a42bac51515bac3ece4
ring-devel-1.10.0.jar	ring/handler/dump.clj	1821	795	7be12320	deflated	59384fbeef9704ba0cbfd447f9c4111f2dacc5418c6bd21b77ecdb11d9f0ce39
ring-devel-1.10.0.jar	ring/middleware/lint.clj	4085	1299	b9ab1394	deflated	5b979045143a7eff8f092bf0c339f0c273ee26d70aa779a49781cc7a5b4a969b
ring-devel-1.10.0.jar	ring/middleware/reload.clj	1511	613	28e81d31	deflated	84a388a6dbc2ca3debcbf769b0fb4aba1c4ceb86939dd041f7fb6a7608c27348
ring-devel-1.10.0.jar	ring/middleware/stacktrace.clj	3945	1307	d95ac8e9	deflated	1e29869ad877a7c306e9632d7e546fa85e9585272cdc6a73a84756285e04bff9
ring-jetty-adapter-1.10.0.jar	META-INF/MANIFEST.MF	234	153	99bcea89	deflated	15151a06715340cf28d6ec5b382718465e8a06849821fbb14e61beb7dce5a513
ring-jetty-adapter-1.10.0.jar	META-INF/leiningen/ring/ring-jetty-adapter/project.clj	953	431	9f9a6800	deflated	986c28c973e7d515cdc00fb5a79fee4a6f4c3fb0d70cc584998b2d5de9090445
ring-jetty-adapter-1.10.0.jar	META-INF/maven/ring/ring-jetty-adapter/pom.properties	108	93	cc98db3b	deflated	0e5e9cf86dab742c430b84a510d5f2b27ebcdb78a0df10952547233051800bec
ring-jetty-adapter-1.10.0.jar	META-INF/maven/ring/ring-jetty-adapter/pom.xml	2656	794	82e84998	deflated	4c4935268415e9847f4572a2c12a4afad5c0cd1b3b39e4a8cff05b667f981e11
ring-jetty-adapter-1.10.0.jar	ring/adapter/jetty.clj	11380	2792	f5939933	deflated	75694d52fa85e33c0f44b19e471b00c9f8632f1424bdae4992c325236b03e93e
ring-servlet-1.10.0.jar	META-INF/MANIFEST.MF	228	149	685e5189	deflated	d9cc83316edf853a5488a42cf5c52cf17e87f5563b683a0cf3b4971efe86f352
ring-servlet-1.10.0.jar	META-INF/leiningen/ring/ring-servlet/project.clj	793	326	f1b6b23a	deflated	092ce1edc4bddef8056ced34f869d0d4c2b1a4bbb8d415a07c9ebd7e2679e9f7
ring-servlet-1.10.0.jar	META-INF/maven/ring/ring-servlet/pom.properties	102	88	9c77f4fe	deflated	80445e6aee15f7c1352f9ca58899e996ae59776a78ceb1c8866955b77a5711f0
ring-servlet-1.10.0.jar	META-INF/maven/ring/ring-servlet/pom.xml	2527	786	042e4634	deflated	30eb5cb3d34a20e2333b5f8ae023114521ec7b1bdb702c02030f13fea23a3bf9
ring-servlet-1.10.0.jar	ring/util/servlet.clj	6230	1870	a1e9a3ae	deflated	63b65f5e24b806866d1dcc6eb12269e82b94102b87125b2a3444ba86b4a4a675
s3-848.2.1413.0.jar	LICENSE	11358	3949	86e2b4b4	deflated	cfc7749b96f63bd31c3c42b5c471bf756814053e847c10f3eb003417bc523d30
s3-848.2.1413.0.jar	META-INF/MANIFEST.MF	81	80	7928fefc	deflated	2a185c3a3a6b39d2987b2acabd0af36555390a556370ce50072b34e97c317963
s3-848.2.1413.0.jar	META-INF/maven/com.cognitect.aws/s3/pom.properties	61	61	0dca50bb	deflated	07d9506bca1d3a4e4fb3ba49c4464967637e3b2b68b973266e5c4b3bb29a14a2
s3-848.2.1413.0.jar	META-INF/maven/com.cognitect.aws/s3/pom.xml	4415	1027	1c8ae0f0	deflated	d06101c7dc92e292f95a19afe4a9610effe01f6b51710d8d2bf4d94cea35b0fa
s3-848.2.1413.0.jar	cognitect/aws/s3/docs.edn	316242	54905	28b5935a	deflated	30f473924cd7d8c842eb2160b97eb5bbf318e1a6d448908c6bec7f044380805d
s3-848.2.1413.0.jar	cognitect/aws/s3/service.edn	164627	17641	f13bd77e	deflated	4f64addaef168ec8de88ad8f0fc30f20e881fd0fdd8110a6c733f2435801001f
s3-848.2.1413.0.jar	cognitect/aws/s3/specs.clj	245431	24108	f7b209f5	deflated	046c32dc18d550e02b8f8a704b48e4eddec5be285da1edd7a0c8fe5cfa9a5e0c
sdk-core-2.15.66.jar	META-INF/LICENSE.txt	11679	4051	ba81ea6b	deflated	14c6a5fbdbd6b87244abeb494712b9922d43f53afb658a42014c66da8e0c4403
sdk-core-2.15.66.jar	META-INF/MANIFEST.MF	147	130	95be2d03	deflated	b2dfad72fafc9aefbda89199072735e23012edf47a17d3c6137a5e7afada8cae
sdk-core-2.15.66.jar	META-INF/NOTICE.txt	775	446	2311f95b	deflated	b5bbdba9fccbdae9fef728b4d17c5d14dbaa9fb2476afa32d68f7dbe3472dddd
sdk-core-2.15.66.jar	META-INF/maven/software.amazon.awssdk/sdk-core/pom.properties	98	97	28f7c1c9	deflated	540b9ed2961828288d3ca9d3d70c0407626b05aed5869af5c50454173fba60be
sdk-core-2.15.66.jar	META-INF/maven/software.amazon.awssdk/sdk-core/pom.xml	10624	1922	39d82440	deflated	7d65b853285dbfd04c96cab4dca4a4a0a7b60629645bd0fd092d7d34b03f760d
sdk-core-2.15.66.jar	VersionInfo.java	1063	604	6ca56ace	deflated	8489df04dc7dbaa78b2370f441e2e260ac7cd1b5ce4bbeb926ade7a14f021fca
sdk-core-2.15.66.jar	mime.types	26802	8208	c3f830cd	deflated	b64267f11a6c720f9c2a69b80cdb781bdf52805ec994a03f343c000e4c891ce7
sdk-core-2.15.66.jar	software/amazon/awssdk/core/util/VersionInfo.java.vm	1069	604	7f12b204	deflated	13f76046e79a462bc73b4e8670536150f83ed49ab75b154caf99eb480b24a7d0
sdk-core-2.15.66.jar	software/amazon/awssdk/core/util/mime.types	26802	8208	c3f830cd	deflated	b64267f11a6c720f9c2a69b80cdb781bdf52805ec994a03f343c000e4c891ce7
sdk-core-2.15.66.jar	software/amazon/awssdk/global/handlers/execution.interceptors	80	68	75405356	deflated	c8f407ce4c59fdb0eafb50cfd5dbb1e56c57cce71c0cf411cc60abf759f7fc09
slf4j-api-1.7.32.jar	META-INF/MANIFEST.MF	678	333	b53c068b	deflated	1c7d9c0ef7cbb51aeeafc6a1862aa759229e254beef77714ee23656b98abfad6
slf4j-api-1.7.32.jar	META-INF/maven/org.slf4j/slf4j-api/pom.properties	110	106	b2a723c7	deflated	3b523cb19c266e0a547c6e0f2b10edbec62a037d0129442295031702564f628f
slf4j-api-1.7.32.jar	META-INF/maven/org.slf4j/slf4j-api/pom.xml	3835	1124	e193077b	deflated	001cde5b3c6ba91070425cfe9f2e695e4aeb8bc290a2d4cd96531127ab244fe5
spec.alpha-0.3.218.jar	META-INF/MANIFEST.MF	133	111	0a21bfc5	deflated	0bd1f21da29e7c60b1223300fcf2784bfef227e9904b43c69d9e3d0876f3cb88
spec.alpha-0.3.218.jar	META-INF/maven/org.clojure/spec.alpha/pom.properties	108	108	98b4dddf	deflated	ab4546791cc614af87ae68ba1d1c5406bff9f235a84eaf8a152d4c980f55a22a
spec.alpha-0.3.218.jar	META-INF/maven/org.clojure/spec.alpha/pom.xml	3517	1005	201cdddb	deflated	6d8de14c3ac875760c5ff909562ff9873077031c6ab939f1cb139e169fe90758
spec.alpha-0.3.218.jar	clojure/spec/alpha.clj	76388	19137	4ee242e9	deflated	32bc1f3de5da6d1c66e33f590d64a0a17a56abee6d2372e36641a9bb9ae58fce
spec.alpha-0.3.218.jar	clojure/spec/gen/alpha.clj	7433	2351	79bcfb2b	deflated	bc0f8263d6648f63eda8fcbe06bcc283673c7811031ec138280fb2b4aa53863f
spec.alpha-0.3.218.jar	clojure/spec/test/alpha.clj	20309	6209	b4b984ac	deflated	23d21d344a5a21c02451dbc73056fdeebd803e689c3f06425f2ee24ec4518303
spotbugs-annotations-3.1.12.jar	META-INF/MANIFEST.MF	306	177	d786ca52	deflated	31c7aff9298ff72ab9db142bb02f0c4b6989888dc8f0eae6d4b0f7a9bddead95
tap-0.1.38.jar	COPYRIGHT	47	46	f7897766	deflated	9558711bcd62b6ebcb1752295198c291268c4d137c90c23672688e189da2a566
tap-0.1.38.jar	META-INF/MANIFEST.MF	25	27	ee027fb2	deflated	566ad1a80220026d05099562645ce968ff0e7c36cde22634332605bb34cc3eff
tap-0.1.38.jar	META-INF/maven/com.cognitect/tap/pom.properties	122	107	8bb138ac	deflated	6833be950efc1e4d6b829e9c0b0799ea5edff38495843ae8e27298b49e90c1aa
tap-0.1.38.jar	META-INF/maven/com.cognitect/tap/pom.xml	1475	414	470f6941	deflated	713412466f464c457d2421a40721bca2b20e7bef0b2358a0d4a18a1199014e02
tomcat-jdbc-7.0.109.jar	LICENSE	11556	3962	9e292386	deflated	5ad8c213095c573921d7388edf93f6a9f54490b8ebf3b165ae8ef1947cf70846
tomcat-jdbc-7.0.109.jar	META-INF/MANIFEST.MF	1152	405	313aa7a3	deflated	6a415fe0491a4b70c559aecb51e5653ace32561c5e6718c5c82eff60927ce6e4
tomcat-jdbc-7.0.109.jar	NOTICE	184	135	6e710e6e	deflated	f4643b87c7776087479ff2f5ecf9fd4aa3cf480cabd7803b762b2b7ba2003cbf
tomcat-jdbc-7.0.109.jar	org/apache/tomcat/jdbc/pool/interceptor/mbeans-descriptors.xml	2226	975	90db4108	deflated	ad775416757d112fc73a7ed3db9465ed682d771865e735f1444d0781ad63277d
tomcat-jdbc-7.0.109.jar	org/apache/tomcat/jdbc/pool/mbeans-descriptors.xml	16688	2866	948071d5	deflated	62b54c8880c0d6125b9f394fd2cbea39e41914fb1173a9f0efe1b66dac95880d
tomcat-juli-7.0.109.jar	META-INF/LICENSE	11560	3963	495fc599	deflated	3ddf9be5c28fe27dad143a5dc76eea25222ad1dd68934a047064e56ed2fa40c5
tomcat-juli-7.0.109.jar	META-INF/MANIFEST.MF	392	196	0da60b46	deflated	5996ca5026138404221c2f54a18e2a9487f38338a60b7fe62ed22254786f4257
tomcat-juli-7.0.109.jar	META-INF/NOTICE	172	126	fbd92790	deflated	101488d9eb645090e5e4ab9fd0f4562a4bd4f4d32ce2e1ce3968ffab7eb84ea8
tools.analyzer-1.1.1.jar	META-INF/MANIFEST.MF	131	109	5bf56fe1	deflated	520abb6a8996be1ab7e5073345bd2b8027896d12849f8c4c414b710791d7a05f
tools.analyzer-1.1.1.jar	META-INF/maven/org.clojure/tools.analyzer/pom.properties	110	107	a80bbf1b	deflated	fccb82f4d4e2ce4f6dc6f3fc32b0cf16cf8738dd0ef3d387a8daf64b0bd8e429
tools.analyzer-1.1.1.jar	META-INF/maven/org.clojure/tools.analyzer/pom.xml	1094	470	f78ece44	deflated	c27850676c58737027e87f64db252d7b936bffe9861ee9022fcfc8ea3b4d6e28
tools.analyzer-1.1.1.jar	clojure/tools/analyzer.clj	30634	7430	1c6b9aae	deflated	75740abb95cd5c112610e1a5d967856edfa58185e81daa4310d2364fb232f9ba
tools.analyzer-1.1.1.jar	clojure/tools/analyzer/ast.clj	4859	1709	2e15591f	deflated	d9423e1aef99587ce372baac3a3d3f3ada77d7d9026421cb20970f8162abd06e
tools.analyzer-1.1.1.jar	clojure/tools/analyzer/ast/query.clj	4065	1510	f6092e51	deflated	174689bb74c25bab002892aac4a2a6cc2ca57cc00a61332b5693a5aaf84af022
tools.analyzer-1.1.1.jar	clojure/tools/analyzer/env.clj	1876	830	bcf3f1b5	deflated	59ddbc6840ca74b4ca568e8c6b8ffa883c250a3fe3118fd64c7537dcf03b6a3d
tools.analyzer-1.1.1.jar	clojure/tools/analyzer/passes.clj	9788	2879	9c418f33	deflated	13a4832be8b73f5e1886e5c00a45971fe06ef8f4fb52d7f07b49f4047ff611cd
tools.analyzer-1.1.1.jar	clojure/tools/analyzer/passes/add_binding_atom.clj	1446	678	38055e1b	deflated	6d97ead2cf4a0fd350b038b6bc6f65cc2f3ac924723473329d5a2b7543ae5d12
tools.analyzer-1.1.1.jar	clojure/tools/analyzer/passes/cleanup.clj	764	450	0d33752c	deflated	2e3be28f944811fe1f457265252356ad07bb3800ca6eb0418685b6f73f9619db
tools.analyzer-1.1.1.jar	clojure/tools/analyzer/passes/collect_closed_overs.clj	4068	1295	196ba9fe	deflated	f4570d756eba0644b2bf94d49004f3c916073790d160468d80905e4ae94471e8
tools.analyzer-1.1.1.jar	clojure/tools/analyzer/passes/constant_lifter.clj	2128	779	7efb5106	deflated	0f2fc6a4303c739c4fbfc9862a736a0f88c076a0539245fd1202f32f53491d4a
tools.analyzer-1.1.1.jar	clojure/tools/analyzer/passes/elide_meta.clj	3121	1189	a0cc4ba8	deflated	1ea7fedc6e191be604a1a309375722598a1ab9c2482c848208585acef5004a06
tools.analyzer-1.1.1.jar	clojure/tools/analyzer/passes/emit_form.clj	5952	1654	1a5984bc	deflated	e8bd098ca5e9b2379fb626208398eb6e5cea37a4582479dfc16a286eb243b09d
tools.analyzer-1.1.1.jar	clojure/tools/analyzer/passes/index_vector_nodes.clj	1037	527	3194c7e3	deflated	fb2eba0a439f3c5b0c05988b2e4399265048a7411d080b54855f5c41d2d4e24c
tools.analyzer-1.1.1.jar	clojure/tools/analyzer/passes/source_info.clj	1115	549	ab3f7204	deflated	6b0ade444b977cdbc0fe2efe291478eb3e5cd2195545c0b5536e432d8d1526d5
tools.analyzer-1.1.1.jar	clojure/tools/analyzer/passes/trim.clj	1864	787	799289e0	deflated	c721215c7fe8587ddae93570f275e177ef9abff1e367c178031757ec29125561
tools.analyzer-1.1.1.jar	clojure/tools/analyzer/passes/uniquify.clj	3327	1252	7742d7d1	deflated	ad4115e29bf790d9774dbc06faf42da83af9d70d5e8bf779af6a2d38babcf492
tools.analyzer-1.1.1.jar	clojure/tools/analyzer/passes/warn_earmuff.clj	1349	696	ec1efe75	deflated	702766db6f25b352ecfd2a88ebdcef79b3b5e824b603af7ae7a861d8fe2168ec
tools.analyzer-1.1.1.jar	clojure/tools/analyzer/utils.clj	6586	2384	bb7d7c1b	deflated	8b813924fa2b668d49ae40ae36e038d5c75776f9cbb3d03d7122abe82254dc7b
tools.analyzer.jvm-1.2.3.jar	META-INF/MANIFEST.MF	131	109	5bf56fe1	deflated	520abb6a8996be1ab7e5073345bd2b8027896d12849f8c4c414b710791d7a05f
tools.analyzer.jvm-1.2.3.jar	META-INF/maven/org.clojure/tools.analyzer.jvm/pom.properties	114	110	4f9ce6c1	deflated	8f26b34a93d08de450e2693ad6747cb13024bf5dabfb76968cad3512122ca87d
tools.analyzer.jvm-1.2.3.jar	META-INF/maven/org.clojure/tools.analyzer.jvm/pom.xml	1707	546	8286f0e5	deflated	d8f8f9805396d40ef257de4340dfcfea319828485aa8ef8e5d9173b610b0230b
tools.analyzer.jvm-1.2.3.jar	clojure/tools/analyzer/jvm.clj	24910	6601	3e1ec558	deflated	e6bd0bd8f3c5290a32adaee5ff2c760075411d8a962ce76750862d5f68dbee7e
tools.analyzer.jvm-1.2.3.jar	clojure/tools/analyzer/jvm/utils.clj	12760	3444	620bd350	deflated	f092b5bf77c0dd66f8f38891e8d917ec11d112b72f648f8cc9a1c9883b2ace2b
tools.analyzer.jvm-1.2.3.jar	clojure/tools/analyzer/passes/jvm/analyze_host_expr.clj	7357	1755	72e76f31	deflated	be6de3d3e3c58e5fd50e6623c795b7217e1f5eb07a89e8be3069f6a46a198b8a
tools.analyzer.jvm-1.2.3.jar	clojure/tools/analyzer/passes/jvm/annotate_branch.clj	1439	581	b485e2b0	deflated	9b2e77cc3778bc6a2abc67a9d563735e555f6f5f40af96b680a99059de331f13
tools.analyzer.jvm-1.2.3.jar	clojure/tools/analyzer/passes/jvm/annotate_host_info.clj	5638	1655	6e2d07f5	deflated	27bf473361d06d794d7d94da30e28b9694c113fef4400bc191c93d2347376ce3
tools.analyzer.jvm-1.2.3.jar	clojure/tools/analyzer/passes/jvm/annotate_loops.clj	4132	1216	b2d63014	deflated	728ad2e2e05a22414486207e6cbb2d68cb5fa4fcac40f10f57dccf8e5094037d
tools.analyzer.jvm-1.2.3.jar	clojure/tools/analyzer/passes/jvm/annotate_tag.clj	3237	1162	8959707d	deflated	2f2ee23efb8f853f4f8f857d71fa9f33a0d2d2e3e0049e11ae3a6560f9103824
tools.analyzer.jvm-1.2.3.jar	clojure/tools/analyzer/passes/jvm/box.clj	5663	1452	7fc35a9e	deflated	9961e42b41a90338b432343a18fe89f97b3219bf63390c5d0b7c61a9a46c0bde
tools.analyzer.jvm-1.2.3.jar	clojure/tools/analyzer/passes/jvm/classify_invoke.clj	3937	1353	e84c8e84	deflated	f36df28d554fbe22db76394f60973b2fdcaf3fff987caffa918a7d00757de5de
tools.analyzer.jvm-1.2.3.jar	clojure/tools/analyzer/passes/jvm/constant_lifter.clj	1095	435	9c100400	deflated	b74fb7f98a66ea5b878e63effbd02dc9506f5f2bb6dfd3c7f708a7e54d5f6353
tools.analyzer.jvm-1.2.3.jar	clojure/tools/analyzer/passes/jvm/emit_form.clj	5634	1643	9ef202a6	deflated	3f9a46d96c88b89817cc19dd6be2df117e7c4fd675516e079fb7f0dcdba2fb93
tools.analyzer.jvm-1.2.3.jar	clojure/tools/analyzer/passes/jvm/fix_case_test.clj	904	494	c7f0dca7	deflated	ed907cda307e9e501d088967b08cc6461aef34eae95b4ebf577c66e527e29af3
tools.analyzer.jvm-1.2.3.jar	clojure/tools/analyzer/passes/jvm/infer_tag.clj	9919	2521	58fabcbe	deflated	122eb0b41cc7d6d858a79f90497d0360eaa5802c498e20d504ce308b8325a97d
tools.analyzer.jvm-1.2.3.jar	clojure/tools/analyzer/passes/jvm/validate.clj	12409	3158	332be701	deflated	156d191bdf1b725bea33f7fc0cda86c6231e41539687998531cb2af258386540
tools.analyzer.jvm-1.2.3.jar	clojure/tools/analyzer/passes/jvm/validate_loop_locals.clj	6320	1736	f850b5d0	deflated	7a212b95dca3cef0a52556027ce51fafb550ec3621e0fa356abe758c0afef9dd
tools.analyzer.jvm-1.2.3.jar	clojure/tools/analyzer/passes/jvm/validate_recur.clj	1562	620	878f5c7b	deflated	c15a1f453eee0933542e0391a466728e09fc5aa8e10da2bbf464964ad6a58e96
tools.analyzer.jvm-1.2.3.jar	clojure/tools/analyzer/passes/jvm/warn_on_reflection.clj	2298	826	dfdafaa5	deflated	d007e6ac2b9c6b54d37f9e72d83dbf0ddf39135bb91fa852013b88657127c8dc
tools.cli-1.0.219.jar	META-INF/MANIFEST.MF	131	109	5bf56fe1	deflated	520abb6a8996be1ab7e5073345bd2b8027896d12849f8c4c414b710791d7a05f
tools.cli-1.0.219.jar	META-INF/maven/org.clojure/tools.cli/pom.properties	107	104	34cd52f4	deflated	59a2a8128330cd010e3c5c376319b0f392af2fab4269e85ecb57fd04d004d931
tools.cli-1.0.219.jar	META-INF/maven/org.clojure/tools.cli/pom.xml	1132	456	c1804bdf	deflated	bfd8dfe38069e26248cea47243df99befff49a3186cc3ca4d5f35379fa7dbb73
tools.cli-1.0.219.jar	clojure/tools/cli.cljc	32008	9222	782e8264	deflated	02e9e01d37d71e0204f006103a0e999a7ab1730fb966a4e7840b9a26945d2aab
tools.logging-1.2.4.jar	META-INF/MANIFEST.MF	133	111	0a21bfc5	deflated	0bd1f21da29e7c60b1223300fcf2784bfef227e9904b43c69d9e3d0876f3cb88
tools.logging-1.2.4.jar	META-INF/maven/org.clojure/tools.logging/pom.properties	109	105	243cd942	deflated	fa9da061f5aa3f6341e3e0cd1eb88a6970ac9c978927487298aa3f6eaeafa30e
tools.logging-1.2.4.jar	META-INF/maven/org.clojure/tools.logging/pom.xml	1771	468	a8c09f37	deflated	6e5ad4ff5493b3ddb197dd868a7ae280d9c9d10028aa0e0a9c5d8d903ee3d4fa
tools.logging-1.2.4.jar	clojure/tools/logging.clj	13459	3635	0f189f7a	deflated	3cca3af4beb7f21d34b7d14e56946c49dd24051c2fa68e035b776070b5cd3c1c
tools.logging-1.2.4.jar	clojure/tools/logging/impl.clj	10983	2231	2bc7f06d	deflated	57968cbc1f4ff26a2c071897dff99ab44056288217f18e3e86ddf1fae47baa5f
tools.logging-1.2.4.jar	clojure/tools/logging/readable.clj	6668	1687	a7e2bffd	deflated	9b2419960ddda0ed7599308976bc23d72f432d1a89a90babe1417da3215dbf3a
tools.logging-1.2.4.jar	clojure/tools/logging/test.clj	8363	2127	a3eee31a	deflated	437bc98b193668a95fe1992c3ef87d06a50b2e48395b49129e8405f1d2d5d264
tools.namespace-0.2.11.jar	META-INF/MANIFEST.MF	125	101	8307732b	deflated	6049dc5e03f9c5d99f928d3c598d3fa466b20460862f35dfd501a36a54071ca5
tools.namespace-0.2.11.jar	META-INF/maven/org.clojure/tools.namespace/pom.properties	112	110	0f3c9d35	deflated	2d8386654f224c2c28751068afd2579df11d2b36e02d4fb9ba31375e9a759485
tools.namespace-0.2.11.jar	META-INF/maven/org.clojure/tools.namespace/pom.xml	966	380	bfb1d0af	deflated	2363e2d5b860e8d95772bd33da620ef3e5b0fbf3821c3492413f5fb6a248ddbe
tools.namespace-0.2.11.jar	clojure/tools/namespace.clj	6969	1985	4a3aa8a6	deflated	c78113df51f52b82fca336096a836a45ed139235a2c1e3bacf886ee108f4a120
tools.namespace-0.2.11.jar	clojure/tools/namespace/dependency.clj	5742	1682	b63d38bd	deflated	406eee81b74c2efce72b0edc454f2ac4588bc590561a4cc46a842e75bea1744c
tools.namespace-0.2.11.jar	clojure/tools/namespace/dir.clj	2766	1072	62044f8b	deflated	3f52548710885ef5bb89562153c2d5ff33879eb96b53ce9d71fcc9e5b32b80b5
tools.namespace-0.2.11.jar	clojure/tools/namespace/file.clj	2320	995	ff1f90bf	deflated	2d0f6fd6b0622b756e3eb925572e8b74eee3bd1848196ce153197bce478fb2c8
tools.namespace-0.2.11.jar	clojure/tools/namespace/find.clj	4697	1508	cf02bd0f	deflated	fb325f0c627a6aad871b8670e36ada10ae2ce5f6677852783bec4602c9f53bd5
tools.namespace-0.2.11.jar	clojure/tools/namespace/move.clj	3893	1550	b3f20e75	deflated	980786116aba6b19f73d3a8b2046ac2d0238ccb1398860e3adc99f0137a6c268
tools.namespace-0.2.11.jar	clojure/tools/namespace/parse.clj	3646	1466	288f1088	deflated	cdc5b6c4224adc0afbd3b60d6b00bf9858251cdddae2f690cbccb5b5f0a373fd
tools.namespace-0.2.11.jar	clojure/tools/namespace/reload.clj	2073	858	9304e86a	deflated	0ca6627740bc4e5cbb847303baf5e8683397a3deacaefa2936dd4365926b2edb
tools.namespace-0.2.11.jar	clojure/tools/namespace/repl.clj	6690	2218	81243e06	deflated	b6dc766d0c855e62b64ca1be3fe32e75242f64cf5694708daad4140397f61829
tools.namespace-0.2.11.jar	clojure/tools/namespace/track.clj	5516	1791	7671ab32	deflated	99e511c201ca0792c54fb83601800cc54a30f624a87e79272f7a09782f5c8290
tools.reader-1.3.2.jar	META-INF/MANIFEST.MF	133	111	0a21bfc5	deflated	0bd1f21da29e7c60b1223300fcf2784bfef227e9904b43c69d9e3d0876f3cb88
tools.reader-1.3.2.jar	META-INF/maven/org.clojure/tools.reader/pom.properties	108	107	36eb9bb4	deflated	d5f033b29442730f79b154ef9f5938b7814099b9e41ff1bf42f8e874ede98a82
tools.reader-1.3.2.jar	META-INF/maven/org.clojure/tools.reader/pom.xml	4049	1023	a6a1d4a0	deflated	b1cdc2ce2e9c5211047daeccd24ba8d5b136c8e9980c3899ea4e2ba2f0d9d1d8
tools.reader-1.3.2.jar	cljs/tools/reader.cljs	33966	8397	9af547d1	deflated	37924d3995b8c3f92fd3d5f1214d3adc5d2856a5c7cfbf6e2b6367d7bbdc34da
tools.reader-1.3.2.jar	cljs/tools/reader/edn.cljs	15413	4268	321bbdc4	deflated	067d5e94bc3db9602c4e24a08ae5710f9d7a7bb9de99eb20acdb4e8b7860944b
tools.reader-1.3.2.jar	cljs/tools/reader/impl/commons.cljs	4435	1562	e0359a31	deflated	c05f403143fcf2e9fe2766de3e593498d4bf13d73912f1349c29d95af1f9e763
tools.reader-1.3.2.jar	cljs/tools/reader/impl/errors.cljs	7080	2033	dec0a010	deflated	8d9051f0660429c899157c68445dec415714e375eed8051718b76e9e107e1234
tools.reader-1.3.2.jar	cljs/tools/reader/impl/inspect.cljs	2723	1049	4b9d9595	deflated	229f41f71cae94dca269eaa6a168943500f68eefcdd096216d1c4c3c221da270
tools.reader-1.3.2.jar	cljs/tools/reader/impl/utils.cljs	2653	1118	81867082	deflated	53e02107f3a59531f8e601d8cdf2f151b244fd4d87177b9f7d2a1396220b969e
tools.reader-1.3.2.jar	cljs/tools/reader/reader_types.clj	410	240	44a2cd63	deflated	05fad6c1848adca6ce61b27833cf5aaeaedc5cc57ba8bb04caf27389063daac6
tools.reader-1.3.2.jar	cljs/tools/reader/reader_types.cljs	8860	2276	f1be780e	deflated	9e77edca4f3e64d4ccccb6d61d3bc41b1d24102c675abb2f511d609358c462f6
tools.reader-1.3.2.jar	clojure/tools/reader.clj	37195	9440	3cec2709	deflated	8ca692d07b7b4c5a14281c2803ba529571bc46dd2aec5e8163fff614ed47cdcd
tools.reader-1.3.2.jar	clojure/tools/reader/default_data_readers.clj	11600	3340	e1d6d61b	deflated	3a478cea69bdb4cd63d54ffa4bffc6ae885cc0d524692797437d1486fe960abf
tools.reader-1.3.2.jar	clojure/tools/reader/edn.clj	14886	4176	4825dce6	deflated	a5c25251a66365dcf0b9f97e4fdfb729d35be3a43660f8615d9c4e227b218e6c
tools.reader-1.3.2.jar	clojure/tools/reader/impl/commons.clj	4692	1611	7128e480	deflated	a9fc2462520136dd2cccfcdc81b63eb15b78821837cc96a64ce314f0fb462f07
tools.reader-1.3.2.jar	clojure/tools/reader/impl/errors.clj	6811	1853	d3496527	deflated	1d28baaeebf72c91b1405e7d090d74cae77485a9b867e273c53e67faa0878fec
tools.reader-1.3.2.jar	clojure/tools/reader/impl/inspect.clj	2840	1088	678c99e2	deflated	6aa9371407482311c78083d9821e100b8a3a93cdc6680d73270024028ab4bcab
tools.reader-1.3.2.jar	clojure/tools/reader/impl/utils.clj	3758	1356	bac3ba41	deflated	759013b06e375f5e0dcac0d33da67c16fd642866bb7ffc0d82dcd9acad765dbe
tools.reader-1.3.2.jar	clojure/tools/reader/reader_types.clj	14137	3375	8287361a	deflated	5ebbf0b39785a7bba5f3e4c5d1d2be7834be9b443ec599d5b048456a5c709680
transit-clj-1.0.333.jar	META-INF/MANIFEST.MF	135	112	d5ac5c91	deflated	9f5dc39eed6161d93e8c6dfecd635d1918f74bc294f9ba988219e885e7ff7ad1
transit-clj-1.0.333.jar	META-INF/maven/com.cognitect/transit-clj/pom.properties	111	108	5291b668	deflated	da5d6c5b6c8c2e419a3bb0c47ac1516cbd5bf70951d6e3df5eea2a63bf052d24
transit-clj-1.0.333.jar	META-INF/maven/com.cognitect/transit-clj/pom.xml	6866	1412	d4dd86b5	deflated	876ba5387d847ca335447ea34adf542b17d1b07748ecbdc901a870bfcc77a833
transit-clj-1.0.333.jar	cognitect/transit.clj	15125	4042	0459b13e	deflated	b0383e2a50762dcf6829f4e143447bb908bc6a3514ba5bf9989e87d1f77a695b
transit-java-1.0.371.jar	META-INF/MANIFEST.MF	135	112	d5ac5c91	deflated	9f5dc39eed6161d93e8c6dfecd635d1918f74bc294f9ba988219e885e7ff7ad1
transit-java-1.0.371.jar	META-INF/maven/com.cognitect/transit-java/pom.properties	112	108	c89385f9	deflated	ee56585fcbd5d350ef7fee917eb0b5983cf59f6eee2be4c180b0af044a6659f6
transit-java-1.0.371.jar	META-INF/maven/com.cognitect/transit-java/pom.xml	4272	1161	f8bf80f8	deflated	073f55f4f01fc2a77b2b51b9403ec5609b4b0bf0ae1dbcebc48e223744c97bbf
utils-2.15.66.jar	META-INF/LICENSE.txt	11679	4051	ba81ea6b	deflated	14c6a5fbdbd6b87244abeb494712b9922d43f53afb658a42014c66da8e0c4403
utils-2.15.66.jar	META-INF/MANIFEST.MF	148	131	e6f86908	deflated	bdd40c77279850c672b04b7913365c2febdfaaba0034f27f54ff38e9aec07fb0
utils-2.15.66.jar	META-INF/NOTICE.txt	775	446	2311f95b	deflated	b5bbdba9fccbdae9fef728b4d17c5d14dbaa9fb2476afa32d68f7dbe3472dddd
utils-2.15.66.jar	META-INF/maven/software.amazon.awssdk/utils/pom.properties	95	95	0907a729	deflated	e06bdda2a445d80246fdc4ba9765764e772262596f8098bacb36172deb56637f
utils-2.15.66.jar	META-INF/maven/software.amazon.awssdk/utils/pom.xml	3590	1011	c24c03d3	deflated	d4b5d30d70018443095bf485487cd34c712ea41b4a717285831308b056b95e0a
validation-api-2.0.0.Final.jar	META-INF/MANIFEST.MF	1622	536	3e546d14	deflated	54fe3b90c04af5d0c53bbdca3e6edd955d52d2bd029a3084945700c4b9830b74
validation-api-2.0.0.Final.jar	META-INF/maven/javax.validation/validation-api/pom.properties	102	92	f53f0d5c	deflated	a5ae34f863289b1bc195ae26c42edea56ecc0e593ee4cd12156cc393f9401d79
validation-api-2.0.0.Final.jar	META-INF/maven/javax.validation/validation-api/pom.xml	11690	2357	f283a380	deflated	091f2d17db9ce7b13f00c5d3b8a9512d4c14313551163b4db5fda29f3368362f
validation-api-2.0.0.Final.jar	java-header-style.xml	712	364	95608d83	deflated	17a17f10b885bfbee5b97228c9dcf711252b96e316a61512b19ec0481bb95008
validation-api-2.0.0.Final.jar	license.header	154	126	9854e2e7	deflated	cb0c103ca7f0bffcf025906dea6f736540df2991eead78e916386e19e3519fa4
validation-api-2.0.0.Final.jar	xml-header-style.xml	780	384	7a76cdae	deflated	21e3bf8a72c1da267f8e69d893b2475d0400688015ba9f4cd85ac864b170e9d9
