caller_namespace	target_kind	target	references	call_owner_references	field_owner_references	type_references	distinct_owners	owners
com.datomic.impl.peer	companion-jar	artemis-commons-2.31.2.jar	14	5	0	9	1	org/apache/activemq/artemis/api/core/ActiveMQBuffer
com.datomic.impl.peer	jdk	java.io	4	1	0	3	2	java/io/IOException,java/io/InputStream
com.datomic.lucene.store	companion-jar	datomic-lucene-core-3.3.0.jar	9	2	0	7	2	com/datomic/lucene/store/RAMFile,com/datomic/lucene/store/RAMInputStream
com.datomic.lucene.store	jdk	java.io	1	0	0	1	1	java/io/IOException
com.datomic.lucene.store	jdk	java.lang	2	1	0	1	1	java/lang/Object
datomic	companion-jar	clojure-1.11.4.jar	236	93	0	143	4	clojure/lang/Keyword,clojure/lang/RT,clojure/lang/Symbol,clojure/lang/Var
datomic	jdk	java.io	2	0	0	2	1	java/io/Reader
datomic	jdk	java.lang	494	30	0	464	13	[Ljava/lang/Object;,java/lang/Boolean,java/lang/IllegalArgumentException,java/lang/Iterable,java/lang/Long,java/lang/Object,java/lang/Runnable,java/lang/String,java/lang/StringBuffer,java/lang/invoke/CallSite,java/lang/invoke/MethodHandles$Lookup,java/lang/invoke/MethodType,java/lang/invoke/StringConcatFactory
datomic	jdk	java.util	95	21	0	74	17	java/util/ArrayList,java/util/Collection,java/util/Collections,java/util/Date,java/util/HashMap,java/util/Iterator,java/util/List,java/util/Map,java/util/Set,java/util/Spliterator,java/util/Spliterators,java/util/UUID,java/util/concurrent/BlockingQueue,java/util/concurrent/Executor,java/util/concurrent/Future,java/util/stream/Stream,java/util/stream/StreamSupport
datomic	primary-namespace	datomic	24	2	0	22	9	datomic/Attribute,datomic/Connection,datomic/Database,datomic/Database$Predicate,datomic/Entity,datomic/ListenableFuture,datomic/Log,datomic/QueryRequest,datomic/Util
datomic	primary-namespace	datomic.functions	2	0	0	2	1	datomic/functions/Fn
datomic.adopter	companion-jar	clojure-1.11.4.jar	290	98	1	191	19	clojure/lang/AFn,clojure/lang/AFunction,clojure/lang/Associative,clojure/lang/Compiler,clojure/lang/IFn,clojure/lang/ILookupSite,clojure/lang/ILookupThunk,clojure/lang/IPersistentList,clojure/lang/IPersistentMap,clojure/lang/IPersistentVector,clojure/lang/Keyword,clojure/lang/KeywordLookupSite,clojure/lang/LockingTransaction,clojure/lang/Numbers,clojure/lang/PersistentList,clojure/lang/RT,clojure/lang/Symbol,clojure/lang/Tuple,clojure/lang/Var
datomic.adopter	jdk	java.lang	187	6	1	180	8	java/lang/Boolean,java/lang/Class,java/lang/ClassLoader,java/lang/Integer,java/lang/Number,java/lang/Object,java/lang/String,java/lang/System
datomic.adopter	jdk	java.util	5	1	0	4	3	java/util/Arrays,java/util/List,java/util/concurrent/Callable
datomic.adopter	primary-namespace	datomic.adopter	6	3	0	3	3	datomic/adopter$adopt_index,datomic/adopter$fn__20510,datomic/adopter$loading__6434__auto____20508
datomic.aggregation	companion-jar	clojure-1.11.4.jar	943	341	1	601	18	clojure/lang/AFn,clojure/lang/AFunction,clojure/lang/Associative,clojure/lang/Compiler,clojure/lang/IFn,clojure/lang/IFn$OOL,clojure/lang/IObj,clojure/lang/IPersistentList,clojure/lang/IPersistentMap,clojure/lang/IPersistentVector,clojure/lang/Keyword,clojure/lang/LockingTransaction,clojure/lang/Numbers,clojure/lang/PersistentList,clojure/lang/RT,clojure/lang/Symbol,clojure/lang/Tuple,clojure/lang/Var
datomic.aggregation	jdk	java.lang	765	27	2	736	10	java/lang/Boolean,java/lang/Class,java/lang/ClassLoader,java/lang/Double,java/lang/Integer,java/lang/Long,java/lang/Math,java/lang/Number,java/lang/Object,java/lang/String
datomic.aggregation	jdk	java.util	66	24	0	42	6	java/util/ArrayList,java/util/Arrays,java/util/Collection,java/util/Collections,java/util/List,java/util/concurrent/Callable
datomic.aggregation	primary-namespace	datomic.aggregation	38	19	0	19	19	datomic/aggregation$avg,datomic/aggregation$count,datomic/aggregation$count_distinct,datomic/aggregation$distinct,datomic/aggregation$fn__17081,datomic/aggregation$loading__6434__auto____17079,datomic/aggregation$max,datomic/aggregation$max$fn__17088,datomic/aggregation$max$fn__17090,datomic/aggregation$median,datomic/aggregation$min,datomic/aggregation$min$fn__17083,datomic/aggregation$rand,datomic/aggregation$rand$fn__17104,datomic/aggregation$sample,datomic/aggregation$stddev,datomic/aggregation$sum,datomic/aggregation$variance,datomic/aggregation$variance$fn__17100
datomic.api	companion-jar	clojure-1.11.4.jar	3548	1211	7	2330	31	clojure/lang/AFn,clojure/lang/AFunction,clojure/lang/Associative,clojure/lang/Compiler,clojure/lang/IFn,clojure/lang/IFn$LL,clojure/lang/IFn$LO,clojure/lang/IFn$OL,clojure/lang/ILookupSite,clojure/lang/ILookupThunk,clojure/lang/IObj,clojure/lang/IPersistentList,clojure/lang/IPersistentMap,clojure/lang/IPersistentSet,clojure/lang/IPersistentVector,clojure/lang/ISeq,clojure/lang/Indexed,clojure/lang/Keyword,clojure/lang/KeywordLookupSite,clojure/lang/LockingTransaction,clojure/lang/Namespace,clojure/lang/Numbers,clojure/lang/PersistentArrayMap,clojure/lang/PersistentHashMap,clojure/lang/PersistentHashSet,clojure/lang/PersistentList,clojure/lang/RT,clojure/lang/RestFn,clojure/lang/Symbol,clojure/lang/Tuple,clojure/lang/Var
datomic.api	jdk	java.lang	2816	69	26	2721	11	java/lang/Boolean,java/lang/Class,java/lang/ClassLoader,java/lang/Integer,java/lang/Iterable,java/lang/Long,java/lang/Number,java/lang/Object,java/lang/Runnable,java/lang/String,java/lang/Throwable
datomic.api	jdk	java.util	214	62	0	152	8	java/util/Arrays,java/util/Date,java/util/List,java/util/Map,java/util/UUID,java/util/concurrent/BlockingQueue,java/util/concurrent/Callable,java/util/concurrent/Executor
datomic.api	primary-namespace	datomic	114	55	0	59	7	datomic/Attribute,datomic/Connection,datomic/Database,datomic/Entity,datomic/ListenableFuture,datomic/Log,datomic/Peer
datomic.api	primary-namespace	datomic.api	132	66	0	66	66	datomic/api$add_listener,datomic/api$administer_system,datomic/api$as_of,datomic/api$as_of_t,datomic/api$attribute,datomic/api$basis_t,datomic/api$cancel,datomic/api$cancel$throw_incorrect_anom__19631,datomic/api$connect,datomic/api$create_database,datomic/api$datoms,datomic/api$db,datomic/api$db_stats,datomic/api$delete_database,datomic/api$entid,datomic/api$entid_at,datomic/api$entity,datomic/api$entity_db,datomic/api$filter,datomic/api$fn__19563,datomic/api$fn__19645,datomic/api$function,datomic/api$gc_storage,datomic/api$get_database_names,datomic/api$history,datomic/api$ident,datomic/api$implicit_part,datomic/api$implicit_part_id,datomic/api$index_pull,datomic/api$index_range,datomic/api$invoke,datomic/api$is_filtered,datomic/api$is_history,datomic/api$loading__6434__auto____17821,datomic/api$log,datomic/api$next_t,datomic/api$part,datomic/api$pull,datomic/api$pull_many,datomic/api$q,datomic/api$qseq,datomic/api$query,datomic/api$release,datomic/api$remove_tx_report_queue,datomic/api$rename_database,datomic/api$request_index,datomic/api$resolve_tempid,datomic/api$seek_datoms,datomic/api$shutdown,datomic/api$since,datomic/api$since_t,datomic/api$squuid,datomic/api$squuid_time_millis,datomic/api$sync,datomic/api$sync_excise,datomic/api$sync_index,datomic/api$sync_schema,datomic/api$t__GT_tx,datomic/api$tempid,datomic/api$touch,datomic/api$transact,datomic/api$transact_async,datomic/api$tx__GT_t,datomic/api$tx_range,datomic/api$tx_report_queue,datomic/api$with
datomic.api	primary-namespace	datomic.functions	1	0	0	1	1	datomic/functions/Fn
datomic.artemis-client	companion-jar	artemis-commons-2.31.2.jar	14	2	0	12	2	org/apache/activemq/artemis/api/core/ActiveMQBuffer,org/apache/activemq/artemis/api/core/ActiveMQException
datomic.artemis-client	companion-jar	artemis-core-client-2.31.2.jar	111	41	0	70	12	[Lorg/apache/activemq/artemis/api/core/TransportConfiguration;,org/apache/activemq/artemis/api/core/Message,org/apache/activemq/artemis/api/core/TransportConfiguration,org/apache/activemq/artemis/api/core/client/ActiveMQClient,org/apache/activemq/artemis/api/core/client/ClientConsumer,org/apache/activemq/artemis/api/core/client/ClientMessage,org/apache/activemq/artemis/api/core/client/ClientProducer,org/apache/activemq/artemis/api/core/client/ClientSession,org/apache/activemq/artemis/api/core/client/ClientSessionFactory,org/apache/activemq/artemis/api/core/client/MessageHandler,org/apache/activemq/artemis/api/core/client/ServerLocator,org/apache/activemq/artemis/api/core/client/SessionFailureListener
datomic.artemis-client	companion-jar	clojure-1.11.4.jar	3797	1380	18	2399	30	clojure/lang/AFn,clojure/lang/AFunction,clojure/lang/Associative,clojure/lang/Compiler,clojure/lang/IFn,clojure/lang/ILookupSite,clojure/lang/ILookupThunk,clojure/lang/IObj,clojure/lang/IPersistentCollection,clojure/lang/IPersistentList,clojure/lang/IPersistentMap,clojure/lang/IPersistentVector,clojure/lang/IProxy,clojure/lang/ISeq,clojure/lang/IType,clojure/lang/Keyword,clojure/lang/KeywordLookupSite,clojure/lang/LockingTransaction,clojure/lang/MethodImplCache,clojure/lang/Namespace,clojure/lang/Numbers,clojure/lang/PersistentArrayMap,clojure/lang/PersistentHashMap,clojure/lang/PersistentList,clojure/lang/RT,clojure/lang/RestFn,clojure/lang/Symbol,clojure/lang/Tuple,clojure/lang/Util,clojure/lang/Var
datomic.artemis-client	companion-jar	fressian-0.6.8.jar	8	3	0	5	2	org/fressian/Reader,org/fressian/Writer
datomic.artemis-client	companion-jar	slf4j-api-1.7.32.jar	30	15	0	15	2	org/slf4j/Logger,org/slf4j/LoggerFactory
datomic.artemis-client	jdk	array	1	0	0	1	1	[B
datomic.artemis-client	jdk	java.io	10	9	0	1	1	java/io/OutputStream
datomic.artemis-client	jdk	java.lang	3907	67	38	3802	12	java/lang/AssertionError,java/lang/Boolean,java/lang/Class,java/lang/ClassLoader,java/lang/Integer,java/lang/InterruptedException,java/lang/Long,java/lang/Number,java/lang/Object,java/lang/String,java/lang/Throwable,java/lang/UnsupportedOperationException
datomic.artemis-client	jdk	java.util	103	33	0	70	4	java/util/Arrays,java/util/List,java/util/Map,java/util/concurrent/Callable
datomic.artemis-client	primary-namespace	com.datomic.impl.peer	2	1	0	1	1	com/datomic/impl/peer/ActiveMQInputStream
datomic.artemis-client	primary-namespace	datomic.artemis-client	200	95	4	101	91	datomic/artemis_client$create_connector,datomic/artemis_client$create_consumer,datomic/artemis_client$create_deserializer,datomic/artemis_client$create_deserializer$fn__20863,datomic/artemis_client$create_fressian_message,datomic/artemis_client$create_message,datomic/artemis_client$create_producer,datomic/artemis_client$create_rpc_client,datomic/artemis_client$create_rpc_client$fn__20882,datomic/artemis_client$create_rpc_client$fn__20882$fn__20883,datomic/artemis_client$create_rpc_client$fn__20886,datomic/artemis_client$create_rpc_client$fn__20886$fn__20887,datomic/artemis_client$create_rpc_client$fn__20890,datomic/artemis_client$create_rpc_client$fn__20890$fn__20891,datomic/artemis_client$create_rpc_client$fn__20894,datomic/artemis_client$create_rpc_client$fn__20894$fn__20895,datomic/artemis_client$create_rpc_client$fn__20898,datomic/artemis_client$create_rpc_client$fn__20902,datomic/artemis_client$create_rpc_client$fn__20904,datomic/artemis_client$create_rpc_client$fn__20906,datomic/artemis_client$create_rpc_client$fn__20908,datomic/artemis_client$create_rpc_server,datomic/artemis_client$create_rpc_server$fn__20923,datomic/artemis_client$create_rpc_server$fn__20923$fn__20924,datomic/artemis_client$create_rpc_server$fn__20927,datomic/artemis_client$create_rpc_server$fn__20927$fn__20928,datomic/artemis_client$create_rpc_server$fn__20931,datomic/artemis_client$create_rpc_server$fn__20931$fn__20932,datomic/artemis_client$create_rpc_server$fn__20935,datomic/artemis_client$create_rpc_server$fn__20935$fn__20936,datomic/artemis_client$create_rpc_server$fn__20939,datomic/artemis_client$create_rpc_server$fn__20939$fn__20940,datomic/artemis_client$create_rpc_server$fn__20943,datomic/artemis_client$create_rpc_server$fn__20943$fn__20945,datomic/artemis_client$create_rpc_server$fn__20949,datomic/artemis_client$create_rpc_server$fn__20951,datomic/artemis_client$create_rpc_server$fn__20953,datomic/artemis_client$create_rpc_server$fn__20955,datomic/artemis_client$create_rpc_server$fn__20957,datomic/artemis_client$create_serializer,datomic/artemis_client$create_serializer$fn__20860,datomic/artemis_client$create_server_locator,datomic/artemis_client$create_session_factory,datomic/artemis_client$create_session_factory$fn__20818,datomic/artemis_client$create_session_factory$fn__20818$fn__20819,datomic/artemis_client$create_session_factory$fn__20822,datomic/artemis_client$create_session_factory$fn__20822$fn__20823,datomic/artemis_client$create_session_factory$fn__20826,datomic/artemis_client$create_session_factory$fn__20828,datomic/artemis_client$create_temporary_queue,datomic/artemis_client$create_transport,datomic/artemis_client$create_transport$fn__20773,datomic/artemis_client$delete_queue,datomic/artemis_client$fn__20770,datomic/artemis_client$fn__20782,datomic/artemis_client$fn__20785,datomic/artemis_client$fn__20785$G__20780__20794,datomic/artemis_client$fn__20785$G__20781__20789,datomic/artemis_client$fn__20805,datomic/artemis_client$fn__20805$__GT_SessionFactoryBundle__20811,datomic/artemis_client$fn__20831,datomic/artemis_client$fn__20833,datomic/artemis_client$fn__20835,datomic/artemis_client$fn__20837,datomic/artemis_client$fn__20839,datomic/artemis_client$fn__20847,datomic/artemis_client$fn__20870,datomic/artemis_client$fn__20870$__GT_RpcClient__20874,datomic/artemis_client$fn__20911,datomic/artemis_client$fn__20911$__GT_RpcServer__20915,datomic/artemis_client$fressian_producer,datomic/artemis_client$fressian_producer$reify__20867,datomic/artemis_client$input_stream,datomic/artemis_client$loading__6434__auto____20768,datomic/artemis_client$output_stream,datomic/artemis_client$output_stream$fn__20854,datomic/artemis_client$read_batch,datomic/artemis_client$rpc_request,datomic/artemis_client$set_handler,datomic/artemis_client$set_handler$reify__20850,datomic/artemis_client$start_session,datomic/artemis_client$wrap_as_failure_listener,datomic/artemis_client$wrap_as_failure_listener$reify__20801,datomic/artemis_client/HornetImpl,datomic/artemis_client/RpcClient,datomic/artemis_client/RpcClient$fn__20871,datomic/artemis_client/RpcServer,datomic/artemis_client/RpcServer$fn__20912,datomic/artemis_client/SessionFactoryBundle,datomic/artemis_client/SessionFactoryBundle$fn__20808,datomic/artemis_client/proxy$java/io/OutputStream$ff19274a
datomic.artemis-client	primary-namespace	datomic.common	9	2	0	7	1	datomic/common/AsyncShutdown
datomic.artemis-client	primary-namespace	datomic.queue	1	0	0	1	1	datomic/queue/BlockingProducer
datomic.assert	companion-jar	clojure-1.11.4.jar	842	296	1	545	16	clojure/lang/AFn,clojure/lang/AFunction,clojure/lang/Associative,clojure/lang/Compiler,clojure/lang/IFn,clojure/lang/IPersistentList,clojure/lang/IPersistentMap,clojure/lang/IPersistentVector,clojure/lang/Keyword,clojure/lang/LockingTransaction,clojure/lang/Numbers,clojure/lang/PersistentList,clojure/lang/RT,clojure/lang/Symbol,clojure/lang/Tuple,clojure/lang/Var
datomic.assert	jdk	java.lang	598	10	5	583	9	java/lang/Boolean,java/lang/Class,java/lang/ClassLoader,java/lang/Integer,java/lang/Long,java/lang/Number,java/lang/Object,java/lang/String,java/lang/Throwable
datomic.assert	jdk	java.util	11	3	0	8	3	java/util/Arrays,java/util/List,java/util/concurrent/Callable
datomic.assert	primary-namespace	datomic.assert	18	9	0	9	9	datomic/assert$assert,datomic/assert$assertion_repl,datomic/assert$assertion_repl$fn__20656,datomic/assert$assertion_repl$prompt__20654,datomic/assert$assertion_repl$stashing_eval__20652,datomic/assert$fn__20647,datomic/assert$loading__6434__auto____20645,datomic/assert$local_bindings,datomic/assert$local_bindings$fn__20649
datomic.async	companion-jar	clojure-1.11.4.jar	427	141	3	283	19	clojure/lang/AFn,clojure/lang/AFunction,clojure/lang/Associative,clojure/lang/Compiler,clojure/lang/IFn,clojure/lang/IObj,clojure/lang/IPersistentList,clojure/lang/IPersistentMap,clojure/lang/IPersistentVector,clojure/lang/IType,clojure/lang/Keyword,clojure/lang/LockingTransaction,clojure/lang/Namespace,clojure/lang/PersistentArrayMap,clojure/lang/PersistentList,clojure/lang/RT,clojure/lang/Symbol,clojure/lang/Tuple,clojure/lang/Var
datomic.async	companion-jar	slf4j-api-1.7.32.jar	18	9	0	9	2	org/slf4j/Logger,org/slf4j/LoggerFactory
datomic.async	jdk	java.lang	337	15	2	320	9	java/lang/Boolean,java/lang/Class,java/lang/ClassLoader,java/lang/Integer,java/lang/Long,java/lang/Object,java/lang/Runnable,java/lang/String,java/lang/Thread
datomic.async	jdk	java.util	14	3	0	11	5	java/util/Arrays,java/util/List,java/util/concurrent/Callable,java/util/concurrent/RejectedExecutionHandler,java/util/concurrent/ThreadPoolExecutor
datomic.async	primary-namespace	datomic.async	18	9	0	9	8	datomic/async$daemon,datomic/async$daemon$fn__9434,datomic/async$discard_policy,datomic/async$fn__9431,datomic/async$fn__9437,datomic/async$fn__9437$__GT_DiscardPolicy__9439,datomic/async$loading__6434__auto____9429,datomic/async/DiscardPolicy
datomic.aws	companion-jar	aws-java-sdk-core-1.12.564.jar	103	45	0	58	11	com/amazonaws/AmazonWebServiceClient,com/amazonaws/ClientConfiguration,com/amazonaws/DnsResolver,com/amazonaws/Protocol,com/amazonaws/auth/AWSCredentials,com/amazonaws/auth/AWSCredentialsProviderChain,com/amazonaws/auth/BasicAWSCredentials,com/amazonaws/auth/DefaultAWSCredentialsProviderChain,com/amazonaws/http/TlsKeyManagersProvider,com/amazonaws/retry/RetryMode,com/amazonaws/retry/RetryPolicy
datomic.aws	companion-jar	clojure-1.11.4.jar	3833	1407	6	2420	26	clojure/lang/AFn,clojure/lang/AFunction,clojure/lang/Associative,clojure/lang/Compiler,clojure/lang/IFn,clojure/lang/ILookupSite,clojure/lang/ILookupThunk,clojure/lang/IObj,clojure/lang/IPersistentList,clojure/lang/IPersistentMap,clojure/lang/IPersistentVector,clojure/lang/ISeq,clojure/lang/Keyword,clojure/lang/KeywordLookupSite,clojure/lang/LockingTransaction,clojure/lang/MultiFn,clojure/lang/Namespace,clojure/lang/PersistentHashMap,clojure/lang/PersistentHashSet,clojure/lang/PersistentList,clojure/lang/PersistentVector,clojure/lang/RT,clojure/lang/Symbol,clojure/lang/Tuple,clojure/lang/Util,clojure/lang/Var
datomic.aws	jdk	java.io	2	1	0	1	1	java/io/StringWriter
datomic.aws	jdk	java.lang	3013	24	59	2930	10	java/lang/AssertionError,java/lang/Boolean,java/lang/Class,java/lang/ClassLoader,java/lang/Integer,java/lang/Long,java/lang/Number,java/lang/Object,java/lang/String,java/lang/Throwable
datomic.aws	jdk	java.net	2	0	0	2	1	java/net/InetAddress
datomic.aws	jdk	java.security	2	0	0	2	1	java/security/SecureRandom
datomic.aws	jdk	java.util	37	11	0	26	3	java/util/Arrays,java/util/List,java/util/concurrent/Callable
datomic.aws	primary-namespace	datomic.aws	28	14	0	14	14	datomic/aws$aws_access_key_id_QMARK_,datomic/aws$aws_secret_key_QMARK_,datomic/aws$client_config,datomic/aws$credentials,datomic/aws$credentials_QMARK_,datomic/aws$defclient,datomic/aws$defclient$fn__17395,datomic/aws$defclient$fn__17395$fn__17396,datomic/aws$endpoint_for,datomic/aws$fn__17376,datomic/aws$fn__17391,datomic/aws$loading__6434__auto____17374,datomic/aws$newclient,datomic/aws$set_endpoint
datomic.aws-detect	companion-jar	clojure-1.11.4.jar	357	123	1	233	18	clojure/java/io/Coercions,clojure/lang/AFn,clojure/lang/AFunction,clojure/lang/Associative,clojure/lang/Compiler,clojure/lang/Delay,clojure/lang/IFn,clojure/lang/IPersistentList,clojure/lang/IPersistentMap,clojure/lang/IPersistentVector,clojure/lang/Keyword,clojure/lang/LockingTransaction,clojure/lang/PersistentList,clojure/lang/RT,clojure/lang/Symbol,clojure/lang/Tuple,clojure/lang/Util,clojure/lang/Var
datomic.aws-detect	jdk	java.io	1	0	0	1	1	java/io/InputStream
datomic.aws-detect	jdk	java.lang	259	10	3	246	9	java/lang/Boolean,java/lang/Class,java/lang/ClassLoader,java/lang/Integer,java/lang/Long,java/lang/Number,java/lang/Object,java/lang/String,java/lang/Throwable
datomic.aws-detect	jdk	java.net	9	4	0	5	2	java/net/URL,java/net/URLConnection
datomic.aws-detect	jdk	java.util	14	4	0	10	3	java/util/Arrays,java/util/List,java/util/concurrent/Callable
datomic.aws-detect	primary-namespace	datomic.aws-detect	14	7	0	7	7	datomic/aws_detect$fn__20963,datomic/aws_detect$fn__20969,datomic/aws_detect$get_ec2_private_ip,datomic/aws_detect$get_ec2_public_ip,datomic/aws_detect$loading__6434__auto____20961,datomic/aws_detect$quickstream,datomic/aws_detect$running_in_ec2_QMARK_
datomic.aws-monitor	companion-jar	clojure-1.11.4.jar	1820	623	7	1190	26	clojure/lang/AFn,clojure/lang/AFunction,clojure/lang/AReference,clojure/lang/Associative,clojure/lang/Compiler,clojure/lang/Delay,clojure/lang/IFn,clojure/lang/IObj,clojure/lang/IPersistentList,clojure/lang/IPersistentMap,clojure/lang/IPersistentVector,clojure/lang/ISeq,clojure/lang/Indexed,clojure/lang/Keyword,clojure/lang/LockingTransaction,clojure/lang/MethodImplCache,clojure/lang/Namespace,clojure/lang/PersistentArrayMap,clojure/lang/PersistentHashMap,clojure/lang/PersistentList,clojure/lang/RT,clojure/lang/RestFn,clojure/lang/Symbol,clojure/lang/Tuple,clojure/lang/Util,clojure/lang/Var
datomic.aws-monitor	jdk	java.lang	1445	25	13	1407	8	java/lang/Boolean,java/lang/Class,java/lang/ClassLoader,java/lang/Double,java/lang/Integer,java/lang/Long,java/lang/Object,java/lang/String
datomic.aws-monitor	jdk	java.util	62	20	0	42	3	java/util/Arrays,java/util/List,java/util/concurrent/Callable
datomic.aws-monitor	primary-namespace	datomic.aws-monitor	59	28	0	31	25	datomic/aws_monitor$cloudwatch_reporter,datomic/aws_monitor$create_cloudwatch_reporter,datomic/aws_monitor$create_cloudwatch_reporter$fn__23632,datomic/aws_monitor$create_request_map,datomic/aws_monitor$create_request_map$fn__23619,datomic/aws_monitor$fn__23567,datomic/aws_monitor$fn__23571,datomic/aws_monitor$fn__23574,datomic/aws_monitor$fn__23574$G__23569__23579,datomic/aws_monitor$fn__23574$G__23570__23576,datomic/aws_monitor$fn__23585,datomic/aws_monitor$fn__23590,datomic/aws_monitor$fn__23593,datomic/aws_monitor$fn__23593$G__23588__23600,datomic/aws_monitor$fn__23593$G__23589__23596,datomic/aws_monitor$fn__23606,datomic/aws_monitor$fn__23609,datomic/aws_monitor$fn__23636,datomic/aws_monitor$loading__6434__auto____23565,datomic/aws_monitor$partitioned_metrics_requests,datomic/aws_monitor$report_metrics,datomic/aws_monitor$to_metric_data,datomic/aws_monitor$to_metric_data$fn__23612,datomic/aws_monitor/Qn,datomic/aws_monitor/ToMetricData
datomic.backup	companion-jar	clojure-1.11.4.jar	10798	3754	32	7012	47	clojure/lang/AFn,clojure/lang/AFunction,clojure/lang/APersistentMap,clojure/lang/Associative,clojure/lang/Compiler,clojure/lang/Counted,clojure/lang/Delay,clojure/lang/IFn,clojure/lang/IFn$LO,clojure/lang/IFn$OL,clojure/lang/IHashEq,clojure/lang/IKeywordLookup,clojure/lang/ILookup,clojure/lang/ILookupSite,clojure/lang/ILookupThunk,clojure/lang/IMapEntry,clojure/lang/IObj,clojure/lang/IPersistentCollection,clojure/lang/IPersistentList,clojure/lang/IPersistentMap,clojure/lang/IPersistentSet,clojure/lang/IPersistentVector,clojure/lang/IRecord,clojure/lang/IRef,clojure/lang/ISeq,clojure/lang/IType,clojure/lang/Indexed,clojure/lang/Keyword,clojure/lang/KeywordLookupSite,clojure/lang/LockingTransaction,clojure/lang/MapEntry,clojure/lang/MapEquivalence,clojure/lang/MethodImplCache,clojure/lang/MultiFn,clojure/lang/Namespace,clojure/lang/Numbers,clojure/lang/PersistentArrayMap,clojure/lang/PersistentHashMap,clojure/lang/PersistentHashSet,clojure/lang/PersistentList,clojure/lang/RT,clojure/lang/RecordIterator,clojure/lang/RestFn,clojure/lang/Symbol,clojure/lang/Tuple,clojure/lang/Util,clojure/lang/Var
datomic.backup	companion-jar	slf4j-api-1.7.32.jar	72	36	0	36	2	org/slf4j/Logger,org/slf4j/LoggerFactory
datomic.backup	jdk	array	1	0	0	1	1	[B
datomic.backup	jdk	java.io	1	0	0	1	1	java/io/Serializable
datomic.backup	jdk	java.lang	9641	130	132	9379	18	java/lang/AssertionError,java/lang/Boolean,java/lang/Class,java/lang/ClassLoader,java/lang/Double,java/lang/Error,java/lang/IllegalArgumentException,java/lang/Integer,java/lang/Long,java/lang/Math,java/lang/Number,java/lang/Object,java/lang/RuntimeException,java/lang/String,java/lang/System,java/lang/Thread,java/lang/Throwable,java/lang/UnsupportedOperationException
datomic.backup	jdk	java.net	6	3	0	3	1	java/net/URI
datomic.backup	jdk	java.nio	2	1	0	1	1	java/nio/ByteBuffer
datomic.backup	jdk	java.util	325	106	0	219	9	java/util/Arrays,java/util/Collection,java/util/Iterator,java/util/List,java/util/Map,java/util/Set,java/util/concurrent/Callable,java/util/concurrent/Semaphore,java/util/regex/Pattern
datomic.backup	primary-namespace	datomic.backup	374	169	2	203	135	datomic/backup$add_key_prefix,datomic/backup$backup,datomic/backup$backup__GT_mem,datomic/backup$backup_concurrency,datomic/backup$backup_db,datomic/backup$backup_db$fn__20298,datomic/backup$backup_db$fn__20298$fn__20302,datomic/backup$backup_k_factory,datomic/backup$backup_key__GT_seg_id,datomic/backup$backup_roots,datomic/backup$backup_seg_ids,datomic/backup$claim,datomic/backup$claimed_by,datomic/backup$create_backup_job,datomic/backup$create_backup_job$fn__20233,datomic/backup$create_cluster,datomic/backup$create_restore_job,datomic/backup$create_restore_job$fn__20238,datomic/backup$create_restore_target,datomic/backup$create_storage,datomic/backup$create_value_backup,datomic/backup$create_value_backup$fn__20133,datomic/backup$create_value_restore,datomic/backup$describe_backups,datomic/backup$describe_backups$fn__20222,datomic/backup$describe_backups$fn__20224,datomic/backup$ensure_claim,datomic/backup$fn__19929,datomic/backup$fn__19931,datomic/backup$fn__19931$fn__19932,datomic/backup$fn__19936,datomic/backup$fn__19936$fn__19937,datomic/backup$fn__19949,datomic/backup$fn__19952,datomic/backup$fn__19952$G__19945__19959,datomic/backup$fn__19952$G__19946__19955,datomic/backup$fn__19965,datomic/backup$fn__19965$G__19943__19972,datomic/backup$fn__19965$G__19944__19968,datomic/backup$fn__19978,datomic/backup$fn__19978$G__19941__19987,datomic/backup$fn__19978$G__19942__19982,datomic/backup$fn__19993,datomic/backup$fn__19993$G__19947__20000,datomic/backup$fn__19993$G__19948__19996,datomic/backup$fn__20012,datomic/backup$fn__20012$__GT_Substorage__20016,datomic/backup$fn__20026,datomic/backup$fn__20026$fn__20027,datomic/backup$fn__20032,datomic/backup$fn__20034,datomic/backup$fn__20036,datomic/backup$fn__20056,datomic/backup$fn__20059,datomic/backup$fn__20059$G__20054__20066,datomic/backup$fn__20059$G__20055__20062,datomic/backup$fn__20072,datomic/backup$fn__20072$G__20052__20081,datomic/backup$fn__20072$G__20053__20076,datomic/backup$fn__20087,datomic/backup$fn__20087$__GT_ValueBackup__20128,datomic/backup$fn__20141,datomic/backup$fn__20144,datomic/backup$fn__20144$G__20139__20151,datomic/backup$fn__20144$G__20140__20147,datomic/backup$fn__20157,datomic/backup$fn__20157$G__20137__20164,datomic/backup$fn__20157$G__20138__20160,datomic/backup$fn__20170,datomic/backup$fn__20170$__GT_ValueRestore__20207,datomic/backup$fn__20269,datomic/backup$fn__20269$__GT_SegSetStorage__20287,datomic/backup$fn__20269$map__GT_SegSetStorage__20289,datomic/backup$fn__20316,datomic/backup$latest_t,datomic/backup$loading__6434__auto____17819,datomic/backup$maybe_segset_storage,datomic/backup$mem__GT_backup,datomic/backup$missing_seg_ids,datomic/backup$missing_seg_ids$fn__20320,datomic/backup$missing_seg_ids$fn__20320$fn__20321,datomic/backup$missing_seg_ids$fn__20324,datomic/backup$missing_seg_ids$fn__20324$fn__20325,datomic/backup$missing_seg_ids$fn__20324$fn__20325$fn__20329,datomic/backup$missing_seg_ids$fn__20324$fn__20325$fn__20329$fn__20330,datomic/backup$read_roots,datomic/backup$require_latest_t,datomic/backup$restore,datomic/backup$restore_db,datomic/backup$restore_db$fn__20255,datomic/backup$restore_db$fn__20255$fn__20259,datomic/backup$restore_roots,datomic/backup$retry,datomic/backup$retry$fn__20041,datomic/backup$retry$fn__20043,datomic/backup$roots_path,datomic/backup$segset_storage,datomic/backup$storage_olookup,datomic/backup$strip_prefix,datomic/backup$subkey,datomic/backup$substorage,datomic/backup$uncached_storage_lookup,datomic/backup$uncached_storage_lookup$reify__20046,datomic/backup$uncached_storage_lookup$reify__20046$fn__20047,datomic/backup$unreadable_seg_ids,datomic/backup$unreadable_seg_ids$fn__20349,datomic/backup$unreadable_seg_ids$fn__20349$fn__20350,datomic/backup$unreadable_seg_ids$unreadable_QMARK___20347,datomic/backup$verify_backup,datomic/backup$verify_backup$fn__20359,datomic/backup$verify_backup$progress__20357,datomic/backup/IValueBackup,datomic/backup/IValueRestore,datomic/backup/SegSetStorage,datomic/backup/SegSetStorage$reify__20273,datomic/backup/SegSetStorage$reify__20275,datomic/backup/Storage,datomic/backup/Substorage,datomic/backup/Substorage$fn__20013,datomic/backup/ValueBackup,datomic/backup/ValueBackup$fn__20091,datomic/backup/ValueBackup$fn__20091$fn__20093,datomic/backup/ValueBackup$fn__20097,datomic/backup/ValueBackup$fn__20099,datomic/backup/ValueBackup$fn__20099$fn__20100,datomic/backup/ValueBackup$fn__20107,datomic/backup/ValueBackup$fn__20107$fn__20108,datomic/backup/ValueBackup$fn__20107$fn__20108$fn__20109,datomic/backup/ValueRestore,datomic/backup/ValueRestore$fn__20174,datomic/backup/ValueRestore$fn__20174$fn__20175,datomic/backup/ValueRestore$fn__20180,datomic/backup/ValueRestore$fn__20180$fn__20181,datomic/backup/ValueRestore$fn__20188,datomic/backup/ValueRestore$fn__20188$fn__20189
datomic.backup	primary-namespace	datomic.cluster	21	7	0	14	3	datomic/cluster/ClusteredStore,datomic/cluster/Dbid,datomic/cluster/Get2
datomic.backup	primary-namespace	datomic.io	6	2	0	4	1	datomic/io/Coercions
datomic.backup	primary-namespace	datomic.treewalk	18	6	0	12	2	datomic/treewalk/NodeId,datomic/treewalk/TreeWalker
datomic.btset	companion-jar	clojure-1.11.4.jar	2149	907	14	1228	27	clojure/lang/AFn,clojure/lang/AFunction,clojure/lang/Associative,clojure/lang/Compiler,clojure/lang/Counted,clojure/lang/IFn,clojure/lang/IFn$OOOL,clojure/lang/IObj,clojure/lang/IPersistentCollection,clojure/lang/IPersistentList,clojure/lang/IPersistentMap,clojure/lang/IPersistentSet,clojure/lang/IPersistentVector,clojure/lang/ISeq,clojure/lang/IType,clojure/lang/Keyword,clojure/lang/LockingTransaction,clojure/lang/Namespace,clojure/lang/Numbers,clojure/lang/PersistentList,clojure/lang/RT,clojure/lang/Reversible,clojure/lang/Seqable,clojure/lang/Symbol,clojure/lang/Tuple,clojure/lang/Util,clojure/lang/Var
datomic.btset	jdk	java.lang	2458	97	51	2310	15	[Ljava/lang/Object;,java/lang/AssertionError,java/lang/Boolean,java/lang/Class,java/lang/ClassLoader,java/lang/Comparable,java/lang/Double,java/lang/Integer,java/lang/Long,java/lang/Number,java/lang/Object,java/lang/String,java/lang/System,java/lang/Throwable,java/lang/UnsupportedOperationException
datomic.btset	jdk	java.util	161	58	0	103	9	java/util/Arrays,java/util/Comparator,java/util/Iterator,java/util/List,java/util/Random,java/util/Set,java/util/SortedSet,java/util/TreeSet,java/util/concurrent/Callable
datomic.btset	primary-namespace	datomic.btset	272	105	12	155	52	datomic/btset$bench,datomic/btset$bench$fn__11865,datomic/btset$bench$fn__11867,datomic/btset$bench$fn__11869,datomic/btset$bench$fn__11871,datomic/btset$bench$fn__11874,datomic/btset$bench$fn__11877,datomic/btset$bench$fn__11879,datomic/btset$bench$fn__11881,datomic/btset$bench$fn__11883,datomic/btset$bench$fn__11885,datomic/btset$bench$fn__11887,datomic/btset$bench$fn__11889,datomic/btset$btset,datomic/btset$comp,datomic/btset$fn__11800,datomic/btset$fn__11803,datomic/btset$fn__11805,datomic/btset$fn__11807,datomic/btset$fn__11807$__GT_BTSetIterLink__11809,datomic/btset$fn__11812,datomic/btset$fn__11814,datomic/btset$fn__11814$__GT_BTSetSplit__11816,datomic/btset$fn__11819,datomic/btset$fn__11821,datomic/btset$fn__11821$__GT_BTSetIter__11827,datomic/btset$fn__11830,datomic/btset$fn__11830$__GT_BTSetBranch__11834,datomic/btset$fn__11837,datomic/btset$fn__11837$__GT_BTSetLeaf__11841,datomic/btset$fn__11844,datomic/btset$fn__11846,datomic/btset$fn__11848,datomic/btset$fn__11848$__GT_BTSet__11852,datomic/btset$loading__6434__auto____11721,datomic/btset$rseek,datomic/btset$seek,datomic/btset$seek_last,datomic/btset/BTSet,datomic/btset/BTSetBranch,datomic/btset/BTSetIter,datomic/btset/BTSetIter$fn__11822,datomic/btset/BTSetIter$fn__11824,datomic/btset/BTSetIterLink,datomic/btset/BTSetLeaf,datomic/btset/BTSetSplit,datomic/btset/IBTSet,datomic/btset/IBTSetBranch,datomic/btset/IBTSetIterLink,datomic/btset/IBTSetLeaf,datomic/btset/IBTSetNode,datomic/btset/IDataSet
datomic.btset	primary-namespace	datomic.iter	63	7	0	56	1	datomic/iter/Iter
datomic.builtins	companion-jar	clojure-1.11.4.jar	845	280	4	561	25	clojure/lang/AFn,clojure/lang/AFunction,clojure/lang/Associative,clojure/lang/Compiler,clojure/lang/IFn,clojure/lang/ILookupSite,clojure/lang/ILookupThunk,clojure/lang/IPersistentList,clojure/lang/IPersistentMap,clojure/lang/IPersistentSet,clojure/lang/IPersistentVector,clojure/lang/ISeq,clojure/lang/Keyword,clojure/lang/KeywordLookupSite,clojure/lang/LockingTransaction,clojure/lang/Namespace,clojure/lang/PersistentHashMap,clojure/lang/PersistentHashSet,clojure/lang/PersistentList,clojure/lang/PersistentVector,clojure/lang/RT,clojure/lang/Symbol,clojure/lang/Tuple,clojure/lang/Util,clojure/lang/Var
datomic.builtins	jdk	java.lang	766	9	21	736	6	java/lang/Boolean,java/lang/Class,java/lang/ClassLoader,java/lang/Integer,java/lang/Object,java/lang/String
datomic.builtins	jdk	java.util	14	4	0	10	3	java/util/Arrays,java/util/List,java/util/concurrent/Callable
datomic.builtins	primary-namespace	datomic.builtins	20	10	0	10	10	datomic/builtins$build_retract_args,datomic/builtins$build_retract_args$fn__23400,datomic/builtins$build_retract_args$fn__23400$fn__23402,datomic/builtins$build_retract_args$fn__23400$fn__23406,datomic/builtins$compare_and_swap,datomic/builtins$component_attr_QMARK_,datomic/builtins$component_es_set,datomic/builtins$component_es_set$fn__23395,datomic/builtins$fn__23381,datomic/builtins$loading__6434__auto____23379
datomic.builtins	primary-namespace	datomic.db	8	1	3	4	2	datomic/db/Attribute,datomic/db/IDbImpl
datomic.builtins	primary-namespace	datomic.impl.db	6	3	0	3	1	datomic/impl/db/IDatum
datomic.cache	companion-jar	clojure-1.11.4.jar	1828	594	7	1227	25	clojure/lang/AFn,clojure/lang/AFunction,clojure/lang/Associative,clojure/lang/Compiler,clojure/lang/Delay,clojure/lang/IFn,clojure/lang/IFn$OLO,clojure/lang/ILookup,clojure/lang/IObj,clojure/lang/IPersistentList,clojure/lang/IPersistentMap,clojure/lang/IPersistentVector,clojure/lang/ISeq,clojure/lang/Keyword,clojure/lang/LockingTransaction,clojure/lang/Namespace,clojure/lang/Numbers,clojure/lang/PersistentHashMap,clojure/lang/PersistentList,clojure/lang/RT,clojure/lang/RestFn,clojure/lang/Symbol,clojure/lang/Tuple,clojure/lang/Util,clojure/lang/Var
datomic.cache	jdk	java.lang	1828	55	26	1747	10	java/lang/AutoCloseable,java/lang/Boolean,java/lang/Class,java/lang/ClassLoader,java/lang/Exception,java/lang/Integer,java/lang/Object,java/lang/String,java/lang/System,java/lang/Throwable
datomic.cache	jdk	java.util	51	17	0	34	8	java/util/Arrays,java/util/List,java/util/Map,java/util/concurrent/Callable,java/util/concurrent/ConcurrentHashMap,java/util/concurrent/ConcurrentMap,java/util/concurrent/ExecutorService,java/util/concurrent/Future
datomic.cache	primary-namespace	datomic.cache	71	33	0	38	31	datomic/cache$double_lookup,datomic/cache$double_lookup$reify__9419,datomic/cache$fn$reify__9416,datomic/cache$fn__9372,datomic/cache$fn__9374,datomic/cache$fn__9374$fn__9375,datomic/cache$fn__9379,datomic/cache$fn__9382,datomic/cache$fn__GT_lookup,datomic/cache$get_from_cache,datomic/cache$get_uncached,datomic/cache$getx_uncached,datomic/cache$loading__6434__auto____279,datomic/cache$lookup_cache,datomic/cache$lookup_cache$reify__9407,datomic/cache$lookup_transformer,datomic/cache$lookup_transformer$reify__9397,datomic/cache$lookup_transformer$try_val_fn__9395,datomic/cache$lookup_with_inflight_cache,datomic/cache$lookup_with_inflight_cache$reify__9410,datomic/cache$lookup_with_inflight_cache$reify__9410$fn__9411,datomic/cache$read_ahead,datomic/cache$read_ahead$fn__9384,datomic/cache$read_ahead$fn__9384$fn__9385,datomic/cache$repairing_cache_stack,datomic/cache$repairing_cache_stack$reify__9424,datomic/cache$report_val_fn_fail,datomic/cache$safe_lookup_transformer,datomic/cache$safe_lookup_transformer$reify__9404,datomic/cache$safe_lookup_transformer$try_val_fn__9402,datomic/cache/ICachedLookup
datomic.cache	primary-namespace	datomic.cache.impl	4	0	0	4	3	datomic/cache/impl/CachePut,datomic/cache/impl/CacheRemove,datomic/cache/impl/FastCount
datomic.cache.caffeine	companion-jar	caffeine-3.1.5.jar	120	44	0	76	5	com/github/benmanes/caffeine/cache/Cache,com/github/benmanes/caffeine/cache/CacheLoader,com/github/benmanes/caffeine/cache/Caffeine,com/github/benmanes/caffeine/cache/LoadingCache,com/github/benmanes/caffeine/cache/Weigher
datomic.cache.caffeine	companion-jar	clojure-1.11.4.jar	1444	534	11	899	26	clojure/lang/AFn,clojure/lang/AFunction,clojure/lang/Associative,clojure/lang/Compiler,clojure/lang/IFn,clojure/lang/IFn$LLO,clojure/lang/IFn$LO,clojure/lang/ILookup,clojure/lang/IObj,clojure/lang/IPersistentList,clojure/lang/IPersistentMap,clojure/lang/IPersistentVector,clojure/lang/ISeq,clojure/lang/IType,clojure/lang/Keyword,clojure/lang/LockingTransaction,clojure/lang/MethodImplCache,clojure/lang/Namespace,clojure/lang/Numbers,clojure/lang/PersistentArrayMap,clojure/lang/PersistentList,clojure/lang/RT,clojure/lang/Symbol,clojure/lang/Tuple,clojure/lang/Util,clojure/lang/Var
datomic.cache.caffeine	jdk	java.lang	1364	32	7	1325	12	java/lang/AssertionError,java/lang/Boolean,java/lang/Class,java/lang/ClassLoader,java/lang/Exception,java/lang/Integer,java/lang/Long,java/lang/Math,java/lang/Number,java/lang/Object,java/lang/String,java/lang/Throwable
datomic.cache.caffeine	jdk	java.util	70	17	4	49	5	java/util/Arrays,java/util/List,java/util/concurrent/Callable,java/util/concurrent/ConcurrentMap,java/util/concurrent/TimeUnit
datomic.cache.caffeine	primary-namespace	datomic.cache.caffeine	62	30	0	32	28	datomic/cache/caffeine$adapt_caffeine_cache,datomic/cache/caffeine$create_computing,datomic/cache/caffeine$create_computing$reify__622,datomic/cache/caffeine$create_limited,datomic/cache/caffeine$create_response_map,datomic/cache/caffeine$create_scaled_weight_limited,datomic/cache/caffeine$create_scaled_weight_limited$scaled_f__619,datomic/cache/caffeine$create_soft_limited,datomic/cache/caffeine$create_weight_limited,datomic/cache/caffeine$create_weight_limited$reify__616,datomic/cache/caffeine$create_write_limited,datomic/cache/caffeine$fn__573,datomic/cache/caffeine$fn__575,datomic/cache/caffeine$fn__577,datomic/cache/caffeine$fn__579,datomic/cache/caffeine$fn__581,datomic/cache/caffeine$fn__585,datomic/cache/caffeine$fn__588,datomic/cache/caffeine$fn__588$G__583__595,datomic/cache/caffeine$fn__588$G__584__591,datomic/cache/caffeine$fn__601,datomic/cache/caffeine$fn__603,datomic/cache/caffeine$fn__605,datomic/cache/caffeine$fn__605$__GT_WrappedCCache__609,datomic/cache/caffeine$loading__6434__auto____281,datomic/cache/caffeine/CacheGet,datomic/cache/caffeine/WrappedCCache,datomic/cache/caffeine/WrappedCCache$fn__606
datomic.cache.caffeine	primary-namespace	datomic.cache.impl	22	6	0	16	4	datomic/cache/impl/CacheKeys,datomic/cache/impl/CachePut,datomic/cache/impl/CacheRemove,datomic/cache/impl/FastCount
datomic.cache.caffeine	primary-namespace	datomic.memory-size	7	2	0	5	1	datomic/memory_size/MemorySize
datomic.cache.caffeine	primary-namespace	datomic.monitor	1	0	0	1	1	datomic/monitor/Metrics
datomic.cache.impl	companion-jar	clojure-1.11.4.jar	1554	555	16	983	21	clojure/lang/AFn,clojure/lang/AFunction,clojure/lang/Associative,clojure/lang/Compiler,clojure/lang/IFn,clojure/lang/IObj,clojure/lang/IPersistentList,clojure/lang/IPersistentMap,clojure/lang/IPersistentVector,clojure/lang/ISeq,clojure/lang/Keyword,clojure/lang/LockingTransaction,clojure/lang/MethodImplCache,clojure/lang/Namespace,clojure/lang/PersistentArrayMap,clojure/lang/PersistentList,clojure/lang/RT,clojure/lang/Symbol,clojure/lang/Tuple,clojure/lang/Util,clojure/lang/Var
datomic.cache.impl	jdk	java.lang	1285	12	5	1268	6	java/lang/Boolean,java/lang/Class,java/lang/ClassLoader,java/lang/Integer,java/lang/Object,java/lang/String
datomic.cache.impl	jdk	java.util	110	37	0	73	4	java/util/Arrays,java/util/List,java/util/Map,java/util/concurrent/Callable
datomic.cache.impl	primary-namespace	datomic.cache.impl	60	30	0	30	29	datomic/cache/impl$fn__285,datomic/cache/impl$fn__289,datomic/cache/impl$fn__292,datomic/cache/impl$fn__292$G__287__297,datomic/cache/impl$fn__292$G__288__294,datomic/cache/impl$fn__305,datomic/cache/impl$fn__308,datomic/cache/impl$fn__308$G__303__313,datomic/cache/impl$fn__308$G__304__310,datomic/cache/impl$fn__321,datomic/cache/impl$fn__324,datomic/cache/impl$fn__324$G__319__333,datomic/cache/impl$fn__324$G__320__328,datomic/cache/impl$fn__343,datomic/cache/impl$fn__346,datomic/cache/impl$fn__346$G__341__351,datomic/cache/impl$fn__346$G__342__348,datomic/cache/impl$fn__357,datomic/cache/impl$fn__357$G__339__364,datomic/cache/impl$fn__357$G__340__360,datomic/cache/impl$fn__370,datomic/cache/impl$fn__372,datomic/cache/impl$fn__374,datomic/cache/impl$fn__376,datomic/cache/impl$loading__6434__auto____283,datomic/cache/impl/CacheKeys,datomic/cache/impl/CachePut,datomic/cache/impl/CacheRemove,datomic/cache/impl/FastCount
datomic.callback	companion-jar	clojure-1.11.4.jar	683	245	1	437	21	clojure/lang/AFn,clojure/lang/AFunction,clojure/lang/Associative,clojure/lang/Compiler,clojure/lang/IFn,clojure/lang/ILookupSite,clojure/lang/ILookupThunk,clojure/lang/IObj,clojure/lang/IPersistentList,clojure/lang/IPersistentMap,clojure/lang/IPersistentVector,clojure/lang/Keyword,clojure/lang/KeywordLookupSite,clojure/lang/LockingTransaction,clojure/lang/PersistentHashSet,clojure/lang/PersistentList,clojure/lang/RT,clojure/lang/Symbol,clojure/lang/Tuple,clojure/lang/Util,clojure/lang/Var
datomic.callback	companion-jar	slf4j-api-1.7.32.jar	24	12	0	12	2	org/slf4j/Logger,org/slf4j/LoggerFactory
datomic.callback	jdk	java.lang	544	10	15	519	8	java/lang/AssertionError,java/lang/Boolean,java/lang/Class,java/lang/ClassLoader,java/lang/Integer,java/lang/Object,java/lang/String,java/lang/Throwable
datomic.callback	jdk	java.util	19	6	0	13	4	java/util/Arrays,java/util/List,java/util/concurrent/Callable,java/util/regex/Pattern
datomic.callback	primary-namespace	datomic.callback	14	7	0	7	7	datomic/callback$compile_static_method_callback,datomic/callback$compile_static_method_callback$fn__10095,datomic/callback$create_callback,datomic/callback$fn__10084,datomic/callback$has_callback_signature_QMARK_,datomic/callback$has_callback_signature_QMARK_$fn__10086,datomic/callback$loading__6434__auto____10082
datomic.cassandra	companion-jar	cassandra-driver-core-3.7.1.jar	145	36	9	100	11	com/datastax/driver/core/BoundStatement,com/datastax/driver/core/ConsistencyLevel,com/datastax/driver/core/GettableByIndexData,com/datastax/driver/core/PagingIterable,com/datastax/driver/core/PreparedStatement,com/datastax/driver/core/ResultSet,com/datastax/driver/core/Row,com/datastax/driver/core/Session,com/datastax/driver/core/Statement,com/datastax/driver/core/policies/DefaultRetryPolicy,com/datastax/driver/core/policies/RetryPolicy
datomic.cassandra	companion-jar	clojure-1.11.4.jar	1586	577	7	1002	21	clojure/lang/AFn,clojure/lang/AFunction,clojure/lang/Associative,clojure/lang/Compiler,clojure/lang/IFn,clojure/lang/IObj,clojure/lang/IPersistentList,clojure/lang/IPersistentMap,clojure/lang/IPersistentVector,clojure/lang/ISeq,clojure/lang/Keyword,clojure/lang/LockingTransaction,clojure/lang/Namespace,clojure/lang/Numbers,clojure/lang/PersistentHashMap,clojure/lang/PersistentList,clojure/lang/RT,clojure/lang/Symbol,clojure/lang/Tuple,clojure/lang/Util,clojure/lang/Var
datomic.cassandra	companion-jar	slf4j-api-1.7.32.jar	18	9	0	9	2	org/slf4j/Logger,org/slf4j/LoggerFactory
datomic.cassandra	jdk	java.lang	1423	24	20	1379	10	[Ljava/lang/Object;,java/lang/Boolean,java/lang/Class,java/lang/ClassLoader,java/lang/Integer,java/lang/Number,java/lang/Object,java/lang/RuntimeException,java/lang/String,java/lang/Throwable
datomic.cassandra	jdk	java.nio	2	0	0	2	1	java/nio/ByteBuffer
datomic.cassandra	jdk	java.util	44	14	0	30	3	java/util/Arrays,java/util/List,java/util/concurrent/Callable
datomic.cassandra	primary-namespace	datomic.cassandra	34	17	0	17	17	datomic/cassandra$cluster_from_callback,datomic/cassandra$cql_delete,datomic/cassandra$cql_insert,datomic/cassandra$cql_select,datomic/cassandra$cql_update,datomic/cassandra$delete_stmt_STAR_,datomic/cassandra$fn__17725,datomic/cassandra$insert_stmt_STAR_,datomic/cassandra$loading__6434__auto____17723,datomic/cassandra$retry_policy,datomic/cassandra$row__GT_map,datomic/cassandra$select_stmt_STAR_,datomic/cassandra$select_string,datomic/cassandra$select_with_consistency,datomic/cassandra$update_stmt_STAR_,datomic/cassandra$update_stmt_STAR_$fn__17729,datomic/cassandra$updated_QMARK_
datomic.cassandra-v4	companion-jar	clojure-1.11.4.jar	1543	566	10	967	21	clojure/lang/AFn,clojure/lang/AFunction,clojure/lang/Associative,clojure/lang/Compiler,clojure/lang/IFn,clojure/lang/IObj,clojure/lang/IPersistentList,clojure/lang/IPersistentMap,clojure/lang/IPersistentVector,clojure/lang/ISeq,clojure/lang/Keyword,clojure/lang/LockingTransaction,clojure/lang/Namespace,clojure/lang/Numbers,clojure/lang/PersistentHashMap,clojure/lang/PersistentList,clojure/lang/RT,clojure/lang/Symbol,clojure/lang/Tuple,clojure/lang/Util,clojure/lang/Var
datomic.cassandra-v4	companion-jar	java-driver-core-shaded-4.17.0.jar	161	44	8	109	12	com/datastax/oss/driver/api/core/ConsistencyLevel,com/datastax/oss/driver/api/core/DefaultConsistencyLevel,com/datastax/oss/driver/api/core/PagingIterable,com/datastax/oss/driver/api/core/cql/BoundStatement,com/datastax/oss/driver/api/core/cql/PreparedStatement,com/datastax/oss/driver/api/core/cql/ResultSet,com/datastax/oss/driver/api/core/cql/SimpleStatement,com/datastax/oss/driver/api/core/cql/SimpleStatementBuilder,com/datastax/oss/driver/api/core/cql/Statement,com/datastax/oss/driver/api/core/cql/StatementBuilder,com/datastax/oss/driver/api/core/cql/SyncCqlSession,com/datastax/oss/driver/api/core/data/GettableByIndex
datomic.cassandra-v4	companion-jar	slf4j-api-1.7.32.jar	18	9	0	9	2	org/slf4j/Logger,org/slf4j/LoggerFactory
datomic.cassandra-v4	jdk	java.lang	1430	23	24	1383	10	[Ljava/lang/Object;,java/lang/Boolean,java/lang/Class,java/lang/ClassLoader,java/lang/Integer,java/lang/Number,java/lang/Object,java/lang/RuntimeException,java/lang/String,java/lang/Throwable
datomic.cassandra-v4	jdk	java.nio	2	0	0	2	1	java/nio/ByteBuffer
datomic.cassandra-v4	jdk	java.util	41	13	0	28	3	java/util/Arrays,java/util/List,java/util/concurrent/Callable
datomic.cassandra-v4	primary-namespace	datomic.cassandra-v4	32	16	0	16	16	datomic/cassandra_v4$cql_delete,datomic/cassandra_v4$cql_insert,datomic/cassandra_v4$cql_select,datomic/cassandra_v4$cql_update,datomic/cassandra_v4$delete_stmt_STAR_,datomic/cassandra_v4$fn__10102,datomic/cassandra_v4$insert_stmt_STAR_,datomic/cassandra_v4$loading__6434__auto____10080,datomic/cassandra_v4$row__GT_map,datomic/cassandra_v4$select_stmt_STAR_,datomic/cassandra_v4$select_string,datomic/cassandra_v4$select_with_consistency,datomic/cassandra_v4$session_from_callback,datomic/cassandra_v4$update_stmt_STAR_,datomic/cassandra_v4$update_stmt_STAR_$fn__10105,datomic/cassandra_v4$updated_QMARK_
datomic.cassandra-values	companion-jar	clojure-1.11.4.jar	2660	829	3	1828	25	clojure/lang/AFn,clojure/lang/AFunction,clojure/lang/Associative,clojure/lang/Compiler,clojure/lang/Delay,clojure/lang/IFn,clojure/lang/ILookupSite,clojure/lang/ILookupThunk,clojure/lang/IObj,clojure/lang/IPersistentList,clojure/lang/IPersistentMap,clojure/lang/IPersistentVector,clojure/lang/ISeq,clojure/lang/Keyword,clojure/lang/KeywordLookupSite,clojure/lang/LockingTransaction,clojure/lang/Namespace,clojure/lang/Numbers,clojure/lang/PersistentHashMap,clojure/lang/PersistentList,clojure/lang/RT,clojure/lang/Symbol,clojure/lang/Tuple,clojure/lang/Util,clojure/lang/Var
datomic.cassandra-values	companion-jar	slf4j-api-1.7.32.jar	90	45	0	45	2	org/slf4j/Logger,org/slf4j/LoggerFactory
datomic.cassandra-values	jdk	java.lang	2111	38	31	2042	10	java/lang/Boolean,java/lang/Class,java/lang/ClassLoader,java/lang/Integer,java/lang/Long,java/lang/Number,java/lang/Object,java/lang/String,java/lang/System,java/lang/Throwable
datomic.cassandra-values	jdk	java.nio	6	3	0	3	1	java/nio/Buffer
datomic.cassandra-values	jdk	java.util	14	4	0	10	3	java/util/Arrays,java/util/List,java/util/concurrent/Callable
datomic.cassandra-values	primary-namespace	datomic.cassandra-values	42	21	0	21	21	datomic/cassandra_values$chunk_key,datomic/cassandra_values$delete_value,datomic/cassandra_values$delete_value$fn__20586,datomic/cassandra_values$delete_value$fn__20586$fn__20590,datomic/cassandra_values$delete_value$fn__20586$fn__20593,datomic/cassandra_values$delete_value$fn__20586$fn__20593$fn__20597,datomic/cassandra_values$fn__20517,datomic/cassandra_values$fn__20520,datomic/cassandra_values$fn__20520$fn__20521,datomic/cassandra_values$get_value,datomic/cassandra_values$get_value$fn__20558,datomic/cassandra_values$get_value$fn__20561,datomic/cassandra_values$get_value$fn__20561$fn__20565,datomic/cassandra_values$get_value$fn__20561$fn__20565$fn__20566,datomic/cassandra_values$loading__6434__auto____20515,datomic/cassandra_values$put_value,datomic/cassandra_values$put_value$fn__20530,datomic/cassandra_values$put_value$fn__20532,datomic/cassandra_values$put_value$fn__20532$fn__20533,datomic/cassandra_values$put_value$fn__20532$fn__20533$fn__20537,datomic/cassandra_values$put_value$fn__20532$fn__20533$fn__20537$fn__20538
datomic.cassandra-values	primary-namespace	datomic.future	3	1	0	2	1	datomic/future/GetChannel
datomic.cassandra-values-v4	companion-jar	clojure-1.11.4.jar	2649	825	2	1822	25	clojure/lang/AFn,clojure/lang/AFunction,clojure/lang/Associative,clojure/lang/Compiler,clojure/lang/Delay,clojure/lang/IFn,clojure/lang/ILookupSite,clojure/lang/ILookupThunk,clojure/lang/IObj,clojure/lang/IPersistentList,clojure/lang/IPersistentMap,clojure/lang/IPersistentVector,clojure/lang/ISeq,clojure/lang/Keyword,clojure/lang/KeywordLookupSite,clojure/lang/LockingTransaction,clojure/lang/Namespace,clojure/lang/Numbers,clojure/lang/PersistentHashMap,clojure/lang/PersistentList,clojure/lang/RT,clojure/lang/Symbol,clojure/lang/Tuple,clojure/lang/Util,clojure/lang/Var
datomic.cassandra-values-v4	companion-jar	slf4j-api-1.7.32.jar	90	45	0	45	2	org/slf4j/Logger,org/slf4j/LoggerFactory
datomic.cassandra-values-v4	jdk	java.lang	2108	38	31	2039	10	java/lang/Boolean,java/lang/Class,java/lang/ClassLoader,java/lang/Integer,java/lang/Long,java/lang/Number,java/lang/Object,java/lang/String,java/lang/System,java/lang/Throwable
datomic.cassandra-values-v4	jdk	java.nio	9	4	0	5	2	java/nio/Buffer,java/nio/ByteBuffer
datomic.cassandra-values-v4	jdk	java.util	14	4	0	10	3	java/util/Arrays,java/util/List,java/util/concurrent/Callable
datomic.cassandra-values-v4	primary-namespace	datomic.cassandra-values-v4	44	22	0	22	22	datomic/cassandra_values_v4$chunk_key,datomic/cassandra_values_v4$delete_value,datomic/cassandra_values_v4$delete_value$fn__10344,datomic/cassandra_values_v4$delete_value$fn__10344$fn__10348,datomic/cassandra_values_v4$delete_value$fn__10344$fn__10351,datomic/cassandra_values_v4$delete_value$fn__10344$fn__10351$fn__10355,datomic/cassandra_values_v4$fn__10273,datomic/cassandra_values_v4$fn__10276,datomic/cassandra_values_v4$fn__10276$fn__10277,datomic/cassandra_values_v4$get_value,datomic/cassandra_values_v4$get_value$fn__10316,datomic/cassandra_values_v4$get_value$fn__10319,datomic/cassandra_values_v4$get_value$fn__10319$fn__10323,datomic/cassandra_values_v4$get_value$fn__10319$fn__10323$fn__10324,datomic/cassandra_values_v4$loading__6434__auto____10078,datomic/cassandra_values_v4$put_value,datomic/cassandra_values_v4$put_value$fn__10283,datomic/cassandra_values_v4$put_value$fn__10288,datomic/cassandra_values_v4$put_value$fn__10290,datomic/cassandra_values_v4$put_value$fn__10290$fn__10291,datomic/cassandra_values_v4$put_value$fn__10290$fn__10291$fn__10295,datomic/cassandra_values_v4$put_value$fn__10290$fn__10291$fn__10295$fn__10296
datomic.cassandra-values-v4	primary-namespace	datomic.future	3	1	0	2	1	datomic/future/GetChannel
datomic.cast2slf4j	companion-jar	caster-1.0.45.jar	12	4	0	8	1	cognitect/caster/Impl
datomic.cast2slf4j	companion-jar	clojure-1.11.4.jar	528	178	1	349	22	clojure/lang/AFn,clojure/lang/AFunction,clojure/lang/Associative,clojure/lang/Compiler,clojure/lang/Delay,clojure/lang/IFn,clojure/lang/ILookupSite,clojure/lang/ILookupThunk,clojure/lang/IPersistentList,clojure/lang/IPersistentMap,clojure/lang/IPersistentVector,clojure/lang/ISeq,clojure/lang/Keyword,clojure/lang/KeywordLookupSite,clojure/lang/LockingTransaction,clojure/lang/PersistentHashMap,clojure/lang/PersistentList,clojure/lang/RT,clojure/lang/Symbol,clojure/lang/Tuple,clojure/lang/Util,clojure/lang/Var
datomic.cast2slf4j	companion-jar	slf4j-api-1.7.32.jar	24	12	0	12	2	org/slf4j/Logger,org/slf4j/LoggerFactory
datomic.cast2slf4j	jdk	java.lang	408	7	4	397	6	java/lang/Boolean,java/lang/Class,java/lang/ClassLoader,java/lang/Integer,java/lang/Object,java/lang/String
datomic.cast2slf4j	jdk	java.util	7	2	0	5	4	java/util/Arrays,java/util/List,java/util/concurrent/Callable,java/util/regex/Pattern
datomic.cast2slf4j	primary-namespace	datomic.cast2slf4j	28	14	0	14	10	datomic/cast2slf4j$fn__21286,datomic/cast2slf4j$fn__21288,datomic/cast2slf4j$fn__21290,datomic/cast2slf4j$fn__21290$fn__21291,datomic/cast2slf4j$fn__21290$fn__21291$fn__21292,datomic/cast2slf4j$fn__21290$fn__21291$fn__21295,datomic/cast2slf4j$fn__21290$fn__21291$fn__21298,datomic/cast2slf4j$fn__21290$fn__21291$fn__21301,datomic/cast2slf4j$loading__6434__auto____21284,datomic/cast2slf4j$redirect
datomic.catalog	companion-jar	clojure-1.11.4.jar	2741	932	8	1801	26	clojure/lang/AFn,clojure/lang/AFunction,clojure/lang/Associative,clojure/lang/Compiler,clojure/lang/IFn,clojure/lang/ILookupSite,clojure/lang/ILookupThunk,clojure/lang/IObj,clojure/lang/IPersistentList,clojure/lang/IPersistentMap,clojure/lang/IPersistentVector,clojure/lang/ISeq,clojure/lang/Keyword,clojure/lang/KeywordLookupSite,clojure/lang/LockingTransaction,clojure/lang/Numbers,clojure/lang/PersistentArrayMap,clojure/lang/PersistentHashMap,clojure/lang/PersistentHashSet,clojure/lang/PersistentList,clojure/lang/RT,clojure/lang/RestFn,clojure/lang/Symbol,clojure/lang/Tuple,clojure/lang/Util,clojure/lang/Var
datomic.catalog	jdk	java.lang	2359	48	42	2269	11	java/lang/AssertionError,java/lang/Boolean,java/lang/Class,java/lang/ClassLoader,java/lang/Integer,java/lang/Long,java/lang/Number,java/lang/Object,java/lang/RuntimeException,java/lang/String,java/lang/Throwable
datomic.catalog	jdk	java.util	99	33	0	66	5	java/util/Arrays,java/util/List,java/util/UUID,java/util/concurrent/Callable,java/util/regex/Pattern
datomic.catalog	primary-namespace	datomic.catalog	84	42	0	42	42	datomic/catalog$add_database,datomic/catalog$conflict_check_fn,datomic/catalog$conflict_check_fn$fn__11106,datomic/catalog$create_database,datomic/catalog$create_database_STAR_,datomic/catalog$create_database_STAR_$fn__11116,datomic/catalog$db_id__GT_db_name,datomic/catalog$db_id__GT_db_name$fn__11088,datomic/catalog$db_ids,datomic/catalog$db_ids$fn__11084,datomic/catalog$db_name__GT_db_id,datomic/catalog$db_names,datomic/catalog$delete,datomic/catalog$delete_database,datomic/catalog$delete_database$condition__11133,datomic/catalog$delete_database$fn__11135,datomic/catalog$deleted_QMARK_,datomic/catalog$deleted_database_id_QMARK_,datomic/catalog$fn__11073,datomic/catalog$get_catalog,datomic/catalog$get_database_names,datomic/catalog$loading__6434__auto____11071,datomic/catalog$parse_db_conf,datomic/catalog$pod__GT_catalog,datomic/catalog$put_catalog,datomic/catalog$remove_deleted,datomic/catalog$remove_deleted_database,datomic/catalog$remove_deleted_database$condition__11148,datomic/catalog$remove_deleted_database$fn__11150,datomic/catalog$rename,datomic/catalog$rename_database,datomic/catalog$rename_database$condition__11124,datomic/catalog$rename_database$fn__11126,datomic/catalog$undelete_database,datomic/catalog$undelete_database$condition__11140,datomic/catalog$undelete_database$fn__11142,datomic/catalog$update_catalog,datomic/catalog$update_catalog$fn__11099,datomic/catalog$update_catalog$fn__11102,datomic/catalog$update_succeeded_QMARK_,datomic/catalog$valid_db_name_QMARK_,datomic/catalog$with_retry
datomic.catalog	primary-namespace	datomic.cluster	9	3	0	6	2	datomic/cluster/ClusteredStore,datomic/cluster/Dbid
datomic.cleanup	companion-jar	clojure-1.11.4.jar	428	163	6	259	20	clojure/lang/AFn,clojure/lang/AFunction,clojure/lang/Associative,clojure/lang/Compiler,clojure/lang/Delay,clojure/lang/IFn,clojure/lang/IObj,clojure/lang/IPersistentList,clojure/lang/IPersistentMap,clojure/lang/IPersistentVector,clojure/lang/IType,clojure/lang/Keyword,clojure/lang/LockingTransaction,clojure/lang/Namespace,clojure/lang/PersistentList,clojure/lang/RT,clojure/lang/Symbol,clojure/lang/Tuple,clojure/lang/Util,clojure/lang/Var
datomic.cleanup	jdk	java.lang	436	18	1	417	12	java/lang/Boolean,java/lang/Class,java/lang/ClassLoader,java/lang/Integer,java/lang/Object,java/lang/Runnable,java/lang/String,java/lang/Thread,java/lang/Throwable,java/lang/ref/PhantomReference,java/lang/ref/Reference,java/lang/ref/ReferenceQueue
datomic.cleanup	jdk	java.util	24	9	0	15	5	java/util/Arrays,java/util/List,java/util/Map,java/util/concurrent/Callable,java/util/concurrent/ConcurrentHashMap
datomic.cleanup	primary-namespace	datomic.cleanup	30	13	2	15	12	datomic/cleanup$create_manager,datomic/cleanup$fn__20737,datomic/cleanup$fn__20739,datomic/cleanup$fn__20739$__GT_Manager__20741,datomic/cleanup$fn__20749,datomic/cleanup$fn__20749$fn__20751,datomic/cleanup$fn__20749$fn__20751$fn__20752,datomic/cleanup$loading__6434__auto____20735,datomic/cleanup$register_cleanup,datomic/cleanup$run_queue_loop,datomic/cleanup$run_queue_loop$fn__20746,datomic/cleanup/Manager
datomic.cleanup	primary-namespace	datomic.queue	14	4	0	10	2	datomic/queue/BlockingConsumer,datomic/queue/Consumer
datomic.cli	companion-jar	clojure-1.11.4.jar	1871	668	6	1197	28	clojure/lang/AFn,clojure/lang/AFunction,clojure/lang/AReference,clojure/lang/Associative,clojure/lang/Compiler,clojure/lang/IFn,clojure/lang/ILookupSite,clojure/lang/ILookupThunk,clojure/lang/IObj,clojure/lang/IPersistentList,clojure/lang/IPersistentMap,clojure/lang/IPersistentVector,clojure/lang/ISeq,clojure/lang/Indexed,clojure/lang/Keyword,clojure/lang/KeywordLookupSite,clojure/lang/LockingTransaction,clojure/lang/Namespace,clojure/lang/PersistentArrayMap,clojure/lang/PersistentHashMap,clojure/lang/PersistentHashSet,clojure/lang/PersistentList,clojure/lang/RT,clojure/lang/RestFn,clojure/lang/Symbol,clojure/lang/Tuple,clojure/lang/Util,clojure/lang/Var
datomic.cli	jdk	java.lang	1544	18	32	1494	8	java/lang/Boolean,java/lang/Class,java/lang/ClassLoader,java/lang/Integer,java/lang/Object,java/lang/String,java/lang/System,java/lang/Throwable
datomic.cli	jdk	java.util	37	12	0	25	4	java/util/Arrays,java/util/List,java/util/concurrent/Callable,java/util/regex/Pattern
datomic.cli	primary-namespace	datomic.cli	32	16	0	16	16	datomic/cli$apply_defaults,datomic/cli$cli__GT_map,datomic/cli$coerce_vals,datomic/cli$coerce_vals$fn__20718,datomic/cli$development_version,datomic/cli$expand_short_names,datomic/cli$fail,datomic/cli$fn__20664,datomic/cli$loading__6434__auto____20662,datomic/cli$missing_values,datomic/cli$parse_or_exit_BANG_,datomic/cli$print_help,datomic/cli$print_help$positional_QMARK___20672,datomic/cli$shell,datomic/cli$unique_index,datomic/cli$unique_index$fn__20666
datomic.cloudwatch	companion-jar	aws-java-sdk-cloudwatch-1.12.564.jar	241	110	0	131	16	com/amazonaws/services/cloudwatch/AmazonCloudWatchClient,com/amazonaws/services/cloudwatch/model/DescribeAlarmsRequest,com/amazonaws/services/cloudwatch/model/DescribeAlarmsResult,com/amazonaws/services/cloudwatch/model/Dimension,com/amazonaws/services/cloudwatch/model/DimensionFilter,com/amazonaws/services/cloudwatch/model/GetMetricStatisticsRequest,com/amazonaws/services/cloudwatch/model/GetMetricStatisticsResult,com/amazonaws/services/cloudwatch/model/ListMetricsRequest,com/amazonaws/services/cloudwatch/model/ListMetricsResult,com/amazonaws/services/cloudwatch/model/MetricAlarm,com/amazonaws/services/cloudwatch/model/MetricDatum,com/amazonaws/services/cloudwatch/model/PutMetricDataRequest,com/amazonaws/services/cloudwatch/model/PutMetricDataResult,com/amazonaws/services/cloudwatch/model/StandardUnit,com/amazonaws/services/cloudwatch/model/StateValue,com/amazonaws/services/cloudwatch/model/StatisticSet
datomic.cloudwatch	companion-jar	aws-java-sdk-core-1.12.564.jar	141	37	0	104	11	com/amazonaws/AmazonWebServiceClient,com/amazonaws/AmazonWebServiceRequest,com/amazonaws/AmazonWebServiceResult,com/amazonaws/ClientConfiguration,com/amazonaws/ResponseMetadata,com/amazonaws/auth/AWSCredentials,com/amazonaws/auth/AWSCredentialsProvider,com/amazonaws/auth/DefaultAWSCredentialsProviderChain,com/amazonaws/event/ProgressListener,com/amazonaws/http/SdkHttpMetadata,com/amazonaws/metrics/RequestMetricCollector
datomic.cloudwatch	companion-jar	clojure-1.11.4.jar	5346	1876	16	3454	24	clojure/lang/AFn,clojure/lang/AFunction,clojure/lang/Associative,clojure/lang/Compiler,clojure/lang/IFn,clojure/lang/ILookupSite,clojure/lang/ILookupThunk,clojure/lang/IObj,clojure/lang/IPersistentList,clojure/lang/IPersistentMap,clojure/lang/IPersistentVector,clojure/lang/Keyword,clojure/lang/KeywordLookupSite,clojure/lang/LazySeq,clojure/lang/LockingTransaction,clojure/lang/MultiFn,clojure/lang/Namespace,clojure/lang/PersistentHashSet,clojure/lang/PersistentList,clojure/lang/RT,clojure/lang/Symbol,clojure/lang/Tuple,clojure/lang/Util,clojure/lang/Var
datomic.cloudwatch	jdk	java.lang	4627	8	127	4492	9	java/lang/Boolean,java/lang/Class,java/lang/ClassLoader,java/lang/Double,java/lang/Integer,java/lang/Number,java/lang/Object,java/lang/String,java/lang/Throwable
datomic.cloudwatch	jdk	java.util	54	5	0	49	5	java/util/Arrays,java/util/Collection,java/util/Date,java/util/List,java/util/concurrent/Callable
datomic.cloudwatch	primary-namespace	datomic.cloudwatch	64	32	0	32	32	datomic/cloudwatch$client,datomic/cloudwatch$describe_alarms,datomic/cloudwatch$fn__22809,datomic/cloudwatch$fn__22817,datomic/cloudwatch$fn__22817$fn__22818,datomic/cloudwatch$fn__22821,datomic/cloudwatch$fn__22821$fn__22822,datomic/cloudwatch$fn__22825,datomic/cloudwatch$fn__22825$fn__22826,datomic/cloudwatch$fn__22829,datomic/cloudwatch$fn__22829$fn__22830,datomic/cloudwatch$fn__22833,datomic/cloudwatch$fn__22833$fn__22834,datomic/cloudwatch$fn__22837,datomic/cloudwatch$fn__22843,datomic/cloudwatch$fn__22849,datomic/cloudwatch$fn__22911,datomic/cloudwatch$fn__22923,datomic/cloudwatch$fn__22926,datomic/cloudwatch$fn__22929,datomic/cloudwatch$fn__22932,datomic/cloudwatch$fn__22935,datomic/cloudwatch$fn__22938,datomic/cloudwatch$fn__22941,datomic/cloudwatch$fn__22944,datomic/cloudwatch$fn__22947,datomic/cloudwatch$fn__22949,datomic/cloudwatch$get_metric_statistics,datomic/cloudwatch$list_metrics,datomic/cloudwatch$list_metrics$fn__22812,datomic/cloudwatch$loading__6434__auto____22807,datomic/cloudwatch$put_metrics
datomic.cloudwatch	primary-namespace	datomic.datafy	9	3	0	6	1	datomic/datafy/ObjectToData
datomic.cluster	companion-jar	clojure-1.11.4.jar	7462	2719	41	4702	28	clojure/lang/AFn,clojure/lang/AFunction,clojure/lang/Associative,clojure/lang/Compiler,clojure/lang/IFn,clojure/lang/ILookup,clojure/lang/ILookupSite,clojure/lang/ILookupThunk,clojure/lang/IObj,clojure/lang/IPersistentList,clojure/lang/IPersistentMap,clojure/lang/IPersistentVector,clojure/lang/ISeq,clojure/lang/IType,clojure/lang/Keyword,clojure/lang/KeywordLookupSite,clojure/lang/LockingTransaction,clojure/lang/MethodImplCache,clojure/lang/Namespace,clojure/lang/Numbers,clojure/lang/PersistentArrayMap,clojure/lang/PersistentHashMap,clojure/lang/PersistentList,clojure/lang/RT,clojure/lang/Symbol,clojure/lang/Tuple,clojure/lang/Util,clojure/lang/Var
datomic.cluster	companion-jar	slf4j-api-1.7.32.jar	42	21	0	21	2	org/slf4j/Logger,org/slf4j/LoggerFactory
datomic.cluster	jdk	java.lang	6459	85	52	6322	15	java/lang/AssertionError,java/lang/AutoCloseable,java/lang/Boolean,java/lang/Class,java/lang/ClassLoader,java/lang/IllegalArgumentException,java/lang/Integer,java/lang/Long,java/lang/Number,java/lang/Object,java/lang/RuntimeException,java/lang/String,java/lang/System,java/lang/Thread,java/lang/Throwable
datomic.cluster	jdk	java.util	382	126	3	253	8	java/util/Arrays,java/util/List,java/util/UUID,java/util/concurrent/ArrayBlockingQueue,java/util/concurrent/BlockingQueue,java/util/concurrent/Callable,java/util/concurrent/TimeUnit,java/util/concurrent/TimeoutException
datomic.cluster	primary-namespace	datomic.cluster	245	114	0	131	87	datomic/cluster$claim_pod,datomic/cluster$clone_pod,datomic/cluster$clone_ref,datomic/cluster$close,datomic/cluster$fn__10410,datomic/cluster$fn__10424,datomic/cluster$fn__10427,datomic/cluster$fn__10427$G__10422__10432,datomic/cluster$fn__10427$G__10423__10429,datomic/cluster$fn__10456,datomic/cluster$fn__10459,datomic/cluster$fn__10459$G__10442__10466,datomic/cluster$fn__10459$G__10443__10462,datomic/cluster$fn__10472,datomic/cluster$fn__10472$G__10448__10483,datomic/cluster$fn__10472$G__10449__10477,datomic/cluster$fn__10489,datomic/cluster$fn__10489$G__10454__10504,datomic/cluster$fn__10489$G__10455__10496,datomic/cluster$fn__10510,datomic/cluster$fn__10510$G__10444__10517,datomic/cluster$fn__10510$G__10445__10513,datomic/cluster$fn__10523,datomic/cluster$fn__10523$G__10446__10530,datomic/cluster$fn__10523$G__10447__10526,datomic/cluster$fn__10536,datomic/cluster$fn__10536$G__10440__10543,datomic/cluster$fn__10536$G__10441__10539,datomic/cluster$fn__10549,datomic/cluster$fn__10549$G__10438__10566,datomic/cluster$fn__10549$G__10439__10557,datomic/cluster$fn__10574,datomic/cluster$fn__10574$G__10452__10581,datomic/cluster$fn__10574$G__10453__10577,datomic/cluster$fn__10587,datomic/cluster$fn__10587$G__10450__10594,datomic/cluster$fn__10587$G__10451__10590,datomic/cluster$fn__10602,datomic/cluster$fn__10605,datomic/cluster$fn__10605$G__10600__10614,datomic/cluster$fn__10605$G__10601__10609,datomic/cluster$fn__10692,datomic/cluster$fn__10695,datomic/cluster$fn__10695$G__10688__10700,datomic/cluster$fn__10695$G__10689__10697,datomic/cluster$fn__10706,datomic/cluster$fn__10706$G__10690__10711,datomic/cluster$fn__10706$G__10691__10708,datomic/cluster$fn__10717,datomic/cluster$fn__10717$__GT_QueueingWriter__10719,datomic/cluster$fn__10729,datomic/cluster$fn__10732,datomic/cluster$fn__10732$G__10727__10737,datomic/cluster$fn__10732$G__10728__10734,datomic/cluster$get_ref_store,datomic/cluster$loading__6434__auto____10375,datomic/cluster$new_pod_key,datomic/cluster$new_ref_key,datomic/cluster$new_val_key,datomic/cluster$path,datomic/cluster$pod_key__GT_uuid,datomic/cluster$queueing_writer,datomic/cluster$queueing_writer$fn__10722,datomic/cluster$reset_pod,datomic/cluster$reset_ref,datomic/cluster$reset_ref$fn__10625,datomic/cluster$touch_pod,datomic/cluster$touch_ref,datomic/cluster$touch_ref$fn__10636,datomic/cluster$uncached_val_lookup,datomic/cluster$uncached_val_lookup$reify__10654,datomic/cluster$update_pod,datomic/cluster$uuid__GT_pod_key,datomic/cluster$uuid__GT_val_key,datomic/cluster$val_key__GT_uuid,datomic/cluster$write_vals,datomic/cluster$write_vals$fn__10675,datomic/cluster$write_vals$fn__10675$fn__10677,datomic/cluster$write_vals_STAR_,datomic/cluster$write_vals_STAR_$fn__10660,datomic/cluster$write_vals_STAR_$fn__10666,datomic/cluster/AsyncWriter,datomic/cluster/ClusteredStore,datomic/cluster/Dbid,datomic/cluster/Get2,datomic/cluster/QueueingWriter,datomic/cluster/RefClusterStore
datomic.cluster-stack	companion-jar	clojure-1.11.4.jar	2217	849	4	1364	26	clojure/lang/AFn,clojure/lang/AFunction,clojure/lang/Associative,clojure/lang/Compiler,clojure/lang/Delay,clojure/lang/IFn,clojure/lang/IFn$OLO,clojure/lang/IFn$OLOO,clojure/lang/ILookupSite,clojure/lang/ILookupThunk,clojure/lang/IObj,clojure/lang/IPersistentList,clojure/lang/IPersistentMap,clojure/lang/IPersistentVector,clojure/lang/IType,clojure/lang/Indexed,clojure/lang/Keyword,clojure/lang/KeywordLookupSite,clojure/lang/LockingTransaction,clojure/lang/Namespace,clojure/lang/PersistentList,clojure/lang/RT,clojure/lang/Symbol,clojure/lang/Tuple,clojure/lang/Util,clojure/lang/Var
datomic.cluster-stack	jdk	java.lang	2607	37	16	2554	11	java/lang/AutoCloseable,java/lang/Boolean,java/lang/Class,java/lang/ClassLoader,java/lang/Exception,java/lang/IllegalArgumentException,java/lang/Integer,java/lang/Long,java/lang/Object,java/lang/String,java/lang/Throwable
datomic.cluster-stack	jdk	java.util	38	13	0	25	4	java/util/Arrays,java/util/List,java/util/concurrent/Callable,java/util/concurrent/atomic/AtomicReferenceArray
datomic.cluster-stack	primary-namespace	datomic.cluster	9	3	0	6	1	datomic/cluster/ClusteredStore
datomic.cluster-stack	primary-namespace	datomic.cluster-stack	98	49	0	49	49	datomic/cluster_stack$cluster_with_cache,datomic/cluster_stack$fn__11252,datomic/cluster_stack$fn__11254,datomic/cluster_stack$fn__11254$fn__11255,datomic/cluster_stack$fn__11259,datomic/cluster_stack$fn__11259$__GT_ValStoreOnKvCache__11267,datomic/cluster_stack$fn__11272,datomic/cluster_stack$fn__11272$__GT_ValStoreOnCluster__11432,datomic/cluster_stack$fn__11436,datomic/cluster_stack$fn__11436$__GT_ValStoreWithClose__11438,datomic/cluster_stack$fn__11443,datomic/cluster_stack$loading__6434__auto____11158,datomic/cluster_stack$result__GT_anom,datomic/cluster_stack$start_kv_cache,datomic/cluster_stack$start_kv_cache$close__11455,datomic/cluster_stack$start_kv_cache$combine__11448,datomic/cluster_stack$start_kv_cache$wrap__11445,datomic/cluster_stack$val_store_on_cluster,datomic/cluster_stack$val_store_on_kv_cache,datomic/cluster_stack$val_store_with_close,datomic/cluster_stack/ValStoreOnCluster,datomic/cluster_stack/ValStoreOnCluster$fn__11298,datomic/cluster_stack/ValStoreOnCluster$fn__11298$G__11273__11299,datomic/cluster_stack/ValStoreOnCluster$fn__11298$G__11274__11301,datomic/cluster_stack/ValStoreOnCluster$fn__11298$G__11275__11303,datomic/cluster_stack/ValStoreOnCluster$fn__11298$G__11276__11305,datomic/cluster_stack/ValStoreOnCluster$fn__11298$G__11277__11307,datomic/cluster_stack/ValStoreOnCluster$fn__11298$G__11278__11309,datomic/cluster_stack/ValStoreOnCluster$fn__11298$state_machine__6360__auto____11311,datomic/cluster_stack/ValStoreOnCluster$fn__11298$state_machine__6360__auto____11311$fn__11313,datomic/cluster_stack/ValStoreOnCluster$fn__11349,datomic/cluster_stack/ValStoreOnCluster$fn__11349$G__11327__11350,datomic/cluster_stack/ValStoreOnCluster$fn__11349$G__11328__11352,datomic/cluster_stack/ValStoreOnCluster$fn__11349$G__11329__11354,datomic/cluster_stack/ValStoreOnCluster$fn__11349$G__11330__11356,datomic/cluster_stack/ValStoreOnCluster$fn__11349$G__11331__11358,datomic/cluster_stack/ValStoreOnCluster$fn__11349$state_machine__6360__auto____11360,datomic/cluster_stack/ValStoreOnCluster$fn__11349$state_machine__6360__auto____11360$fn__11362,datomic/cluster_stack/ValStoreOnCluster$fn__11398,datomic/cluster_stack/ValStoreOnCluster$fn__11398$G__11376__11399,datomic/cluster_stack/ValStoreOnCluster$fn__11398$G__11377__11401,datomic/cluster_stack/ValStoreOnCluster$fn__11398$G__11378__11403,datomic/cluster_stack/ValStoreOnCluster$fn__11398$G__11379__11405,datomic/cluster_stack/ValStoreOnCluster$fn__11398$G__11380__11407,datomic/cluster_stack/ValStoreOnCluster$fn__11398$state_machine__6360__auto____11409,datomic/cluster_stack/ValStoreOnCluster$fn__11398$state_machine__6360__auto____11409$fn__11411,datomic/cluster_stack/ValStoreOnKvCache,datomic/cluster_stack/ValStoreOnKvCache$fn__11261,datomic/cluster_stack/ValStoreWithClose
datomic.cluster-stack	primary-namespace	datomic.core2.val-store.spi	18	3	0	15	3	datomic/core2/val_store/spi/Delete,datomic/core2/val_store/spi/Get,datomic/core2/val_store/spi/Put
datomic.cluster-stack	primary-namespace	datomic.future	15	5	0	10	1	datomic/future/GetChannel
datomic.clusterfs	companion-jar	clojure-1.11.4.jar	3240	1067	12	2161	40	clojure/lang/AFn,clojure/lang/AFunction,clojure/lang/APersistentMap,clojure/lang/Associative,clojure/lang/Compiler,clojure/lang/Counted,clojure/lang/IFn,clojure/lang/IFn$OL,clojure/lang/IHashEq,clojure/lang/IKeywordLookup,clojure/lang/ILookup,clojure/lang/ILookupSite,clojure/lang/ILookupThunk,clojure/lang/IMapEntry,clojure/lang/IObj,clojure/lang/IPersistentCollection,clojure/lang/IPersistentList,clojure/lang/IPersistentMap,clojure/lang/IPersistentSet,clojure/lang/IPersistentVector,clojure/lang/IRecord,clojure/lang/ISeq,clojure/lang/Keyword,clojure/lang/KeywordLookupSite,clojure/lang/LockingTransaction,clojure/lang/MapEntry,clojure/lang/MapEquivalence,clojure/lang/Namespace,clojure/lang/Numbers,clojure/lang/PersistentArrayMap,clojure/lang/PersistentHashMap,clojure/lang/PersistentHashSet,clojure/lang/PersistentList,clojure/lang/RT,clojure/lang/RecordIterator,clojure/lang/RestFn,clojure/lang/Symbol,clojure/lang/Tuple,clojure/lang/Util,clojure/lang/Var
datomic.clusterfs	companion-jar	fressian-0.6.8.jar	33	8	0	25	4	org/fressian/Reader,org/fressian/Writer,org/fressian/handlers/ReadHandler,org/fressian/handlers/WriteHandler
datomic.clusterfs	companion-jar	slf4j-api-1.7.32.jar	42	21	0	21	2	org/slf4j/Logger,org/slf4j/LoggerFactory
datomic.clusterfs	jdk	array	1	0	0	1	1	[B
datomic.clusterfs	jdk	java.io	24	8	0	16	4	java/io/File,java/io/FileInputStream,java/io/IOException,java/io/Serializable
datomic.clusterfs	jdk	java.lang	2760	77	39	2644	14	java/lang/Boolean,java/lang/Class,java/lang/ClassLoader,java/lang/Double,java/lang/Error,java/lang/Integer,java/lang/Long,java/lang/Math,java/lang/Number,java/lang/Object,java/lang/String,java/lang/System,java/lang/Throwable,java/lang/UnsupportedOperationException
datomic.clusterfs	jdk	java.nio	2	0	0	2	1	java/nio/channels/FileChannel
datomic.clusterfs	jdk	java.util	81	16	0	65	7	java/util/Arrays,java/util/Collection,java/util/Iterator,java/util/List,java/util/Map,java/util/Set,java/util/concurrent/Callable
datomic.clusterfs	primary-namespace	datomic.cluster	3	1	0	2	1	datomic/cluster/ClusteredStore
datomic.clusterfs	primary-namespace	datomic.clusterfs	102	44	7	51	36	datomic/clusterfs$all_keys,datomic/clusterfs$ceil,datomic/clusterfs$chunk_keys,datomic/clusterfs$chunk_path,datomic/clusterfs$create_file,datomic/clusterfs$create_file$fn__14248,datomic/clusterfs$create_file$fn__14248$fn__14249,datomic/clusterfs$create_file$fn__14248$fn__14249$fn__14250,datomic/clusterfs$create_files,datomic/clusterfs$create_files$fn__14264,datomic/clusterfs$create_files$fn__14264$fn__14266,datomic/clusterfs$create_fs,datomic/clusterfs$create_fs$fn__14287,datomic/clusterfs$describe,datomic/clusterfs$describe$fn__14279,datomic/clusterfs$file_chunk_keys,datomic/clusterfs$files,datomic/clusterfs$floor,datomic/clusterfs$fn__14179,datomic/clusterfs$fn__14185,datomic/clusterfs$fn__14185$__GT_Chunk__14200,datomic/clusterfs$fn__14185$map__GT_Chunk__14202,datomic/clusterfs$fn__14206,datomic/clusterfs$fn__14206$__GT_ClusterFS__14225,datomic/clusterfs$fn__14206$map__GT_ClusterFS__14227,datomic/clusterfs$fressian_chunk_from_channel,datomic/clusterfs$loading__6434__auto____14177,datomic/clusterfs$reify__14234,datomic/clusterfs$reify__14236,datomic/clusterfs$reify__14238,datomic/clusterfs$reify__14240,datomic/clusterfs/Chunk,datomic/clusterfs/Chunk$reify__14189,datomic/clusterfs/ClusterFS,datomic/clusterfs/ClusterFS$reify__14210,datomic/clusterfs/ClusterFS$reify__14212
datomic.clusterfs	primary-namespace	datomic.impl.clusterfs	3	1	0	2	1	datomic/impl/clusterfs/IClusterFS
datomic.codec	companion-jar	clojure-1.11.4.jar	304	107	2	195	17	clojure/lang/AFn,clojure/lang/AFunction,clojure/lang/Associative,clojure/lang/Compiler,clojure/lang/IFn,clojure/lang/IObj,clojure/lang/IPersistentList,clojure/lang/IPersistentMap,clojure/lang/IPersistentVector,clojure/lang/Keyword,clojure/lang/LockingTransaction,clojure/lang/Namespace,clojure/lang/PersistentList,clojure/lang/RT,clojure/lang/Symbol,clojure/lang/Tuple,clojure/lang/Var
datomic.codec	companion-jar	commons-codec-1.15.jar	2	2	0	0	1	org/apache/commons/codec/binary/Base64
datomic.codec	jdk	array	3	0	0	3	1	[B
datomic.codec	jdk	java.lang	222	11	1	210	6	java/lang/Boolean,java/lang/Class,java/lang/ClassLoader,java/lang/Integer,java/lang/Object,java/lang/String
datomic.codec	jdk	java.util	17	5	0	12	3	java/util/Arrays,java/util/List,java/util/concurrent/Callable
datomic.codec	primary-namespace	datomic.codec	14	7	0	7	7	datomic/codec$base_64_literal,datomic/codec$bytes__GT_string,datomic/codec$decode_64,datomic/codec$encode_64,datomic/codec$fn__11468,datomic/codec$loading__6434__auto____11466,datomic/codec$string__GT_bytes
datomic.combined-cluster	companion-jar	clojure-1.11.4.jar	378	150	3	225	20	clojure/lang/AFn,clojure/lang/AFunction,clojure/lang/AReference,clojure/lang/Associative,clojure/lang/Compiler,clojure/lang/IFn,clojure/lang/IObj,clojure/lang/IPersistentList,clojure/lang/IPersistentMap,clojure/lang/IPersistentVector,clojure/lang/IType,clojure/lang/Keyword,clojure/lang/LockingTransaction,clojure/lang/Namespace,clojure/lang/PersistentList,clojure/lang/RT,clojure/lang/Symbol,clojure/lang/Tuple,clojure/lang/Util,clojure/lang/Var
datomic.combined-cluster	jdk	java.io	2	0	0	2	2	java/io/Closeable,java/io/IOException
datomic.combined-cluster	jdk	java.lang	462	7	1	454	7	java/lang/Boolean,java/lang/Class,java/lang/ClassLoader,java/lang/Integer,java/lang/Long,java/lang/Object,java/lang/String
datomic.combined-cluster	jdk	java.util	8	2	0	6	3	java/util/Arrays,java/util/List,java/util/concurrent/Callable
datomic.combined-cluster	primary-namespace	datomic.cluster	40	12	0	28	4	datomic/cluster/ClusteredStore,datomic/cluster/Dbid,datomic/cluster/Get2,datomic/cluster/RefClusterStore
datomic.combined-cluster	primary-namespace	datomic.combined-cluster	14	7	0	7	6	datomic/combined_cluster$combined_cluster,datomic/combined_cluster$fn__11174,datomic/combined_cluster$fn__11176,datomic/combined_cluster$fn__11176$__GT_CombinedCluster__11178,datomic/combined_cluster$loading__6434__auto____11172,datomic/combined_cluster/CombinedCluster
datomic.common	companion-jar	clojure-1.11.4.jar	6381	2275	29	4077	39	clojure/lang/AFn,clojure/lang/AFunction,clojure/lang/Associative,clojure/lang/Compiler,clojure/lang/IBlockingDeref,clojure/lang/IDeref,clojure/lang/IFn,clojure/lang/IFn$OOL,clojure/lang/ILookupSite,clojure/lang/ILookupThunk,clojure/lang/IObj,clojure/lang/IPending,clojure/lang/IPersistentCollection,clojure/lang/IPersistentList,clojure/lang/IPersistentMap,clojure/lang/IPersistentVector,clojure/lang/IProxy,clojure/lang/IRecord,clojure/lang/ISeq,clojure/lang/Indexed,clojure/lang/Keyword,clojure/lang/KeywordLookupSite,clojure/lang/LazySeq,clojure/lang/LockingTransaction,clojure/lang/MethodImplCache,clojure/lang/Namespace,clojure/lang/Numbers,clojure/lang/PersistentArrayMap,clojure/lang/PersistentHashMap,clojure/lang/PersistentHashSet,clojure/lang/PersistentList,clojure/lang/PersistentVector,clojure/lang/RT,clojure/lang/RestFn,clojure/lang/Symbol,clojure/lang/Tuple,clojure/lang/Util,clojure/lang/Var,clojure/lang/Volatile
datomic.common	companion-jar	slf4j-api-1.7.32.jar	24	12	0	12	2	org/slf4j/Logger,org/slf4j/LoggerFactory
datomic.common	jdk	array	4	0	0	4	1	[B
datomic.common	jdk	java.beans	9	4	0	5	4	java/beans/BeanInfo,java/beans/FeatureDescriptor,java/beans/Introspector,java/beans/PropertyDescriptor
datomic.common	jdk	java.io	26	8	0	18	6	java/io/Closeable,java/io/File,java/io/IOException,java/io/InputStream,java/io/InterruptedIOException,java/io/OutputStream
datomic.common	jdk	java.lang	5633	167	106	5360	22	[Ljava/lang/Object;,java/lang/AutoCloseable,java/lang/Boolean,java/lang/Byte,java/lang/Class,java/lang/ClassLoader,java/lang/ClassNotFoundException,java/lang/Comparable,java/lang/Exception,java/lang/IllegalArgumentException,java/lang/Integer,java/lang/InterruptedException,java/lang/Long,java/lang/Number,java/lang/Object,java/lang/String,java/lang/System,java/lang/Thread,java/lang/Throwable,java/lang/UnsupportedOperationException,java/lang/reflect/Array,java/lang/reflect/Method
datomic.common	jdk	java.math	6	2	0	4	1	java/math/BigDecimal
datomic.common	jdk	java.net	8	4	0	4	1	java/net/ServerSocket
datomic.common	jdk	java.text	4	2	0	2	2	java/text/DateFormat,java/text/SimpleDateFormat
datomic.common	jdk	java.util	344	113	1	230	20	java/util/ArrayList,java/util/Arrays,java/util/Collection,java/util/Collections,java/util/Comparator,java/util/Date,java/util/Iterator,java/util/List,java/util/Map,java/util/Map$Entry,java/util/Properties,java/util/Set,java/util/Timer,java/util/TimerTask,java/util/UUID,java/util/concurrent/Callable,java/util/concurrent/ExecutorService,java/util/concurrent/Future,java/util/concurrent/TimeUnit,java/util/concurrent/TimeoutException
datomic.common	primary-namespace	datomic.common	203	101	0	102	100	datomic/common$_GT__SINGLEQUOTE_,datomic/common$_LT__SINGLEQUOTE_,datomic/common$array_cat,datomic/common$assert_all,datomic/common$assert_all$fn__9068,datomic/common$await_derefs,datomic/common$bean_setters,datomic/common$bean_setters$fn__9186,datomic/common$bean_setters$fn__9186$fn__9187,datomic/common$bounded_deref,datomic/common$cc,datomic/common$cl,datomic/common$clj_key__GT_env_key,datomic/common$closing_watch,datomic/common$coerce_args,datomic/common$coerce_args$fn__9055,datomic/common$coerce_args$fn__9055$fn__9060,datomic/common$coll_compare,datomic/common$compare,datomic/common$compare_byte_arrays,datomic/common$compare_ex,datomic/common$create_temp_directory,datomic/common$cx,datomic/common$cx$alist__9029,datomic/common$cx$reify__9026,datomic/common$delete_file_recursively,datomic/common$distinct_by,datomic/common$distinct_by$fn__9243,datomic/common$distinct_by$fn__9243$fn__9244,datomic/common$distinct_by$step__9247,datomic/common$distinct_by$step__9247$fn__9248,datomic/common$distinct_by$step__9247$fn__9248$fn__9250,datomic/common$endpoint_QMARK_,datomic/common$ensure_vector,datomic/common$ensure_vectors_in_array,datomic/common$env_key__GT_clj_key,datomic/common$equals_with_strict_scale,datomic/common$find_free_port,datomic/common$fire,datomic/common$fn__9011,datomic/common$fn__9074,datomic/common$fn__9077,datomic/common$fn__9077$G__9072__9082,datomic/common$fn__9077$G__9073__9079,datomic/common$force_keyword,datomic/common$force_map_keywords,datomic/common$force_map_keywords$fn__9212,datomic/common$getx,datomic/common$getx_in,datomic/common$into_bean,datomic/common$key_comparator,datomic/common$key_comparator$reify__9142,datomic/common$key_comparator$reify__9144,datomic/common$load_properties,datomic/common$loading__6434__auto____882,datomic/common$log_and_print,datomic/common$log_retry,datomic/common$map__GT_env,datomic/common$map__GT_env$fn__9044,datomic/common$map__GT_props,datomic/common$map_from_env,datomic/common$map_from_env$fn__9050,datomic/common$mapk,datomic/common$mapk$fn__9157,datomic/common$maybe_class,datomic/common$maybe_deref,datomic/common$maybe_require,datomic/common$pfuture,datomic/common$pfuture$reify__9233,datomic/common$pooled_mapv,datomic/common$pooled_mapv$fn__9238,datomic/common$pooled_mapv$fn__9238$fn__9239,datomic/common$pop_atom_BANG_,datomic/common$props__GT_map,datomic/common$props__GT_map$fn__9228,datomic/common$qualified_name,datomic/common$qualified_symbol_QMARK_,datomic/common$rand_uuid,datomic/common$require_keys,datomic/common$requiring_resolve_BANG_,datomic/common$result_count,datomic/common$result_xform,datomic/common$retry_fn,datomic/common$retry_fn$fn__9168,datomic/common$return_or_throw,datomic/common$returning_throwable,datomic/common$root_cause,datomic/common$schedule,datomic/common$schedule$fn__9151,datomic/common$schedule$reify__9153,datomic/common$split_filter,datomic/common$squuid,datomic/common$squuid_time_ms,datomic/common$store_properties,datomic/common$sync_shutdown,datomic/common$throw_anom,datomic/common$with_nano_time,datomic/common$with_shutdown,datomic/common/AsyncShutdown,datomic/common/proxy$java/util/TimerTask$ff19274a
datomic.config	companion-jar	clojure-1.11.4.jar	3656	1371	8	2277	29	clojure/lang/AFn,clojure/lang/AFunction,clojure/lang/Associative,clojure/lang/Compiler,clojure/lang/Delay,clojure/lang/IFn,clojure/lang/ILookupSite,clojure/lang/ILookupThunk,clojure/lang/IObj,clojure/lang/IPersistentList,clojure/lang/IPersistentMap,clojure/lang/IPersistentVector,clojure/lang/IRef,clojure/lang/ISeq,clojure/lang/Keyword,clojure/lang/KeywordLookupSite,clojure/lang/LockingTransaction,clojure/lang/MethodImplCache,clojure/lang/MultiFn,clojure/lang/Numbers,clojure/lang/PersistentArrayMap,clojure/lang/PersistentHashSet,clojure/lang/PersistentList,clojure/lang/RT,clojure/lang/RestFn,clojure/lang/Symbol,clojure/lang/Tuple,clojure/lang/Util,clojure/lang/Var
datomic.config	jdk	java.io	1	0	0	1	1	java/io/FileNotFoundException
datomic.config	jdk	java.lang	3387	109	75	3203	15	java/lang/Boolean,java/lang/Class,java/lang/ClassLoader,java/lang/Double,java/lang/IllegalArgumentException,java/lang/Integer,java/lang/Long,java/lang/Math,java/lang/Number,java/lang/Object,java/lang/Runtime,java/lang/RuntimeException,java/lang/String,java/lang/System,java/lang/Throwable
datomic.config	jdk	java.util	128	43	0	85	4	java/util/Arrays,java/util/List,java/util/concurrent/Callable,java/util/regex/Pattern
datomic.config	primary-namespace	datomic.config	152	76	0	76	75	datomic/config$at_least,datomic/config$at_least$fn__764,datomic/config$bool_QMARK_,datomic/config$ddb_client_args,datomic/config$fn__714,datomic/config$fn__721,datomic/config$fn__724,datomic/config$fn__724$G__717__729,datomic/config$fn__724$G__718__726,datomic/config$fn__735,datomic/config$fn__735$G__719__740,datomic/config$fn__735$G__720__737,datomic/config$fn__746,datomic/config$fn__748,datomic/config$fn__750,datomic/config$fn__752,datomic/config$fn__785,datomic/config$fn__785$fn__786,datomic/config$fn__789,datomic/config$fn__791,datomic/config$fn__793,datomic/config$fn__795,datomic/config$fn__797,datomic/config$fn__799,datomic/config$fn__801,datomic/config$fn__803,datomic/config$fn__805,datomic/config$fn__807,datomic/config$fn__809,datomic/config$fn__813,datomic/config$fn__816,datomic/config$fn__820,datomic/config$fn__822,datomic/config$fn__826,datomic/config$fn__829,datomic/config$fn__831,datomic/config$fn__833,datomic/config$fn__835,datomic/config$fn__846,datomic/config$fn__855,datomic/config$fn__859,datomic/config$fn__861,datomic/config$fn__863,datomic/config$fn__865,datomic/config$fn__867,datomic/config$fn__867$fn__868,datomic/config$fn__879,datomic/config$folsom_QMARK_,datomic/config$in_range,datomic/config$in_range$fn__768,datomic/config$limited_edition_QMARK_,datomic/config$loading__6434__auto____626,datomic/config$local_memcached_args,datomic/config$local_valcache_enabled_QMARK_,datomic/config$max_gb__GT_eviction_threshold_mb,datomic/config$memcached_args,datomic/config$parse_memory_string,datomic/config$prefetch_enabled_QMARK_,datomic/config$pro_QMARK_,datomic/config$property,datomic/config$property_map,datomic/config$property_map$fn__851,datomic/config$protocol_supports_ha_QMARK_,datomic/config$read_revision,datomic/config$read_system_property,datomic/config$reset_BANG_,datomic/config$reset_BANG_$fn__840,datomic/config$s3_client_args,datomic/config$set_pro,datomic/config$valcache_args,datomic/config$validate_properties,datomic/config$version,datomic/config$version_unique,datomic/config$warn_deprecations,datomic/config/Symbolish
datomic.config-ext	companion-jar	clojure-1.11.4.jar	170	53	1	116	14	clojure/lang/AFn,clojure/lang/AFunction,clojure/lang/Associative,clojure/lang/Compiler,clojure/lang/IFn,clojure/lang/IPersistentMap,clojure/lang/IPersistentVector,clojure/lang/Keyword,clojure/lang/LockingTransaction,clojure/lang/Numbers,clojure/lang/RT,clojure/lang/Symbol,clojure/lang/Tuple,clojure/lang/Var
datomic.config-ext	jdk	java.lang	607	260	0	347	6	java/lang/Class,java/lang/ClassLoader,java/lang/Integer,java/lang/Long,java/lang/Object,java/lang/String
datomic.config-ext	jdk	java.util	2	0	0	2	1	java/util/concurrent/Callable
datomic.config-ext	primary-namespace	datomic.config-ext	4	2	0	2	2	datomic/config_ext$fn__9445,datomic/config_ext$loading__6434__auto____9443
datomic.connector	companion-jar	artemis-core-client-2.31.2.jar	4	1	0	3	2	org/apache/activemq/artemis/api/core/Message,org/apache/activemq/artemis/api/core/client/ClientProducer
datomic.connector	companion-jar	clojure-1.11.4.jar	5786	2072	29	3685	32	clojure/lang/AFn,clojure/lang/AFunction,clojure/lang/Associative,clojure/lang/Compiler,clojure/lang/Delay,clojure/lang/IFn,clojure/lang/ILookupSite,clojure/lang/ILookupThunk,clojure/lang/IObj,clojure/lang/IPersistentList,clojure/lang/IPersistentMap,clojure/lang/IPersistentVector,clojure/lang/IRef,clojure/lang/ISeq,clojure/lang/IType,clojure/lang/Indexed,clojure/lang/Keyword,clojure/lang/KeywordLookupSite,clojure/lang/LockingTransaction,clojure/lang/MethodImplCache,clojure/lang/MultiFn,clojure/lang/Namespace,clojure/lang/Numbers,clojure/lang/PersistentArrayMap,clojure/lang/PersistentHashMap,clojure/lang/PersistentHashSet,clojure/lang/PersistentList,clojure/lang/RT,clojure/lang/Symbol,clojure/lang/Tuple,clojure/lang/Util,clojure/lang/Var
datomic.connector	companion-jar	slf4j-api-1.7.32.jar	90	45	0	45	2	org/slf4j/Logger,org/slf4j/LoggerFactory
datomic.connector	jdk	java.lang	5431	40	51	5340	13	java/lang/Boolean,java/lang/Class,java/lang/ClassLoader,java/lang/Integer,java/lang/InterruptedException,java/lang/Long,java/lang/Number,java/lang/Object,java/lang/String,java/lang/System,java/lang/Throwable,java/lang/ref/Reference,java/lang/ref/WeakReference
datomic.connector	jdk	java.util	221	73	0	148	3	java/util/Arrays,java/util/List,java/util/concurrent/Callable
datomic.connector	primary-namespace	datomic.artemis-client	2	0	1	1	1	datomic/artemis_client/SessionFactoryBundle
datomic.connector	primary-namespace	datomic.common	27	8	0	19	1	datomic/common/AsyncShutdown
datomic.connector	primary-namespace	datomic.connector	206	99	0	107	84	datomic/connector$admin_request,datomic/connector$create_hornet_factory,datomic/connector$create_hornet_notifier,datomic/connector$create_hornet_notifier$fn__21191,datomic/connector$create_hornet_notifier$fn__21191$fn__21192,datomic/connector$create_hornet_notifier$fn__21191$fn__21192$fn__21196,datomic/connector$create_hornet_notifier$fn__21191$fn__21192$fn__21196$fn__21197,datomic/connector$create_hornet_notifier$fn__21214,datomic/connector$create_hornet_notifier$fn__21214$fn__21218,datomic/connector$create_transactor_hornet_connector,datomic/connector$endpoint_error,datomic/connector$fn__20972,datomic/connector$fn__20976,datomic/connector$fn__20979,datomic/connector$fn__20979$G__20974__20984,datomic/connector$fn__20979$G__20975__20981,datomic/connector$fn__21000,datomic/connector$fn__21003,datomic/connector$fn__21003$G__20990__21010,datomic/connector$fn__21003$G__20991__21006,datomic/connector$fn__21016,datomic/connector$fn__21016$G__20994__21025,datomic/connector$fn__21016$G__20995__21020,datomic/connector$fn__21031,datomic/connector$fn__21031$G__20998__21036,datomic/connector$fn__21031$G__20999__21033,datomic/connector$fn__21042,datomic/connector$fn__21042$G__20996__21049,datomic/connector$fn__21042$G__20997__21045,datomic/connector$fn__21055,datomic/connector$fn__21055$G__20992__21062,datomic/connector$fn__21055$G__20993__21058,datomic/connector$fn__21076,datomic/connector$fn__21079,datomic/connector$fn__21079$G__21074__21090,datomic/connector$fn__21079$G__21075__21084,datomic/connector$fn__21096,datomic/connector$fn__21096$G__21072__21105,datomic/connector$fn__21096$G__21073__21100,datomic/connector$fn__21111,datomic/connector$fn__21111$G__21068__21116,datomic/connector$fn__21111$G__21069__21113,datomic/connector$fn__21122,datomic/connector$fn__21122$G__21070__21133,datomic/connector$fn__21122$G__21071__21127,datomic/connector$fn__21170,datomic/connector$fn__21170$__GT_HornetNotifier__21174,datomic/connector$fn__21177,datomic/connector$fn__21177$fn__21178,datomic/connector$fn__21183,datomic/connector$fn__21185,datomic/connector$fn__21187,datomic/connector$fn__21189,datomic/connector$fn__21226,datomic/connector$fn__21226$__GT_TransactorHornetConnector__21280,datomic/connector$host_order,datomic/connector$loading__6434__auto____20766,datomic/connector$stop_all_connectors,datomic/connector$try_hornet_connect,datomic/connector$try_hornet_connect$fn__21152,datomic/connector/HornetNotifier,datomic/connector/HornetNotifier$fn__21171,datomic/connector/NotificationHandler,datomic/connector/Startable,datomic/connector/TransactorConnector,datomic/connector/TransactorHornetConnector,datomic/connector/TransactorHornetConnector$fn__21227,datomic/connector/TransactorHornetConnector$fn__21230,datomic/connector/TransactorHornetConnector$fn__21230$fn__21231,datomic/connector/TransactorHornetConnector$fn__21234,datomic/connector/TransactorHornetConnector$fn__21234$fn__21235,datomic/connector/TransactorHornetConnector$fn__21238,datomic/connector/TransactorHornetConnector$fn__21238$fn__21239,datomic/connector/TransactorHornetConnector$fn__21242,datomic/connector/TransactorHornetConnector$fn__21244,datomic/connector/TransactorHornetConnector$fn__21246,datomic/connector/TransactorHornetConnector$fn__21249,datomic/connector/TransactorHornetConnector$fn__21249$fn__21253,datomic/connector/TransactorHornetConnector$fn__21249$fn__21253$fn__21254,datomic/connector/TransactorHornetConnector$fn__21249$fn__21253$fn__21254$fn__21255,datomic/connector/TransactorHornetConnector$fn__21249$fn__21253$fn__21254$fn__21257,datomic/connector/TransactorHornetConnector$fn__21266,datomic/connector/TransactorHornetConnector$fn__21266$fn__21270,datomic/connector/TransactorHornetConnector$reify__21277
datomic.connector	primary-namespace	datomic.queue	9	3	0	6	1	datomic/queue/BlockingConsumer
datomic.coordination	companion-jar	clojure-1.11.4.jar	2258	732	2	1524	27	clojure/lang/AFn,clojure/lang/AFunction,clojure/lang/Associative,clojure/lang/Compiler,clojure/lang/IFn,clojure/lang/ILookupSite,clojure/lang/ILookupThunk,clojure/lang/IObj,clojure/lang/IPersistentList,clojure/lang/IPersistentMap,clojure/lang/IPersistentSet,clojure/lang/IPersistentVector,clojure/lang/IRef,clojure/lang/ISeq,clojure/lang/Keyword,clojure/lang/KeywordLookupSite,clojure/lang/LockingTransaction,clojure/lang/MultiFn,clojure/lang/Numbers,clojure/lang/PersistentHashMap,clojure/lang/PersistentHashSet,clojure/lang/PersistentList,clojure/lang/RT,clojure/lang/Symbol,clojure/lang/Tuple,clojure/lang/Util,clojure/lang/Var
datomic.coordination	companion-jar	slf4j-api-1.7.32.jar	12	6	0	6	2	org/slf4j/Logger,org/slf4j/LoggerFactory
datomic.coordination	jdk	array	1	0	0	1	1	[B
datomic.coordination	jdk	java.lang	1633	44	18	1571	11	java/lang/AssertionError,java/lang/Boolean,java/lang/Class,java/lang/ClassLoader,java/lang/Integer,java/lang/Long,java/lang/Number,java/lang/Object,java/lang/String,java/lang/System,java/lang/Throwable
datomic.coordination	jdk	java.security	4	2	0	2	1	java/security/MessageDigest
datomic.coordination	jdk	java.util	50	16	0	34	3	java/util/Arrays,java/util/List,java/util/concurrent/Callable
datomic.coordination	primary-namespace	datomic.cluster	3	1	0	2	1	datomic/cluster/ClusteredStore
datomic.coordination	primary-namespace	datomic.coordination	52	26	0	26	26	datomic/coordination$allowed_valcache_client_QMARK_,datomic/coordination$allowed_valcache_client_QMARK_$fn__11707,datomic/coordination$check_peer_version,datomic/coordination$cluster_conf__GT_resolved_conf,datomic/coordination$create_db_cluster,datomic/coordination$create_dev_cluster,datomic/coordination$create_heartbeat,datomic/coordination$create_system_cluster,datomic/coordination$endpoint__GT_server_spec,datomic/coordination$fn__11656,datomic/coordination$fn__11658,datomic/coordination$fn__11658$fn__11659,datomic/coordination$fn__11665,datomic/coordination$fn__11667,datomic/coordination$fn__11671,datomic/coordination$fn__11675,datomic/coordination$fn__11677,datomic/coordination$heartbeat__GT_endpoint,datomic/coordination$init_dev,datomic/coordination$loading__6434__auto____11069,datomic/coordination$lookup_compatible_transactor_endpoint,datomic/coordination$lookup_endpoint,datomic/coordination$lookup_endpoint$fn__11694,datomic/coordination$lookup_transactor_endpoint,datomic/coordination$resolve_db_name,datomic/coordination$vc_password
datomic.coordination-ext	companion-jar	clojure-1.11.4.jar	830	263	2	565	20	clojure/lang/AFn,clojure/lang/AFunction,clojure/lang/Associative,clojure/lang/Compiler,clojure/lang/IFn,clojure/lang/ILookupSite,clojure/lang/ILookupThunk,clojure/lang/IPersistentMap,clojure/lang/IPersistentVector,clojure/lang/ISeq,clojure/lang/Keyword,clojure/lang/KeywordLookupSite,clojure/lang/LockingTransaction,clojure/lang/MultiFn,clojure/lang/PersistentArrayMap,clojure/lang/PersistentHashMap,clojure/lang/RT,clojure/lang/Symbol,clojure/lang/Tuple,clojure/lang/Var
datomic.coordination-ext	jdk	java.lang	583	4	3	576	6	java/lang/Boolean,java/lang/Class,java/lang/ClassLoader,java/lang/Integer,java/lang/Object,java/lang/String
datomic.coordination-ext	jdk	java.util	2	0	0	2	1	java/util/concurrent/Callable
datomic.coordination-ext	primary-namespace	datomic.coordination-ext	28	14	0	14	14	datomic/coordination_ext$fn__16739,datomic/coordination_ext$fn__16741,datomic/coordination_ext$fn__16743,datomic/coordination_ext$fn__16745,datomic/coordination_ext$fn__16747,datomic/coordination_ext$fn__16750,datomic/coordination_ext$fn__16752,datomic/coordination_ext$fn__16754,datomic/coordination_ext$fn__16756,datomic/coordination_ext$fn__16758,datomic/coordination_ext$fn__16758$fn__16759,datomic/coordination_ext$fn__16763,datomic/coordination_ext$fn__16765,datomic/coordination_ext$loading__6434__auto____16671
datomic.core2.algo.hash	companion-jar	clojure-1.11.4.jar	334	125	2	207	18	clojure/lang/AFn,clojure/lang/AFunction,clojure/lang/Associative,clojure/lang/Compiler,clojure/lang/IFn,clojure/lang/IPersistentList,clojure/lang/IPersistentMap,clojure/lang/IPersistentVector,clojure/lang/Indexed,clojure/lang/Keyword,clojure/lang/LockingTransaction,clojure/lang/Murmur3,clojure/lang/Namespace,clojure/lang/PersistentList,clojure/lang/RT,clojure/lang/Symbol,clojure/lang/Tuple,clojure/lang/Var
datomic.core2.algo.hash	jdk	java.lang	290	7	3	280	7	java/lang/Boolean,java/lang/CharSequence,java/lang/Class,java/lang/ClassLoader,java/lang/Integer,java/lang/Object,java/lang/String
datomic.core2.algo.hash	jdk	java.util	20	7	0	13	5	java/util/Arrays,java/util/List,java/util/SortedMap,java/util/TreeMap,java/util/concurrent/Callable
datomic.core2.algo.hash	primary-namespace	datomic.core2.algo.hash	14	7	0	7	7	datomic/core2/algo/hash$consistent_ring,datomic/core2/algo/hash$consistent_ring$fn__19390,datomic/core2/algo/hash$consistent_ring$fn__19401,datomic/core2/algo/hash$fn__19387,datomic/core2/algo/hash$loading__6789__auto____19385,datomic/core2/algo/hash$murmur3_with_dashnum_keys,datomic/core2/algo/hash$murmur3_with_dashnum_keys$fn__19407
datomic.core2.algo.lazy	companion-jar	clojure-1.11.4.jar	374	132	1	241	17	clojure/lang/AFn,clojure/lang/AFunction,clojure/lang/Associative,clojure/lang/Compiler,clojure/lang/IFn,clojure/lang/IPersistentList,clojure/lang/IPersistentMap,clojure/lang/IPersistentVector,clojure/lang/Keyword,clojure/lang/LazySeq,clojure/lang/LockingTransaction,clojure/lang/PersistentList,clojure/lang/RT,clojure/lang/Symbol,clojure/lang/Tuple,clojure/lang/Util,clojure/lang/Var
datomic.core2.algo.lazy	jdk	java.lang	366	6	7	353	6	java/lang/Boolean,java/lang/Class,java/lang/ClassLoader,java/lang/Integer,java/lang/Object,java/lang/String
datomic.core2.algo.lazy	jdk	java.util	11	3	0	8	3	java/util/Arrays,java/util/List,java/util/concurrent/Callable
datomic.core2.algo.lazy	primary-namespace	datomic.core2.algo.lazy	19	9	0	10	9	datomic/core2/algo/lazy$fn__19412,datomic/core2/algo/lazy$fred,datomic/core2/algo/lazy$fully_partition_by,datomic/core2/algo/lazy$fully_partition_by$fpb__19419,datomic/core2/algo/lazy$fully_partition_by$fpb__19419$fn__19420,datomic/core2/algo/lazy$fully_partition_by$fpb__19419$fn__19420$fn__19421,datomic/core2/algo/lazy$fully_take_while_delivering_tail,datomic/core2/algo/lazy$fully_take_while_delivering_tail$fn__19414,datomic/core2/algo/lazy$loading__6789__auto____19410
datomic.core2.algo.search	companion-jar	clojure-1.11.4.jar	250	84	3	163	18	clojure/lang/AFn,clojure/lang/AFunction,clojure/lang/Associative,clojure/lang/Compiler,clojure/lang/IFn,clojure/lang/IObj,clojure/lang/IPersistentList,clojure/lang/IPersistentMap,clojure/lang/IPersistentVector,clojure/lang/Keyword,clojure/lang/LockingTransaction,clojure/lang/Namespace,clojure/lang/Numbers,clojure/lang/PersistentList,clojure/lang/RT,clojure/lang/Symbol,clojure/lang/Tuple,clojure/lang/Var
datomic.core2.algo.search	jdk	java.lang	230	13	0	217	7	java/lang/Class,java/lang/ClassLoader,java/lang/Comparable,java/lang/Integer,java/lang/Number,java/lang/Object,java/lang/String
datomic.core2.algo.search	jdk	java.util	17	4	0	13	5	java/util/Arrays,java/util/Collections,java/util/Comparator,java/util/List,java/util/concurrent/Callable
datomic.core2.algo.search	primary-namespace	datomic.core2.algo.search	12	6	0	6	6	datomic/core2/algo/search$binary_search,datomic/core2/algo/search$fn__19431,datomic/core2/algo/search$fn_comparator,datomic/core2/algo/search$fn_comparator$reify__19433,datomic/core2/algo/search$fn_comparator$reify__19435,datomic/core2/algo/search$loading__6789__auto____19429
datomic.core2.anomalies	companion-jar	clojure-1.11.4.jar	1502	517	1	984	22	clojure/lang/AFn,clojure/lang/AFunction,clojure/lang/Associative,clojure/lang/Compiler,clojure/lang/IFn,clojure/lang/ILookupSite,clojure/lang/ILookupThunk,clojure/lang/IObj,clojure/lang/IPersistentList,clojure/lang/IPersistentMap,clojure/lang/IPersistentVector,clojure/lang/ISeq,clojure/lang/Keyword,clojure/lang/KeywordLookupSite,clojure/lang/LockingTransaction,clojure/lang/PersistentList,clojure/lang/RT,clojure/lang/RestFn,clojure/lang/Symbol,clojure/lang/Tuple,clojure/lang/Util,clojure/lang/Var
datomic.core2.anomalies	jdk	java.lang	1085	21	21	1043	7	java/lang/Boolean,java/lang/Class,java/lang/ClassLoader,java/lang/Integer,java/lang/Object,java/lang/String,java/lang/Throwable
datomic.core2.anomalies	jdk	java.util	47	15	0	32	3	java/util/Arrays,java/util/List,java/util/concurrent/Callable
datomic.core2.anomalies	primary-namespace	datomic.core2.anomalies	36	18	0	18	18	datomic/core2/anomalies$_slet_STAR_,datomic/core2/anomalies$anom,datomic/core2/anomalies$athrow,datomic/core2/anomalies$busy_QMARK_,datomic/core2/anomalies$conflict_QMARK_,datomic/core2/anomalies$fault,datomic/core2/anomalies$fault_QMARK_,datomic/core2/anomalies$fn__19441,datomic/core2/anomalies$forbidden_QMARK_,datomic/core2/anomalies$incorrect_QMARK_,datomic/core2/anomalies$loading__6789__auto____19439,datomic/core2/anomalies$not_found_QMARK_,datomic/core2/anomalies$ok_QMARK_,datomic/core2/anomalies$ok__GT_,datomic/core2/anomalies$ok__GT_$fn__19452,datomic/core2/anomalies$returning,datomic/core2/anomalies$slet,datomic/core2/anomalies$unavailable_QMARK_
datomic.core2.async	companion-jar	clojure-1.11.4.jar	1746	714	3	1029	25	clojure/lang/AFn,clojure/lang/AFunction,clojure/lang/Associative,clojure/lang/Compiler,clojure/lang/IFn,clojure/lang/IFn$LO,clojure/lang/IFn$OLO,clojure/lang/IFn$OLOO,clojure/lang/IObj,clojure/lang/IPersistentList,clojure/lang/IPersistentMap,clojure/lang/IPersistentVector,clojure/lang/ISeq,clojure/lang/Keyword,clojure/lang/LockingTransaction,clojure/lang/Numbers,clojure/lang/PersistentArrayMap,clojure/lang/PersistentList,clojure/lang/PersistentVector,clojure/lang/RT,clojure/lang/RestFn,clojure/lang/Symbol,clojure/lang/Tuple,clojure/lang/Util,clojure/lang/Var
datomic.core2.async	jdk	java.lang	2195	44	15	2136	11	[Ljava/lang/Object;,java/lang/Boolean,java/lang/Class,java/lang/ClassLoader,java/lang/IllegalArgumentException,java/lang/Integer,java/lang/Long,java/lang/Number,java/lang/Object,java/lang/String,java/lang/Throwable
datomic.core2.async	jdk	java.util	33	11	0	22	4	java/util/Arrays,java/util/List,java/util/concurrent/Callable,java/util/concurrent/atomic/AtomicReferenceArray
datomic.core2.async	primary-namespace	datomic.core2.async	50	25	0	25	25	datomic/core2/async$_LT__BANG__BANG_x,datomic/core2/async$_LT__BANG_x,datomic/core2/async$aderef,datomic/core2/async$aderef_n,datomic/core2/async$channel_closed_error,datomic/core2/async$fn__19468,datomic/core2/async$loading__6789__auto____19466,datomic/core2/async$put_all_BANG_,datomic/core2/async$put_all_BANG_$fn__19616,datomic/core2/async$put_all_BANG_$fn__19616$G__19583__19617,datomic/core2/async$put_all_BANG_$fn__19616$G__19584__19619,datomic/core2/async$put_all_BANG_$fn__19616$G__19585__19621,datomic/core2/async$put_all_BANG_$fn__19616$state_machine__9975__auto____19623,datomic/core2/async$put_all_BANG_$fn__19616$state_machine__9975__auto____19623$fn__19625,datomic/core2/async$retry,datomic/core2/async$retry$fn__19535,datomic/core2/async$retry$fn__19535$G__19480__19536,datomic/core2/async$retry$fn__19535$G__19481__19538,datomic/core2/async$retry$fn__19535$G__19482__19540,datomic/core2/async$retry$fn__19535$G__19483__19542,datomic/core2/async$retry$fn__19535$G__19484__19544,datomic/core2/async$retry$fn__19535$G__19485__19546,datomic/core2/async$retry$fn__19535$G__19486__19548,datomic/core2/async$retry$fn__19535$state_machine__9975__auto____19550,datomic/core2/async$retry$fn__19535$state_machine__9975__auto____19550$fn__19552
datomic.core2.atom	companion-jar	clojure-1.11.4.jar	498	174	1	323	21	clojure/lang/AFn,clojure/lang/AFunction,clojure/lang/AReference,clojure/lang/Associative,clojure/lang/Compiler,clojure/lang/IFn,clojure/lang/IObj,clojure/lang/IPersistentList,clojure/lang/IPersistentMap,clojure/lang/IPersistentVector,clojure/lang/ISeq,clojure/lang/Keyword,clojure/lang/LockingTransaction,clojure/lang/Namespace,clojure/lang/PersistentList,clojure/lang/RT,clojure/lang/RestFn,clojure/lang/Symbol,clojure/lang/Tuple,clojure/lang/Util,clojure/lang/Var
datomic.core2.atom	jdk	java.lang	428	7	2	419	6	java/lang/Boolean,java/lang/Class,java/lang/ClassLoader,java/lang/Integer,java/lang/Object,java/lang/String
datomic.core2.atom	jdk	java.util	14	4	0	10	3	java/util/Arrays,java/util/List,java/util/concurrent/Callable
datomic.core2.atom	primary-namespace	datomic.core2.atom	24	12	0	12	10	datomic/core2/atom$fn__19660,datomic/core2/atom$loading__6789__auto____19658,datomic/core2/atom$reset_BANG_,datomic/core2/atom$reset_BANG_$fn__19663,datomic/core2/atom$swap_BANG_,datomic/core2/atom$swap_BANG_$fn__19671,datomic/core2/atom$swap_BANG_$fn__19674,datomic/core2/atom$swap_vals_BANG_,datomic/core2/atom$swap_vals_BANG_$fn__19667,datomic/core2/atom$sync
datomic.core2.atom	primary-namespace	datomic.core2.atom.spi	12	4	0	8	1	datomic/core2/atom/spi/DurableAtom
datomic.core2.atom.logged	companion-jar	clojure-1.11.4.jar	5705	2397	14	3294	30	clojure/lang/AFn,clojure/lang/AFunction,clojure/lang/Associative,clojure/lang/Compiler,clojure/lang/IFn,clojure/lang/IFn$LO,clojure/lang/IFn$OLO,clojure/lang/IFn$OLOO,clojure/lang/ILookupSite,clojure/lang/ILookupThunk,clojure/lang/IObj,clojure/lang/IPersistentList,clojure/lang/IPersistentMap,clojure/lang/IPersistentVector,clojure/lang/IRef,clojure/lang/ISeq,clojure/lang/IType,clojure/lang/Indexed,clojure/lang/Keyword,clojure/lang/KeywordLookupSite,clojure/lang/LockingTransaction,clojure/lang/MethodImplCache,clojure/lang/Namespace,clojure/lang/PersistentArrayMap,clojure/lang/PersistentList,clojure/lang/RT,clojure/lang/Symbol,clojure/lang/Tuple,clojure/lang/Util,clojure/lang/Var
datomic.core2.atom.logged	jdk	java.lang	8200	101	64	8035	14	[Ljava/lang/Object;,java/lang/AssertionError,java/lang/AutoCloseable,java/lang/Boolean,java/lang/Class,java/lang/ClassLoader,java/lang/Exception,java/lang/IllegalArgumentException,java/lang/Integer,java/lang/Long,java/lang/Number,java/lang/Object,java/lang/String,java/lang/Throwable
datomic.core2.atom.logged	jdk	java.util	80	28	0	52	4	java/util/Arrays,java/util/List,java/util/concurrent/Callable,java/util/concurrent/atomic/AtomicReferenceArray
datomic.core2.atom.logged	primary-namespace	datomic.core2.atom.logged	195	95	0	100	89	datomic/core2/atom/logged$append_value,datomic/core2/atom/logged$append_value$fn__19744,datomic/core2/atom/logged$append_value$fn__19744$G__19716__19745,datomic/core2/atom/logged$append_value$fn__19744$G__19717__19747,datomic/core2/atom/logged$append_value$fn__19744$G__19718__19749,datomic/core2/atom/logged$append_value$fn__19744$G__19719__19751,datomic/core2/atom/logged$append_value$fn__19744$state_machine__9975__auto____19753,datomic/core2/atom/logged$append_value$fn__19744$state_machine__9975__auto____19753$fn__19755,datomic/core2/atom/logged$create,datomic/core2/atom/logged$create$fn__20351,datomic/core2/atom/logged$create$fn__20351$G__20322__20352,datomic/core2/atom/logged$create$fn__20351$G__20323__20354,datomic/core2/atom/logged$create$fn__20351$G__20324__20356,datomic/core2/atom/logged$create$fn__20351$G__20325__20358,datomic/core2/atom/logged$create$fn__20351$G__20326__20360,datomic/core2/atom/logged$create$fn__20351$G__20327__20362,datomic/core2/atom/logged$create$fn__20351$G__20328__20364,datomic/core2/atom/logged$create$fn__20351$state_machine__9975__auto____20366,datomic/core2/atom/logged$create$fn__20351$state_machine__9975__auto____20366$fn__20368,datomic/core2/atom/logged$create_STAR_,datomic/core2/atom/logged$create_STAR_$fn__20184,datomic/core2/atom/logged$create_STAR_$fn__20265,datomic/core2/atom/logged$create_STAR_$fn__20265$G__20198__20266,datomic/core2/atom/logged$create_STAR_$fn__20265$G__20199__20268,datomic/core2/atom/logged$create_STAR_$fn__20265$G__20200__20270,datomic/core2/atom/logged$create_STAR_$fn__20265$G__20201__20272,datomic/core2/atom/logged$create_STAR_$fn__20265$G__20202__20274,datomic/core2/atom/logged$create_STAR_$fn__20265$G__20203__20276,datomic/core2/atom/logged$create_STAR_$fn__20265$G__20204__20278,datomic/core2/atom/logged$create_STAR_$fn__20265$G__20205__20280,datomic/core2/atom/logged$create_STAR_$fn__20265$G__20206__20282,datomic/core2/atom/logged$create_STAR_$fn__20265$G__20207__20284,datomic/core2/atom/logged$create_STAR_$fn__20265$G__20208__20286,datomic/core2/atom/logged$create_STAR_$fn__20265$G__20209__20288,datomic/core2/atom/logged$create_STAR_$fn__20265$G__20210__20290,datomic/core2/atom/logged$create_STAR_$fn__20265$state_machine__9975__auto____20292,datomic/core2/atom/logged$create_STAR_$fn__20265$state_machine__9975__auto____20292$fn__20294,datomic/core2/atom/logged$fn__19680,datomic/core2/atom/logged$fn__19686,datomic/core2/atom/logged$fn__19689,datomic/core2/atom/logged$fn__19689$G__19682__19696,datomic/core2/atom/logged$fn__19689$G__19683__19692,datomic/core2/atom/logged$fn__19702,datomic/core2/atom/logged$fn__19702$G__19684__19707,datomic/core2/atom/logged$fn__19702$G__19685__19704,datomic/core2/atom/logged$fn__19778,datomic/core2/atom/logged$fn__19778$__GT_LoggedAtom__20179,datomic/core2/atom/logged$load,datomic/core2/atom/logged$loading__6789__auto____19678,datomic/core2/atom/logged$next_header,datomic/core2/atom/logged/LoggedAtom,datomic/core2/atom/logged/LoggedAtom$fn__19780,datomic/core2/atom/logged/LoggedAtom$fn__19869,datomic/core2/atom/logged/LoggedAtom$fn__19869$G__19782__19870,datomic/core2/atom/logged/LoggedAtom$fn__19869$G__19783__19872,datomic/core2/atom/logged/LoggedAtom$fn__19869$G__19784__19874,datomic/core2/atom/logged/LoggedAtom$fn__19869$G__19785__19876,datomic/core2/atom/logged/LoggedAtom$fn__19869$G__19786__19878,datomic/core2/atom/logged/LoggedAtom$fn__19869$G__19787__19880,datomic/core2/atom/logged/LoggedAtom$fn__19869$G__19788__19882,datomic/core2/atom/logged/LoggedAtom$fn__19869$G__19789__19884,datomic/core2/atom/logged/LoggedAtom$fn__19869$state_machine__9975__auto____19886,datomic/core2/atom/logged/LoggedAtom$fn__19869$state_machine__9975__auto____19886$fn__19888,datomic/core2/atom/logged/LoggedAtom$fn__20023,datomic/core2/atom/logged/LoggedAtom$fn__20023$G__19938__20024,datomic/core2/atom/logged/LoggedAtom$fn__20023$G__19939__20026,datomic/core2/atom/logged/LoggedAtom$fn__20023$G__19940__20028,datomic/core2/atom/logged/LoggedAtom$fn__20023$G__19941__20030,datomic/core2/atom/logged/LoggedAtom$fn__20023$G__19942__20032,datomic/core2/atom/logged/LoggedAtom$fn__20023$G__19943__20034,datomic/core2/atom/logged/LoggedAtom$fn__20023$G__19944__20036,datomic/core2/atom/logged/LoggedAtom$fn__20023$G__19945__20038,datomic/core2/atom/logged/LoggedAtom$fn__20023$G__19946__20040,datomic/core2/atom/logged/LoggedAtom$fn__20023$G__19947__20042,datomic/core2/atom/logged/LoggedAtom$fn__20023$state_machine__9975__auto____20044,datomic/core2/atom/logged/LoggedAtom$fn__20023$state_machine__9975__auto____20044$fn__20046,datomic/core2/atom/logged/LoggedAtom$fn__20135,datomic/core2/atom/logged/LoggedAtom$fn__20135$G__20090__20136,datomic/core2/atom/logged/LoggedAtom$fn__20135$G__20091__20138,datomic/core2/atom/logged/LoggedAtom$fn__20135$G__20092__20140,datomic/core2/atom/logged/LoggedAtom$fn__20135$G__20093__20142,datomic/core2/atom/logged/LoggedAtom$fn__20135$G__20094__20144,datomic/core2/atom/logged/LoggedAtom$fn__20135$G__20095__20146,datomic/core2/atom/logged/LoggedAtom$fn__20135$G__20096__20148,datomic/core2/atom/logged/LoggedAtom$fn__20135$G__20097__20150,datomic/core2/atom/logged/LoggedAtom$fn__20135$G__20098__20152,datomic/core2/atom/logged/LoggedAtom$fn__20135$state_machine__9975__auto____20154,datomic/core2/atom/logged/LoggedAtom$fn__20135$state_machine__9975__auto____20154$fn__20156,datomic/core2/atom/logged/LoggedAtomImpl
datomic.core2.atom.logged	primary-namespace	datomic.core2.atom.spi	7	2	0	5	1	datomic/core2/atom/spi/DurableAtom
datomic.core2.atom.spi	companion-jar	clojure-1.11.4.jar	650	232	6	412	20	clojure/lang/AFn,clojure/lang/AFunction,clojure/lang/Associative,clojure/lang/Compiler,clojure/lang/IFn,clojure/lang/IObj,clojure/lang/IPersistentList,clojure/lang/IPersistentMap,clojure/lang/IPersistentVector,clojure/lang/ISeq,clojure/lang/Keyword,clojure/lang/LockingTransaction,clojure/lang/MethodImplCache,clojure/lang/PersistentArrayMap,clojure/lang/PersistentList,clojure/lang/RT,clojure/lang/Symbol,clojure/lang/Tuple,clojure/lang/Util,clojure/lang/Var
datomic.core2.atom.spi	jdk	java.lang	531	5	2	524	6	java/lang/Boolean,java/lang/Class,java/lang/ClassLoader,java/lang/Integer,java/lang/Object,java/lang/String
datomic.core2.atom.spi	jdk	java.util	41	13	0	28	3	java/util/Arrays,java/util/List,java/util/concurrent/Callable
datomic.core2.atom.spi	primary-namespace	datomic.core2.atom.spi	22	11	0	11	10	datomic/core2/atom/spi$fn__20390,datomic/core2/atom/spi$fn__20396,datomic/core2/atom/spi$fn__20399,datomic/core2/atom/spi$fn__20399$G__20392__20408,datomic/core2/atom/spi$fn__20399$G__20393__20403,datomic/core2/atom/spi$fn__20414,datomic/core2/atom/spi$fn__20414$G__20394__20421,datomic/core2/atom/spi$fn__20414$G__20395__20417,datomic/core2/atom/spi$loading__6789__auto____20388,datomic/core2/atom/spi/DurableAtom
datomic.core2.aws.ddb	companion-jar	clojure-1.11.4.jar	923	297	6	620	23	clojure/lang/AFn,clojure/lang/AFunction,clojure/lang/Associative,clojure/lang/Compiler,clojure/lang/IFn,clojure/lang/ILookupSite,clojure/lang/ILookupThunk,clojure/lang/IPersistentList,clojure/lang/IPersistentMap,clojure/lang/IPersistentVector,clojure/lang/Keyword,clojure/lang/KeywordLookupSite,clojure/lang/LockingTransaction,clojure/lang/Namespace,clojure/lang/Numbers,clojure/lang/PersistentArrayMap,clojure/lang/PersistentHashSet,clojure/lang/PersistentList,clojure/lang/RT,clojure/lang/Symbol,clojure/lang/Tuple,clojure/lang/Util,clojure/lang/Var
datomic.core2.aws.ddb	jdk	java.lang	647	11	13	623	11	[Ljava/lang/Object;,java/lang/Boolean,java/lang/Class,java/lang/ClassLoader,java/lang/Integer,java/lang/Long,java/lang/Number,java/lang/Object,java/lang/RuntimeException,java/lang/String,java/lang/Throwable
datomic.core2.aws.ddb	jdk	java.nio	4	1	0	3	1	java/nio/ByteBuffer
datomic.core2.aws.ddb	jdk	java.util	20	6	0	14	3	java/util/Arrays,java/util/List,java/util/concurrent/Callable
datomic.core2.aws.ddb	primary-namespace	datomic.core2.aws.ddb	20	10	0	10	10	datomic/core2/aws/ddb$attribute_value,datomic/core2/aws/ddb$conditional_put_request,datomic/core2/aws/ddb$de_attribute_value,datomic/core2/aws/ddb$de_item_map,datomic/core2/aws/ddb$de_item_map$fn__20437,datomic/core2/aws/ddb$fn__20429,datomic/core2/aws/ddb$item_map,datomic/core2/aws/ddb$item_map$fn__20432,datomic/core2/aws/ddb$loading__6789__auto____20427,datomic/core2/aws/ddb$query_range_request
datomic.core2.aws.s3.aws-api	companion-jar	clojure-1.11.4.jar	1123	391	6	726	25	clojure/lang/AFn,clojure/lang/AFunction,clojure/lang/Associative,clojure/lang/Compiler,clojure/lang/IFn,clojure/lang/IFn$OLO,clojure/lang/IFn$OLOO,clojure/lang/ILookupSite,clojure/lang/ILookupThunk,clojure/lang/IObj,clojure/lang/IPersistentList,clojure/lang/IPersistentMap,clojure/lang/IPersistentVector,clojure/lang/Keyword,clojure/lang/KeywordLookupSite,clojure/lang/LockingTransaction,clojure/lang/Namespace,clojure/lang/Numbers,clojure/lang/PersistentArrayMap,clojure/lang/PersistentList,clojure/lang/RT,clojure/lang/Symbol,clojure/lang/Tuple,clojure/lang/Util,clojure/lang/Var
datomic.core2.aws.s3.aws-api	jdk	java.io	4	2	0	2	1	java/io/InputStream
datomic.core2.aws.s3.aws-api	jdk	java.lang	1072	14	17	1041	10	[Ljava/lang/Object;,java/lang/Boolean,java/lang/Class,java/lang/ClassLoader,java/lang/IllegalArgumentException,java/lang/Integer,java/lang/Long,java/lang/Object,java/lang/String,java/lang/Throwable
datomic.core2.aws.s3.aws-api	jdk	java.util	22	7	0	15	4	java/util/Arrays,java/util/List,java/util/concurrent/Callable,java/util/concurrent/atomic/AtomicReferenceArray
datomic.core2.aws.s3.aws-api	primary-namespace	datomic.core2.aws.s3.aws-api	30	15	0	15	15	datomic/core2/aws/s3/aws_api$delete_object_request,datomic/core2/aws/s3/aws_api$fn__20448,datomic/core2/aws/s3/aws_api$get_bytes,datomic/core2/aws/s3/aws_api$get_bytes$fn__20487,datomic/core2/aws/s3/aws_api$get_bytes$fn__20487$G__20462__20488,datomic/core2/aws/s3/aws_api$get_bytes$fn__20487$G__20463__20490,datomic/core2/aws/s3/aws_api$get_bytes$fn__20487$G__20464__20492,datomic/core2/aws/s3/aws_api$get_bytes$fn__20487$G__20465__20494,datomic/core2/aws/s3/aws_api$get_bytes$fn__20487$G__20466__20496,datomic/core2/aws/s3/aws_api$get_bytes$fn__20487$state_machine__9975__auto____20498,datomic/core2/aws/s3/aws_api$get_bytes$fn__20487$state_machine__9975__auto____20498$fn__20500,datomic/core2/aws/s3/aws_api$get_bytes$fn__20487$state_machine__9975__auto____20498$fn__20500$fn__20503,datomic/core2/aws/s3/aws_api$get_object_request,datomic/core2/aws/s3/aws_api$loading__6789__auto____20446,datomic/core2/aws/s3/aws_api$put_object_request
datomic.core2.aws.s3.sdkv1	companion-jar	aws-java-sdk-core-1.12.564.jar	32	10	1	21	7	com/amazonaws/AmazonServiceException,com/amazonaws/ClientConfiguration,com/amazonaws/auth/AWSCredentialsProvider,com/amazonaws/auth/DefaultAWSCredentialsProviderChain,com/amazonaws/client/builder/AwsClientBuilder,com/amazonaws/retry/PredefinedRetryPolicies,com/amazonaws/retry/RetryPolicy
datomic.core2.aws.s3.sdkv1	companion-jar	aws-java-sdk-s3-1.12.564.jar	25	9	0	16	7	com/amazonaws/services/s3/AmazonS3Client,com/amazonaws/services/s3/AmazonS3ClientBuilder,com/amazonaws/services/s3/model/AmazonS3Exception,com/amazonaws/services/s3/model/ObjectMetadata,com/amazonaws/services/s3/model/PutObjectResult,com/amazonaws/services/s3/model/S3Object,com/amazonaws/services/s3/model/S3ObjectInputStream
datomic.core2.aws.s3.sdkv1	companion-jar	clojure-1.11.4.jar	944	335	10	599	20	clojure/lang/AFn,clojure/lang/AFunction,clojure/lang/Associative,clojure/lang/Compiler,clojure/lang/IFn,clojure/lang/IObj,clojure/lang/IPersistentList,clojure/lang/IPersistentMap,clojure/lang/IPersistentVector,clojure/lang/Keyword,clojure/lang/LockingTransaction,clojure/lang/Namespace,clojure/lang/Numbers,clojure/lang/PersistentArrayMap,clojure/lang/PersistentList,clojure/lang/RT,clojure/lang/RestFn,clojure/lang/Symbol,clojure/lang/Tuple,clojure/lang/Var
datomic.core2.aws.s3.sdkv1	jdk	java.io	2	0	0	2	1	java/io/InputStream
datomic.core2.aws.s3.sdkv1	jdk	java.lang	778	17	8	753	9	[Ljava/lang/Object;,java/lang/Boolean,java/lang/Class,java/lang/ClassLoader,java/lang/Integer,java/lang/Number,java/lang/Object,java/lang/String,java/lang/Throwable
datomic.core2.aws.s3.sdkv1	jdk	java.util	38	12	0	26	3	java/util/Arrays,java/util/List,java/util/concurrent/Callable
datomic.core2.aws.s3.sdkv1	primary-namespace	datomic.core2.aws.s3.sdkv1	26	13	0	13	13	datomic/core2/aws/s3/sdkv1$client,datomic/core2/aws/s3/sdkv1$delete_object,datomic/core2/aws/s3/sdkv1$fn__20524,datomic/core2/aws/s3/sdkv1$get_bytes,datomic/core2/aws/s3/sdkv1$get_object,datomic/core2/aws/s3/sdkv1$loading__6789__auto____20522,datomic/core2/aws/s3/sdkv1$put_object,datomic/core2/aws/s3/sdkv1$s3_service,datomic/core2/aws/s3/sdkv1$s3_service_with_default_retry,datomic/core2/aws/s3/sdkv1$throwable__GT_anom,datomic/core2/aws/s3/sdkv1$throwable_category,datomic/core2/aws/s3/sdkv1$wrap_ex_handler,datomic/core2/aws/s3/sdkv1$wrap_ex_handler$fn__20533
datomic.core2.datafy	companion-jar	clojure-1.11.4.jar	461	153	4	304	21	clojure/lang/AFn,clojure/lang/AFunction,clojure/lang/Associative,clojure/lang/Compiler,clojure/lang/IFn,clojure/lang/IPersistentList,clojure/lang/IPersistentMap,clojure/lang/IPersistentVector,clojure/lang/ISeq,clojure/lang/Keyword,clojure/lang/LockingTransaction,clojure/lang/Namespace,clojure/lang/Numbers,clojure/lang/PersistentArrayMap,clojure/lang/PersistentList,clojure/lang/RT,clojure/lang/Reflector,clojure/lang/RestFn,clojure/lang/Symbol,clojure/lang/Tuple,clojure/lang/Var
datomic.core2.datafy	jdk	java.lang	356	10	6	340	10	java/lang/Boolean,java/lang/Class,java/lang/ClassLoader,java/lang/IllegalArgumentException,java/lang/Integer,java/lang/Object,java/lang/String,java/lang/Throwable,java/lang/reflect/Field,java/lang/reflect/Modifier
datomic.core2.datafy	jdk	java.util	14	4	0	10	3	java/util/Arrays,java/util/List,java/util/concurrent/Callable
datomic.core2.datafy	primary-namespace	datomic.core2.datafy	18	9	0	9	9	datomic/core2/datafy$_datafy_declared_fields_fn,datomic/core2/datafy$_datafy_declared_fields_fn$fn__20545,datomic/core2/datafy$_datafy_declared_fields_fn$fn__20547,datomic/core2/datafy$datafy_declared_fields,datomic/core2/datafy$fn__20543,datomic/core2/datafy$loading__6789__auto____20541,datomic/core2/datafy$val_navs,datomic/core2/datafy$val_navs$fn__20551,datomic/core2/datafy$with_nav
datomic.core2.log	companion-jar	clojure-1.11.4.jar	1042	388	3	651	25	clojure/lang/AFn,clojure/lang/AFunction,clojure/lang/AReference,clojure/lang/Associative,clojure/lang/Compiler,clojure/lang/IFn,clojure/lang/IFn$OLO,clojure/lang/IFn$OLOO,clojure/lang/ILookupSite,clojure/lang/ILookupThunk,clojure/lang/IObj,clojure/lang/IPersistentList,clojure/lang/IPersistentMap,clojure/lang/IPersistentVector,clojure/lang/Keyword,clojure/lang/KeywordLookupSite,clojure/lang/LockingTransaction,clojure/lang/Namespace,clojure/lang/PersistentArrayMap,clojure/lang/PersistentList,clojure/lang/RT,clojure/lang/Symbol,clojure/lang/Tuple,clojure/lang/Util,clojure/lang/Var
datomic.core2.log	jdk	java.lang	1063	26	11	1026	11	[Ljava/lang/Object;,java/lang/AssertionError,java/lang/Boolean,java/lang/Class,java/lang/ClassLoader,java/lang/IllegalArgumentException,java/lang/Integer,java/lang/Long,java/lang/Object,java/lang/String,java/lang/Throwable
datomic.core2.log	jdk	java.util	19	6	0	13	4	java/util/Arrays,java/util/List,java/util/concurrent/Callable,java/util/concurrent/atomic/AtomicReferenceArray
datomic.core2.log	primary-namespace	datomic.core2.log	20	10	0	10	10	datomic/core2/log$append,datomic/core2/log$ensure_tombstone,datomic/core2/log$ensure_tombstone$fn__20596,datomic/core2/log$ensure_tombstone$fn__20596$G__20565__20597,datomic/core2/log$ensure_tombstone$fn__20596$G__20566__20599,datomic/core2/log$ensure_tombstone$fn__20596$state_machine__9975__auto____20601,datomic/core2/log$ensure_tombstone$fn__20596$state_machine__9975__auto____20601$fn__20603,datomic/core2/log$fn__20558,datomic/core2/log$loading__6789__auto____20556,datomic/core2/log$scan
datomic.core2.log	primary-namespace	datomic.core2.log.spi	6	2	0	4	2	datomic/core2/log/spi/Append,datomic/core2/log/spi/Scan
datomic.core2.log.ddb	companion-jar	clojure-1.11.4.jar	2151	853	6	1292	27	clojure/lang/AFn,clojure/lang/AFunction,clojure/lang/AReference,clojure/lang/Associative,clojure/lang/Compiler,clojure/lang/IFn,clojure/lang/IFn$OLO,clojure/lang/IFn$OLOO,clojure/lang/ILookupSite,clojure/lang/ILookupThunk,clojure/lang/IObj,clojure/lang/IPersistentList,clojure/lang/IPersistentMap,clojure/lang/IPersistentVector,clojure/lang/IType,clojure/lang/Keyword,clojure/lang/KeywordLookupSite,clojure/lang/LockingTransaction,clojure/lang/Namespace,clojure/lang/Numbers,clojure/lang/PersistentArrayMap,clojure/lang/PersistentList,clojure/lang/RT,clojure/lang/Symbol,clojure/lang/Tuple,clojure/lang/Util,clojure/lang/Var
datomic.core2.log.ddb	jdk	java.lang	2768	48	32	2688	11	[Ljava/lang/Object;,java/lang/Boolean,java/lang/Class,java/lang/ClassLoader,java/lang/IllegalArgumentException,java/lang/Integer,java/lang/Long,java/lang/Number,java/lang/Object,java/lang/String,java/lang/Throwable
datomic.core2.log.ddb	jdk	java.util	22	7	0	15	4	java/util/Arrays,java/util/List,java/util/concurrent/Callable,java/util/concurrent/atomic/AtomicReferenceArray
datomic.core2.log.ddb	primary-namespace	datomic.core2.log.ddb	52	26	0	26	26	datomic/core2/log/ddb$append_request,datomic/core2/log/ddb$create,datomic/core2/log/ddb$ddb_item__GT_log_item,datomic/core2/log/ddb$fn__20636,datomic/core2/log/ddb$fn__20642,datomic/core2/log/ddb$fn__20642$__GT_Log__20858,datomic/core2/log/ddb$loading__6789__auto____20634,datomic/core2/log/ddb/Log,datomic/core2/log/ddb/Log$fn__20770,datomic/core2/log/ddb/Log$fn__20770$G__20651__20771,datomic/core2/log/ddb/Log$fn__20770$G__20652__20773,datomic/core2/log/ddb/Log$fn__20770$G__20653__20775,datomic/core2/log/ddb/Log$fn__20770$G__20654__20777,datomic/core2/log/ddb/Log$fn__20770$G__20655__20779,datomic/core2/log/ddb/Log$fn__20770$G__20656__20781,datomic/core2/log/ddb/Log$fn__20770$G__20657__20783,datomic/core2/log/ddb/Log$fn__20770$G__20658__20785,datomic/core2/log/ddb/Log$fn__20770$G__20659__20787,datomic/core2/log/ddb/Log$fn__20770$G__20660__20789,datomic/core2/log/ddb/Log$fn__20770$G__20661__20791,datomic/core2/log/ddb/Log$fn__20770$G__20662__20793,datomic/core2/log/ddb/Log$fn__20770$G__20663__20795,datomic/core2/log/ddb/Log$fn__20770$state_machine__9975__auto____20797,datomic/core2/log/ddb/Log$fn__20770$state_machine__9975__auto____20797$fn__20800,datomic/core2/log/ddb/Log$next_r__20646,datomic/core2/log/ddb/Log$query__20644
datomic.core2.log.ddb	primary-namespace	datomic.core2.log.spi	3	0	0	3	3	datomic/core2/log/spi/Append,datomic/core2/log/spi/Item,datomic/core2/log/spi/Scan
datomic.core2.log.mem	companion-jar	clojure-1.11.4.jar	779	257	6	516	26	clojure/lang/AFn,clojure/lang/AFunction,clojure/lang/AReference,clojure/lang/Associative,clojure/lang/Compiler,clojure/lang/IFn,clojure/lang/ILookupSite,clojure/lang/ILookupThunk,clojure/lang/IObj,clojure/lang/IPersistentList,clojure/lang/IPersistentMap,clojure/lang/IPersistentVector,clojure/lang/IType,clojure/lang/Keyword,clojure/lang/KeywordLookupSite,clojure/lang/LockingTransaction,clojure/lang/Namespace,clojure/lang/Numbers,clojure/lang/PersistentArrayMap,clojure/lang/PersistentList,clojure/lang/PersistentVector,clojure/lang/RT,clojure/lang/Symbol,clojure/lang/Tuple,clojure/lang/Util,clojure/lang/Var
datomic.core2.log.mem	jdk	java.lang	573	9	14	550	11	[Ljava/lang/Object;,java/lang/Boolean,java/lang/Class,java/lang/ClassLoader,java/lang/IllegalArgumentException,java/lang/Integer,java/lang/Long,java/lang/Number,java/lang/Object,java/lang/String,java/lang/Throwable
datomic.core2.log.mem	jdk	java.util	11	3	0	8	3	java/util/Arrays,java/util/List,java/util/concurrent/Callable
datomic.core2.log.mem	primary-namespace	datomic.core2.log.mem	20	10	0	10	8	datomic/core2/log/mem$create,datomic/core2/log/mem$fn__20866,datomic/core2/log/mem$fn__20869,datomic/core2/log/mem$fn__20869$__GT_Log__20882,datomic/core2/log/mem$loading__6789__auto____20864,datomic/core2/log/mem/Log,datomic/core2/log/mem/Log$fn__20873,datomic/core2/log/mem/Log$fn__20878
datomic.core2.log.mem	primary-namespace	datomic.core2.log.spi	3	0	0	3	3	datomic/core2/log/spi/Append,datomic/core2/log/spi/Item,datomic/core2/log/spi/Scan
datomic.core2.log.spi	companion-jar	clojure-1.11.4.jar	1805	649	16	1140	21	clojure/lang/AFn,clojure/lang/AFunction,clojure/lang/Associative,clojure/lang/Compiler,clojure/lang/IFn,clojure/lang/IObj,clojure/lang/IPersistentList,clojure/lang/IPersistentMap,clojure/lang/IPersistentVector,clojure/lang/ISeq,clojure/lang/Keyword,clojure/lang/LockingTransaction,clojure/lang/MethodImplCache,clojure/lang/Numbers,clojure/lang/PersistentArrayMap,clojure/lang/PersistentList,clojure/lang/RT,clojure/lang/Symbol,clojure/lang/Tuple,clojure/lang/Util,clojure/lang/Var
datomic.core2.log.spi	jdk	java.lang	1512	16	11	1485	11	[Ljava/lang/Object;,java/lang/AssertionError,java/lang/Boolean,java/lang/Class,java/lang/ClassLoader,java/lang/Integer,java/lang/Long,java/lang/Number,java/lang/Object,java/lang/String,java/lang/Throwable
datomic.core2.log.spi	jdk	java.util	110	36	0	74	3	java/util/Arrays,java/util/List,java/util/concurrent/Callable
datomic.core2.log.spi	primary-namespace	datomic.core2.log.spi	56	28	0	28	27	datomic/core2/log/spi$fn__20888,datomic/core2/log/spi$fn__20892,datomic/core2/log/spi$fn__20895,datomic/core2/log/spi$fn__20895$G__20890__20904,datomic/core2/log/spi$fn__20895$G__20891__20899,datomic/core2/log/spi$fn__20912,datomic/core2/log/spi$fn__20915,datomic/core2/log/spi$fn__20915$G__20910__20922,datomic/core2/log/spi$fn__20915$G__20911__20918,datomic/core2/log/spi$fn__20930,datomic/core2/log/spi$fn__20933,datomic/core2/log/spi$fn__20933$G__20928__20940,datomic/core2/log/spi$fn__20933$G__20929__20936,datomic/core2/log/spi$fn__20950,datomic/core2/log/spi$fn__20953,datomic/core2/log/spi$fn__20953$G__20946__20960,datomic/core2/log/spi$fn__20953$G__20947__20956,datomic/core2/log/spi$fn__20966,datomic/core2/log/spi$fn__20966$G__20948__20973,datomic/core2/log/spi$fn__20966$G__20949__20969,datomic/core2/log/spi$loading__6789__auto____20886,datomic/core2/log/spi$normalize_scan_opts,datomic/core2/log/spi$result,datomic/core2/log/spi/Append,datomic/core2/log/spi/Delete,datomic/core2/log/spi/Item,datomic/core2/log/spi/Scan
datomic.core2.retry	companion-jar	clojure-1.11.4.jar	812	296	7	509	20	clojure/lang/AFn,clojure/lang/AFunction,clojure/lang/Associative,clojure/lang/Compiler,clojure/lang/IFn,clojure/lang/IFn$LLOL,clojure/lang/IFn$LOO,clojure/lang/IObj,clojure/lang/IPersistentList,clojure/lang/IPersistentMap,clojure/lang/IPersistentVector,clojure/lang/Keyword,clojure/lang/LockingTransaction,clojure/lang/Numbers,clojure/lang/PersistentArrayMap,clojure/lang/PersistentList,clojure/lang/RT,clojure/lang/Symbol,clojure/lang/Tuple,clojure/lang/Var
datomic.core2.retry	jdk	java.lang	750	14	17	719	12	[Ljava/lang/Object;,java/lang/Boolean,java/lang/Class,java/lang/ClassLoader,java/lang/Integer,java/lang/Long,java/lang/Math,java/lang/Number,java/lang/Object,java/lang/String,java/lang/System,java/lang/Thread
datomic.core2.retry	jdk	java.util	20	6	0	14	3	java/util/Arrays,java/util/List,java/util/concurrent/Callable
datomic.core2.retry	primary-namespace	datomic.core2.retry	16	8	0	8	8	datomic/core2/retry$calc_exp_backoff,datomic/core2/retry$exp,datomic/core2/retry$fn__20986,datomic/core2/retry$full_jitter,datomic/core2/retry$limiting_retry,datomic/core2/retry$linear,datomic/core2/retry$loading__6789__auto____20984,datomic/core2/retry$retry
datomic.core2.thread	companion-jar	caster-1.0.45.jar	9	3	0	6	1	cognitect/caster/Impl
datomic.core2.thread	companion-jar	clojure-1.11.4.jar	2290	791	15	1484	27	clojure/lang/AFn,clojure/lang/AFunction,clojure/lang/Associative,clojure/lang/Compiler,clojure/lang/IBlockingDeref,clojure/lang/IDeref,clojure/lang/IFn,clojure/lang/IObj,clojure/lang/IPersistentList,clojure/lang/IPersistentMap,clojure/lang/IPersistentVector,clojure/lang/IRef,clojure/lang/ISeq,clojure/lang/IType,clojure/lang/Keyword,clojure/lang/LazySeq,clojure/lang/LockingTransaction,clojure/lang/MultiFn,clojure/lang/Namespace,clojure/lang/PersistentArrayMap,clojure/lang/PersistentList,clojure/lang/RT,clojure/lang/RestFn,clojure/lang/Symbol,clojure/lang/Tuple,clojure/lang/Util,clojure/lang/Var
datomic.core2.thread	jdk	java.lang	2088	49	28	2011	15	[Ljava/lang/Object;,java/lang/AssertionError,java/lang/Boolean,java/lang/Class,java/lang/ClassLoader,java/lang/Integer,java/lang/InterruptedException,java/lang/Long,java/lang/Number,java/lang/Object,java/lang/Runnable,java/lang/String,java/lang/Thread,java/lang/ThreadGroup,java/lang/Throwable
datomic.core2.thread	jdk	java.util	196	47	2	147	19	java/util/Arrays,java/util/Collection,java/util/List,java/util/concurrent/AbstractExecutorService,java/util/concurrent/BlockingQueue,java/util/concurrent/Callable,java/util/concurrent/ExecutionException,java/util/concurrent/Executor,java/util/concurrent/ExecutorService,java/util/concurrent/Executors,java/util/concurrent/Future,java/util/concurrent/RejectedExecutionException,java/util/concurrent/RejectedExecutionHandler,java/util/concurrent/SynchronousQueue,java/util/concurrent/ThreadFactory,java/util/concurrent/ThreadPoolExecutor,java/util/concurrent/TimeUnit,java/util/concurrent/TimeoutException,java/util/regex/Pattern
datomic.core2.thread	primary-namespace	datomic.core2.thread	68	34	0	34	34	datomic/core2/thread$cached_thread_pool,datomic/core2/thread$clojure_name__GT_metric_name,datomic/core2/thread$daemon_factory,datomic/core2/thread$daemon_factory$reify__21010,datomic/core2/thread$fixed_thread_pool,datomic/core2/thread$fn__21003,datomic/core2/thread$fn__21041,datomic/core2/thread$fn__21041$__GT_ObservableThreadPool__21043,datomic/core2/thread$fn__21047,datomic/core2/thread$fn__21047$fn__21048,datomic/core2/thread$fn__21053,datomic/core2/thread$fn__21055,datomic/core2/thread$handoff_thread_pool,datomic/core2/thread$loading__6789__auto____21001,datomic/core2/thread$observable_thread_pool,datomic/core2/thread$observable_thread_pool$fn__21059,datomic/core2/thread$observable_thread_pool$reify__21057,datomic/core2/thread$pfuture,datomic/core2/thread$pfuture$reify__21007,datomic/core2/thread$pfuture_ch,datomic/core2/thread$pfuture_ch$fn__21016,datomic/core2/thread$pmap_n,datomic/core2/thread$pmap_n$fn__21021,datomic/core2/thread$pmap_n$fn__21021$fn__21022,datomic/core2/thread$pmap_n$fn__21038,datomic/core2/thread$pmap_n$step__21026,datomic/core2/thread$pmap_n$step__21026$fn__21030,datomic/core2/thread$pmap_n$step__21034,datomic/core2/thread$pmap_n$step__21034$fn__21035,datomic/core2/thread$pthread,datomic/core2/thread$pthread_fn,datomic/core2/thread$result_chan,datomic/core2/thread$thread_pool,datomic/core2/thread/ObservableThreadPool
datomic.core2.val-store	companion-jar	clojure-1.11.4.jar	362	132	1	229	20	clojure/lang/AFn,clojure/lang/AFunction,clojure/lang/Associative,clojure/lang/Compiler,clojure/lang/IFn,clojure/lang/ILookupSite,clojure/lang/ILookupThunk,clojure/lang/IObj,clojure/lang/IPersistentList,clojure/lang/IPersistentMap,clojure/lang/IPersistentVector,clojure/lang/Keyword,clojure/lang/KeywordLookupSite,clojure/lang/LockingTransaction,clojure/lang/PersistentList,clojure/lang/RT,clojure/lang/Symbol,clojure/lang/Tuple,clojure/lang/Util,clojure/lang/Var
datomic.core2.val-store	jdk	java.lang	373	8	2	363	8	java/lang/AssertionError,java/lang/Boolean,java/lang/Class,java/lang/ClassLoader,java/lang/Integer,java/lang/Object,java/lang/String,java/lang/Throwable
datomic.core2.val-store	jdk	java.util	14	4	0	10	3	java/util/Arrays,java/util/List,java/util/concurrent/Callable
datomic.core2.val-store	primary-namespace	datomic.core2.val-store	10	5	0	5	5	datomic/core2/val_store$delete,datomic/core2/val_store$fn__21073,datomic/core2/val_store$get,datomic/core2/val_store$loading__6789__auto____21071,datomic/core2/val_store$put
datomic.core2.val-store	primary-namespace	datomic.core2.val-store.spi	9	3	0	6	3	datomic/core2/val_store/spi/Delete,datomic/core2/val_store/spi/Get,datomic/core2/val_store/spi/Put
datomic.core2.val-store.double-store	companion-jar	caster-1.0.45.jar	3	1	0	2	1	cognitect/caster/Impl
datomic.core2.val-store.double-store	companion-jar	clojure-1.11.4.jar	1760	742	3	1015	26	clojure/lang/AFn,clojure/lang/AFunction,clojure/lang/Associative,clojure/lang/Compiler,clojure/lang/IFn,clojure/lang/IFn$LO,clojure/lang/IFn$OLO,clojure/lang/IFn$OLOO,clojure/lang/ILookupSite,clojure/lang/ILookupThunk,clojure/lang/IObj,clojure/lang/IPersistentList,clojure/lang/IPersistentMap,clojure/lang/IPersistentVector,clojure/lang/IType,clojure/lang/Keyword,clojure/lang/KeywordLookupSite,clojure/lang/LockingTransaction,clojure/lang/Namespace,clojure/lang/PersistentArrayMap,clojure/lang/PersistentList,clojure/lang/RT,clojure/lang/Symbol,clojure/lang/Tuple,clojure/lang/Util,clojure/lang/Var
datomic.core2.val-store.double-store	jdk	java.lang	2507	31	37	2439	12	[Ljava/lang/Object;,java/lang/AssertionError,java/lang/Boolean,java/lang/Class,java/lang/ClassLoader,java/lang/IllegalArgumentException,java/lang/Integer,java/lang/Long,java/lang/Number,java/lang/Object,java/lang/String,java/lang/Throwable
datomic.core2.val-store.double-store	jdk	java.util	25	8	0	17	4	java/util/Arrays,java/util/List,java/util/concurrent/Callable,java/util/concurrent/atomic/AtomicReferenceArray
datomic.core2.val-store.double-store	primary-namespace	datomic.core2.val-store.double-store	38	19	0	19	19	datomic/core2/val_store/double_store$create,datomic/core2/val_store/double_store$fn__21080,datomic/core2/val_store/double_store$fn__21086,datomic/core2/val_store/double_store$fn__21086$__GT_ValStore__21248,datomic/core2/val_store/double_store$get_from_near_store_QMARK_,datomic/core2/val_store/double_store$loading__6789__auto____21078,datomic/core2/val_store/double_store$read_repair_near_store_QMARK_,datomic/core2/val_store/double_store/ValStore,datomic/core2/val_store/double_store/ValStore$fn__21186,datomic/core2/val_store/double_store/ValStore$fn__21186$G__21087__21187,datomic/core2/val_store/double_store/ValStore$fn__21186$G__21088__21189,datomic/core2/val_store/double_store/ValStore$fn__21186$G__21089__21191,datomic/core2/val_store/double_store/ValStore$fn__21186$G__21090__21193,datomic/core2/val_store/double_store/ValStore$fn__21186$G__21091__21195,datomic/core2/val_store/double_store/ValStore$fn__21186$G__21092__21197,datomic/core2/val_store/double_store/ValStore$fn__21186$G__21093__21199,datomic/core2/val_store/double_store/ValStore$fn__21186$state_machine__9975__auto____21201,datomic/core2/val_store/double_store/ValStore$fn__21186$state_machine__9975__auto____21201$fn__21203,datomic/core2/val_store/double_store/ValStore$fn__21186$state_machine__9975__auto____21201$fn__21203$fn__21205
datomic.core2.val-store.double-store	primary-namespace	datomic.core2.val-store.spi	3	0	0	3	3	datomic/core2/val_store/spi/Delete,datomic/core2/val_store/spi/Get,datomic/core2/val_store/spi/Put
datomic.core2.val-store.fs	companion-jar	caster-1.0.45.jar	9	3	0	6	1	cognitect/caster/Impl
datomic.core2.val-store.fs	companion-jar	clojure-1.11.4.jar	2100	761	20	1319	30	clojure/lang/AFn,clojure/lang/AFunction,clojure/lang/Associative,clojure/lang/Compiler,clojure/lang/IFn,clojure/lang/IFn$LD,clojure/lang/IFn$OLO,clojure/lang/ILookupSite,clojure/lang/ILookupThunk,clojure/lang/IObj,clojure/lang/IPersistentList,clojure/lang/IPersistentMap,clojure/lang/IPersistentVector,clojure/lang/ISeq,clojure/lang/IType,clojure/lang/Keyword,clojure/lang/KeywordLookupSite,clojure/lang/LockingTransaction,clojure/lang/MethodImplCache,clojure/lang/Namespace,clojure/lang/Numbers,clojure/lang/PersistentArrayMap,clojure/lang/PersistentList,clojure/lang/PersistentVector,clojure/lang/RT,clojure/lang/RestFn,clojure/lang/Symbol,clojure/lang/Tuple,clojure/lang/Util,clojure/lang/Var
datomic.core2.val-store.fs	jdk	java.io	8	4	0	4	1	java/io/File
datomic.core2.val-store.fs	jdk	java.lang	1971	27	21	1923	13	[Ljava/lang/Object;,java/lang/AssertionError,java/lang/Boolean,java/lang/Class,java/lang/ClassLoader,java/lang/Double,java/lang/Integer,java/lang/Long,java/lang/Number,java/lang/Object,java/lang/String,java/lang/System,java/lang/Throwable
datomic.core2.val-store.fs	jdk	java.nio	42	9	4	29	10	[Ljava/nio/file/OpenOption;,[Ljava/nio/file/attribute/FileAttribute;,java/nio/channels/FileChannel,java/nio/channels/spi/AbstractInterruptibleChannel,java/nio/file/Files,java/nio/file/NoSuchFileException,java/nio/file/OpenOption,java/nio/file/Path,java/nio/file/StandardOpenOption,java/nio/file/attribute/FileAttribute
datomic.core2.val-store.fs	jdk	java.util	81	26	0	55	4	java/util/Arrays,java/util/List,java/util/concurrent/Callable,java/util/concurrent/RejectedExecutionException
datomic.core2.val-store.fs	primary-namespace	datomic.core2.val-store.fs	72	33	0	39	26	datomic/core2/val_store/fs$create,datomic/core2/val_store/fs$fn__21257,datomic/core2/val_store/fs$fn__21271,datomic/core2/val_store/fs$fn__21274,datomic/core2/val_store/fs$fn__21274$G__21267__21283,datomic/core2/val_store/fs$fn__21274$G__21268__21278,datomic/core2/val_store/fs$fn__21289,datomic/core2/val_store/fs$fn__21289$G__21265__21298,datomic/core2/val_store/fs$fn__21289$G__21266__21293,datomic/core2/val_store/fs$fn__21304,datomic/core2/val_store/fs$fn__21304$G__21269__21315,datomic/core2/val_store/fs$fn__21304$G__21270__21309,datomic/core2/val_store/fs$fn__21324,datomic/core2/val_store/fs$fn__21324$__GT_FS__21338,datomic/core2/val_store/fs$loading__6789__auto____21255,datomic/core2/val_store/fs$wrap_metric_handler,datomic/core2/val_store/fs$wrap_metric_handler$fn__21259,datomic/core2/val_store/fs$wrap_op,datomic/core2/val_store/fs$wrap_op$fn__21262,datomic/core2/val_store/fs/FS,datomic/core2/val_store/fs/FS$doit__21325,datomic/core2/val_store/fs/FS$fn__21327,datomic/core2/val_store/fs/FS$fn__21329,datomic/core2/val_store/fs/FS$fn__21331,datomic/core2/val_store/fs/FS$fn__21333,datomic/core2/val_store/fs/Impl
datomic.core2.val-store.fs	primary-namespace	datomic.core2.val-store.spi	3	0	0	3	3	datomic/core2/val_store/spi/Delete,datomic/core2/val_store/spi/Get,datomic/core2/val_store/spi/Put
datomic.core2.val-store.s3	companion-jar	caster-1.0.45.jar	24	8	0	16	1	cognitect/caster/Impl
datomic.core2.val-store.s3	companion-jar	clojure-1.11.4.jar	1568	555	3	1010	26	clojure/lang/AFn,clojure/lang/AFunction,clojure/lang/Associative,clojure/lang/Compiler,clojure/lang/IFn,clojure/lang/IFn$LD,clojure/lang/IFn$LLOL,clojure/lang/IFn$OLO,clojure/lang/IFn$OLOO,clojure/lang/ILookupSite,clojure/lang/ILookupThunk,clojure/lang/IObj,clojure/lang/IPersistentList,clojure/lang/IPersistentMap,clojure/lang/IPersistentVector,clojure/lang/Keyword,clojure/lang/KeywordLookupSite,clojure/lang/LockingTransaction,clojure/lang/Numbers,clojure/lang/PersistentArrayMap,clojure/lang/PersistentList,clojure/lang/RT,clojure/lang/Symbol,clojure/lang/Tuple,clojure/lang/Util,clojure/lang/Var
datomic.core2.val-store.s3	jdk	java.lang	1554	35	19	1500	13	[Ljava/lang/Object;,java/lang/Boolean,java/lang/Class,java/lang/ClassLoader,java/lang/Double,java/lang/IllegalArgumentException,java/lang/Integer,java/lang/Long,java/lang/Number,java/lang/Object,java/lang/String,java/lang/System,java/lang/Throwable
datomic.core2.val-store.s3	jdk	java.util	25	8	0	17	4	java/util/Arrays,java/util/List,java/util/concurrent/Callable,java/util/concurrent/atomic/AtomicReferenceArray
datomic.core2.val-store.s3	primary-namespace	datomic.core2.val-store.s3	34	17	0	17	17	datomic/core2/val_store/s3$fn__21349,datomic/core2/val_store/s3$go_with_metrics,datomic/core2/val_store/s3$go_with_metrics$fn__21378,datomic/core2/val_store/s3$go_with_metrics$fn__21378$G__21352__21379,datomic/core2/val_store/s3$go_with_metrics$fn__21378$G__21353__21381,datomic/core2/val_store/s3$go_with_metrics$fn__21378$G__21354__21383,datomic/core2/val_store/s3$go_with_metrics$fn__21378$G__21355__21385,datomic/core2/val_store/s3$go_with_metrics$fn__21378$state_machine__9975__auto____21387,datomic/core2/val_store/s3$go_with_metrics$fn__21378$state_machine__9975__auto____21387$fn__21389,datomic/core2/val_store/s3$loading__6789__auto____21347,datomic/core2/val_store/s3$retry_handler,datomic/core2/val_store/s3$retry_handler$fn__21417,datomic/core2/val_store/s3$retry_handler$fn__21417$fn__21418,datomic/core2/val_store/s3$retry_handler$metric_cb__21414,datomic/core2/val_store/s3$storage_key,datomic/core2/val_store/s3$wrap_metric_handler,datomic/core2/val_store/s3$wrap_metric_handler$fn__21408
datomic.core2.val-store.s3.aws-api	companion-jar	caster-1.0.45.jar	6	2	0	4	1	cognitect/caster/Impl
datomic.core2.val-store.s3.aws-api	companion-jar	clojure-1.11.4.jar	2009	775	8	1226	22	clojure/lang/AFn,clojure/lang/AFunction,clojure/lang/Associative,clojure/lang/Compiler,clojure/lang/IFn,clojure/lang/IFn$OLO,clojure/lang/IFn$OLOO,clojure/lang/IObj,clojure/lang/IPersistentList,clojure/lang/IPersistentMap,clojure/lang/IPersistentVector,clojure/lang/IType,clojure/lang/Keyword,clojure/lang/LockingTransaction,clojure/lang/Namespace,clojure/lang/PersistentArrayMap,clojure/lang/PersistentList,clojure/lang/RT,clojure/lang/Symbol,clojure/lang/Tuple,clojure/lang/Util,clojure/lang/Var
datomic.core2.val-store.s3.aws-api	jdk	array	1	0	0	1	1	[B
datomic.core2.val-store.s3.aws-api	jdk	java.lang	2790	33	26	2731	11	[Ljava/lang/Object;,java/lang/AssertionError,java/lang/Boolean,java/lang/Class,java/lang/ClassLoader,java/lang/IllegalArgumentException,java/lang/Integer,java/lang/Long,java/lang/Object,java/lang/String,java/lang/Throwable
datomic.core2.val-store.s3.aws-api	jdk	java.nio	9	4	0	5	2	java/nio/Buffer,java/nio/ByteBuffer
datomic.core2.val-store.s3.aws-api	jdk	java.util	23	8	0	15	4	java/util/Arrays,java/util/List,java/util/concurrent/Callable,java/util/concurrent/atomic/AtomicReferenceArray
datomic.core2.val-store.s3.aws-api	primary-namespace	datomic.core2.val-store.s3.aws-api	80	40	0	40	40	datomic/core2/val_store/s3/aws_api$create,datomic/core2/val_store/s3/aws_api$fn__21424,datomic/core2/val_store/s3/aws_api$fn__21427,datomic/core2/val_store/s3/aws_api$fn__21427$__GT_ValStore__21666,datomic/core2/val_store/s3/aws_api$loading__6789__auto____21422,datomic/core2/val_store/s3/aws_api/ValStore,datomic/core2/val_store/s3/aws_api/ValStore$fn__21429,datomic/core2/val_store/s3/aws_api/ValStore$fn__21429$fn__21479,datomic/core2/val_store/s3/aws_api/ValStore$fn__21429$fn__21479$G__21430__21480,datomic/core2/val_store/s3/aws_api/ValStore$fn__21429$fn__21479$G__21431__21482,datomic/core2/val_store/s3/aws_api/ValStore$fn__21429$fn__21479$G__21432__21484,datomic/core2/val_store/s3/aws_api/ValStore$fn__21429$fn__21479$G__21433__21486,datomic/core2/val_store/s3/aws_api/ValStore$fn__21429$fn__21479$G__21434__21488,datomic/core2/val_store/s3/aws_api/ValStore$fn__21429$fn__21479$G__21435__21490,datomic/core2/val_store/s3/aws_api/ValStore$fn__21429$fn__21479$G__21436__21492,datomic/core2/val_store/s3/aws_api/ValStore$fn__21429$fn__21479$G__21437__21494,datomic/core2/val_store/s3/aws_api/ValStore$fn__21429$fn__21479$G__21438__21496,datomic/core2/val_store/s3/aws_api/ValStore$fn__21429$fn__21479$G__21439__21498,datomic/core2/val_store/s3/aws_api/ValStore$fn__21429$fn__21479$state_machine__9975__auto____21500,datomic/core2/val_store/s3/aws_api/ValStore$fn__21429$fn__21479$state_machine__9975__auto____21500$fn__21502,datomic/core2/val_store/s3/aws_api/ValStore$fn__21531,datomic/core2/val_store/s3/aws_api/ValStore$fn__21531$fn__21566,datomic/core2/val_store/s3/aws_api/ValStore$fn__21531$fn__21566$G__21532__21567,datomic/core2/val_store/s3/aws_api/ValStore$fn__21531$fn__21566$G__21533__21569,datomic/core2/val_store/s3/aws_api/ValStore$fn__21531$fn__21566$G__21534__21571,datomic/core2/val_store/s3/aws_api/ValStore$fn__21531$fn__21566$G__21535__21573,datomic/core2/val_store/s3/aws_api/ValStore$fn__21531$fn__21566$G__21536__21575,datomic/core2/val_store/s3/aws_api/ValStore$fn__21531$fn__21566$G__21537__21577,datomic/core2/val_store/s3/aws_api/ValStore$fn__21531$fn__21566$state_machine__9975__auto____21579,datomic/core2/val_store/s3/aws_api/ValStore$fn__21531$fn__21566$state_machine__9975__auto____21579$fn__21581,datomic/core2/val_store/s3/aws_api/ValStore$fn__21601,datomic/core2/val_store/s3/aws_api/ValStore$fn__21601$fn__21631,datomic/core2/val_store/s3/aws_api/ValStore$fn__21601$fn__21631$G__21602__21632,datomic/core2/val_store/s3/aws_api/ValStore$fn__21601$fn__21631$G__21603__21634,datomic/core2/val_store/s3/aws_api/ValStore$fn__21601$fn__21631$G__21604__21636,datomic/core2/val_store/s3/aws_api/ValStore$fn__21601$fn__21631$G__21605__21638,datomic/core2/val_store/s3/aws_api/ValStore$fn__21601$fn__21631$G__21606__21640,datomic/core2/val_store/s3/aws_api/ValStore$fn__21601$fn__21631$G__21607__21642,datomic/core2/val_store/s3/aws_api/ValStore$fn__21601$fn__21631$state_machine__9975__auto____21644,datomic/core2/val_store/s3/aws_api/ValStore$fn__21601$fn__21631$state_machine__9975__auto____21644$fn__21646
datomic.core2.val-store.s3.aws-api	primary-namespace	datomic.core2.val-store.spi	3	0	0	3	3	datomic/core2/val_store/spi/Delete,datomic/core2/val_store/spi/Get,datomic/core2/val_store/spi/Put
datomic.core2.val-store.s3.sdkv1	companion-jar	aws-java-sdk-s3-1.12.564.jar	4	2	0	2	1	com/amazonaws/services/s3/model/ObjectMetadata
datomic.core2.val-store.s3.sdkv1	companion-jar	caster-1.0.45.jar	6	2	0	4	1	cognitect/caster/Impl
datomic.core2.val-store.s3.sdkv1	companion-jar	clojure-1.11.4.jar	1924	713	22	1189	25	clojure/lang/AFn,clojure/lang/AFunction,clojure/lang/Associative,clojure/lang/Compiler,clojure/lang/IFn,clojure/lang/ILookupSite,clojure/lang/ILookupThunk,clojure/lang/IObj,clojure/lang/IPersistentList,clojure/lang/IPersistentMap,clojure/lang/IPersistentVector,clojure/lang/ISeq,clojure/lang/IType,clojure/lang/Keyword,clojure/lang/KeywordLookupSite,clojure/lang/LockingTransaction,clojure/lang/MethodImplCache,clojure/lang/Namespace,clojure/lang/PersistentArrayMap,clojure/lang/PersistentList,clojure/lang/RT,clojure/lang/Symbol,clojure/lang/Tuple,clojure/lang/Util,clojure/lang/Var
datomic.core2.val-store.s3.sdkv1	companion-jar	java-io-0.1.29.jar	2	1	0	1	1	datomic/java/io/impl/ByteBufferInputStream
datomic.core2.val-store.s3.sdkv1	jdk	array	1	0	0	1	1	[B
datomic.core2.val-store.s3.sdkv1	jdk	java.lang	1953	17	19	1917	9	[Ljava/lang/Object;,java/lang/AssertionError,java/lang/Boolean,java/lang/Class,java/lang/ClassLoader,java/lang/Integer,java/lang/Object,java/lang/String,java/lang/Throwable
datomic.core2.val-store.s3.sdkv1	jdk	java.nio	10	4	0	6	2	java/nio/Buffer,java/nio/ByteBuffer
datomic.core2.val-store.s3.sdkv1	jdk	java.util	89	29	0	60	3	java/util/Arrays,java/util/List,java/util/concurrent/Callable
datomic.core2.val-store.s3.sdkv1	primary-namespace	datomic.core2.val-store.s3.sdkv1	77	35	0	42	23	datomic/core2/val_store/s3/sdkv1$create,datomic/core2/val_store/s3/sdkv1$fn__21676,datomic/core2/val_store/s3/sdkv1$fn__21686,datomic/core2/val_store/s3/sdkv1$fn__21689,datomic/core2/val_store/s3/sdkv1$fn__21689$G__21678__21698,datomic/core2/val_store/s3/sdkv1$fn__21689$G__21679__21693,datomic/core2/val_store/s3/sdkv1$fn__21704,datomic/core2/val_store/s3/sdkv1$fn__21704$G__21680__21715,datomic/core2/val_store/s3/sdkv1$fn__21704$G__21681__21709,datomic/core2/val_store/s3/sdkv1$fn__21721,datomic/core2/val_store/s3/sdkv1$fn__21721$G__21684__21736,datomic/core2/val_store/s3/sdkv1$fn__21721$G__21685__21728,datomic/core2/val_store/s3/sdkv1$fn__21742,datomic/core2/val_store/s3/sdkv1$fn__21742$G__21682__21751,datomic/core2/val_store/s3/sdkv1$fn__21742$G__21683__21746,datomic/core2/val_store/s3/sdkv1$fn__21761,datomic/core2/val_store/s3/sdkv1$fn__21761$__GT_ValStore__21772,datomic/core2/val_store/s3/sdkv1$loading__6789__auto____21674,datomic/core2/val_store/s3/sdkv1/Impl,datomic/core2/val_store/s3/sdkv1/ValStore,datomic/core2/val_store/s3/sdkv1/ValStore$fn__21764,datomic/core2/val_store/s3/sdkv1/ValStore$fn__21766,datomic/core2/val_store/s3/sdkv1/ValStore$fn__21768
datomic.core2.val-store.s3.sdkv1	primary-namespace	datomic.core2.val-store.spi	3	0	0	3	3	datomic/core2/val_store/spi/Delete,datomic/core2/val_store/spi/Get,datomic/core2/val_store/spi/Put
datomic.core2.val-store.spi	companion-jar	clojure-1.11.4.jar	1402	496	11	895	25	clojure/lang/AFn,clojure/lang/AFunction,clojure/lang/Associative,clojure/lang/Compiler,clojure/lang/IFn,clojure/lang/ILookupSite,clojure/lang/ILookupThunk,clojure/lang/IObj,clojure/lang/IPersistentList,clojure/lang/IPersistentMap,clojure/lang/IPersistentVector,clojure/lang/ISeq,clojure/lang/Keyword,clojure/lang/KeywordLookupSite,clojure/lang/LockingTransaction,clojure/lang/MethodImplCache,clojure/lang/Namespace,clojure/lang/Numbers,clojure/lang/PersistentArrayMap,clojure/lang/PersistentList,clojure/lang/RT,clojure/lang/Symbol,clojure/lang/Tuple,clojure/lang/Util,clojure/lang/Var
datomic.core2.val-store.spi	jdk	java.lang	1179	16	10	1153	6	java/lang/Boolean,java/lang/Class,java/lang/ClassLoader,java/lang/Integer,java/lang/Object,java/lang/String
datomic.core2.val-store.spi	jdk	java.nio	2	1	0	1	1	java/nio/Buffer
datomic.core2.val-store.spi	jdk	java.util	79	26	0	53	4	java/util/Arrays,java/util/List,java/util/concurrent/Callable,java/util/regex/Pattern
datomic.core2.val-store.spi	primary-namespace	datomic.core2.val-store.spi	42	21	0	21	21	datomic/core2/val_store/spi$fn__21785,datomic/core2/val_store/spi$fn__21789,datomic/core2/val_store/spi$fn__21792,datomic/core2/val_store/spi$fn__21792$G__21787__21803,datomic/core2/val_store/spi$fn__21792$G__21788__21797,datomic/core2/val_store/spi$fn__21811,datomic/core2/val_store/spi$fn__21814,datomic/core2/val_store/spi$fn__21814$G__21809__21823,datomic/core2/val_store/spi$fn__21814$G__21810__21818,datomic/core2/val_store/spi$fn__21831,datomic/core2/val_store/spi$fn__21834,datomic/core2/val_store/spi$fn__21834$G__21829__21843,datomic/core2/val_store/spi$fn__21834$G__21830__21838,datomic/core2/val_store/spi$loading__6789__auto____21783,datomic/core2/val_store/spi$no_val_error,datomic/core2/val_store/spi$partition_key,datomic/core2/val_store/spi$splice_partition_key,datomic/core2/val_store/spi$val_op_succeeded_QMARK_,datomic/core2/val_store/spi/Delete,datomic/core2/val_store/spi/Get,datomic/core2/val_store/spi/Put
datomic.crypto	companion-jar	clojure-1.11.4.jar	1994	744	18	1232	24	clojure/lang/AFn,clojure/lang/AFunction,clojure/lang/Associative,clojure/lang/Compiler,clojure/lang/IFn,clojure/lang/ILookupSite,clojure/lang/ILookupThunk,clojure/lang/IObj,clojure/lang/IPersistentList,clojure/lang/IPersistentMap,clojure/lang/IPersistentVector,clojure/lang/ISeq,clojure/lang/Keyword,clojure/lang/KeywordLookupSite,clojure/lang/LockingTransaction,clojure/lang/Namespace,clojure/lang/Numbers,clojure/lang/PersistentHashMap,clojure/lang/PersistentList,clojure/lang/RT,clojure/lang/Symbol,clojure/lang/Tuple,clojure/lang/Util,clojure/lang/Var
datomic.crypto	jdk	array	27	0	0	27	2	[B,[C
datomic.crypto	jdk	java.io	6	2	0	4	1	java/io/InputStream
datomic.crypto	jdk	java.lang	1740	47	5	1688	12	java/lang/AssertionError,java/lang/Boolean,java/lang/Byte,java/lang/Class,java/lang/ClassLoader,java/lang/IllegalArgumentException,java/lang/Integer,java/lang/Long,java/lang/Number,java/lang/Object,java/lang/String,java/lang/Throwable
datomic.crypto	jdk	java.nio	61	20	0	41	2	java/nio/Buffer,java/nio/ByteBuffer
datomic.crypto	jdk	java.security	83	29	0	54	11	java/security/Key,java/security/KeyFactory,java/security/KeyStore,java/security/PrivateKey,java/security/PublicKey,java/security/SecureRandom,java/security/Signature,java/security/cert/Certificate,java/security/spec/AlgorithmParameterSpec,java/security/spec/KeySpec,java/security/spec/X509EncodedKeySpec
datomic.crypto	jdk	java.util	90	30	0	60	3	java/util/Arrays,java/util/List,java/util/concurrent/Callable
datomic.crypto	jdk	javax.crypto	71	32	6	33	6	javax/crypto/Cipher,javax/crypto/KeyGenerator,javax/crypto/Mac,javax/crypto/SecretKey,javax/crypto/spec/IvParameterSpec,javax/crypto/spec/SecretKeySpec
datomic.crypto	primary-namespace	datomic.crypto	60	30	0	30	30	datomic/crypto$append_hmac,datomic/crypto$calc_hmac,datomic/crypto$cipher,datomic/crypto$combine_fragments,datomic/crypto$crypt_bbuf,datomic/crypto$decrypt,datomic/crypto$decrypt_pk,datomic/crypto$deser_key,datomic/crypto$encrypt,datomic/crypto$encrypt_pk,datomic/crypto$fn__23340,datomic/crypto$fn__23364,datomic/crypto$genkey,datomic/crypto$keystore,datomic/crypto$load_private_key,datomic/crypto$load_public_key,datomic/crypto$loading__6434__auto____23338,datomic/crypto$mac,datomic/crypto$random_bytes,datomic/crypto$random_string,datomic/crypto$read_n,datomic/crypto$ser_key,datomic/crypto$sign,datomic/crypto$spec__GT_public_key,datomic/crypto$split_array,datomic/crypto$split_key,datomic/crypto$split_key$fn__23356,datomic/crypto$validate_hmac,datomic/crypto$verify,datomic/crypto$xor_arrays
datomic.data	companion-jar	clojure-1.11.4.jar	120	38	1	81	12	clojure/lang/AFn,clojure/lang/AFunction,clojure/lang/Associative,clojure/lang/Compiler,clojure/lang/IFn,clojure/lang/IPersistentMap,clojure/lang/IPersistentVector,clojure/lang/Keyword,clojure/lang/LockingTransaction,clojure/lang/RT,clojure/lang/Symbol,clojure/lang/Var
datomic.data	jdk	java.lang	323	132	0	191	6	java/lang/Class,java/lang/ClassLoader,java/lang/Integer,java/lang/Long,java/lang/Object,java/lang/String
datomic.data	jdk	java.util	2	0	0	2	1	java/util/concurrent/Callable
datomic.data	primary-namespace	datomic.data	4	2	0	2	2	datomic/data$fn__9449,datomic/data$loading__6434__auto____9447
datomic.datafy	companion-jar	clojure-1.11.4.jar	6782	2451	19	4312	32	clojure/data/EqualityPartition,clojure/lang/AFn,clojure/lang/AFunction,clojure/lang/Associative,clojure/lang/Compiler,clojure/lang/IFn,clojure/lang/ILookupSite,clojure/lang/ILookupThunk,clojure/lang/IObj,clojure/lang/IPersistentList,clojure/lang/IPersistentMap,clojure/lang/IPersistentVector,clojure/lang/IRef,clojure/lang/ISeq,clojure/lang/Indexed,clojure/lang/Keyword,clojure/lang/KeywordLookupSite,clojure/lang/LockingTransaction,clojure/lang/MethodImplCache,clojure/lang/MultiFn,clojure/lang/Namespace,clojure/lang/Numbers,clojure/lang/PersistentArrayMap,clojure/lang/PersistentHashSet,clojure/lang/PersistentList,clojure/lang/PersistentVector,clojure/lang/RT,clojure/lang/RestFn,clojure/lang/Symbol,clojure/lang/Tuple,clojure/lang/Util,clojure/lang/Var
datomic.datafy	jdk	java.beans	9	4	0	5	4	java/beans/BeanInfo,java/beans/FeatureDescriptor,java/beans/Introspector,java/beans/PropertyDescriptor
datomic.datafy	jdk	java.io	2	1	0	1	1	java/io/StringWriter
datomic.datafy	jdk	java.lang	5474	129	62	5283	18	[Ljava/lang/Object;,java/lang/AssertionError,java/lang/Boolean,java/lang/Class,java/lang/ClassCastException,java/lang/ClassLoader,java/lang/Exception,java/lang/IllegalArgumentException,java/lang/Integer,java/lang/Long,java/lang/Number,java/lang/Object,java/lang/Package,java/lang/RuntimeException,java/lang/String,java/lang/Throwable,java/lang/Void,java/lang/reflect/Method
datomic.datafy	jdk	java.util	134	44	0	90	3	java/util/Arrays,java/util/List,java/util/concurrent/Callable
datomic.datafy	primary-namespace	datomic.datafy	164	80	0	84	76	datomic/datafy$can_data_to_object_QMARK_,datomic/datafy$define_data_to_object,datomic/datafy$define_data_to_object$fn__17292,datomic/datafy$define_data_to_object_for,datomic/datafy$define_data_to_object_for$fn__17336,datomic/datafy$define_list_valued_property_to_object,datomic/datafy$define_list_valued_property_to_object_for,datomic/datafy$define_list_valued_property_to_object_for$fn__17350,datomic/datafy$define_map_valued_property_to_object,datomic/datafy$define_map_valued_property_to_object_for,datomic/datafy$define_map_valued_property_to_object_for$fn__17345,datomic/datafy$define_method_to_fn,datomic/datafy$define_method_to_fn$fn__17304,datomic/datafy$define_method_to_fn$fn__17307,datomic/datafy$define_object_to_data,datomic/datafy$define_object_to_data_for,datomic/datafy$define_object_to_data_for$fn__17340,datomic/datafy$define_object_to_functions_for,datomic/datafy$define_object_to_functions_for$fn__17320,datomic/datafy$define_object_to_functions_for$fn__17329,datomic/datafy$filter_overlapped_setters,datomic/datafy$filter_overlapped_setters$fn__17166,datomic/datafy$filter_overlapped_setters$fn__17172,datomic/datafy$fn__17156,datomic/datafy$fn__17182,datomic/datafy$fn__17186,datomic/datafy$fn__17186$fn__17187,datomic/datafy$fn__17192,datomic/datafy$fn__17198,datomic/datafy$fn__17201,datomic/datafy$fn__17204,datomic/datafy$fn__17204$fn__17205,datomic/datafy$fn__17211,datomic/datafy$fn__17211$fn__17212,datomic/datafy$fn__17216,datomic/datafy$fn__17220,datomic/datafy$fn__17223,datomic/datafy$fn__17223$G__17218__17228,datomic/datafy$fn__17223$G__17219__17225,datomic/datafy$fn__17235,datomic/datafy$fn__17237,datomic/datafy$fn__17239,datomic/datafy$fn__17239$fn__17241,datomic/datafy$fn__17254,datomic/datafy$fn__17254$fn__17255,datomic/datafy$fn__17260,datomic/datafy$fn__17262,datomic/datafy$fn__17264,datomic/datafy$fn__17266,datomic/datafy$fn__17268,datomic/datafy$fn__17271,datomic/datafy$fn__17274,datomic/datafy$fn__17276,datomic/datafy$fn__17276$fn__17277,datomic/datafy$fn__17282,datomic/datafy$get_java_method,datomic/datafy$get_java_method$fn__17314,datomic/datafy$getter_QMARK_,datomic/datafy$getters,datomic/datafy$invoke_getter,datomic/datafy$invoke_setter,datomic/datafy$loading__6434__auto____17154,datomic/datafy$method_input_classes,datomic/datafy$object_to_data_wrapper,datomic/datafy$setter_name__GT_keyword,datomic/datafy$setters,datomic/datafy$setters$fn__17159,datomic/datafy$type_descriptor_category,datomic/datafy$type_docstring,datomic/datafy$val_setters,datomic/datafy$val_setters$fn__17353,datomic/datafy$val_setters$fn__17353$fn__17354,datomic/datafy$vals_to_bean,datomic/datafy$vals_to_data,datomic/datafy$vals_to_data$fn__17248,datomic/datafy/ObjectToData
datomic.datalog	companion-jar	clojure-1.11.4.jar	14616	5586	62	8968	38	clojure/data/EqualityPartition,clojure/lang/AFn,clojure/lang/AFunction,clojure/lang/Associative,clojure/lang/Compiler,clojure/lang/IFn,clojure/lang/IFn$LLOLO,clojure/lang/IFn$LOO,clojure/lang/IFn$OOL,clojure/lang/ILookupSite,clojure/lang/ILookupThunk,clojure/lang/IObj,clojure/lang/IPersistentList,clojure/lang/IPersistentMap,clojure/lang/IPersistentSet,clojure/lang/IPersistentVector,clojure/lang/ISeq,clojure/lang/IType,clojure/lang/Indexed,clojure/lang/Keyword,clojure/lang/KeywordLookupSite,clojure/lang/LazilyPersistentVector,clojure/lang/LazySeq,clojure/lang/LockingTransaction,clojure/lang/MethodImplCache,clojure/lang/Namespace,clojure/lang/Numbers,clojure/lang/PersistentArrayMap,clojure/lang/PersistentHashMap,clojure/lang/PersistentHashSet,clojure/lang/PersistentList,clojure/lang/PersistentVector,clojure/lang/RT,clojure/lang/RestFn,clojure/lang/Symbol,clojure/lang/Tuple,clojure/lang/Util,clojure/lang/Var
datomic.datalog	jdk	java.lang	15566	181	428	14957	16	[Ljava/lang/Object;,java/lang/AssertionError,java/lang/Boolean,java/lang/Character,java/lang/Class,java/lang/ClassLoader,java/lang/Exception,java/lang/IllegalArgumentException,java/lang/Integer,java/lang/Iterable,java/lang/Long,java/lang/Number,java/lang/Object,java/lang/String,java/lang/Thread,java/lang/Throwable
datomic.datalog	jdk	java.util	490	174	1	315	20	java/util/AbstractCollection,java/util/AbstractSet,java/util/ArrayList,java/util/Arrays,java/util/Collection,java/util/Collections,java/util/HashMap,java/util/HashSet,java/util/Iterator,java/util/List,java/util/Map,java/util/Map$Entry,java/util/Set,java/util/concurrent/Callable,java/util/concurrent/ConcurrentHashMap,java/util/concurrent/ScheduledExecutorService,java/util/concurrent/ScheduledFuture,java/util/concurrent/ScheduledThreadPoolExecutor,java/util/concurrent/TimeUnit,java/util/concurrent/TimeoutException
datomic.datalog	primary-namespace	datomic.config	9	3	0	6	1	datomic/config/Symbolish
datomic.datalog	primary-namespace	datomic.datalog	499	234	8	257	217	datomic/datalog$add_rule,datomic/datalog$add_rule$fn__18746,datomic/datalog$add_rule$rcnt__18738,datomic/datalog$adorned_pred,datomic/datalog$adorned_pred$fn__18423,datomic/datalog$all_pred,datomic/datalog$attr_QMARK_,datomic/datalog$binding_type,datomic/datalog$bound_consts,datomic/datalog$bound_consts$fn__18856,datomic/datalog$callees,datomic/datalog$compile_expr_clause,datomic/datalog$compile_expr_clause$iter__18617__18621,datomic/datalog$compile_expr_clause$iter__18617__18621$fn__18622,datomic/datalog$compile_expr_clause$iter__18617__18621$fn__18622$fn__18623,datomic/datalog$create_join_maps,datomic/datalog$create_join_maps$m__18382,datomic/datalog$create_join_maps$m__18382$fn__18383,datomic/datalog$dbrel,datomic/datalog$eval_clause,datomic/datalog$eval_clause$fn__18790,datomic/datalog$eval_clause$fn__18793,datomic/datalog$eval_clause$fn__18796,datomic/datalog$eval_clause$fn__18799,datomic/datalog$eval_clause$fn__18799$fn__18800,datomic/datalog$eval_not_join,datomic/datalog$eval_not_join$fn__18779,datomic/datalog$eval_query,datomic/datalog$eval_rule,datomic/datalog$eval_rule$fn__18831,datomic/datalog$eval_rule$fn__18833,datomic/datalog$eval_rule$fn__18833$fn__18837,datomic/datalog$expr_clause,datomic/datalog$expr_clause$fn__18646,datomic/datalog$expr_clause$fn__18648,datomic/datalog$expr_clause$fn__18650,datomic/datalog$extensional_QMARK_,datomic/datalog$extrel_coll,datomic/datalog$extrel_coll$fn__18203,datomic/datalog$fn__18043,datomic/datalog$fn__18046,datomic/datalog$fn__18050,datomic/datalog$fn__18059,datomic/datalog$fn__18062,datomic/datalog$fn__18062$G__18055__18077,datomic/datalog$fn__18062$G__18056__18069,datomic/datalog$fn__18083,datomic/datalog$fn__18083$G__18057__18098,datomic/datalog$fn__18083$G__18058__18090,datomic/datalog$fn__18156,datomic/datalog$fn__18158,datomic/datalog$fn__18160,datomic/datalog$fn__18162,datomic/datalog$fn__18164,datomic/datalog$fn__18164$__GT_DbRel__18166,datomic/datalog$fn__18182,datomic/datalog$fn__18185,datomic/datalog$fn__18185$G__18180__18196,datomic/datalog$fn__18185$G__18181__18190,datomic/datalog$fn__18207,datomic/datalog$fn__18209,datomic/datalog$fn__18211,datomic/datalog$fn__18213,datomic/datalog$fn__18215,datomic/datalog$fn__18231,datomic/datalog$fn__18233,datomic/datalog$fn__18233$bind__18245,datomic/datalog$fn__18233$fn__18240,datomic/datalog$fn__18233$fn__18242,datomic/datalog$fn__18233$fn__18251,datomic/datalog$fn__18233$fn__18253,datomic/datalog$fn__18233$fn__18253$fn__18254,datomic/datalog$fn__18233$fn__18261,datomic/datalog$fn__18233$fn__18263,datomic/datalog$fn__18233$fn__18263$fn__18264,datomic/datalog$fn__18233$fn__18263$fn__18267,datomic/datalog$fn__18233$fn__18263$fn__18270,datomic/datalog$fn__18233$fn__18263$fn__18272,datomic/datalog$fn__18233$fn__18275,datomic/datalog$fn__18233$fn__18277,datomic/datalog$fn__18233$fn__18277$fn__18278,datomic/datalog$fn__18233$fn__18283,datomic/datalog$fn__18233$fn__18285,datomic/datalog$fn__18233$fn__18285$fn__18286,datomic/datalog$fn__18233$fn__18291,datomic/datalog$fn__18233$fn__18293,datomic/datalog$fn__18233$fn__18293$fn__18294,datomic/datalog$fn__18233$fn__18298,datomic/datalog$fn__18233$fn__18300,datomic/datalog$fn__18233$fn__18300$fn__18301,datomic/datalog$fn__18233$fn__18304,datomic/datalog$fn__18233$fn__18306,datomic/datalog$fn__18233$fn__18306$fn__18307,datomic/datalog$fn__18233$fn__18310,datomic/datalog$fn__18233$fn__18312,datomic/datalog$fn__18233$fn__18312$fn__18313,datomic/datalog$fn__18233$fn__18332,datomic/datalog$fn__18233$fn__18337,datomic/datalog$fn__18233$hashx__18328,datomic/datalog$fn__18233$hashy__18330,datomic/datalog$fn__18233$ident__18321,datomic/datalog$fn__18233$join__18334,datomic/datalog$fn__18233$match_QMARK___18326,datomic/datalog$fn__18233$project__18316,datomic/datalog$fn__18347,datomic/datalog$fn__18347$__GT_FnRel__18376,datomic/datalog$fn__18396,datomic/datalog$fn__18396$__GT_PredRel__18412,datomic/datalog$fnrel,datomic/datalog$free_var_QMARK_,datomic/datalog$free_vars,datomic/datalog$hashxf,datomic/datalog$hashxf$fn__18112,datomic/datalog$hashyf,datomic/datalog$hashyf$fn__18115,datomic/datalog$iterator,datomic/datalog$join_project_coll,datomic/datalog$join_project_coll_with,datomic/datalog$join_project_coll_with$fn__18131,datomic/datalog$join_project_coll_with$proc__18145,datomic/datalog$join_project_coll_with$project__18141,datomic/datalog$lift_consts_from_preds,datomic/datalog$lift_consts_from_preds$fn__18662,datomic/datalog$lift_consts_from_preds$fn__18662$fn__18673,datomic/datalog$loading__6434__auto____17825,datomic/datalog$matchf,datomic/datalog$matchf$fn__18109,datomic/datalog$maybe_cancel,datomic/datalog$normalize_or_join,datomic/datalog$normalize_or_join$fn__18711,datomic/datalog$not_join_clause_QMARK_,datomic/datalog$not_or__GT_not_or_join,datomic/datalog$not_or_all_pred,datomic/datalog$on_query_thread_QMARK_,datomic/datalog$or_join__GT_rule_preds,datomic/datalog$partv,datomic/datalog$partv$pv__18118,datomic/datalog$partv$pv__18118$fn__18119,datomic/datalog$partv$pv__18118$fn__18119$fn__18120,datomic/datalog$predrel,datomic/datalog$prep_clauses,datomic/datalog$prep_clauses$fn__18723,datomic/datalog$project,datomic/datalog$push_preds,datomic/datalog$push_preds$ctor__18558,datomic/datalog$push_preds$ctor__18558$fn__18563,datomic/datalog$push_preds$ctor__18558$fn__18565,datomic/datalog$push_preds$ctor__18558$fn__18565$fn__18566,datomic/datalog$push_preds$fn__18585,datomic/datalog$push_preds$fn__18585$fn__18595,datomic/datalog$push_preds$fn__18585$fn__18597,datomic/datalog$push_preds$fn__18585$fn__18597$fn__18598,datomic/datalog$push_preds$pred_QMARK___18554,datomic/datalog$qmapv,datomic/datalog$qsqr,datomic/datalog$qsqr$f__18878,datomic/datalog$qsqr$fn__18880,datomic/datalog$ranges,datomic/datalog$ranges$fn__18863,datomic/datalog$ranges$fn__18866,datomic/datalog$ranges$fn__18866$fn__18870,datomic/datalog$recursive_QMARK_,datomic/datalog$recursive_QMARK_$fn__18607,datomic/datalog$rel_fn,datomic/datalog$rel_fn$fn__18885,datomic/datalog$rel_pred,datomic/datalog$rel_pred$fn__18888,datomic/datalog$remap_bounds,datomic/datalog$remap_bounds$mapize__18815,datomic/datalog$remap_bounds$mapize__18815$fn__18816,datomic/datalog$resolve_id,datomic/datalog$rule_map,datomic/datalog$rule_map$fn__18758,datomic/datalog$rules_QMARK_,datomic/datalog$scalar__GT_rel,datomic/datalog$sched_in_order,datomic/datalog$sched_in_order$cargs__18477,datomic/datalog$sched_in_order$cbinds__18489,datomic/datalog$sched_in_order$delay_ins__18500,datomic/datalog$sched_in_order$delay_ins__18500$fn__18504,datomic/datalog$sched_in_order$delay_ins__18500$fn__18504$fn__18505,datomic/datalog$sched_in_order$delay_ins__18500$fn__18508,datomic/datalog$sched_in_order$extdb__18480,datomic/datalog$sched_in_order$fn__18539,datomic/datalog$sched_in_order$fn__18547,datomic/datalog$sched_in_order$in_clause_QMARK___18495,datomic/datalog$sched_in_order$pack__18473,datomic/datalog$sched_in_order$pred_QMARK___18514,datomic/datalog$sched_in_order$reqcnt__18517,datomic/datalog$sched_in_order$src__18470,datomic/datalog$sched_in_order$sv_clause_QMARK___18491,datomic/datalog$sched_in_order$underbound_QMARK___18522,datomic/datalog$sched_in_order$underbound_QMARK___18522$fn__18523,datomic/datalog$sched_in_order$underbound_QMARK___18522$fn__18526,datomic/datalog$sched_in_order$underbound_QMARK___18522$fn__18528,datomic/datalog$sched_in_order$underbound_QMARK___18522$fn__18530,datomic/datalog$sched_in_order$unpack__18475,datomic/datalog$source_QMARK_,datomic/datalog$to_pred,datomic/datalog$truep,datomic/datalog$truep$fn__18104,datomic/datalog$tuple,datomic/datalog$tuple__GT_rel,datomic/datalog$unifying_var_set,datomic/datalog$unifying_vars,datomic/datalog$unifying_vars$fn__18438,datomic/datalog$used_srcs,datomic/datalog$variable_QMARK_,datomic/datalog$variable_or_blank_QMARK_,datomic/datalog/DbRel,datomic/datalog/ExtRel,datomic/datalog/FnRel,datomic/datalog/FnRel$fn__18356,datomic/datalog/FnRel$proc__18366,datomic/datalog/FnRel$project__18348,datomic/datalog/IJoin,datomic/datalog/PredRel
datomic.datalog	primary-namespace	datomic.db	42	16	3	23	3	datomic/db/Attribute,datomic/db/IDb,datomic/db/IDbImpl
datomic.datalog	primary-namespace	datomic.impl.db	116	48	0	68	1	datomic/impl/db/IDatum
datomic.datalog	primary-namespace	datomic.iter	14	2	0	12	1	datomic/iter/Iter
datomic.db	companion-jar	clojure-1.11.4.jar	42347	15130	115	27102	57	clojure/lang/AFn,clojure/lang/AFunction,clojure/lang/APersistentMap,clojure/lang/AReference,clojure/lang/Associative,clojure/lang/BigInt,clojure/lang/Compiler,clojure/lang/Counted,clojure/lang/Delay,clojure/lang/IFn,clojure/lang/IFn$LD,clojure/lang/IFn$LL,clojure/lang/IFn$LLL,clojure/lang/IFn$LLOLO,clojure/lang/IFn$LO,clojure/lang/IFn$LOOL,clojure/lang/IFn$OL,clojure/lang/IFn$OLO,clojure/lang/IFn$OOL,clojure/lang/IHashEq,clojure/lang/IKeywordLookup,clojure/lang/ILookup,clojure/lang/ILookupSite,clojure/lang/ILookupThunk,clojure/lang/IMapEntry,clojure/lang/IObj,clojure/lang/IPersistentCollection,clojure/lang/IPersistentList,clojure/lang/IPersistentMap,clojure/lang/IPersistentSet,clojure/lang/IPersistentVector,clojure/lang/IRecord,clojure/lang/ISeq,clojure/lang/IType,clojure/lang/Indexed,clojure/lang/Keyword,clojure/lang/KeywordLookupSite,clojure/lang/LazySeq,clojure/lang/LockingTransaction,clojure/lang/MapEntry,clojure/lang/MapEquivalence,clojure/lang/MethodImplCache,clojure/lang/MultiFn,clojure/lang/Namespace,clojure/lang/Numbers,clojure/lang/PersistentArrayMap,clojure/lang/PersistentHashMap,clojure/lang/PersistentHashSet,clojure/lang/PersistentList,clojure/lang/PersistentVector,clojure/lang/RT,clojure/lang/RecordIterator,clojure/lang/RestFn,clojure/lang/Symbol,clojure/lang/Tuple,clojure/lang/Util,clojure/lang/Var
datomic.db	companion-jar	fressian-0.6.8.jar	7	2	0	5	4	org/fressian/handlers/ILookup,org/fressian/handlers/IWriteHandlerLookup,org/fressian/handlers/WriteHandler,org/fressian/handlers/WriteHandlerLookup
datomic.db	companion-jar	slf4j-api-1.7.32.jar	24	12	0	12	2	org/slf4j/Logger,org/slf4j/LoggerFactory
datomic.db	jdk	java.io	48	20	0	28	2	java/io/Serializable,java/io/Writer
datomic.db	jdk	java.lang	42949	901	1347	40701	22	[Ljava/lang/Object;,java/lang/AssertionError,java/lang/Boolean,java/lang/Character,java/lang/Class,java/lang/ClassLoader,java/lang/Double,java/lang/Float,java/lang/IllegalArgumentException,java/lang/IllegalStateException,java/lang/Integer,java/lang/Iterable,java/lang/Long,java/lang/Math,java/lang/Number,java/lang/Object,java/lang/Runnable,java/lang/Short,java/lang/String,java/lang/System,java/lang/Throwable,java/lang/UnsupportedOperationException
datomic.db	jdk	java.math	4	2	0	2	2	java/math/BigDecimal,java/math/BigInteger
datomic.db	jdk	java.util	1193	349	1	843	25	java/util/ArrayList,java/util/Arrays,java/util/Collection,java/util/Collections,java/util/Comparator,java/util/Date,java/util/HashMap,java/util/HashSet,java/util/Iterator,java/util/List,java/util/Map,java/util/Map$Entry,java/util/RandomAccess,java/util/Set,java/util/concurrent/BlockingQueue,java/util/concurrent/Callable,java/util/concurrent/Executor,java/util/concurrent/LinkedBlockingQueue,java/util/concurrent/ThreadFactory,java/util/concurrent/ThreadPoolExecutor,java/util/concurrent/TimeUnit,java/util/concurrent/atomic/AtomicBoolean,java/util/concurrent/atomic/AtomicLong,java/util/concurrent/atomic/LongAdder,java/util/stream/Stream
datomic.db	primary-namespace	datomic	264	115	0	149	5	datomic/Attribute,datomic/Database,datomic/Database$Predicate,datomic/Datom,datomic/Entity
datomic.db	primary-namespace	datomic.btset	10	5	0	5	1	datomic/btset/IDataSet
datomic.db	primary-namespace	datomic.db	1846	738	155	953	578	datomic/db$accept_data_no_check,datomic/db$accept_index,datomic/db$accept_index$fn__13644,datomic/db$accept_index$fn__13644$adopt__13645,datomic/db$accept_index$fn__13644$fn__13648,datomic/db$accept_index$fn__13644$fn__13650,datomic/db$accept_index$fn__13644$fn__13652,datomic/db$accept_index$fn__13644$fn__13654,datomic/db$accept_index$fn__13644$fn__13656,datomic/db$accept_txes,datomic/db$add_avet,datomic/db$add_avet$fn__13199,datomic/db$add_constituents,datomic/db$add_constituents$fn__13127,datomic/db$add_constituents$fn__13129,datomic/db$add_ensured_data,datomic/db$add_ensured_data$fn__14094,datomic/db$add_fulltext,datomic/db$add_fulltext$fn__14059,datomic/db$add_fulltext$fn__14059$fn__14060,datomic/db$add_fulltext$fn__14059$fn__14060$fn__14061,datomic/db$add_hook,datomic/db$add_log,datomic/db$add_system_eids,datomic/db$add_system_eids$fn__12495,datomic/db$add_tempids_to_errors,datomic/db$add_unique,datomic/db$add_upgrade_data,datomic/db$add_upgrade_data$fn__13617,datomic/db$alter_attribute,datomic/db$alter_attribute$attr__13216,datomic/db$alter_attribute$fn__13220,datomic/db$alter_attribute_hook,datomic/db$as_of_t,datomic/db$asserting_datum,datomic/db$assertion_QMARK_,datomic/db$assertion_policy_compare,datomic/db$attr_hook_attr_ids,datomic/db$attr_hook_attr_ids$fn__13050,datomic/db$attr_index_range,datomic/db$attr_index_range$fn__12954,datomic/db$attr_info,datomic/db$attr_tuple_attrs,datomic/db$attribute,datomic/db$attribute_seq,datomic/db$attrs_missing_hooks,datomic/db$bootstrap_db,datomic/db$bootstrap_db_STAR_,datomic/db$bootstrap_db_STAR_$ad__14149,datomic/db$bootstrap_db_STAR_$fn__14154,datomic/db$bootstrap_db_STAR_$fn__14156,datomic/db$bootstrap_db_STAR_$fn__14158,datomic/db$bootstrap_maybe_resolve,datomic/db$calc_tempids,datomic/db$calc_tempids$fn__13968,datomic/db$can_immediately_toggle_storage_has_avet_QMARK_,datomic/db$canonicalize_v,datomic/db$card_many__GT_card_one,datomic/db$card_one__GT_card_many,datomic/db$card_one_violator,datomic/db$card_one_violator$fn__13141,datomic/db$cloud_compat_validator,datomic/db$coerce_tuple,datomic/db$coerce_tuple$fn__13818,datomic/db$complete_indexing,datomic/db$composites_prefetcher,datomic/db$composites_prefetcher$fn__13947,datomic/db$composites_prefetcher$fn__13947$fn__13948,datomic/db$constituent_of,datomic/db$create_attr_pred,datomic/db$create_attr_pred$fn__13097,datomic/db$create_attr_pred$fn__13099,datomic/db$create_attribute,datomic/db$create_attribute$fn__13118,datomic/db$create_attribute$fn__13120,datomic/db$create_attribute$fn__13123,datomic/db$create_attribute$norm__13116,datomic/db$create_card_one_validator,datomic/db$create_card_one_validator$fn__13305,datomic/db$create_cloud_compat_validator,datomic/db$create_cloud_compat_validator$fn__13347,datomic/db$create_composite,datomic/db$create_composite$fn__13925,datomic/db$create_deduper,datomic/db$create_deduper$fn__13270,datomic/db$create_op_validator,datomic/db$create_op_validator$fn__13301,datomic/db$create_schema_validator,datomic/db$create_schema_validator$fn__13273,datomic/db$create_simple_alter,datomic/db$create_simple_alter$fn__13202,datomic/db$create_unique_value_validator,datomic/db$create_unique_value_validator$fn__13309,datomic/db$data_needs_index_QMARK_,datomic/db$data_needs_index_QMARK_$fn__13177,datomic/db$datom_error_desc,datomic/db$datom_tuple_attrs,datomic/db$datoms,datomic/db$datoms$fn__12930,datomic/db$datoms$fn__12932,datomic/db$datoms$fn__12934,datomic/db$datoms$fn__12936,datomic/db$datoms$fn__12938,datomic/db$datoms$fn__12938$fn__12939,datomic/db$datoms_conflict,datomic/db$datum,datomic/db$db,datomic/db$default_partition,datomic/db$dget,datomic/db$distinct_last_by,datomic/db$distinct_last_by$step__12863,datomic/db$distinct_last_by$step__12863$fn__12867,datomic/db$drop_avet,datomic/db$drop_unique,datomic/db$ea__GT_v,datomic/db$eid__GT_eidx,datomic/db$eid__GT_part,datomic/db$empty_tx_stat_registers,datomic/db$empty_tx_stat_registers$fn__13406,datomic/db$ensure_datom_QMARK_,datomic/db$ensure_entity_BANG_,datomic/db$ensure_pred,datomic/db$ensure_tx,datomic/db$entid_at,datomic/db$entity_error_desc,datomic/db$expand_map,datomic/db$expand_map$fn__13734,datomic/db$expand_map$fn__13734$fn__13739,datomic/db$expand_map$hook_entry_QMARK___13731,datomic/db$expand_submap,datomic/db$explicit_partition,datomic/db$extended_resolve_id,datomic/db$filter_assess_tx_datoms,datomic/db$filter_assess_tx_datoms$fn__13351,datomic/db$filter_assess_tx_datoms$fn__13358,datomic/db$filter_assess_tx_datoms$fn__13361,datomic/db$filter_retractions,datomic/db$filter_retractions$eat_past__12641,datomic/db$filter_retractions$next_skip__12650,datomic/db$filter_retractions$reify__12652,datomic/db$filter_retractions$skip__12647,datomic/db$find_aevt,datomic/db$find_aevt$fn__12973,datomic/db$find_alter_fn,datomic/db$find_alter_fn$fn__13207,datomic/db$find_alter_fn$fn__13209,datomic/db$find_alter_fn$fn__13209$fn__13210,datomic/db$find_alter_fn$fn__13213,datomic/db$find_avet,datomic/db$find_avet$fn__12964,datomic/db$find_eavt,datomic/db$find_eavt$fn__12986,datomic/db$find_last_tx,datomic/db$find_last_tx$fn__13597,datomic/db$find_last_tx$fn__13597$fn__13599,datomic/db$find_raet,datomic/db$find_raet$fn__13002,datomic/db$finish_init,datomic/db$fn__12386,datomic/db$fn__12389,datomic/db$fn__12391,datomic/db$fn__12393,datomic/db$fn__12395,datomic/db$fn__12410,datomic/db$fn__12410$__GT_DbId__12429,datomic/db$fn__12410$map__GT_DbId__12431,datomic/db$fn__12434,datomic/db$fn__12436,datomic/db$fn__12445,datomic/db$fn__12448,datomic/db$fn__12448$G__12443__12459,datomic/db$fn__12448$G__12444__12453,datomic/db$fn__12469,datomic/db$fn__12472,datomic/db$fn__12472$G__12465__12477,datomic/db$fn__12472$G__12466__12474,datomic/db$fn__12483,datomic/db$fn__12483$G__12467__12488,datomic/db$fn__12483$G__12468__12485,datomic/db$fn__12499,datomic/db$fn__12501,datomic/db$fn__12503,datomic/db$fn__12505,datomic/db$fn__12507,datomic/db$fn__12516,datomic/db$fn__12516$__GT_Datum__12528,datomic/db$fn__12531,datomic/db$fn__12545,datomic/db$fn__12548,datomic/db$fn__12548$__GT_Attribute__12594,datomic/db$fn__12548$map__GT_Attribute__12596,datomic/db$fn__12629,datomic/db$fn__12632,datomic/db$fn__12656,datomic/db$fn__12656$__GT_Partition__12674,datomic/db$fn__12656$map__GT_Partition__12676,datomic/db$fn__12684,datomic/db$fn__12684$__GT_ValueType__12705,datomic/db$fn__12684$map__GT_ValueType__12707,datomic/db$fn__12714,datomic/db$fn__12714$__GT_AttrInfo__12726,datomic/db$fn__12729,datomic/db$fn__12735,datomic/db$fn__12735$__GT_Function__12762,datomic/db$fn__12735$map__GT_Function__12764,datomic/db$fn__12768,datomic/db$fn__12768$__GT_IndexSet__12795,datomic/db$fn__12768$map__GT_IndexSet__12797,datomic/db$fn__13205,datomic/db$fn__13281,datomic/db$fn__13281$__GT_AVof__13284,datomic/db$fn__13287,datomic/db$fn__13287$__GT_EAVof__13291,datomic/db$fn__13294,datomic/db$fn__13294$__GT_EAOpof__13298,datomic/db$fn__13367,datomic/db$fn__13367$__GT_MemLog__13382,datomic/db$fn__13367$map__GT_MemLog__13384,datomic/db$fn__13421,datomic/db$fn__13421$__GT_Db__13564,datomic/db$fn__13421$map__GT_Db__13566,datomic/db$fn__13569,datomic/db$fn__13606,datomic/db$fn__13608,datomic/db$fn__13610,datomic/db$fn__13664,datomic/db$fn__13666,datomic/db$fn__13668,datomic/db$fn__13668$__GT_ProcessCollector__13670,datomic/db$fn__13699,datomic/db$fn__13701,datomic/db$fn__13704,datomic/db$fn__13704$__GT_PartitionRequests__13715,datomic/db$fn__13751,datomic/db$fn__13754,datomic/db$fn__13754$G__13749__13759,datomic/db$fn__13754$G__13750__13756,datomic/db$fn__13765,datomic/db$fn__13767,datomic/db$fn__13769,datomic/db$fn__13771,datomic/db$fn__13773,datomic/db$fn__13775,datomic/db$fn__13777,datomic/db$fn__13779,datomic/db$fn__13781,datomic/db$fn__13783,datomic/db$fn__13785,datomic/db$fn__13787,datomic/db$fn__13789,datomic/db$fn__13793,datomic/db$fn__13796,datomic/db$fn__13796$G__13791__13801,datomic/db$fn__13796$G__13792__13798,datomic/db$fn__13807,datomic/db$fn__13809,datomic/db$fn__13811,datomic/db$fn__13813,datomic/db$fn__13815,datomic/db$fn__13853,datomic/db$fn__13853$__GT_ProcessInpoint__13863,datomic/db$fn__13903,datomic/db$fn__13906,datomic/db$fn__13906$G__13901__13911,datomic/db$fn__13906$G__13902__13908,datomic/db$fn__13932,datomic/db$fn__14000,datomic/db$fn__14000$__GT_ProcessExpander__14037,datomic/db$fn__14040,datomic/db$fn__14040$fn__14041,datomic/db$fn__14127,datomic/db$fn__14161,datomic/db$for_side_effects,datomic/db$for_side_effects$fn__13943,datomic/db$force_map_keywords,datomic/db$force_map_keywords$fn__13677,datomic/db$force_map_keywords$fn__13681,datomic/db$forward_attr,datomic/db$fulltext_QMARK_,datomic/db$fulltext_attrs,datomic/db$functional_attr_ids,datomic/db$generate_composites,datomic/db$generate_composites$fn__13958,datomic/db$get_eidx,datomic/db$get_entity,datomic/db$get_entity$fn__13016,datomic/db$get_hook,datomic/db$get_ids,datomic/db$get_ids$fn__13872,datomic/db$get_ids$fn__13881,datomic/db$get_ids$genid__13875,datomic/db$get_part,datomic/db$get_prefetch_dispatcher,datomic/db$get_prefetch_dispatcher$reify__14046,datomic/db$get_prefetch_dispatcher$reify__14046$fn__14047,datomic/db$get_prefetch_dispatcher$reify__14050,datomic/db$growvec,datomic/db$has_background_indexing_QMARK_,datomic/db$has_memory_index_QMARK_,datomic/db$has_tx_inst_QMARK_,datomic/db$has_tx_inst_QMARK_$fn__13893,datomic/db$has_unique_id_QMARK_,datomic/db$has_unique_id_QMARK_$fn__13696,datomic/db$has_unique_id_QMARK_$unique_id_QMARK___13694,datomic/db$has_values_QMARK_,datomic/db$id_literal,datomic/db$ident_setting_datoms,datomic/db$ident_setting_datoms$fn__13574,datomic/db$ident_setting_datoms$fn__13576,datomic/db$implicit_part,datomic/db$implicit_part_id,datomic/db$index_sort__GT_cmp,datomic/db$init_db,datomic/db$init_db$assert_kw__14140,datomic/db$inject_retracts_BANG_,datomic/db$inject_retracts_BANG_$fn__13846,datomic/db$install_attribute_errors,datomic/db$install_attribute_errors$fn__13080,datomic/db$install_attribute_errors$fn__13082,datomic/db$install_attribute_errors$fn__13084,datomic/db$install_attribute_errors$fn__13088,datomic/db$install_attribute_hook,datomic/db$install_function_hook,datomic/db$install_partition_hook,datomic/db$install_vtype_hook,datomic/db$installed_attribute_QMARK_,datomic/db$invoke,datomic/db$is_indexing_QMARK_,datomic/db$key_hook,datomic/db$key_hook$fn__13040,datomic/db$loading__6434__auto____11719,datomic/db$local_tuple,datomic/db$local_tuple$fn__13917,datomic/db$long_add_BANG_,datomic/db$make_child_id,datomic/db$make_eid,datomic/db$make_tempid,datomic/db$maybe_require_ids,datomic/db$memdb_needs_index_QMARK_,datomic/db$memdb_needs_index_QMARK_$fn__13189,datomic/db$memlog,datomic/db$memlog_txes_since,datomic/db$memory_db,datomic/db$missing_attrs,datomic/db$missing_attrs$fn__14072,datomic/db$needs_avet_QMARK_,datomic/db$nested_entity_map_QMARK_,datomic/db$new_ents_not_installed,datomic/db$new_ents_not_installed$needs_install_QMARK___13329,datomic/db$next_id,datomic/db$next_valid_inst,datomic/db$normalize_kw,datomic/db$normalize_map,datomic/db$on_schema_level,datomic/db$part_requests,datomic/db$partbits,datomic/db$partition_eid,datomic/db$pf_close_BANG_,datomic/db$prefetch_BANG_,datomic/db$prefetch_constituents,datomic/db$prefetch_constituents$fn__13936,datomic/db$prefetch_constituents$fn__13936$fn__13937,datomic/db$prefetch_identity,datomic/db$prefetch_identity$fn__13992,datomic/db$prefetch_redundancy_PLUS_uniqueness,datomic/db$prefetch_redundancy_PLUS_uniqueness$fn__13978,datomic/db$prefetch_redundancy_PLUS_uniqueness$fn__13978$fn__13979,datomic/db$prepare_for_indexing,datomic/db$pretty_datum,datomic/db$prevent_ident_retarget_BANG_,datomic/db$process_expander,datomic/db$process_force_partition,datomic/db$process_force_partition$fn__13724,datomic/db$process_match_partition,datomic/db$process_match_partition$fn__13727,datomic/db$recalc_elements,datomic/db$recalc_elements$fn__13630,datomic/db$reify__12535,datomic/db$reify__12537,datomic/db$reify__12539,datomic/db$reify__12541,datomic/db$require_attr,datomic/db$require_attrid,datomic/db$require_id,datomic/db$require_kw,datomic/db$require_tuple_ids,datomic/db$require_tuple_ids$fn__12619,datomic/db$require_tuple_ids$fn__12621,datomic/db$require_tuple_ids$resolve__12616,datomic/db$reserved_keyword_QMARK_,datomic/db$reserved_partition_QMARK_,datomic/db$resolve_dbid,datomic/db$resolve_id,datomic/db$resolve_kw,datomic/db$resolve_lookup_ref,datomic/db$resolve_procid,datomic/db$retracting_datum,datomic/db$retracts_QMARK_,datomic/db$reverse_comparator,datomic/db$reverse_comparator$reify__12845,datomic/db$reverse_datum_spec,datomic/db$reverse_key,datomic/db$reverse_key_QMARK_,datomic/db$reverse_lookup_QMARK_,datomic/db$rseek_datoms,datomic/db$rseek_datoms$fn__12899,datomic/db$rseek_datoms$fn__12901,datomic/db$rseek_index,datomic/db$rseek_index$fn__12854,datomic/db$rseek_index$rseek__12851,datomic/db$run_hooks,datomic/db$run_hooks$fn__13583,datomic/db$run_hooks$fn__13586,datomic/db$run_hooks$fn__13593,datomic/db$safe_compile_function,datomic/db$safe_compile_function$fn__13242,datomic/db$safe_compile_function$fn__13244,datomic/db$safe_compile_function$try_compile__13238,datomic/db$safe_compile_function$try_compile__13238$fn__13239,datomic/db$scan_aevt,datomic/db$scan_aevt$fn__13258,datomic/db$seek_datoms,datomic/db$seek_datoms$fn__12829,datomic/db$seek_datoms$fn__12831,datomic/db$seek_datoms$fn__12833,datomic/db$seek_datoms$fn__12835,datomic/db$seek_datoms$fn__12837,datomic/db$set_element_fields,datomic/db$set_element_fields$fn__13148,datomic/db$string_tempid,datomic/db$string_tempid_QMARK_,datomic/db$summarize_tx_stats,datomic/db$summarize_tx_stats$fn__13409,datomic/db$supports_tuples_QMARK_,datomic/db$system_datom_QMARK_,datomic/db$system_eid,datomic/db$system_schema_datom_QMARK_,datomic/db$system_schema_namespace_QMARK_,datomic/db$system_tx_hook,datomic/db$t__GT_tx,datomic/db$t_at_or_since,datomic/db$t_needing_avet,datomic/db$t_needing_excise,datomic/db$t_needing_index_job,datomic/db$tempid,datomic/db$tempid_QMARK_,datomic/db$timed_tx_stat,datomic/db$to_kw,datomic/db$trim_log,datomic/db$trim_log$fn__13390,datomic/db$ts_needing_index,datomic/db$tuple_attr_value_type,datomic/db$tuple_install_errors,datomic/db$tuple_install_errors$fn__13063,datomic/db$tuple_install_errors$fn__13065,datomic/db$tuple_install_errors$fn__13067,datomic/db$tx_data_for_latest_schema_level,datomic/db$tx_data_for_latest_schema_level$fn__14133,datomic/db$unique_violator,datomic/db$unique_violator$fn__13144,datomic/db$update_schema_level,datomic/db$updates_v_QMARK_,datomic/db$use_transactor_tempid_range,datomic/db$user_proc_QMARK_,datomic/db$v_error_desc,datomic/db$valid_partbits_QMARK_,datomic/db$valid_tuple_assert_QMARK_,datomic/db$valid_tuple_assert_QMARK_$fn__13831,datomic/db$valid_tuple_assert_QMARK_$fn__13833,datomic/db$valid_tuple_assert_QMARK_$valid_QMARK___13825,datomic/db$validate_hook_target,datomic/db$validated_tuple,datomic/db$validated_v_for_attr,datomic/db$value_type,datomic/db$windowed,datomic/db$windowed$fn__12800,datomic/db$with_tx,datomic/db$with_tx$inject_all__14099,datomic/db$with_tx$inject_all__14099$fn__14100,datomic/db$with_tx_PLUS_opts,datomic/db$with_tx_PLUS_opts$f__14109,datomic/db$with_tx_PLUS_opts$fn__14111,datomic/db$wrong_type_for_attribute,datomic/db/AVof,datomic/db/AssignPartitions,datomic/db/AttrInfo,datomic/db/Attribute,datomic/db/Attribute$reify__12552,datomic/db/Attribute$reify__12554,datomic/db/Attribute$reify__12556,datomic/db/Attribute$reify__12558,datomic/db/Attribute$reify__12560,datomic/db/Attribute$reify__12562,datomic/db/Attribute$reify__12564,datomic/db/Attribute$reify__12566,datomic/db/Attribute$reify__12568,datomic/db/Attribute$reify__12570,datomic/db/Attribute$reify__12572,datomic/db/CoerceV,datomic/db/Datum,datomic/db/Db,datomic/db/Db$fn__13466,datomic/db/Db$fn__13468,datomic/db/Db$fn__13470,datomic/db/Db$fn__13475,datomic/db/Db$reify__13425,datomic/db/Db$reify__13427,datomic/db/Db$reify__13429,datomic/db/Db$reify__13431,datomic/db/Db$reify__13433,datomic/db/Db$reify__13435,datomic/db/Db$reify__13437,datomic/db/Db$reify__13439,datomic/db/Db$reify__13441,datomic/db/Db$reify__13443,datomic/db/Db$reify__13445,datomic/db/Db$reify__13447,datomic/db/Db$reify__13449,datomic/db/Db$reify__13451,datomic/db/Db$reify__13453,datomic/db/Db$reify__13455,datomic/db/Db$reify__13457,datomic/db/Db$reify__13459,datomic/db/Db$reify__13461,datomic/db/Db$reify__13463,datomic/db/DbId,datomic/db/DbId$reify__12414,datomic/db/DbId$reify__12416,datomic/db/EAOpof,datomic/db/EAVof,datomic/db/Function,datomic/db/Function$reify__12739,datomic/db/Function$reify__12741,datomic/db/Function$reify__12743,datomic/db/Function$reify__12745,datomic/db/Function$reify__12747,datomic/db/GetPartition,datomic/db/IAttributeImpl,datomic/db/IDatumImpl,datomic/db/IDb,datomic/db/IDbImpl,datomic/db/IElementImpl,datomic/db/IProcess,datomic/db/IProcessExpander,datomic/db/IndexSet,datomic/db/IndexSet$reify__12772,datomic/db/IndexSet$reify__12774,datomic/db/IndexSet$reify__12776,datomic/db/IndexSet$reify__12778,datomic/db/IndexSet$reify__12780,datomic/db/LocalDb,datomic/db/LocalizeTempid,datomic/db/MemLog,datomic/db/MemLog$reify__13371,datomic/db/Partition,datomic/db/Partition$reify__12660,datomic/db/Partition$reify__12662,datomic/db/PartitionRequests,datomic/db/PartitionRequests$fn__13705,datomic/db/PrefetchDispatcher,datomic/db/ProcessCollector,datomic/db/ProcessExpander,datomic/db/ProcessExpander$fn__14001,datomic/db/ProcessExpander$fn__14025,datomic/db/ProcessExpander$fn__14027,datomic/db/ProcessExpander$fn__14029,datomic/db/ProcessExpander$replace_tempid__14006,datomic/db/ProcessExpander$replace_tempids__14011,datomic/db/ProcessExpander$replace_tempids__14011$fn__14016,datomic/db/ProcessExpander$replace_tempids__14011$fn__14018,datomic/db/ProcessExpander$replace_tempids__14011$tempid_at_index_QMARK___14012,datomic/db/ProcessInpoint,datomic/db/Symbolish,datomic/db/TupleElem,datomic/db/ValueType,datomic/db/ValueType$reify__12688,datomic/db/ValueType$reify__12690,datomic/db/ValueType$reify__12692
datomic.db	primary-namespace	datomic.impl	13	11	0	2	3	datomic/impl/Circular,datomic/impl/Exceptions$IllegalArgumentExceptionInfo,datomic/impl/Exceptions$IllegalStateExceptionInfo
datomic.db	primary-namespace	datomic.impl.db	588	270	0	318	1	datomic/impl/db/IDatum
datomic.db	primary-namespace	datomic.iter	37	1	0	36	1	datomic/iter/Iter
datomic.db-io	companion-jar	clojure-1.11.4.jar	897	305	2	590	24	clojure/lang/AFn,clojure/lang/AFunction,clojure/lang/Associative,clojure/lang/Compiler,clojure/lang/IFn,clojure/lang/ILookupSite,clojure/lang/ILookupThunk,clojure/lang/IPersistentList,clojure/lang/IPersistentMap,clojure/lang/IPersistentVector,clojure/lang/ISeq,clojure/lang/Keyword,clojure/lang/KeywordLookupSite,clojure/lang/LockingTransaction,clojure/lang/Namespace,clojure/lang/Numbers,clojure/lang/PersistentHashMap,clojure/lang/PersistentList,clojure/lang/RT,clojure/lang/RestFn,clojure/lang/Symbol,clojure/lang/Tuple,clojure/lang/Util,clojure/lang/Var
datomic.db-io	jdk	java.lang	678	11	8	659	8	java/lang/Boolean,java/lang/Class,java/lang/ClassLoader,java/lang/Integer,java/lang/Long,java/lang/Number,java/lang/Object,java/lang/String
datomic.db-io	jdk	java.util	23	7	0	16	3	java/util/Arrays,java/util/List,java/util/concurrent/Callable
datomic.db-io	primary-namespace	datomic	2	1	0	1	1	datomic/Database
datomic.db-io	primary-namespace	datomic.cluster	3	1	0	2	1	datomic/cluster/ClusteredStore
datomic.db-io	primary-namespace	datomic.db-io	22	11	0	11	11	datomic/db_io$db_resources,datomic/db_io$fn__17056,datomic/db_io$index_db,datomic/db_io$index_includes_some_log_tail_QMARK_,datomic/db_io$load_db_from_basis,datomic/db_io$loading__6434__auto____11067,datomic/db_io$log,datomic/db_io$most_current_db,datomic/db_io$most_current_db$basis__17069,datomic/db_io$most_current_db$fn__17071,datomic/db_io$storage_resources
datomic.ddb	companion-jar	aws-java-sdk-core-1.12.564.jar	272	79	0	193	12	com/amazonaws/AmazonServiceException,com/amazonaws/AmazonWebServiceClient,com/amazonaws/AmazonWebServiceRequest,com/amazonaws/AmazonWebServiceResult,com/amazonaws/ClientConfiguration,com/amazonaws/ResponseMetadata,com/amazonaws/auth/AWSCredentials,com/amazonaws/auth/AWSCredentialsProvider,com/amazonaws/auth/DefaultAWSCredentialsProviderChain,com/amazonaws/event/ProgressListener,com/amazonaws/http/SdkHttpMetadata,com/amazonaws/metrics/RequestMetricCollector
datomic.ddb	companion-jar	aws-java-sdk-dynamodb-1.12.564.jar	416	167	0	249	41	com/amazonaws/services/dynamodbv2/AmazonDynamoDBClient,com/amazonaws/services/dynamodbv2/model/ArchivalSummary,com/amazonaws/services/dynamodbv2/model/AttributeDefinition,com/amazonaws/services/dynamodbv2/model/AttributeValue,com/amazonaws/services/dynamodbv2/model/BillingModeSummary,com/amazonaws/services/dynamodbv2/model/ComparisonOperator,com/amazonaws/services/dynamodbv2/model/ConditionalOperator,com/amazonaws/services/dynamodbv2/model/ConsumedCapacity,com/amazonaws/services/dynamodbv2/model/CreateTableRequest,com/amazonaws/services/dynamodbv2/model/CreateTableResult,com/amazonaws/services/dynamodbv2/model/DeleteItemRequest,com/amazonaws/services/dynamodbv2/model/DeleteItemResult,com/amazonaws/services/dynamodbv2/model/DeleteTableRequest,com/amazonaws/services/dynamodbv2/model/DeleteTableResult,com/amazonaws/services/dynamodbv2/model/DescribeTableRequest,com/amazonaws/services/dynamodbv2/model/DescribeTableResult,com/amazonaws/services/dynamodbv2/model/ExpectedAttributeValue,com/amazonaws/services/dynamodbv2/model/GetItemRequest,com/amazonaws/services/dynamodbv2/model/GetItemResult,com/amazonaws/services/dynamodbv2/model/ItemCollectionMetrics,com/amazonaws/services/dynamodbv2/model/KeySchemaElement,com/amazonaws/services/dynamodbv2/model/KeyType,com/amazonaws/services/dynamodbv2/model/ListTablesRequest,com/amazonaws/services/dynamodbv2/model/ListTablesResult,com/amazonaws/services/dynamodbv2/model/ProvisionedThroughput,com/amazonaws/services/dynamodbv2/model/ProvisionedThroughputDescription,com/amazonaws/services/dynamodbv2/model/PutItemRequest,com/amazonaws/services/dynamodbv2/model/PutItemResult,com/amazonaws/services/dynamodbv2/model/RestoreSummary,com/amazonaws/services/dynamodbv2/model/ReturnConsumedCapacity,com/amazonaws/services/dynamodbv2/model/ReturnItemCollectionMetrics,com/amazonaws/services/dynamodbv2/model/ReturnValue,com/amazonaws/services/dynamodbv2/model/ReturnValuesOnConditionCheckFailure,com/amazonaws/services/dynamodbv2/model/SSEDescription,com/amazonaws/services/dynamodbv2/model/SSESpecification,com/amazonaws/services/dynamodbv2/model/ScalarAttributeType,com/amazonaws/services/dynamodbv2/model/StreamSpecification,com/amazonaws/services/dynamodbv2/model/TableClassSummary,com/amazonaws/services/dynamodbv2/model/TableDescription,com/amazonaws/services/dynamodbv2/model/UpdateTableRequest,com/amazonaws/services/dynamodbv2/model/UpdateTableResult
datomic.ddb	companion-jar	clojure-1.11.4.jar	10266	3638	37	6591	26	clojure/lang/AFn,clojure/lang/AFunction,clojure/lang/Associative,clojure/lang/Compiler,clojure/lang/IFn,clojure/lang/ILookupSite,clojure/lang/ILookupThunk,clojure/lang/IObj,clojure/lang/IPersistentList,clojure/lang/IPersistentMap,clojure/lang/IPersistentVector,clojure/lang/ISeq,clojure/lang/Keyword,clojure/lang/KeywordLookupSite,clojure/lang/LockingTransaction,clojure/lang/MultiFn,clojure/lang/Namespace,clojure/lang/PersistentArrayMap,clojure/lang/PersistentHashSet,clojure/lang/PersistentList,clojure/lang/RT,clojure/lang/RestFn,clojure/lang/Symbol,clojure/lang/Tuple,clojure/lang/Util,clojure/lang/Var
datomic.ddb	companion-jar	slf4j-api-1.7.32.jar	6	3	0	3	2	org/slf4j/Logger,org/slf4j/LoggerFactory
datomic.ddb	jdk	java.lang	8877	23	230	8624	9	java/lang/Boolean,java/lang/Class,java/lang/ClassLoader,java/lang/Integer,java/lang/Long,java/lang/Number,java/lang/Object,java/lang/String,java/lang/Throwable
datomic.ddb	jdk	java.nio	3	0	0	3	1	java/nio/ByteBuffer
datomic.ddb	jdk	java.util	120	17	0	103	6	java/util/Arrays,java/util/Collection,java/util/Date,java/util/List,java/util/Map,java/util/concurrent/Callable
datomic.ddb	primary-namespace	datomic.datafy	24	8	0	16	1	datomic/datafy/ObjectToData
datomic.ddb	primary-namespace	datomic.ddb	136	68	0	68	68	datomic/ddb$client,datomic/ddb$create_item,datomic/ddb$create_item$fn__17705,datomic/ddb$create_key,datomic/ddb$create_table,datomic/ddb$deattr,datomic/ddb$deitem,datomic/ddb$deitem$fn__17714,datomic/ddb$delete_item,datomic/ddb$delete_table,datomic/ddb$describe_table,datomic/ddb$fn__17402,datomic/ddb$fn__17405,datomic/ddb$fn__17405$fn__17407,datomic/ddb$fn__17413,datomic/ddb$fn__17413$fn__17415,datomic/ddb$fn__17421,datomic/ddb$fn__17421$fn__17423,datomic/ddb$fn__17429,datomic/ddb$fn__17429$fn__17431,datomic/ddb$fn__17437,datomic/ddb$fn__17437$fn__17439,datomic/ddb$fn__17445,datomic/ddb$fn__17445$fn__17447,datomic/ddb$fn__17453,datomic/ddb$fn__17453$fn__17455,datomic/ddb$fn__17461,datomic/ddb$fn__17461$fn__17462,datomic/ddb$fn__17465,datomic/ddb$fn__17465$fn__17466,datomic/ddb$fn__17469,datomic/ddb$fn__17472,datomic/ddb$fn__17475,datomic/ddb$fn__17478,datomic/ddb$fn__17481,datomic/ddb$fn__17484,datomic/ddb$fn__17487,datomic/ddb$fn__17490,datomic/ddb$fn__17493,datomic/ddb$fn__17495,datomic/ddb$fn__17498,datomic/ddb$fn__17501,datomic/ddb$fn__17503,datomic/ddb$fn__17506,datomic/ddb$fn__17509,datomic/ddb$fn__17512,datomic/ddb$fn__17516,datomic/ddb$fn__17524,datomic/ddb$fn__17534,datomic/ddb$fn__17546,datomic/ddb$fn__17556,datomic/ddb$fn__17582,datomic/ddb$fn__17588,datomic/ddb$fn__17600,datomic/ddb$fn__17608,datomic/ddb$fn__17616,datomic/ddb$fn__17666,datomic/ddb$fn__17678,datomic/ddb$fn__17686,datomic/ddb$fullname,datomic/ddb$get_item,datomic/ddb$get_item_STAR_,datomic/ddb$list_tables,datomic/ddb$loading__6434__auto____17152,datomic/ddb$log_errors,datomic/ddb$put_item,datomic/ddb$put_item_STAR_,datomic/ddb$update_table
datomic.ddb-cluster	companion-jar	aws-java-sdk-core-1.12.564.jar	2	1	0	1	1	com/amazonaws/auth/DefaultAWSCredentialsProviderChain
datomic.ddb-cluster	companion-jar	clojure-1.11.4.jar	425	144	2	279	21	clojure/lang/AFn,clojure/lang/AFunction,clojure/lang/Associative,clojure/lang/Compiler,clojure/lang/IFn,clojure/lang/ILookupSite,clojure/lang/ILookupThunk,clojure/lang/IPersistentList,clojure/lang/IPersistentMap,clojure/lang/IPersistentVector,clojure/lang/ISeq,clojure/lang/Keyword,clojure/lang/KeywordLookupSite,clojure/lang/LockingTransaction,clojure/lang/Namespace,clojure/lang/PersistentHashMap,clojure/lang/PersistentList,clojure/lang/RT,clojure/lang/Symbol,clojure/lang/Tuple,clojure/lang/Var
datomic.ddb-cluster	jdk	java.lang	321	5	3	313	6	java/lang/Boolean,java/lang/Class,java/lang/ClassLoader,java/lang/Integer,java/lang/Object,java/lang/String
datomic.ddb-cluster	jdk	java.util	8	2	0	6	3	java/util/Arrays,java/util/List,java/util/concurrent/Callable
datomic.ddb-cluster	primary-namespace	datomic.ddb-cluster	8	4	0	4	4	datomic/ddb_cluster$create_connection,datomic/ddb_cluster$fn__20500,datomic/ddb_cluster$key_path,datomic/ddb_cluster$loading__6434__auto____20363
datomic.ddb-s3-cluster	companion-jar	clojure-1.11.4.jar	2792	912	4	1876	27	clojure/lang/AFn,clojure/lang/AFunction,clojure/lang/AReference,clojure/lang/Associative,clojure/lang/Compiler,clojure/lang/Delay,clojure/lang/IFn,clojure/lang/ILookupSite,clojure/lang/ILookupThunk,clojure/lang/IObj,clojure/lang/IPersistentList,clojure/lang/IPersistentMap,clojure/lang/IPersistentVector,clojure/lang/ISeq,clojure/lang/Keyword,clojure/lang/KeywordLookupSite,clojure/lang/LockingTransaction,clojure/lang/Namespace,clojure/lang/Numbers,clojure/lang/PersistentArrayMap,clojure/lang/PersistentHashMap,clojure/lang/PersistentList,clojure/lang/RT,clojure/lang/Symbol,clojure/lang/Tuple,clojure/lang/Util,clojure/lang/Var
datomic.ddb-s3-cluster	companion-jar	slf4j-api-1.7.32.jar	6	3	0	3	2	org/slf4j/Logger,org/slf4j/LoggerFactory
datomic.ddb-s3-cluster	jdk	java.lang	2056	35	45	1976	10	java/lang/AssertionError,java/lang/Boolean,java/lang/Class,java/lang/ClassLoader,java/lang/Integer,java/lang/Long,java/lang/Number,java/lang/Object,java/lang/String,java/lang/Throwable
datomic.ddb-s3-cluster	jdk	java.util	38	13	0	25	5	java/util/Arrays,java/util/List,java/util/concurrent/Callable,java/util/concurrent/Semaphore,java/util/regex/Pattern
datomic.ddb-s3-cluster	primary-namespace	datomic.cluster	6	2	0	4	1	datomic/cluster/ClusteredStore
datomic.ddb-s3-cluster	primary-namespace	datomic.ddb-s3-cluster	50	25	0	25	24	datomic/ddb_s3_cluster$create_connection,datomic/ddb_s3_cluster$create_connection_with_efs,datomic/ddb_s3_cluster$create_connection_without_efs,datomic/ddb_s3_cluster$create_s3_store,datomic/ddb_s3_cluster$create_s3_store$fn__22786,datomic/ddb_s3_cluster$create_s3_store$retry_fn__22791,datomic/ddb_s3_cluster$ensure_config,datomic/ddb_s3_cluster$ensure_config$fn__22778,datomic/ddb_s3_cluster$ensure_system,datomic/ddb_s3_cluster$fn__22742,datomic/ddb_s3_cluster$fn__22744,datomic/ddb_s3_cluster$fn__22744$fn__22745,datomic/ddb_s3_cluster$fn__22749,datomic/ddb_s3_cluster$fn__22749$fn__22750,datomic/ddb_s3_cluster$fn__22754,datomic/ddb_s3_cluster$fn__22754$fn__22755,datomic/ddb_s3_cluster$fn__22759,datomic/ddb_s3_cluster$fn__22759$fn__22760,datomic/ddb_s3_cluster$fn__22764,datomic/ddb_s3_cluster$fn__22764$fn__22765,datomic/ddb_s3_cluster$get_config_refval,datomic/ddb_s3_cluster$get_valid_config_BANG_,datomic/ddb_s3_cluster$loading__6434__auto____22590,datomic/ddb_s3_cluster$storage_path
datomic.ddb-values	companion-jar	clojure-1.11.4.jar	2799	885	4	1910	27	clojure/lang/AFn,clojure/lang/AFunction,clojure/lang/Associative,clojure/lang/Compiler,clojure/lang/Delay,clojure/lang/IFn,clojure/lang/IFn$OL,clojure/lang/ILookupSite,clojure/lang/ILookupThunk,clojure/lang/IObj,clojure/lang/IPersistentList,clojure/lang/IPersistentMap,clojure/lang/IPersistentVector,clojure/lang/ISeq,clojure/lang/Keyword,clojure/lang/KeywordLookupSite,clojure/lang/LockingTransaction,clojure/lang/Numbers,clojure/lang/PersistentArrayMap,clojure/lang/PersistentHashMap,clojure/lang/PersistentList,clojure/lang/PersistentVector,clojure/lang/RT,clojure/lang/Symbol,clojure/lang/Tuple,clojure/lang/Util,clojure/lang/Var
datomic.ddb-values	companion-jar	slf4j-api-1.7.32.jar	84	42	0	42	2	org/slf4j/Logger,org/slf4j/LoggerFactory
datomic.ddb-values	jdk	java.lang	2251	41	25	2185	10	java/lang/Boolean,java/lang/Class,java/lang/ClassLoader,java/lang/Integer,java/lang/Long,java/lang/Number,java/lang/Object,java/lang/String,java/lang/System,java/lang/Throwable
datomic.ddb-values	jdk	java.util	29	9	0	20	3	java/util/Arrays,java/util/List,java/util/concurrent/Callable
datomic.ddb-values	primary-namespace	datomic.ddb-values	52	26	0	26	26	datomic/ddb_values$chunk,datomic/ddb_values$chunk_key,datomic/ddb_values$delete_value,datomic/ddb_values$delete_value$fn__20455,datomic/ddb_values$delete_value$fn__20455$fn__20456,datomic/ddb_values$delete_value$fn__20455$fn__20456$fn__20460,datomic/ddb_values$fn__20367,datomic/ddb_values$fn__20383,datomic/ddb_values$fn__20383$fn__20384,datomic/ddb_values$get_deitem,datomic/ddb_values$get_value,datomic/ddb_values$get_value$fn__20424,datomic/ddb_values$get_value$fn__20429,datomic/ddb_values$get_value$fn__20431,datomic/ddb_values$get_value$fn__20431$fn__20435,datomic/ddb_values$get_value$fn__20431$fn__20435$fn__20436,datomic/ddb_values$loading__6434__auto____20365,datomic/ddb_values$put_value,datomic/ddb_values$put_value$fn__20392,datomic/ddb_values$put_value$fn__20394,datomic/ddb_values$put_value$fn__20394$fn__20395,datomic/ddb_values$put_value$fn__20394$fn__20395$fn__20399,datomic/ddb_values$put_value$fn__20394$fn__20395$fn__20399$fn__20400,datomic/ddb_values$split_map_keys_with,datomic/ddb_values$split_map_keys_with$fn__20373,datomic/ddb_values$unchunk
datomic.ddb-values	primary-namespace	datomic.future	3	1	0	2	1	datomic/future/GetChannel
datomic.domain	companion-jar	clojure-1.11.4.jar	1934	702	3	1229	28	clojure/lang/AFn,clojure/lang/AFunction,clojure/lang/Associative,clojure/lang/Compiler,clojure/lang/Delay,clojure/lang/IDeref,clojure/lang/IFn,clojure/lang/ILookup,clojure/lang/ILookupSite,clojure/lang/ILookupThunk,clojure/lang/IObj,clojure/lang/IPersistentList,clojure/lang/IPersistentMap,clojure/lang/IPersistentVector,clojure/lang/IType,clojure/lang/Keyword,clojure/lang/KeywordLookupSite,clojure/lang/LockingTransaction,clojure/lang/MultiFn,clojure/lang/Namespace,clojure/lang/Numbers,clojure/lang/PersistentHashSet,clojure/lang/PersistentList,clojure/lang/RT,clojure/lang/Symbol,clojure/lang/Tuple,clojure/lang/Util,clojure/lang/Var
datomic.domain	companion-jar	slf4j-api-1.7.32.jar	12	6	0	6	2	org/slf4j/Logger,org/slf4j/LoggerFactory
datomic.domain	jdk	java.lang	1743	27	19	1697	12	java/lang/AutoCloseable,java/lang/Boolean,java/lang/Class,java/lang/ClassLoader,java/lang/Exception,java/lang/IllegalArgumentException,java/lang/Integer,java/lang/Long,java/lang/Number,java/lang/Object,java/lang/String,java/lang/Throwable
datomic.domain	jdk	java.util	35	11	0	24	3	java/util/Arrays,java/util/List,java/util/concurrent/Callable
datomic.domain	primary-namespace	datomic.btset	2	1	0	1	1	datomic/btset/BTSet
datomic.domain	primary-namespace	datomic.cluster	6	2	0	4	2	datomic/cluster/ClusteredStore,datomic/cluster/Get2
datomic.domain	primary-namespace	datomic.db	2	1	0	1	1	datomic/db/Datum
datomic.domain	primary-namespace	datomic.domain	62	31	0	31	31	datomic/domain$create_object_cache,datomic/domain$create_object_cache$fn__16778,datomic/domain$deserialize,datomic/domain$deserializing_repairing_lookup,datomic/domain$fn__16669,datomic/domain$fn__16767,datomic/domain$fn__16769,datomic/domain$fn__16771,datomic/domain$fn__16773,datomic/domain$fn__16775,datomic/domain$fn__16781,datomic/domain$fn__16781$__GT_ValcachePoller__16783,datomic/domain$fn__16786,datomic/domain$fn__16788,datomic/domain$fn__16790,datomic/domain$fn__16803,datomic/domain$fn__16803$__GT_DeserializingRepairingLookup__16807,datomic/domain$loading__6434__auto____14175,datomic/domain$lookup_with_object_cache,datomic/domain$lookup_with_object_cache$fn__16813,datomic/domain$lookup_with_object_cache$load_counter__16811,datomic/domain$peer_object_lookup,datomic/domain$peer_object_lookup$fn__16795,datomic/domain$peer_object_lookup$load_counter__16793,datomic/domain$preload_extension_resolver_BANG_,datomic/domain$system_cache,datomic/domain$system_cache_olookup,datomic/domain$uncached_lookup_factory,datomic/domain/DeserializingRepairingLookup,datomic/domain/DeserializingRepairingLookup$fn__16804,datomic/domain/ValcachePoller
datomic.domain	primary-namespace	datomic.index	24	0	12	12	3	datomic/index/DirNode,datomic/index/RootNode,datomic/index/TransposedData
datomic.domain	primary-namespace	datomic.iter	5	2	0	3	1	datomic/iter/Iter
datomic.domain	primary-namespace	datomic.memory-size	42	14	0	28	1	datomic/memory_size/MemorySize
datomic.domain	primary-namespace	datomic.summary	4	1	0	3	1	datomic/summary/Summary
datomic.error	companion-jar	clojure-1.11.4.jar	2754	1009	1	1744	26	clojure/lang/AFn,clojure/lang/AFunction,clojure/lang/Associative,clojure/lang/Compiler,clojure/lang/ExceptionInfo,clojure/lang/IFn,clojure/lang/ILookupSite,clojure/lang/ILookupThunk,clojure/lang/IPersistentList,clojure/lang/IPersistentMap,clojure/lang/IPersistentVector,clojure/lang/IRef,clojure/lang/ISeq,clojure/lang/Keyword,clojure/lang/KeywordLookupSite,clojure/lang/LockingTransaction,clojure/lang/MultiFn,clojure/lang/PersistentHashMap,clojure/lang/PersistentList,clojure/lang/RT,clojure/lang/RestFn,clojure/lang/Symbol,clojure/lang/Tuple,clojure/lang/Util,clojure/lang/Var,clojure/reflect/Constructor
datomic.error	jdk	java.io	2	1	0	1	1	java/io/StringWriter
datomic.error	jdk	java.lang	2542	34	16	2492	10	java/lang/Boolean,java/lang/Class,java/lang/ClassLoader,java/lang/IllegalArgumentException,java/lang/Integer,java/lang/Long,java/lang/Object,java/lang/RuntimeException,java/lang/String,java/lang/Throwable
datomic.error	jdk	java.util	47	15	0	32	3	java/util/Arrays,java/util/List,java/util/concurrent/Callable
datomic.error	primary-namespace	datomic.error	58	29	0	29	29	datomic/error$add_details_to_msg,datomic/error$add_details_to_msg$fn__674,datomic/error$arg,datomic/error$argd,datomic/error$cancelled_QMARK_,datomic/error$create,datomic/error$deserialize_exception,datomic/error$eval_exception,datomic/error$fn__648,datomic/error$fn__650,datomic/error$fn__650$fn__651,datomic/error$fn__656,datomic/error$fn__658,datomic/error$fn__660,datomic/error$fn__684,datomic/error$fn__694,datomic/error$fn__694$fn__695,datomic/error$has_string_constructor_QMARK_,datomic/error$has_string_constructor_QMARK_$fn__688,datomic/error$has_string_constructor_QMARK_$fn__690,datomic/error$loading__6434__auto____646,datomic/error$raise,datomic/error$report,datomic/error$runonce,datomic/error$runonce$fn__704,datomic/error$should_log_exception_QMARK_,datomic/error$state,datomic/error$with_unwind,datomic/error$with_unwind_STAR_
datomic.error	primary-namespace	datomic.impl	16	8	0	8	2	datomic/impl/Exceptions$IllegalArgumentExceptionInfo,datomic/impl/Exceptions$IllegalStateExceptionInfo
datomic.excise	companion-jar	clojure-1.11.4.jar	2495	870	16	1609	29	clojure/lang/AFn,clojure/lang/AFunction,clojure/lang/AReference,clojure/lang/Associative,clojure/lang/Compiler,clojure/lang/IFn,clojure/lang/IFn$LL,clojure/lang/ILookupSite,clojure/lang/ILookupThunk,clojure/lang/IObj,clojure/lang/IPersistentList,clojure/lang/IPersistentMap,clojure/lang/IPersistentSet,clojure/lang/IPersistentVector,clojure/lang/ISeq,clojure/lang/Keyword,clojure/lang/KeywordLookupSite,clojure/lang/LockingTransaction,clojure/lang/MethodImplCache,clojure/lang/Namespace,clojure/lang/Numbers,clojure/lang/PersistentArrayMap,clojure/lang/PersistentHashSet,clojure/lang/PersistentList,clojure/lang/RT,clojure/lang/Symbol,clojure/lang/Tuple,clojure/lang/Util,clojure/lang/Var
datomic.excise	jdk	java.lang	2287	41	63	2183	10	java/lang/Boolean,java/lang/Class,java/lang/ClassLoader,java/lang/IllegalArgumentException,java/lang/Integer,java/lang/Long,java/lang/Number,java/lang/Object,java/lang/String,java/lang/Throwable
datomic.excise	jdk	java.util	92	30	0	62	3	java/util/Arrays,java/util/List,java/util/concurrent/Callable
datomic.excise	primary-namespace	datomic	12	4	0	8	1	datomic/Database
datomic.excise	primary-namespace	datomic.db	8	1	3	4	2	datomic/db/Attribute,datomic/db/IDbImpl
datomic.excise	primary-namespace	datomic.excise	103	48	0	55	43	datomic/excise$a_target_QMARK_,datomic/excise$component_attr_QMARK_,datomic/excise$component_es_set,datomic/excise$component_es_set$fn__14771,datomic/excise$create_a__GT_xpreds,datomic/excise$create_a__GT_xpreds$fn__14865,datomic/excise$create_as_pred,datomic/excise$create_as_pred$reify__14869,datomic/excise$create_as_pred$reify__14869$fn__14870,datomic/excise$create_as_pred$reify__14869$fn__14872,datomic/excise$create_e__GT_xpreds,datomic/excise$create_e__GT_xpreds$fn__14850,datomic/excise$create_e__GT_xpreds$fn__14850$fn__14854,datomic/excise$create_es_pred,datomic/excise$create_es_pred$reify__14859,datomic/excise$create_es_pred$reify__14859$fn__14860,datomic/excise$create_xpreds,datomic/excise$datoms,datomic/excise$e_target_QMARK_,datomic/excise$fn__14758,datomic/excise$fn__14780,datomic/excise$fn__14783,datomic/excise$fn__14783$G__14778__14790,datomic/excise$fn__14783$G__14779__14786,datomic/excise$fn__14796,datomic/excise$fn__14796$G__14776__14801,datomic/excise$fn__14796$G__14777__14798,datomic/excise$get_before_t,datomic/excise$keeper_QMARK_,datomic/excise$loading__6434__auto____14756,datomic/excise$pred,datomic/excise$pred_and_extent,datomic/excise$pred_and_extent$datoms__14833,datomic/excise$pred_and_extent$datoms__14833$fn__14835,datomic/excise$pred_and_extent$datoms__14833$fn__14837,datomic/excise$pred_and_extent$id__14815,datomic/excise$pred_and_extent$ref_QMARK___14818,datomic/excise$pred_and_extent$reify__14840,datomic/excise$pred_and_extent$remove_QMARK___14820,datomic/excise$ref_datom_QMARK_,datomic/excise$remove_QMARK_,datomic/excise$target,datomic/excise/ExcisePred
datomic.excise	primary-namespace	datomic.impl.db	36	18	0	18	1	datomic/impl/db/IDatum
datomic.extension-resolver	companion-jar	clojure-1.11.4.jar	1481	506	4	971	25	clojure/lang/AFn,clojure/lang/AFunction,clojure/lang/Associative,clojure/lang/Compiler,clojure/lang/Delay,clojure/lang/IFn,clojure/lang/ILookupSite,clojure/lang/ILookupThunk,clojure/lang/IObj,clojure/lang/IPersistentList,clojure/lang/IPersistentMap,clojure/lang/IPersistentVector,clojure/lang/ISeq,clojure/lang/Indexed,clojure/lang/Keyword,clojure/lang/KeywordLookupSite,clojure/lang/LockingTransaction,clojure/lang/PersistentHashMap,clojure/lang/PersistentHashSet,clojure/lang/PersistentList,clojure/lang/RT,clojure/lang/Symbol,clojure/lang/Tuple,clojure/lang/Util,clojure/lang/Var
datomic.extension-resolver	jdk	java.lang	1152	22	30	1100	7	java/lang/Boolean,java/lang/Class,java/lang/ClassLoader,java/lang/Integer,java/lang/Object,java/lang/String,java/lang/Throwable
datomic.extension-resolver	jdk	java.util	53	17	0	36	3	java/util/Arrays,java/util/List,java/util/concurrent/Callable
datomic.extension-resolver	primary-namespace	datomic.extension-resolver	44	22	0	22	22	datomic/extension_resolver$allow_QMARK_,datomic/extension_resolver$allow_list__GT_pred,datomic/extension_resolver$allow_list__GT_pred$fn__14314,datomic/extension_resolver$anom_map,datomic/extension_resolver$anomaly_BANG_,datomic/extension_resolver$ensure_allow_list_BANG_,datomic/extension_resolver$ensure_extensions_config_BANG_,datomic/extension_resolver$explicit_pred,datomic/extension_resolver$explicit_pred$fn__14303,datomic/extension_resolver$fn__14296,datomic/extension_resolver$fn__14322,datomic/extension_resolver$load_extensions_config,datomic/extension_resolver$load_preds,datomic/extension_resolver$loading__6434__auto____14294,datomic/extension_resolver$preload_BANG_,datomic/extension_resolver$resolve_BANG_,datomic/extension_resolver$resolve_built_in_xform,datomic/extension_resolver$resolve_xform_BANG_,datomic/extension_resolver$user_namespaces,datomic/extension_resolver$wildcard_name_QMARK_,datomic/extension_resolver$wildcard_pred,datomic/extension_resolver$wildcard_pred$fn__14307
datomic.extensions	companion-jar	clojure-1.11.4.jar	1390	511	10	869	29	clojure/lang/AFn,clojure/lang/AFunction,clojure/lang/Associative,clojure/lang/Compiler,clojure/lang/IFn,clojure/lang/IFn$LLL,clojure/lang/IFn$OOL,clojure/lang/ILookupSite,clojure/lang/ILookupThunk,clojure/lang/IObj,clojure/lang/IPersistentList,clojure/lang/IPersistentMap,clojure/lang/IPersistentVector,clojure/lang/ISeq,clojure/lang/Indexed,clojure/lang/Keyword,clojure/lang/KeywordLookupSite,clojure/lang/LazilyPersistentVector,clojure/lang/LockingTransaction,clojure/lang/Namespace,clojure/lang/Numbers,clojure/lang/PersistentList,clojure/lang/PersistentVector,clojure/lang/RT,clojure/lang/RestFn,clojure/lang/Symbol,clojure/lang/Tuple,clojure/lang/Util,clojure/lang/Var
datomic.extensions	jdk	java.lang	1267	34	25	1208	12	[Ljava/lang/Object;,java/lang/Boolean,java/lang/Class,java/lang/ClassLoader,java/lang/IllegalArgumentException,java/lang/Integer,java/lang/Iterable,java/lang/Long,java/lang/Number,java/lang/Object,java/lang/String,java/lang/Throwable
datomic.extensions	jdk	java.util	59	20	0	39	4	java/util/Arrays,java/util/HashSet,java/util/List,java/util/concurrent/Callable
datomic.extensions	primary-namespace	datomic	10	5	0	5	2	datomic/Datom,datomic/Log
datomic.extensions	primary-namespace	datomic.db	4	1	1	2	2	datomic/db/Attribute,datomic/db/IDb
datomic.extensions	primary-namespace	datomic.extensions	42	21	0	21	21	datomic/extensions$_GT_,datomic/extensions$_GT__EQ_,datomic/extensions$_LT_,datomic/extensions$_LT__EQ_,datomic/extensions$_SLASH_,datomic/extensions$_gather,datomic/extensions$_gather$fn__18029,datomic/extensions$_gather$fn__18029$fn__18030,datomic/extensions$ensure_sv_attrid,datomic/extensions$fn__17993,datomic/extensions$fulltext,datomic/extensions$get_else,datomic/extensions$get_some,datomic/extensions$ground,datomic/extensions$loading__6434__auto____17827,datomic/extensions$missing_QMARK_,datomic/extensions$project,datomic/extensions$q,datomic/extensions$tx_data,datomic/extensions$tx_ids,datomic/extensions$tx_ids$fn__18006
datomic.extensions	primary-namespace	datomic.impl	1	1	0	0	1	datomic/impl/Circular
datomic.extensions	primary-namespace	datomic.impl.db	6	2	0	4	1	datomic/impl/db/IDatum
datomic.extensions	primary-namespace	datomic.iter	3	1	0	2	1	datomic/iter/Iter
datomic.external-sort	companion-jar	clojure-1.11.4.jar	2564	980	19	1565	26	clojure/lang/AFn,clojure/lang/AFunction,clojure/lang/Associative,clojure/lang/Compiler,clojure/lang/IFn,clojure/lang/IObj,clojure/lang/IPersistentList,clojure/lang/IPersistentMap,clojure/lang/IPersistentVector,clojure/lang/ISeq,clojure/lang/IType,clojure/lang/Indexed,clojure/lang/Keyword,clojure/lang/LockingTransaction,clojure/lang/MethodImplCache,clojure/lang/Namespace,clojure/lang/Numbers,clojure/lang/PersistentArrayMap,clojure/lang/PersistentHashMap,clojure/lang/PersistentList,clojure/lang/PersistentVector,clojure/lang/RT,clojure/lang/Symbol,clojure/lang/Tuple,clojure/lang/Util,clojure/lang/Var
datomic.external-sort	jdk	java.io	24	11	0	13	3	java/io/File,java/io/InputStream,java/io/OutputStream
datomic.external-sort	jdk	java.lang	2548	27	27	2494	8	java/lang/Boolean,java/lang/Class,java/lang/ClassLoader,java/lang/Integer,java/lang/Long,java/lang/Number,java/lang/Object,java/lang/String
datomic.external-sort	jdk	java.util	149	50	0	99	5	java/util/ArrayList,java/util/Arrays,java/util/List,java/util/UUID,java/util/concurrent/Callable
datomic.external-sort	primary-namespace	datomic.external-sort	127	57	0	70	40	datomic/external_sort$chunk_seq,datomic/external_sort$chunk_seq$fn__14404,datomic/external_sort$file_system_sorter,datomic/external_sort$file_system_sorter$fn__14493,datomic/external_sort$file_system_sorter$fn__14493$fn__14494,datomic/external_sort$file_system_sorter$fn__14493$fn__14494$fn__14495,datomic/external_sort$fn__14350,datomic/external_sort$fn__14358,datomic/external_sort$fn__14361,datomic/external_sort$fn__14361$G__14352__14366,datomic/external_sort$fn__14361$G__14353__14363,datomic/external_sort$fn__14372,datomic/external_sort$fn__14372$G__14354__14379,datomic/external_sort$fn__14372$G__14355__14375,datomic/external_sort$fn__14385,datomic/external_sort$fn__14385$G__14356__14392,datomic/external_sort$fn__14385$G__14357__14388,datomic/external_sort$fn__14416,datomic/external_sort$fn__14419,datomic/external_sort$fn__14419$G__14414__14424,datomic/external_sort$fn__14419$G__14415__14421,datomic/external_sort$fn__14430,datomic/external_sort$fn__14430$G__14410__14437,datomic/external_sort$fn__14430$G__14411__14433,datomic/external_sort$fn__14443,datomic/external_sort$fn__14443$G__14412__14452,datomic/external_sort$fn__14443$G__14413__14447,datomic/external_sort$fn__14459,datomic/external_sort$fn__14459$__GT_FileSystemSorter__14486,datomic/external_sort$loading__6434__auto____14348,datomic/external_sort$next_chunk,datomic/external_sort$temp_file_io,datomic/external_sort$temp_file_io$reify__14398,datomic/external_sort/ExternalSort,datomic/external_sort/FileSystemSorter,datomic/external_sort/FileSystemSorter$fn__14469,datomic/external_sort/FileSystemSorter$fn__14469$fn__14470,datomic/external_sort/FileSystemSorter$fn__14469$fn__14470$fn__14471,datomic/external_sort/FileSystemSorter$fn__14469$fn__14470$fn__14471$fn__14472,datomic/external_sort/IO
datomic.external-sort	primary-namespace	datomic.iter	6	3	0	3	1	datomic/iter/Iter
datomic.external-sort-datoms	companion-jar	clojure-1.11.4.jar	608	203	10	395	23	clojure/lang/AFn,clojure/lang/AFunction,clojure/lang/Associative,clojure/lang/Compiler,clojure/lang/IFn,clojure/lang/IFn$LLL,clojure/lang/IFn$LLOLO,clojure/lang/IObj,clojure/lang/IPersistentList,clojure/lang/IPersistentMap,clojure/lang/IPersistentVector,clojure/lang/ISeq,clojure/lang/Keyword,clojure/lang/LockingTransaction,clojure/lang/Namespace,clojure/lang/Numbers,clojure/lang/PersistentHashMap,clojure/lang/PersistentList,clojure/lang/RT,clojure/lang/Symbol,clojure/lang/Tuple,clojure/lang/Util,clojure/lang/Var
datomic.external-sort-datoms	companion-jar	fressian-0.6.8.jar	42	14	0	28	4	org/fressian/Reader,org/fressian/Writer,org/fressian/handlers/ReadHandler,org/fressian/handlers/WriteHandler
datomic.external-sort-datoms	jdk	java.io	2	0	0	2	1	java/io/IOException
datomic.external-sort-datoms	jdk	java.lang	467	17	5	445	7	java/lang/Boolean,java/lang/Class,java/lang/ClassLoader,java/lang/Integer,java/lang/Number,java/lang/Object,java/lang/String
datomic.external-sort-datoms	jdk	java.util	8	2	0	6	3	java/util/Arrays,java/util/List,java/util/concurrent/Callable
datomic.external-sort-datoms	primary-namespace	datomic.db	2	1	0	1	1	datomic/db/IDatumImpl
datomic.external-sort-datoms	primary-namespace	datomic.external-sort	3	1	0	2	1	datomic/external_sort/ExternalSort
datomic.external-sort-datoms	primary-namespace	datomic.external-sort-datoms	18	9	0	9	9	datomic/external_sort_datoms$consume_sorted_datoms,datomic/external_sort_datoms$consume_sorted_datoms$fn__14513,datomic/external_sort_datoms$consume_sorted_datoms$fn__14515,datomic/external_sort_datoms$create_file_writer,datomic/external_sort_datoms$create_file_writer$fn__14502,datomic/external_sort_datoms$fn__14500,datomic/external_sort_datoms$loading__6434__auto____14346,datomic/external_sort_datoms$reify__14505,datomic/external_sort_datoms$reify__14507
datomic.external-sort-datoms	primary-namespace	datomic.impl.db	10	5	0	5	1	datomic/impl/db/IDatum
datomic.fressian	companion-jar	clojure-1.11.4.jar	2032	689	24	1319	27	clojure/lang/AFn,clojure/lang/AFunction,clojure/lang/Associative,clojure/lang/BigInt,clojure/lang/Compiler,clojure/lang/IFn,clojure/lang/IFn$OLO,clojure/lang/IObj,clojure/lang/IPersistentList,clojure/lang/IPersistentMap,clojure/lang/IPersistentVector,clojure/lang/ISeq,clojure/lang/IType,clojure/lang/Keyword,clojure/lang/LockingTransaction,clojure/lang/Namespace,clojure/lang/Numbers,clojure/lang/PersistentArrayMap,clojure/lang/PersistentHashMap,clojure/lang/PersistentList,clojure/lang/PersistentVector,clojure/lang/RT,clojure/lang/RestFn,clojure/lang/Symbol,clojure/lang/Tuple,clojure/lang/Util,clojure/lang/Var
datomic.fressian	companion-jar	fressian-0.6.8.jar	103	30	0	73	11	org/fressian/FressianReader,org/fressian/FressianWriter,org/fressian/Reader,org/fressian/StreamingWriter,org/fressian/Writer,org/fressian/handlers/ILookup,org/fressian/handlers/ReadHandler,org/fressian/handlers/WriteHandler,org/fressian/handlers/WriteHandlerLookup,org/fressian/impl/ByteBufferInputStream,org/fressian/impl/BytesOutputStream
datomic.fressian	jdk	array	1	0	0	1	1	[B
datomic.fressian	jdk	java.io	37	10	0	27	4	java/io/EOFException,java/io/IOException,java/io/InputStream,java/io/OutputStream
datomic.fressian	jdk	java.lang	1760	61	19	1680	11	[Ljava/lang/Object;,java/lang/Boolean,java/lang/Class,java/lang/ClassLoader,java/lang/Integer,java/lang/Long,java/lang/Number,java/lang/Object,java/lang/String,java/lang/System,java/lang/Throwable
datomic.fressian	jdk	java.math	3	1	0	2	1	java/math/BigInteger
datomic.fressian	jdk	java.nio	2	0	0	2	1	java/nio/ByteBuffer
datomic.fressian	jdk	java.util	69	24	0	45	4	java/util/Arrays,java/util/List,java/util/concurrent/Callable,java/util/zip/GZIPInputStream
datomic.fressian	primary-namespace	datomic.fressian	80	40	0	40	38	datomic/fressian$as_lookup,datomic/fressian$as_lookup$reify__12164,datomic/fressian$begin_closed_list,datomic/fressian$begin_open_list,datomic/fressian$byte_buf,datomic/fressian$create_reader,datomic/fressian$create_writer,datomic/fressian$defressian,datomic/fressian$end_list,datomic/fressian$fn__12162,datomic/fressian$fn__12181,datomic/fressian$fn__12215,datomic/fressian$fn__12215$__GT_FressianIter__12217,datomic/fressian$fressian,datomic/fressian$fressian_val,datomic/fressian$fressianable_QMARK_,datomic/fressian$fressianable_QMARK_$fn__12221,datomic/fressian$loading__6434__auto____11922,datomic/fressian$read_batch,datomic/fressian$read_batch$fn__12183,datomic/fressian$read_seq,datomic/fressian$read_seq$fn__12187,datomic/fressian$reader_iter,datomic/fressian$record_latencies,datomic/fressian$reify__12191,datomic/fressian$reify__12193,datomic/fressian$reify__12195,datomic/fressian$reify__12197,datomic/fressian$reify__12199,datomic/fressian$reify__12201,datomic/fressian$reify__12203,datomic/fressian$reify__12205,datomic/fressian$val__GT_obj,datomic/fressian$val__GT_obj$fn__12208,datomic/fressian$val__GT_obj$fn__12208$fn__12209,datomic/fressian$write_handler_lookup,datomic/fressian$write_named,datomic/fressian/FressianIter
datomic.fressian	primary-namespace	datomic.impl	2	2	0	0	1	datomic/impl/Config
datomic.fressian	primary-namespace	datomic.iter	1	0	0	1	1	datomic/iter/Iter
datomic.fulltext	companion-jar	clojure-1.11.4.jar	5372	1860	39	3473	45	clojure/lang/AFn,clojure/lang/AFunction,clojure/lang/APersistentMap,clojure/lang/AReference,clojure/lang/Associative,clojure/lang/Compiler,clojure/lang/Counted,clojure/lang/IFn,clojure/lang/IFn$LLOLO,clojure/lang/IFn$OLO,clojure/lang/IFn$OOL,clojure/lang/IHashEq,clojure/lang/IKeywordLookup,clojure/lang/ILookup,clojure/lang/ILookupSite,clojure/lang/ILookupThunk,clojure/lang/IMapEntry,clojure/lang/IObj,clojure/lang/IPersistentCollection,clojure/lang/IPersistentList,clojure/lang/IPersistentMap,clojure/lang/IPersistentSet,clojure/lang/IPersistentVector,clojure/lang/IRecord,clojure/lang/ISeq,clojure/lang/IType,clojure/lang/Indexed,clojure/lang/Keyword,clojure/lang/KeywordLookupSite,clojure/lang/LockingTransaction,clojure/lang/MapEntry,clojure/lang/MapEquivalence,clojure/lang/Namespace,clojure/lang/Numbers,clojure/lang/PersistentArrayMap,clojure/lang/PersistentHashMap,clojure/lang/PersistentHashSet,clojure/lang/PersistentList,clojure/lang/PersistentVector,clojure/lang/RT,clojure/lang/RecordIterator,clojure/lang/Symbol,clojure/lang/Tuple,clojure/lang/Util,clojure/lang/Var
datomic.fulltext	companion-jar	datomic-lucene-core-3.3.0.jar	51	10	7	34	8	com/datomic/lucene/document/Document,com/datomic/lucene/index/IndexReader,com/datomic/lucene/index/IndexWriter,com/datomic/lucene/search/IndexSearcher,com/datomic/lucene/search/Query,com/datomic/lucene/search/ScoreDoc,com/datomic/lucene/search/TopDocs,com/datomic/lucene/store/Directory
datomic.fulltext	companion-jar	fressian-0.6.8.jar	14	3	0	11	4	org/fressian/Reader,org/fressian/Writer,org/fressian/handlers/ReadHandler,org/fressian/handlers/WriteHandler
datomic.fulltext	companion-jar	slf4j-api-1.7.32.jar	84	42	0	42	2	org/slf4j/Logger,org/slf4j/LoggerFactory
datomic.fulltext	jdk	java.io	12	4	0	8	4	java/io/Closeable,java/io/File,java/io/IOException,java/io/Serializable
datomic.fulltext	jdk	java.lang	4863	87	106	4670	14	java/lang/Boolean,java/lang/Class,java/lang/ClassLoader,java/lang/Double,java/lang/Error,java/lang/Integer,java/lang/Iterable,java/lang/Long,java/lang/Number,java/lang/Object,java/lang/String,java/lang/System,java/lang/Throwable,java/lang/UnsupportedOperationException
datomic.fulltext	jdk	java.util	118	28	0	90	7	java/util/Arrays,java/util/Collection,java/util/Iterator,java/util/List,java/util/Map,java/util/Set,java/util/concurrent/Callable
datomic.fulltext	primary-namespace	datomic	2	1	0	1	1	datomic/Database
datomic.fulltext	primary-namespace	datomic.cluster	3	1	0	2	1	datomic/cluster/ClusteredStore
datomic.fulltext	primary-namespace	datomic.db	4	2	0	2	1	datomic/db/IDb
datomic.fulltext	primary-namespace	datomic.fulltext	146	66	7	73	57	datomic/fulltext$add_chunked_data_to_writer,datomic/fulltext$add_chunked_data_to_writer$fn__14567,datomic/fulltext$add_chunked_data_to_writer$fn__14572,datomic/fulltext$add_data_to_writer,datomic/fulltext$build_index,datomic/fulltext$build_index$fn__14674,datomic/fulltext$build_index$fn__14674$fn__14684,datomic/fulltext$build_index$fn__14674$fn__14700,datomic/fulltext$cluster_directory,datomic/fulltext$clustered_fulltext,datomic/fulltext$create_index_on_dir,datomic/fulltext$create_index_on_dir$fn__14606,datomic/fulltext$create_index_on_dir$fn__14608,datomic/fulltext$create_indexing_job,datomic/fulltext$create_indexing_job$fn__14550,datomic/fulltext$do_indexing_job,datomic/fulltext$do_indexing_job$fn__14614,datomic/fulltext$do_indexing_job$fn__14616,datomic/fulltext$do_indexing_job$fn__14616$fn__14620,datomic/fulltext$doc__GT_datum,datomic/fulltext$find_historic_docid,datomic/fulltext$find_matching_assertion,datomic/fulltext$find_matching_assertion$fn__14659,datomic/fulltext$fn__14520,datomic/fulltext$fn__14523,datomic/fulltext$fn__14523$__GT_SearchIterator__14525,datomic/fulltext$fn__14528,datomic/fulltext$fn__14528$__GT_SearchIterable__14530,datomic/fulltext$fn__14633,datomic/fulltext$fn__14633$__GT_Root__14648,datomic/fulltext$fn__14633$map__GT_Root__14650,datomic/fulltext$fn__14724,datomic/fulltext$fn__14724$__GT_ClusteredFulltext__14743,datomic/fulltext$fn__14724$map__GT_ClusteredFulltext__14745,datomic/fulltext$fulltext_index_reader,datomic/fulltext$hybrid_dir,datomic/fulltext$index_files,datomic/fulltext$index_files$fn__14541,datomic/fulltext$loading__6434__auto____14518,datomic/fulltext$promote_to_cluster,datomic/fulltext$reify__14547,datomic/fulltext$reify__14653,datomic/fulltext$reify__14655,datomic/fulltext$remove_data_from_reader,datomic/fulltext$search,datomic/fulltext$search$fn__14752,datomic/fulltext$search_iterable,datomic/fulltext$search_iterable$fn__14534,datomic/fulltext$separate_history,datomic/fulltext$write_changed_val,datomic/fulltext/ClusteredFulltext,datomic/fulltext/ClusteredFulltext$reify__14728,datomic/fulltext/ClusteredFulltext$reify__14730,datomic/fulltext/Root,datomic/fulltext/Root$reify__14637,datomic/fulltext/SearchIterable,datomic/fulltext/SearchIterator
datomic.fulltext	primary-namespace	datomic.fulltext-index	4	1	0	3	1	datomic/fulltext_index/LuceneProvider
datomic.fulltext	primary-namespace	datomic.impl.clusterfs	3	0	0	3	1	datomic/impl/clusterfs/IClusterFS
datomic.fulltext	primary-namespace	datomic.impl.db	62	29	0	33	1	datomic/impl/db/IDatum
datomic.fulltext	primary-namespace	datomic.impl.lucene	4	2	0	2	2	datomic/impl/lucene/ClusterDirectory,datomic/impl/lucene/HybridDirectory
datomic.fulltext	primary-namespace	datomic.iter	2	0	0	2	1	datomic/iter/Iter
datomic.fulltext	primary-namespace	datomic.lucene	3	1	0	2	1	datomic/lucene/Readerable
datomic.fulltext-index	companion-jar	clojure-1.11.4.jar	1277	435	15	827	42	clojure/lang/AFn,clojure/lang/AFunction,clojure/lang/APersistentMap,clojure/lang/AReference,clojure/lang/Associative,clojure/lang/Compiler,clojure/lang/Counted,clojure/lang/IFn,clojure/lang/IFn$OLO,clojure/lang/IHashEq,clojure/lang/IKeywordLookup,clojure/lang/ILookup,clojure/lang/ILookupSite,clojure/lang/ILookupThunk,clojure/lang/IMapEntry,clojure/lang/IObj,clojure/lang/IPersistentCollection,clojure/lang/IPersistentList,clojure/lang/IPersistentMap,clojure/lang/IPersistentSet,clojure/lang/IPersistentVector,clojure/lang/IRecord,clojure/lang/ISeq,clojure/lang/Keyword,clojure/lang/KeywordLookupSite,clojure/lang/LockingTransaction,clojure/lang/MapEntry,clojure/lang/MapEquivalence,clojure/lang/MethodImplCache,clojure/lang/Namespace,clojure/lang/Numbers,clojure/lang/PersistentArrayMap,clojure/lang/PersistentHashMap,clojure/lang/PersistentHashSet,clojure/lang/PersistentList,clojure/lang/PersistentVector,clojure/lang/RT,clojure/lang/RecordIterator,clojure/lang/Symbol,clojure/lang/Tuple,clojure/lang/Util,clojure/lang/Var
datomic.fulltext-index	jdk	java.io	3	1	0	2	2	java/io/Closeable,java/io/Serializable
datomic.fulltext-index	jdk	java.lang	1042	21	18	1003	8	java/lang/Boolean,java/lang/Class,java/lang/ClassLoader,java/lang/Integer,java/lang/Object,java/lang/String,java/lang/Throwable,java/lang/UnsupportedOperationException
datomic.fulltext-index	jdk	java.util	49	11	0	38	7	java/util/Arrays,java/util/Collection,java/util/Iterator,java/util/List,java/util/Map,java/util/Set,java/util/concurrent/Callable
datomic.fulltext-index	primary-namespace	datomic.fulltext-index	33	16	0	17	14	datomic/fulltext_index$datum__GT_doc,datomic/fulltext_index$fn__12323,datomic/fulltext_index$fn__12328,datomic/fulltext_index$fn__12331,datomic/fulltext_index$fn__12331$G__12326__12338,datomic/fulltext_index$fn__12331$G__12327__12334,datomic/fulltext_index$fn__12345,datomic/fulltext_index$fn__12345$__GT_PersistentFulltext__12358,datomic/fulltext_index$fn__12345$map__GT_PersistentFulltext__12360,datomic/fulltext_index$loading__6434__auto____12224,datomic/fulltext_index$update_fulltext,datomic/fulltext_index$update_fulltext$fn__12377,datomic/fulltext_index/LuceneProvider,datomic/fulltext_index/PersistentFulltext
datomic.fulltext-index	primary-namespace	datomic.impl.db	8	4	0	4	1	datomic/impl/db/IDatum
datomic.fulltext-index	primary-namespace	datomic.lucene	3	1	0	2	1	datomic/lucene/Readerable
datomic.function	companion-jar	clojure-1.11.4.jar	1934	670	17	1247	42	clojure/lang/AFn,clojure/lang/AFunction,clojure/lang/APersistentMap,clojure/lang/Associative,clojure/lang/Compiler,clojure/lang/Counted,clojure/lang/Delay,clojure/lang/IFn,clojure/lang/IFn$OOL,clojure/lang/IHashEq,clojure/lang/IKeywordLookup,clojure/lang/ILookup,clojure/lang/ILookupSite,clojure/lang/ILookupThunk,clojure/lang/IMapEntry,clojure/lang/IObj,clojure/lang/IPersistentCollection,clojure/lang/IPersistentList,clojure/lang/IPersistentMap,clojure/lang/IPersistentSet,clojure/lang/IPersistentVector,clojure/lang/IRecord,clojure/lang/ISeq,clojure/lang/Keyword,clojure/lang/KeywordLookupSite,clojure/lang/LockingTransaction,clojure/lang/MapEntry,clojure/lang/MapEquivalence,clojure/lang/MultiFn,clojure/lang/Namespace,clojure/lang/Numbers,clojure/lang/PersistentArrayMap,clojure/lang/PersistentHashMap,clojure/lang/PersistentHashSet,clojure/lang/PersistentList,clojure/lang/PersistentVector,clojure/lang/RT,clojure/lang/RecordIterator,clojure/lang/Symbol,clojure/lang/Tuple,clojure/lang/Util,clojure/lang/Var
datomic.function	jdk	java.io	3	1	0	2	2	java/io/Serializable,java/io/Writer
datomic.function	jdk	java.lang	2074	29	45	2000	11	java/lang/AssertionError,java/lang/Boolean,java/lang/Class,java/lang/ClassLoader,java/lang/Comparable,java/lang/Integer,java/lang/Number,java/lang/Object,java/lang/String,java/lang/Throwable,java/lang/UnsupportedOperationException
datomic.function	jdk	java.util	49	10	0	39	7	java/util/Arrays,java/util/Collection,java/util/Iterator,java/util/List,java/util/Map,java/util/Set,java/util/concurrent/Callable
datomic.function	primary-namespace	datomic.function	62	25	6	31	23	datomic/function$compile_clojure,datomic/function$construct,datomic/function$construct$fn__11989,datomic/function$construct$fn__11991,datomic/function$fn__11932,datomic/function$fn__11935,datomic/function$fn__11935$__GT_Function__11965,datomic/function$fn__11935$map__GT_Function__11967,datomic/function$fn__11971,datomic/function$fn__11973,datomic/function$loading__6434__auto____11924,datomic/function$normalize,datomic/function$normalize$fn__11978,datomic/function$normalize$fn__11982,datomic/function$normalize$vectorize__11980,datomic/function$print_function,datomic/function/Function,datomic/function/Function$reify__11939,datomic/function/Function$reify__11941,datomic/function/Function$reify__11943,datomic/function/Function$reify__11945,datomic/function/Function$reify__11947,datomic/function/Function$reify__11949
datomic.function	primary-namespace	datomic.functions	12	0	0	12	12	datomic/functions/Fn,datomic/functions/Fn0,datomic/functions/Fn1,datomic/functions/Fn10,datomic/functions/Fn2,datomic/functions/Fn3,datomic/functions/Fn4,datomic/functions/Fn5,datomic/functions/Fn6,datomic/functions/Fn7,datomic/functions/Fn8,datomic/functions/Fn9
datomic.function	primary-namespace	datomic.memory-size	4	1	0	3	1	datomic/memory_size/MemorySize
datomic.functions	jdk	java.lang	80	0	0	80	2	java/lang/Object,java/lang/String
datomic.functions	jdk	java.util	1	0	0	1	1	java/util/List
datomic.future	companion-jar	clojure-1.11.4.jar	2630	981	13	1636	30	clojure/lang/AFn,clojure/lang/AFunction,clojure/lang/Associative,clojure/lang/Compiler,clojure/lang/IBlockingDeref,clojure/lang/IDeref,clojure/lang/IFn,clojure/lang/IFn$LO,clojure/lang/IFn$OLO,clojure/lang/IFn$OLOO,clojure/lang/IObj,clojure/lang/IPending,clojure/lang/IPersistentList,clojure/lang/IPersistentMap,clojure/lang/IPersistentVector,clojure/lang/ISeq,clojure/lang/IType,clojure/lang/Keyword,clojure/lang/LockingTransaction,clojure/lang/MethodImplCache,clojure/lang/Namespace,clojure/lang/Numbers,clojure/lang/PersistentArrayMap,clojure/lang/PersistentList,clojure/lang/RT,clojure/lang/RestFn,clojure/lang/Symbol,clojure/lang/Tuple,clojure/lang/Util,clojure/lang/Var
datomic.future	companion-jar	slf4j-api-1.7.32.jar	6	3	0	3	2	org/slf4j/Logger,org/slf4j/LoggerFactory
datomic.future	jdk	java.lang	2260	34	8	2218	10	java/lang/Boolean,java/lang/Class,java/lang/ClassLoader,java/lang/IllegalArgumentException,java/lang/Integer,java/lang/Long,java/lang/Number,java/lang/Object,java/lang/String,java/lang/Throwable
datomic.future	jdk	java.util	76	24	1	51	8	java/util/Arrays,java/util/List,java/util/concurrent/Callable,java/util/concurrent/ExecutorService,java/util/concurrent/Future,java/util/concurrent/TimeUnit,java/util/concurrent/TimeoutException,java/util/concurrent/atomic/AtomicReferenceArray
datomic.future	primary-namespace	datomic.future	56	27	0	29	27	datomic/future$_future_with_channel_impl,datomic/future$add_bounding_warning,datomic/future$add_bounding_warning$fn__10223,datomic/future$add_bounding_warning$fn__10223$G__10181__10224,datomic/future$add_bounding_warning$fn__10223$G__10182__10226,datomic/future$add_bounding_warning$fn__10223$G__10183__10228,datomic/future$add_bounding_warning$fn__10223$state_machine__6360__auto____10230,datomic/future$add_bounding_warning$fn__10223$state_machine__6360__auto____10230$fn__10232,datomic/future$filling_promise,datomic/future$filling_promise$f__10145,datomic/future$fn__10143,datomic/future$fn__10150,datomic/future$fn__10153,datomic/future$fn__10153$G__10148__10158,datomic/future$fn__10153$G__10149__10155,datomic/future$fn__10164,datomic/future$fn__10164$__GT_JavaFutureWithChannel__10166,datomic/future$fn__10169,datomic/future$fn__10169$__GT_ClojureFutureWithChannel__10171,datomic/future$future,datomic/future$future_call,datomic/future$loading__6434__auto____10141,datomic/future$pfuture,datomic/future$pfuture_call,datomic/future/ClojureFutureWithChannel,datomic/future/GetChannel,datomic/future/JavaFutureWithChannel
datomic.garbage	companion-jar	clojure-1.11.4.jar	4859	1712	4	3143	26	clojure/lang/AFn,clojure/lang/AFunction,clojure/lang/Associative,clojure/lang/Compiler,clojure/lang/IFn,clojure/lang/ILookupSite,clojure/lang/ILookupThunk,clojure/lang/IPersistentList,clojure/lang/IPersistentMap,clojure/lang/IPersistentVector,clojure/lang/ISeq,clojure/lang/Indexed,clojure/lang/Keyword,clojure/lang/KeywordLookupSite,clojure/lang/LockingTransaction,clojure/lang/Numbers,clojure/lang/PersistentArrayMap,clojure/lang/PersistentHashMap,clojure/lang/PersistentList,clojure/lang/PersistentVector,clojure/lang/RT,clojure/lang/RestFn,clojure/lang/Symbol,clojure/lang/Tuple,clojure/lang/Util,clojure/lang/Var
datomic.garbage	companion-jar	slf4j-api-1.7.32.jar	54	27	0	27	2	org/slf4j/Logger,org/slf4j/LoggerFactory
datomic.garbage	jdk	java.lang	4216	65	72	4079	12	java/lang/Boolean,java/lang/Class,java/lang/ClassLoader,java/lang/Exception,java/lang/Integer,java/lang/Long,java/lang/Number,java/lang/Object,java/lang/String,java/lang/System,java/lang/Thread,java/lang/Throwable
datomic.garbage	jdk	java.util	77	26	0	51	4	java/util/Arrays,java/util/Date,java/util/List,java/util/concurrent/Callable
datomic.garbage	primary-namespace	datomic.cluster	54	18	0	36	2	datomic/cluster/ClusteredStore,datomic/cluster/Dbid
datomic.garbage	primary-namespace	datomic.garbage	106	53	0	53	53	datomic/garbage$append_leaf,datomic/garbage$append_leaf$create__19793,datomic/garbage$append_leaf$fn__19787,datomic/garbage$append_leaf$fn__19789,datomic/garbage$append_leaf$fn__19791,datomic/garbage$create_garbage_node,datomic/garbage$deleted_db_cluster_conf,datomic/garbage$dir_seq,datomic/garbage$dir_seq$fn__19767,datomic/garbage$do_mark_garbage,datomic/garbage$do_mark_garbage$fn__19798,datomic/garbage$do_mark_garbage$fn__19803,datomic/garbage$do_mark_garbage$fn__19803$fn__19804,datomic/garbage$ensure_root,datomic/garbage$ensure_root_ref,datomic/garbage$ensure_root_ref$create__19773,datomic/garbage$flush_garbage,datomic/garbage$fn__19762,datomic/garbage$gc,datomic/garbage$gc$fn__19862,datomic/garbage$gc$fn__19866,datomic/garbage$gc_delete_vals,datomic/garbage$gc_delete_vals$fn__19836,datomic/garbage$gc_delete_vals$fn__19838,datomic/garbage$gc_deleted_db,datomic/garbage$gc_deleted_db$fn__19885,datomic/garbage$gc_deleted_db$fn__19887,datomic/garbage$gc_deleted_db$status__19883,datomic/garbage$gc_deleted_dbs,datomic/garbage$gc_deleted_dbs$fn__19903,datomic/garbage$gc_dir,datomic/garbage$gc_dir$fn__19852,datomic/garbage$gc_dir$fn__19856,datomic/garbage$gc_get_node,datomic/garbage$gc_leaf,datomic/garbage$gc_leaf$fn__19843,datomic/garbage$gc_leaf$fn__19846,datomic/garbage$get_db_ids,datomic/garbage$install_mark_handler,datomic/garbage$install_mark_handler$fn__19819,datomic/garbage$install_mark_handler$fn__19822,datomic/garbage$leaf_seq,datomic/garbage$leaf_seq$fn__19770,datomic/garbage$loading__6434__auto____19655,datomic/garbage$mark_garbage,datomic/garbage$pace_gc,datomic/garbage$pending_garbage_count,datomic/garbage$pending_garbage_count$fn__19828,datomic/garbage$queue_gc,datomic/garbage$queue_gc$fn__19869,datomic/garbage$queue_gc$fn__19869$fn__19870,datomic/garbage$queue_gc$fn__19869$fn__19870$fn__19874,datomic/garbage$root_ref_key
datomic.garbage.fressian	companion-jar	clojure-1.11.4.jar	1747	581	13	1153	38	clojure/lang/AFn,clojure/lang/AFunction,clojure/lang/APersistentMap,clojure/lang/Associative,clojure/lang/Compiler,clojure/lang/Counted,clojure/lang/IFn,clojure/lang/IHashEq,clojure/lang/IKeywordLookup,clojure/lang/ILookup,clojure/lang/ILookupSite,clojure/lang/ILookupThunk,clojure/lang/IMapEntry,clojure/lang/IObj,clojure/lang/IPersistentCollection,clojure/lang/IPersistentList,clojure/lang/IPersistentMap,clojure/lang/IPersistentSet,clojure/lang/IPersistentVector,clojure/lang/IRecord,clojure/lang/ISeq,clojure/lang/Keyword,clojure/lang/KeywordLookupSite,clojure/lang/LockingTransaction,clojure/lang/MapEntry,clojure/lang/MapEquivalence,clojure/lang/Namespace,clojure/lang/Numbers,clojure/lang/PersistentArrayMap,clojure/lang/PersistentHashSet,clojure/lang/PersistentList,clojure/lang/PersistentVector,clojure/lang/RT,clojure/lang/RecordIterator,clojure/lang/Symbol,clojure/lang/Tuple,clojure/lang/Util,clojure/lang/Var
datomic.garbage.fressian	companion-jar	fressian-0.6.8.jar	28	6	0	22	4	org/fressian/Reader,org/fressian/Writer,org/fressian/handlers/ReadHandler,org/fressian/handlers/WriteHandler
datomic.garbage.fressian	jdk	java.io	7	0	0	7	2	java/io/IOException,java/io/Serializable
datomic.garbage.fressian	jdk	java.lang	1605	55	38	1512	8	java/lang/Boolean,java/lang/Class,java/lang/ClassLoader,java/lang/Integer,java/lang/Object,java/lang/String,java/lang/Throwable,java/lang/UnsupportedOperationException
datomic.garbage.fressian	jdk	java.util	68	8	0	60	7	java/util/Arrays,java/util/Collection,java/util/Iterator,java/util/List,java/util/Map,java/util/Set,java/util/concurrent/Callable
datomic.garbage.fressian	primary-namespace	datomic.garbage.fressian	58	26	3	29	23	datomic/garbage/fressian$fn__16568,datomic/garbage/fressian$fn__16571,datomic/garbage/fressian$fn__16571$__GT_GarbageRoot__16586,datomic/garbage/fressian$fn__16571$map__GT_GarbageRoot__16588,datomic/garbage/fressian$fn__16592,datomic/garbage/fressian$fn__16592$__GT_GarbageDir__16607,datomic/garbage/fressian$fn__16592$map__GT_GarbageDir__16609,datomic/garbage/fressian$fn__16613,datomic/garbage/fressian$fn__16613$__GT_GarbageLeaf__16628,datomic/garbage/fressian$fn__16613$map__GT_GarbageLeaf__16630,datomic/garbage/fressian$loading__6434__auto____16566,datomic/garbage/fressian$read_handler,datomic/garbage/fressian$read_handler$reify__16636,datomic/garbage/fressian$reify__16639,datomic/garbage/fressian$reify__16641,datomic/garbage/fressian$write_handler,datomic/garbage/fressian$write_handler$reify__16633,datomic/garbage/fressian/GarbageDir,datomic/garbage/fressian/GarbageDir$reify__16596,datomic/garbage/fressian/GarbageLeaf,datomic/garbage/fressian/GarbageLeaf$reify__16617,datomic/garbage/fressian/GarbageRoot,datomic/garbage/fressian/GarbageRoot$reify__16575
datomic.garbage.pod	companion-jar	clojure-1.11.4.jar	1108	459	1	648	22	clojure/lang/AFn,clojure/lang/AFunction,clojure/lang/Associative,clojure/lang/Compiler,clojure/lang/Delay,clojure/lang/IFn,clojure/lang/IFn$LO,clojure/lang/IFn$OLO,clojure/lang/IFn$OLOO,clojure/lang/IObj,clojure/lang/IPersistentList,clojure/lang/IPersistentMap,clojure/lang/IPersistentVector,clojure/lang/Keyword,clojure/lang/LockingTransaction,clojure/lang/Numbers,clojure/lang/PersistentList,clojure/lang/RT,clojure/lang/Symbol,clojure/lang/Tuple,clojure/lang/Util,clojure/lang/Var
datomic.garbage.pod	companion-jar	slf4j-api-1.7.32.jar	12	6	0	6	2	org/slf4j/Logger,org/slf4j/LoggerFactory
datomic.garbage.pod	jdk	java.lang	1348	30	5	1313	10	java/lang/Boolean,java/lang/Class,java/lang/ClassLoader,java/lang/IllegalArgumentException,java/lang/Integer,java/lang/Long,java/lang/Number,java/lang/Object,java/lang/String,java/lang/Throwable
datomic.garbage.pod	jdk	java.util	13	4	0	9	4	java/util/Arrays,java/util/List,java/util/concurrent/Callable,java/util/concurrent/atomic/AtomicReferenceArray
datomic.garbage.pod	primary-namespace	datomic.cluster	3	1	0	2	1	datomic/cluster/ClusteredStore
datomic.garbage.pod	primary-namespace	datomic.garbage.pod	22	11	0	11	11	datomic/garbage/pod$fn__22594,datomic/garbage/pod$fn__22596,datomic/garbage/pod$loading__6434__auto____22592,datomic/garbage/pod$schedule_gc,datomic/garbage/pod$schedule_gc$fn__22693,datomic/garbage/pod$schedule_gc$fn__22693$G__22600__22694,datomic/garbage/pod$schedule_gc$fn__22693$G__22601__22696,datomic/garbage/pod$schedule_gc$fn__22693$state_machine__6360__auto____22698,datomic/garbage/pod$schedule_gc$fn__22693$state_machine__6360__auto____22698$fn__22700,datomic/garbage/pod$schedule_gc$fn__22693$state_machine__6360__auto____22698$fn__22700$fn__22703,datomic/garbage/pod$warn
datomic.garbage.pod	primary-namespace	datomic.process	3	1	0	2	1	datomic/process/CriticalFailure
datomic.h2	companion-jar	clojure-1.11.4.jar	1950	653	3	1294	20	clojure/lang/AFn,clojure/lang/AFunction,clojure/lang/Associative,clojure/lang/Compiler,clojure/lang/IFn,clojure/lang/IObj,clojure/lang/IPersistentList,clojure/lang/IPersistentMap,clojure/lang/IPersistentVector,clojure/lang/ISeq,clojure/lang/Keyword,clojure/lang/LockingTransaction,clojure/lang/Namespace,clojure/lang/PersistentHashMap,clojure/lang/PersistentList,clojure/lang/RT,clojure/lang/Symbol,clojure/lang/Tuple,clojure/lang/Util,clojure/lang/Var
datomic.h2	companion-jar	h2-2.1.214.jar	7	3	0	4	1	org/h2/tools/Server
datomic.h2	companion-jar	slf4j-api-1.7.32.jar	6	3	0	3	2	org/slf4j/Logger,org/slf4j/LoggerFactory
datomic.h2	companion-jar	tomcat-jdbc-7.0.109.jar	16	8	0	8	2	org/apache/tomcat/jdbc/pool/DataSource,org/apache/tomcat/jdbc/pool/DataSourceProxy
datomic.h2	jdk	java.lang	1596	38	50	1508	12	[Ljava/lang/String;,java/lang/AssertionError,java/lang/AutoCloseable,java/lang/Boolean,java/lang/Class,java/lang/ClassLoader,java/lang/IllegalArgumentException,java/lang/Integer,java/lang/Object,java/lang/RuntimeException,java/lang/String,java/lang/Throwable
datomic.h2	jdk	java.sql	3	1	0	2	1	java/sql/SQLException
datomic.h2	jdk	java.util	59	19	0	40	3	java/util/Arrays,java/util/List,java/util/concurrent/Callable
datomic.h2	primary-namespace	datomic.h2	38	19	0	19	19	datomic/h2$can_remote_QMARK_,datomic/h2$create_sql_spec,datomic/h2$ensure_admin_conn,datomic/h2$ensure_datomic_password,datomic/h2$fn__11589,datomic/h2$fn__11592,datomic/h2$init_embedded,datomic/h2$init_embedded$fn__11637,datomic/h2$init_tcp,datomic/h2$loading__6434__auto____11475,datomic/h2$local_jdbc_spec,datomic/h2$remote_jdbc_spec,datomic/h2$rename_user_cmd,datomic/h2$set_password_cmd,datomic/h2$shutdown,datomic/h2$sql_url,datomic/h2$try_connect,datomic/h2$updating_connect,datomic/h2$uq
datomic.impl	companion-jar	clojure-1.11.4.jar	88	24	0	64	6	clojure/lang/IExceptionInfo,clojure/lang/IFn,clojure/lang/IPersistentMap,clojure/lang/RT,clojure/lang/Symbol,clojure/lang/Var
datomic.impl	companion-jar	fressian-0.6.8.jar	10	4	0	6	1	org/fressian/impl/BytesOutputStream
datomic.impl	companion-jar	guava-32.0.1-android.jar	2	1	0	1	1	com/google/common/cache/CacheLoader
datomic.impl	companion-jar	slf4j-api-1.7.32.jar	6	1	0	5	1	org/slf4j/Logger
datomic.impl	jdk	array	4	2	0	2	1	[I
datomic.impl	jdk	java.io	165	79	0	86	13	java/io/BufferedReader,java/io/DataInputStream,java/io/DataOutputStream,java/io/FileNotFoundException,java/io/FileReader,java/io/IOException,java/io/InputStream,java/io/InputStreamReader,java/io/OutputStream,java/io/PrintStream,java/io/Reader,java/io/Serializable,java/io/StringWriter
datomic.impl	jdk	java.lang	538	76	61	401	19	java/lang/Class,java/lang/CloneNotSupportedException,java/lang/Cloneable,java/lang/Comparable,java/lang/Exception,java/lang/IllegalArgumentException,java/lang/IllegalStateException,java/lang/Integer,java/lang/Iterable,java/lang/Math,java/lang/Object,java/lang/String,java/lang/StringBuffer,java/lang/System,java/lang/Throwable,java/lang/invoke/CallSite,java/lang/invoke/MethodHandles$Lookup,java/lang/invoke/MethodType,java/lang/invoke/StringConcatFactory
datomic.impl	jdk	java.util	22	5	0	17	9	java/util/Random,java/util/concurrent/BlockingQueue,java/util/concurrent/Callable,java/util/concurrent/FutureTask,java/util/concurrent/PriorityBlockingQueue,java/util/concurrent/RunnableFuture,java/util/concurrent/ThreadPoolExecutor,java/util/concurrent/TimeUnit,java/util/stream/Stream
datomic.impl	primary-namespace	datomic	1	1	0	0	1	datomic/Util
datomic.impl	primary-namespace	datomic.impl	2	1	0	1	1	datomic/impl/PriorityExecutor$ComparableFutureTask
datomic.impl.clusterfs	companion-jar	clojure-1.11.4.jar	3	0	0	3	1	clojure/lang/ILookup
datomic.impl.clusterfs	jdk	java.lang	26	6	0	20	3	java/lang/IllegalStateException,java/lang/Object,java/lang/String
datomic.impl.clusterfs	jdk	java.util	2	0	0	2	1	java/util/Collection
datomic.impl.clusterfs	primary-namespace	datomic.impl.clusterfs	3	0	0	3	1	datomic/impl/clusterfs/IClusterFS
datomic.impl.db	jdk	java.lang	2	0	0	2	1	java/lang/Object
datomic.impl.lucene	companion-jar	clojure-1.11.4.jar	54	10	0	44	6	clojure/lang/IDeref,clojure/lang/IFn,clojure/lang/ILookup,clojure/lang/IPersistentMap,clojure/lang/RT,clojure/lang/Var
datomic.impl.lucene	companion-jar	datomic-lucene-core-3.3.0.jar	86	29	0	57	9	com/datomic/lucene/store/Directory,com/datomic/lucene/store/IndexInput,com/datomic/lucene/store/IndexOutput,com/datomic/lucene/store/LockFactory,com/datomic/lucene/store/NoLockFactory,com/datomic/lucene/store/RAMFile,com/datomic/lucene/store/RAMInputStream,com/datomic/lucene/store/RAMOutputStream,com/datomic/lucene/store/SingleInstanceLockFactory
datomic.impl.lucene	companion-jar	slf4j-api-1.7.32.jar	8	3	0	5	2	org/slf4j/Logger,org/slf4j/LoggerFactory
datomic.impl.lucene	jdk	java.io	55	7	0	48	2	java/io/FileNotFoundException,java/io/IOException
datomic.impl.lucene	jdk	java.lang	210	15	0	195	12	[Ljava/lang/String;,java/lang/Class,java/lang/IllegalArgumentException,java/lang/IllegalStateException,java/lang/Math,java/lang/Object,java/lang/String,java/lang/UnsupportedOperationException,java/lang/invoke/CallSite,java/lang/invoke/MethodHandles$Lookup,java/lang/invoke/MethodType,java/lang/invoke/StringConcatFactory
datomic.impl.lucene	jdk	java.nio	33	13	0	20	1	java/nio/ByteBuffer
datomic.impl.lucene	jdk	java.util	28	13	0	15	6	java/util/Arrays,java/util/Collection,java/util/HashSet,java/util/List,java/util/Map,java/util/Set
datomic.impl.lucene	primary-namespace	com.datomic.lucene.store	2	2	0	0	1	com/datomic/lucene/store/DatomicThunk
datomic.impl.lucene	primary-namespace	datomic.impl.clusterfs	36	10	2	24	2	datomic/impl/clusterfs/Closed,datomic/impl/clusterfs/IClusterFS
datomic.impl.lucene	primary-namespace	datomic.impl.lucene	4	2	0	2	2	datomic/impl/lucene/ClusterIndexInput,datomic/impl/lucene/EmptyIndexInput
datomic.index	companion-jar	clojure-1.11.4.jar	20858	7500	74	13284	46	clojure/lang/AFn,clojure/lang/AFunction,clojure/lang/AReference,clojure/lang/Associative,clojure/lang/Compiler,clojure/lang/Counted,clojure/lang/Delay,clojure/lang/IFn,clojure/lang/IFn$DLO,clojure/lang/IFn$LLOLO,clojure/lang/IFn$LO,clojure/lang/IFn$LOO,clojure/lang/IFn$OL,clojure/lang/IFn$OOL,clojure/lang/IFn$OOOL,clojure/lang/ILookupSite,clojure/lang/ILookupThunk,clojure/lang/IObj,clojure/lang/IPersistentCollection,clojure/lang/IPersistentList,clojure/lang/IPersistentMap,clojure/lang/IPersistentSet,clojure/lang/IPersistentVector,clojure/lang/ISeq,clojure/lang/IType,clojure/lang/Indexed,clojure/lang/Keyword,clojure/lang/KeywordLookupSite,clojure/lang/LazySeq,clojure/lang/LockingTransaction,clojure/lang/MethodImplCache,clojure/lang/Namespace,clojure/lang/Numbers,clojure/lang/PersistentArrayMap,clojure/lang/PersistentHashMap,clojure/lang/PersistentHashSet,clojure/lang/PersistentList,clojure/lang/PersistentQueue,clojure/lang/PersistentVector,clojure/lang/RT,clojure/lang/RestFn,clojure/lang/Seqable,clojure/lang/Symbol,clojure/lang/Tuple,clojure/lang/Util,clojure/lang/Var
datomic.index	companion-jar	fressian-0.6.8.jar	109	35	0	74	5	org/fressian/Reader,org/fressian/Writer,org/fressian/handlers/ReadHandler,org/fressian/handlers/WriteHandler,org/fressian/impl/BytesOutputStream
datomic.index	companion-jar	slf4j-api-1.7.32.jar	276	138	0	138	2	org/slf4j/Logger,org/slf4j/LoggerFactory
datomic.index	jdk	array	59	0	0	59	5	[D,[F,[I,[J,[Z
datomic.index	jdk	java.io	24	7	0	17	6	java/io/BufferedOutputStream,java/io/ByteArrayOutputStream,java/io/File,java/io/FilterOutputStream,java/io/IOException,java/io/OutputStream
datomic.index	jdk	java.lang	20250	387	436	19427	22	[Ljava/lang/Object;,java/lang/AssertionError,java/lang/Boolean,java/lang/Character,java/lang/Class,java/lang/ClassLoader,java/lang/Double,java/lang/Float,java/lang/IllegalArgumentException,java/lang/IllegalStateException,java/lang/Integer,java/lang/Long,java/lang/Math,java/lang/Number,java/lang/Object,java/lang/String,java/lang/System,java/lang/Thread,java/lang/Throwable,java/lang/UnsupportedOperationException,java/lang/ref/Reference,java/lang/ref/WeakReference
datomic.index	jdk	java.nio	6	3	0	3	1	java/nio/Buffer
datomic.index	jdk	java.util	405	134	0	271	10	java/util/ArrayList,java/util/Arrays,java/util/Collections,java/util/Comparator,java/util/Iterator,java/util/List,java/util/RandomAccess,java/util/concurrent/Callable,java/util/zip/DeflaterOutputStream,java/util/zip/GZIPOutputStream
datomic.index	primary-namespace	datomic	6	2	0	4	2	datomic/Database,datomic/Entity
datomic.index	primary-namespace	datomic.btset	11	5	0	6	1	datomic/btset/IDataSet
datomic.index	primary-namespace	datomic.cluster	24	8	0	16	3	datomic/cluster/AsyncWriter,datomic/cluster/ClusteredStore,datomic/cluster/Dbid
datomic.index	primary-namespace	datomic.db	223	58	44	121	4	datomic/db/Attribute,datomic/db/Datum,datomic/db/Db,datomic/db/IndexSet
datomic.index	primary-namespace	datomic.impl.db	226	113	0	113	1	datomic/impl/db/IDatum
datomic.index	primary-namespace	datomic.index	867	296	114	457	247	datomic/index$add_avet_indexes,datomic/index$add_avet_indexes$sort_and_merge__15566,datomic/index$add_avet_indexes$sort_and_merge__15566$fn__15570,datomic/index$add_avet_indexes$sort_and_merge__15566$fn__15570$fn__15571,datomic/index$add_avet_indexes$sort_and_merge__15566$fn__15570$fn__15571$fn__15572,datomic/index$aevt_attrs_datoms,datomic/index$aevt_attrs_datoms$fn__15545,datomic/index$attr_datoms,datomic/index$attr_datoms$fn__15542,datomic/index$avet_sort_and_process_datoms,datomic/index$avet_sort_and_process_datoms$fn__15538,datomic/index$binary_search,datomic/index$bounded_count,datomic/index$btree_search,datomic/index$build_one_seg,datomic/index$build_one_seg$f__15304__auto____15319,datomic/index$build_one_seg$f__15304__auto____15319$f__15304__auto____15320,datomic/index$build_one_seg$proc__15317,datomic/index$build_psegs,datomic/index$build_psegs$f__15304__auto____15336,datomic/index$build_segs,datomic/index$build_segs$fn__15375,datomic/index$capture_last_ex,datomic/index$capture_last_ex$ex_handler__15426,datomic/index$conjable_on_channel,datomic/index$conjable_on_channel$reify__15423,datomic/index$create_pace_calculator,datomic/index$create_pace_calculator$fn__15310,datomic/index$create_pace_calculator$next_state__15307,datomic/index$deref_or_throw,datomic/index$dir_node,datomic/index$dir_partition_size,datomic/index$disjoined_datoms,datomic/index$drop_avet,datomic/index$drop_avet$fn__15598,datomic/index$drop_avet$fn__15598$fn__15603,datomic/index$drop_avet_indexes,datomic/index$drop_avet_indexes$fn__15621,datomic/index$drop_avet_indexes$fn__15621$fn__15628,datomic/index$drop_avets,datomic/index$drop_avets$fn__15614,datomic/index$drop_dirnode_leaves,datomic/index$drop_dirnode_leaves$fn__15594,datomic/index$dropped_avet_aids,datomic/index$dropped_avet_aids$fadd__15588,datomic/index$dropped_avet_aids$fadd__15588$fn__15589,datomic/index$estimate_seg_offset,datomic/index$excise_ents,datomic/index$excise_ents$fn__15515,datomic/index$excise_ents$fn__15517,datomic/index$filter_nohist_pairs,datomic/index$filter_nohist_pairs$fn__15343,datomic/index$filter_nohist_pairs$fn__15345,datomic/index$find_index_root_id,datomic/index$floop,datomic/index$fn__14994,datomic/index$fn__14997,datomic/index$fn__14999,datomic/index$fn__14999$__GT_TransposedData__15007,datomic/index$fn__15012,datomic/index$fn__15012$__GT_RootNode__15014,datomic/index$fn__15018,datomic/index$fn__15018$__GT_DirNode__15020,datomic/index$fn__15024,datomic/index$fn__15037,datomic/index$fn__15040,datomic/index$fn__15040$G__15031__15045,datomic/index$fn__15040$G__15032__15042,datomic/index$fn__15051,datomic/index$fn__15051$G__15033__15056,datomic/index$fn__15051$G__15034__15053,datomic/index$fn__15062,datomic/index$fn__15062$G__15035__15067,datomic/index$fn__15062$G__15036__15064,datomic/index$fn__15075,datomic/index$fn__15078,datomic/index$fn__15078$G__15073__15085,datomic/index$fn__15078$G__15074__15081,datomic/index$fn__15091,datomic/index$fn__15091$__GT_TreeIter__15176,datomic/index$fn__15179,datomic/index$fn__15181,datomic/index$fn__15196,datomic/index$fn__15196$__GT_Index__15228,datomic/index$fn__15415,datomic/index$fred,datomic/index$fress,datomic/index$fully_partition_by,datomic/index$fully_partition_by$fpb__15365,datomic/index$fully_partition_by$fpb__15365$fn__15366,datomic/index$fully_partition_by$fpb__15365$fn__15366$fn__15367,datomic/index$fully_take_while_delivering_tail,datomic/index$fully_take_while_delivering_tail$fn__15360,datomic/index$get_avet_sorted_datoms_mem,datomic/index$get_avet_sorted_datoms_mem$fn__15527,datomic/index$get_avet_sorted_datoms_mem$fn__15529,datomic/index$get_avet_sorted_datoms_mem$fn__15531,datomic/index$get_avet_sorted_datoms_mem$fn__15533,datomic/index$get_dir_node,datomic/index$ibinary_search,datomic/index$ibtree_search,datomic/index$idx_key,datomic/index$idx_key$fn__15551,datomic/index$idx_key$fn__15551$fn__15552,datomic/index$index_ref_key_name,datomic/index$indexed_binary_search,datomic/index$init_index,datomic/index$init_index_STAR_,datomic/index$init_index_STAR_$fn__15265,datomic/index$init_index_STAR_$fn__15268,datomic/index$init_index_STAR_$fn__15273,datomic/index$init_index_STAR_$fn__15276,datomic/index$least_pop_slice,datomic/index$least_pop_slice$fn__15647,datomic/index$least_pop_slice$get_slice__15649,datomic/index$load_index,datomic/index$loading__6434__auto____14344,datomic/index$lookup_index,datomic/index$make_sparse_lt,datomic/index$make_sparse_lt$fn__15384,datomic/index$mem_index_bytes,datomic/index$merge_data,datomic/index$merge_data$fn__15378,datomic/index$merge_db,datomic/index$merge_db$fn__15867,datomic/index$merge_db$fn__15867$fn__15868,datomic/index$merge_db$fn__15867$fn__15871,datomic/index$merge_db_STAR_,datomic/index$merge_db_STAR_$build_tiered_index__15765,datomic/index$merge_db_STAR_$build_tiered_index__15765$build_index__15769,datomic/index$merge_db_STAR_$build_tiered_index__15765$fn__15774,datomic/index$merge_db_STAR_$build_tiered_index__15765$fn__15779,datomic/index$merge_db_STAR_$build_tiered_index__15765$fn__15794,datomic/index$merge_db_STAR_$build_tiered_index__15765$fn__15810,datomic/index$merge_db_STAR_$build_tiered_index__15765$fn__15815,datomic/index$merge_db_STAR_$build_tiered_index__15765$fn__15815$fn__15825,datomic/index$merge_db_STAR_$build_tiered_index__15765$ratio__15805,datomic/index$merge_db_STAR_$fn__15852,datomic/index$merge_db_STAR_$fn__15854,datomic/index$merge_db_STAR_$fn__15856,datomic/index$merge_db_STAR_$fn__15858,datomic/index$merge_one_index,datomic/index$merge_one_index$drainq__15468,datomic/index$merge_one_index$excise_QMARK___15458,datomic/index$merge_one_index$excise_QMARK___15458$fn__15459,datomic/index$merge_one_index$f__15304__auto____15473,datomic/index$merge_one_index$f__15304__auto____15473$f__15304__auto____15489,datomic/index$merge_one_index$f__15304__auto____15473$fn__15495,datomic/index$merge_one_index$f__15304__auto____15473$fn__15500,datomic/index$merge_one_index$fn__15452,datomic/index$merge_one_index$fn__15454,datomic/index$merge_one_index$fn__15454$fn__15455,datomic/index$merge_one_index$fn__15462,datomic/index$merge_one_index$fn__15507,datomic/index$merge_one_index$mkdes__15464,datomic/index$merge_one_index$mkdes__15464$fn__15465,datomic/index$merge_one_index$mkroot__15509,datomic/index$mindiff,datomic/index$needs_new_avet,datomic/index$needs_new_avet$fn__15582,datomic/index$needs_new_avet$fn__15584,datomic/index$paired_assertion_state,datomic/index$paired_assertion_state$fn__15671,datomic/index$paired_assertion_state$fn__15678,datomic/index$paired_assertion_state$fn__15683,datomic/index$problem_assertion_state_QMARK_,datomic/index$reify__15183,datomic/index$reify__15185,datomic/index$reify__15187,datomic/index$reify__15189,datomic/index$reify__15232,datomic/index$reify__15234,datomic/index$reify__15236,datomic/index$reify__15238,datomic/index$reify__15240,datomic/index$reify__15242,datomic/index$repair_disjoined,datomic/index$repair_disjoined$fn__15707,datomic/index$repair_disjoined$fn__15707$fn__15708,datomic/index$repair_disjoined$fn__15707$fn__15708$fn__15712,datomic/index$repair_disjoined$fn__15707$fn__15708$fn__15712$counts__15713,datomic/index$repair_disjoined$fn__15707$fn__15708$fn__15712$counts__15713$fn__15715,datomic/index$repair_disjoined$fn__15707$fn__15708$fn__15712$fn__15721,datomic/index$retract_assert_pair_QMARK_,datomic/index$root_node,datomic/index$seg_last_datom,datomic/index$separating_retractions,datomic/index$separating_retractions$fn__15353,datomic/index$serialize_dir,datomic/index$sparse_datom,datomic/index$sparse_e_xf,datomic/index$sparse_e_xf$fn__15398,datomic/index$sparse_e_xf$fn__15398$fn__15399,datomic/index$sparse_es,datomic/index$sparse_es$fn__15407,datomic/index$sparse_es_2,datomic/index$start_dirs_pipeline,datomic/index$start_dirs_pipeline$fn__15434,datomic/index$start_dirs_pipeline$fn__15437,datomic/index$stg_index_segs,datomic/index$stg_index_size,datomic/index$strdiff,datomic/index$transpose,datomic/index$transposed_data,datomic/index$use_array_cache_QMARK_,datomic/index$valid_version,datomic/index$vecdiff,datomic/index$version_root_key,datomic/index$with_log,datomic/index$write_dirs,datomic/index$write_object,datomic/index$write_vals,datomic/index$write_vals$fn__15250,datomic/index/DirNode,datomic/index/IBinarySearch,datomic/index/IIndex,datomic/index/ITransposeData,datomic/index/ITreeIter,datomic/index/Index,datomic/index/Index$iter__15197__15203,datomic/index/Index$iter__15197__15203$fn__15204,datomic/index/Index$iter__15197__15203$fn__15204$iter__15199__15205,datomic/index/Index$iter__15197__15203$fn__15204$iter__15199__15205$fn__15206,datomic/index/Index$iter__15197__15203$fn__15204$iter__15199__15205$fn__15206$fn__15207,datomic/index/IndexedComparator,datomic/index/RootNode,datomic/index/TransposedData,datomic/index/TransposedData$reify__15000,datomic/index/TransposedData$reify__15002,datomic/index/TreeIter,datomic/index/TreeIter$fn__15117,datomic/index/TreeIter$fn__15117$fn__15118,datomic/index/TreeIter$iter__15092__15098,datomic/index/TreeIter$iter__15092__15098$fn__15099,datomic/index/TreeIter$iter__15092__15098$fn__15099$iter__15094__15100,datomic/index/TreeIter$iter__15092__15098$fn__15099$iter__15094__15100$fn__15101,datomic/index/TreeIter$iter__15092__15098$fn__15099$iter__15094__15100$fn__15101$fn__15102,datomic/index/TreeIter$iter__15121__15127,datomic/index/TreeIter$iter__15121__15127$fn__15128,datomic/index/TreeIter$iter__15121__15127$fn__15128$iter__15123__15129,datomic/index/TreeIter$iter__15121__15127$fn__15128$iter__15123__15129$fn__15130,datomic/index/TreeIter$iter__15121__15127$fn__15128$iter__15123__15129$fn__15130$fn__15131,datomic/index/TreeIter$iter__15146__15152,datomic/index/TreeIter$iter__15146__15152$fn__15153,datomic/index/TreeIter$iter__15146__15152$fn__15153$iter__15148__15154,datomic/index/TreeIter$iter__15146__15152$fn__15153$iter__15148__15154$fn__15155,datomic/index/TreeIter$iter__15146__15152$fn__15153$iter__15148__15154$fn__15155$fn__15156
datomic.index	primary-namespace	datomic.iter	19	3	0	16	1	datomic/iter/Iter
datomic.index	primary-namespace	datomic.memory-size	3	1	0	2	1	datomic/memory_size/MemorySize
datomic.index	primary-namespace	datomic.process	3	1	0	2	1	datomic/process/CriticalFailure
datomic.integrity	companion-jar	clojure-1.11.4.jar	20233	6899	15	13319	33	clojure/lang/AFn,clojure/lang/AFunction,clojure/lang/Associative,clojure/lang/Compiler,clojure/lang/IFn,clojure/lang/IFn$LL,clojure/lang/IFn$LO,clojure/lang/IFn$OL,clojure/lang/ILookupSite,clojure/lang/ILookupThunk,clojure/lang/IObj,clojure/lang/IPersistentList,clojure/lang/IPersistentMap,clojure/lang/IPersistentVector,clojure/lang/IRef,clojure/lang/ISeq,clojure/lang/Indexed,clojure/lang/Keyword,clojure/lang/KeywordLookupSite,clojure/lang/LazySeq,clojure/lang/LockingTransaction,clojure/lang/MultiFn,clojure/lang/Namespace,clojure/lang/Numbers,clojure/lang/PersistentHashMap,clojure/lang/PersistentHashSet,clojure/lang/PersistentList,clojure/lang/RT,clojure/lang/RestFn,clojure/lang/Symbol,clojure/lang/Tuple,clojure/lang/Util,clojure/lang/Var
datomic.integrity	companion-jar	slf4j-api-1.7.32.jar	48	24	0	24	2	org/slf4j/Logger,org/slf4j/LoggerFactory
datomic.integrity	jdk	java.lang	15837	219	248	15370	11	java/lang/Boolean,java/lang/Class,java/lang/ClassLoader,java/lang/IllegalArgumentException,java/lang/Integer,java/lang/Long,java/lang/Number,java/lang/Object,java/lang/String,java/lang/System,java/lang/Throwable
datomic.integrity	jdk	java.util	323	108	0	215	4	java/util/Arrays,java/util/Comparator,java/util/List,java/util/concurrent/Callable
datomic.integrity	primary-namespace	datomic	25	12	0	13	2	datomic/Database,datomic/Datom
datomic.integrity	primary-namespace	datomic.btset	6	3	0	3	1	datomic/btset/IDataSet
datomic.integrity	primary-namespace	datomic.cluster	15	5	0	10	1	datomic/cluster/ClusteredStore
datomic.integrity	primary-namespace	datomic.clusterfs	2	0	0	2	1	datomic/clusterfs/ClusterFS
datomic.integrity	primary-namespace	datomic.db	100	49	1	50	2	datomic/db/Attribute,datomic/db/IDb
datomic.integrity	primary-namespace	datomic.fulltext	2	0	0	2	1	datomic/fulltext/Root
datomic.integrity	primary-namespace	datomic.impl.db	64	0	0	64	1	datomic/impl/db/IDatum
datomic.integrity	primary-namespace	datomic.index	11	1	2	8	3	datomic/index/DirNode,datomic/index/ITreeIter,datomic/index/RootNode
datomic.integrity	primary-namespace	datomic.integrity	376	188	0	188	188	datomic/integrity$_main,datomic/integrity$_main_STAR_,datomic/integrity$_main_STAR_$fn__22560,datomic/integrity$_main_STAR_$fn__22562,datomic/integrity$_main_STAR_$fn__22562$fn__22563,datomic/integrity$_main_STAR_$fn__22566,datomic/integrity$_main_STAR_$fn__22572,datomic/integrity$_main_STAR_$fn__22574,datomic/integrity$_main_STAR_$fn__22580,datomic/integrity$_main_STAR_$fn__22582,datomic/integrity$aevt_avet_stats,datomic/integrity$aevt_avet_stats$fn__22481,datomic/integrity$aevt_avet_stats$fn__22483,datomic/integrity$aevt_avet_stats$fn__22485,datomic/integrity$aevt_avet_stats_consistent_QMARK_,datomic/integrity$aevt_dquark_seq,datomic/integrity$aevt_dquark_seq$fn__22321,datomic/integrity$aevt_dquark_seq$fn__22326,datomic/integrity$aevt_dquark_seq$fn__22326$fn__22331,datomic/integrity$aevt_dquark_seq$reify__22323,datomic/integrity$attr_datoms,datomic/integrity$attr_id_set,datomic/integrity$attr_id_set$fn__21998,datomic/integrity$avet_dquark_seq,datomic/integrity$avet_dquark_seq$fn__22361,datomic/integrity$avet_dquark_seq$fn__22366,datomic/integrity$avet_dquark_seq$fn__22366$fn__22371,datomic/integrity$avet_dquark_seq$reify__22363,datomic/integrity$cauterize,datomic/integrity$clusterfs_path_reachability,datomic/integrity$clusterfs_path_reachability$fn__22408,datomic/integrity$clusterfs_path_reachability$fn__22408$fn__22413,datomic/integrity$crosscheck_aevt_aevt,datomic/integrity$crosscheck_aevt_avet,datomic/integrity$crosscheck_aevt_eavt,datomic/integrity$crosscheck_aevt_raet,datomic/integrity$crosscheck_avet_aevt,datomic/integrity$crosscheck_avet_avet,datomic/integrity$crosscheck_avet_eavt,datomic/integrity$crosscheck_dir_segs,datomic/integrity$crosscheck_dir_segs$fn__22282,datomic/integrity$crosscheck_dir_segs$fn__22282$fn__22287,datomic/integrity$crosscheck_dir_segs$fn__22282$fn__22287$fn__22288,datomic/integrity$crosscheck_dir_segs$fn__22282$fn__22287$fn__22290,datomic/integrity$crosscheck_eavt_aevt,datomic/integrity$crosscheck_eavt_avet,datomic/integrity$crosscheck_eavt_eavt,datomic/integrity$crosscheck_eavt_raet,datomic/integrity$crosscheck_indexes,datomic/integrity$crosscheck_indexes$fn__22207,datomic/integrity$crosscheck_indexes$fn__22207$fn__22212,datomic/integrity$crosscheck_indexes$fn__22207$fn__22212$fn__22213,datomic/integrity$crosscheck_indexes$fn__22207$fn__22212$fn__22215,datomic/integrity$crosscheck_log,datomic/integrity$crosscheck_log$fn__22145,datomic/integrity$crosscheck_log$fn__22147,datomic/integrity$crosscheck_log$fn__22147$fn__22152,datomic/integrity$crosscheck_log_cli,datomic/integrity$crosscheck_log_cli$fn__22179,datomic/integrity$crosscheck_log_cli$fn__22182,datomic/integrity$crosscheck_log_representations,datomic/integrity$crosscheck_log_representations$fn__22167,datomic/integrity$crosscheck_raet_aevt,datomic/integrity$crosscheck_raet_eavt,datomic/integrity$crosscheck_raet_raet,datomic/integrity$crosscheck_tx_range_with_tx_instant,datomic/integrity$crosscheck_tx_range_with_tx_instant$progress__22465,datomic/integrity$datom_comparator,datomic/integrity$defcrosscheck,datomic/integrity$describe_segment,datomic/integrity$dir_seg_info_seq,datomic/integrity$dir_seg_info_seq$fn__22229,datomic/integrity$dups,datomic/integrity$e_ts,datomic/integrity$e_ts$fn__22391,datomic/integrity$eavt_dquark_seq,datomic/integrity$eavt_dquark_seq$fn__22341,datomic/integrity$eavt_dquark_seq$fn__22346,datomic/integrity$eavt_dquark_seq$fn__22346$fn__22351,datomic/integrity$eavt_dquark_seq$reify__22343,datomic/integrity$esafe,datomic/integrity$excisions,datomic/integrity$excisions$fn__22387,datomic/integrity$fn__21960,datomic/integrity$fn__21962,datomic/integrity$fn__21962$fn__21963,datomic/integrity$fn__21968,datomic/integrity$fn__21970,datomic/integrity$fulltext_path_reachability,datomic/integrity$fulltext_path_reachability$fn__22418,datomic/integrity$fulltext_storage_seq,datomic/integrity$fulltext_storage_seq$branch_QMARK___22504,datomic/integrity$fulltext_storage_seq$children__22509,datomic/integrity$fulltext_storage_seq$children__22509$fn__22511,datomic/integrity$fulltext_storage_seq$children__22509$fn__22513,datomic/integrity$get_db,datomic/integrity$index_storage_seq,datomic/integrity$index_storage_seq$branch_QMARK___22531,datomic/integrity$index_storage_seq$children__22536,datomic/integrity$index_storage_seq$children__22536$fn__22538,datomic/integrity$index_storage_seq$children__22536$fn__22540,datomic/integrity$loading__6434__auto____20643,datomic/integrity$log_dir_entry_seq,datomic/integrity$log_seg_t_seq,datomic/integrity$log_storage_seq,datomic/integrity$log_storage_seq$branch_QMARK___22519,datomic/integrity$log_storage_seq$children__22523,datomic/integrity$log_storage_seq$children__22523$fn__22525,datomic/integrity$make_tupler,datomic/integrity$make_tupler$fn__22005,datomic/integrity$make_tupler$fn__22007,datomic/integrity$make_tupler$fn__22009,datomic/integrity$make_tupler$fn__22011,datomic/integrity$merge_seqs,datomic/integrity$merge_seqs$fn__22313,datomic/integrity$merge_seqs$fn__22315,datomic/integrity$mk_attr_pred,datomic/integrity$mk_attr_pred$fn__22131,datomic/integrity$mk_index_pred,datomic/integrity$mk_index_pred$fn__22136,datomic/integrity$mk_index_pred$fn__22138,datomic/integrity$nohistory_attrs,datomic/integrity$nohistory_attrs$fn__21984,datomic/integrity$path_to_t,datomic/integrity$pod_storage_seq,datomic/integrity$pod_storage_seq$fn__22551,datomic/integrity$pod_storage_seq$mkv__22545,datomic/integrity$pod_storage_seq$mkv__22545$fn__22546,datomic/integrity$progress_dot,datomic/integrity$progress_dot_fn,datomic/integrity$progress_dot_fn$fn__22035,datomic/integrity$progress_reduce,datomic/integrity$progress_reduce$pf__21975,datomic/integrity$report_aevt_avet_stats,datomic/integrity$restatement_QMARK_,datomic/integrity$selfcheck_index_cli,datomic/integrity$selfcheck_index_cli$progress__22123,datomic/integrity$selfcheck_index_cli$progress__22125,datomic/integrity$seq_diffs,datomic/integrity$seq_diffs$fn__22457,datomic/integrity$stat_counts,datomic/integrity$tx_instant_ts,datomic/integrity$tx_instant_ts$fn__22434,datomic/integrity$tx_range_ts,datomic/integrity$unfindable_datom_seq,datomic/integrity$unfindable_datom_seq$fn__22024,datomic/integrity$unfindable_datom_seq$fn__22026,datomic/integrity$unfindable_datom_seq$fn__22028,datomic/integrity$unfindable_datom_seq$fn__22030,datomic/integrity$unfindable_datom_seq$fn__22032,datomic/integrity$unpaired_history_assertions,datomic/integrity$unpaired_history_assertions$fn__22097,datomic/integrity$unpaired_history_retractions,datomic/integrity$unpaired_history_retractions$fn__22103,datomic/integrity$unsorted_datoms,datomic/integrity$unsorted_datoms$fn__22084,datomic/integrity$unsorted_dirs,datomic/integrity$unsorted_dirs$fn__22040,datomic/integrity$validate_all,datomic/integrity$validate_dir_sorts,datomic/integrity$validate_dir_sorts$iter__22044__22050,datomic/integrity$validate_dir_sorts$iter__22044__22050$fn__22051,datomic/integrity$validate_dir_sorts$iter__22044__22050$fn__22051$iter__22046__22052,datomic/integrity$validate_dir_sorts$iter__22044__22050$fn__22051$iter__22046__22052$fn__22053,datomic/integrity$validate_dir_sorts$iter__22044__22050$fn__22051$iter__22046__22052$fn__22053$fn__22054,datomic/integrity$validate_excision,datomic/integrity$validate_excision$id__22395,datomic/integrity$validate_fulltext,datomic/integrity$validate_fulltext$fn__22428,datomic/integrity$validate_fulltext$progress__22426,datomic/integrity$validate_garbage,datomic/integrity$validate_garbage$fn__22461,datomic/integrity$validate_history_pairs,datomic/integrity$validate_index_sorts,datomic/integrity$validate_index_totals,datomic/integrity$validate_index_totals$total_datoms__22494,datomic/integrity$validate_indexed_excisions,datomic/integrity$validate_indexed_excisions$fn__22402,datomic/integrity$validate_indexed_excisions$fn__22404,datomic/integrity$validate_log_cli,datomic/integrity$validate_log_cli$progress__22381,datomic/integrity$validate_log_cli$progress__22381$fn__22382,datomic/integrity$validate_memory_safe,datomic/integrity$validate_nohistory,datomic/integrity$validate_t_order,datomic/integrity$validate_t_order$fn__22258,datomic/integrity$validate_t_order_STAR_,datomic/integrity$validate_t_order_STAR_$fn__22233
datomic.integrity	primary-namespace	datomic.iter	149	57	0	92	1	datomic/iter/Iter
datomic.integrity	primary-namespace	datomic.kv-store	3	1	0	2	1	datomic/kv_store/KVStore
datomic.integrity	primary-namespace	datomic.log	10	3	0	7	3	datomic/log/LogDir,datomic/log/LogDirSeq,datomic/log/LogSegSeq
datomic.integrity	primary-namespace	datomic.peer	3	1	0	2	1	datomic/peer/RemoteConnection
datomic.io	companion-jar	clojure-1.11.4.jar	3486	1299	33	2154	29	clojure/java/io/IOFactory,clojure/lang/AFn,clojure/lang/AFunction,clojure/lang/Associative,clojure/lang/Compiler,clojure/lang/IFn,clojure/lang/IFn$OL,clojure/lang/IFn$OLO,clojure/lang/IObj,clojure/lang/IPersistentList,clojure/lang/IPersistentMap,clojure/lang/IPersistentVector,clojure/lang/ISeq,clojure/lang/Indexed,clojure/lang/Keyword,clojure/lang/LazySeq,clojure/lang/LockingTransaction,clojure/lang/MethodImplCache,clojure/lang/Namespace,clojure/lang/Numbers,clojure/lang/PersistentArrayMap,clojure/lang/PersistentList,clojure/lang/PersistentVector,clojure/lang/RT,clojure/lang/RestFn,clojure/lang/Symbol,clojure/lang/Tuple,clojure/lang/Util,clojure/lang/Var
datomic.io	companion-jar	fressian-0.6.8.jar	12	6	0	6	2	org/fressian/impl/ByteBufferInputStream,org/fressian/impl/BytesOutputStream
datomic.io	jdk	array	19	0	0	19	1	[B
datomic.io	jdk	java.io	50	21	0	29	8	java/io/BufferedOutputStream,java/io/ByteArrayOutputStream,java/io/FilterOutputStream,java/io/IOException,java/io/InputStream,java/io/OutputStream,java/io/PushbackReader,java/io/Reader
datomic.io	jdk	java.lang	2837	76	9	2752	14	java/lang/AssertionError,java/lang/Boolean,java/lang/Byte,java/lang/Class,java/lang/ClassLoader,java/lang/Exception,java/lang/Integer,java/lang/Long,java/lang/Number,java/lang/Object,java/lang/String,java/lang/System,java/lang/Thread,java/lang/Throwable
datomic.io	jdk	java.net	6	2	0	4	2	java/net/URI,java/net/URL
datomic.io	jdk	java.nio	237	90	0	147	4	java/nio/Buffer,java/nio/ByteBuffer,java/nio/channels/ReadableByteChannel,java/nio/channels/WritableByteChannel
datomic.io	jdk	java.util	202	70	0	132	8	java/util/Arrays,java/util/List,java/util/concurrent/Callable,java/util/zip/CRC32,java/util/zip/Checksum,java/util/zip/DeflaterOutputStream,java/util/zip/GZIPInputStream,java/util/zip/GZIPOutputStream
datomic.io	primary-namespace	datomic.impl	2	2	0	0	1	datomic/impl/JavaByteUtil
datomic.io	primary-namespace	datomic.io	128	63	0	65	61	datomic/io$alias_buf_bytes,datomic/io$allocate_buffer,datomic/io$append_buffer,datomic/io$base128__GT_bbuf,datomic/io$bbuf__GT_base128,datomic/io$bbuf__GT_clj,datomic/io$bbuf__GT_string,datomic/io$byte_buffer_seq,datomic/io$byte_buffer_seq$fn__9350,datomic/io$byte_source__GT_buffer,datomic/io$bytestream__GT_buf,datomic/io$chunk,datomic/io$clear_buffer,datomic/io$clj__GT_bbuf,datomic/io$context_resource,datomic/io$crc32,datomic/io$decode_base128,datomic/io$describe_bbuf,datomic/io$directify_buffer,datomic/io$encode_base128,datomic/io$expand_buffer,datomic/io$expand_byte_array,datomic/io$fill_array,datomic/io$fill_buffer,datomic/io$fn__9271,datomic/io$fn__9275,datomic/io$fn__9278,datomic/io$fn__9278$G__9273__9283,datomic/io$fn__9278$G__9274__9280,datomic/io$fn__9289,datomic/io$fn__9293,datomic/io$fn__9296,datomic/io$fn__9296$G__9291__9301,datomic/io$fn__9296$G__9292__9298,datomic/io$fn__9307,datomic/io$fn__9309,datomic/io$fn__9311,datomic/io$fn__9313,datomic/io$fn__9322,datomic/io$gunzip_buffer,datomic/io$gzip_buffer,datomic/io$limit,datomic/io$loading__6434__auto____9269,datomic/io$position,datomic/io$read_all,datomic/io$read_into_buffer,datomic/io$read_n_bytes,datomic/io$read_n_direct_bytes,datomic/io$remaining,datomic/io$seek,datomic/io$string__GT_bbuf,datomic/io$sub_buffer,datomic/io$unchunk,datomic/io$unchunk$fn__9339,datomic/io$unflipped,datomic/io$valid_buf_limit_QMARK_,datomic/io$with_serialization_print_settings,datomic/io$write_buffer,datomic/io$write_bytes,datomic/io/ByteSource,datomic/io/Coercions
datomic.iter	companion-jar	clojure-1.11.4.jar	1509	564	8	937	21	clojure/lang/AFn,clojure/lang/AFunction,clojure/lang/Associative,clojure/lang/Compiler,clojure/lang/IFn,clojure/lang/IFn$OOL,clojure/lang/IObj,clojure/lang/IPersistentList,clojure/lang/IPersistentMap,clojure/lang/IPersistentVector,clojure/lang/IType,clojure/lang/Keyword,clojure/lang/LazySeq,clojure/lang/LockingTransaction,clojure/lang/Namespace,clojure/lang/PersistentList,clojure/lang/RT,clojure/lang/Symbol,clojure/lang/Tuple,clojure/lang/Util,clojure/lang/Var
datomic.iter	jdk	java.lang	1595	40	35	1520	10	[Ljava/lang/Object;,java/lang/Boolean,java/lang/Class,java/lang/ClassLoader,java/lang/Integer,java/lang/Iterable,java/lang/Long,java/lang/Number,java/lang/Object,java/lang/String
datomic.iter	jdk	java.util	70	22	0	48	5	java/util/Arrays,java/util/Comparator,java/util/Iterator,java/util/List,java/util/concurrent/Callable
datomic.iter	primary-namespace	datomic.iter	158	76	0	82	41	datomic/iter$concat,datomic/iter$drop_while,datomic/iter$filter,datomic/iter$filter$advance__11765,datomic/iter$filter$reify__11767,datomic/iter$fn__11725,datomic/iter$fn__11727,datomic/iter$fn__11729,datomic/iter$fn__11729$__GT_Iterator__11731,datomic/iter$fn__11738,datomic/iter$fn__11738$__GT_MapIter__11741,datomic/iter$fn__11752,datomic/iter$fn__11752$__GT_IterCat__11758,datomic/iter$fn__11779,datomic/iter$fn__11779$__GT_MergeIter__11781,datomic/iter$fn__11784,datomic/iter$fn__11784$__GT_ReversedIter__11787,datomic/iter$iget,datomic/iter$inext,datomic/iter$iprev,datomic/iter$iter_rseq,datomic/iter$iter_rseq$fn__11748,datomic/iter$iter_seq,datomic/iter$iter_seq$fn__11745,datomic/iter$iterable,datomic/iter$iterable$reify__11735,datomic/iter$iterator,datomic/iter$least_index,datomic/iter$loading__6434__auto____11723,datomic/iter$map,datomic/iter$merge_iters,datomic/iter$reduce,datomic/iter$reversed_iter,datomic/iter$take_while,datomic/iter$take_while$reify__11772,datomic/iter/Iter,datomic/iter/IterCat,datomic/iter/Iterator,datomic/iter/MapIter,datomic/iter/MergeIter,datomic/iter/ReversedIter
datomic.janino	companion-jar	clojure-1.11.4.jar	359	128	1	230	16	clojure/lang/AFn,clojure/lang/AFunction,clojure/lang/Associative,clojure/lang/Compiler,clojure/lang/IFn,clojure/lang/IObj,clojure/lang/IPersistentList,clojure/lang/IPersistentMap,clojure/lang/IPersistentVector,clojure/lang/Keyword,clojure/lang/LockingTransaction,clojure/lang/PersistentList,clojure/lang/RT,clojure/lang/Symbol,clojure/lang/Tuple,clojure/lang/Var
datomic.janino	companion-jar	commons-compiler-jdk-3.0.12.jar	6	3	0	3	2	org/codehaus/commons/compiler/jdk/ClassBodyEvaluator,org/codehaus/commons/compiler/jdk/ScriptEvaluator
datomic.janino	jdk	java.lang	266	6	1	259	7	[Ljava/lang/String;,java/lang/Boolean,java/lang/Class,java/lang/ClassLoader,java/lang/Integer,java/lang/Object,java/lang/String
datomic.janino	jdk	java.util	5	1	0	4	3	java/util/Arrays,java/util/List,java/util/concurrent/Callable
datomic.janino	primary-namespace	datomic.janino	6	3	0	3	3	datomic/janino$fn__11928,datomic/janino$java_data_fn,datomic/janino$loading__6434__auto____11926
datomic.kv-cache	companion-jar	clojure-1.11.4.jar	474	151	1	322	15	clojure/lang/AFn,clojure/lang/AFunction,clojure/lang/Associative,clojure/lang/Compiler,clojure/lang/IFn,clojure/lang/IPersistentList,clojure/lang/IPersistentMap,clojure/lang/IPersistentVector,clojure/lang/Keyword,clojure/lang/LockingTransaction,clojure/lang/PersistentList,clojure/lang/RT,clojure/lang/Symbol,clojure/lang/Tuple,clojure/lang/Var
datomic.kv-cache	jdk	java.lang	323	8	6	309	7	java/lang/Boolean,java/lang/Class,java/lang/ClassLoader,java/lang/Integer,java/lang/Long,java/lang/Object,java/lang/String
datomic.kv-cache	jdk	java.util	11	3	0	8	3	java/util/Arrays,java/util/List,java/util/concurrent/Callable
datomic.kv-cache	primary-namespace	datomic.kv-cache	16	8	0	8	8	datomic/kv_cache$fn__10067,datomic/kv_cache$fn__9933,datomic/kv_cache$get_kv_cache_ref,datomic/kv_cache$loading__6434__auto____9931,datomic/kv_cache$shutdown,datomic/kv_cache$start_kv_cache,datomic/kv_cache$start_kv_cache$combine__10073,datomic/kv_cache$start_kv_cache$record__10071
datomic.kv-cassandra	companion-jar	cassandra-driver-core-3.7.1.jar	22	7	1	14	4	com/datastax/driver/core/Cluster,com/datastax/driver/core/Cluster$Builder,com/datastax/driver/core/Session,com/datastax/driver/core/policies/DefaultRetryPolicy
datomic.kv-cassandra	companion-jar	clojure-1.11.4.jar	859	280	4	575	24	clojure/lang/AFn,clojure/lang/AFunction,clojure/lang/Associative,clojure/lang/Compiler,clojure/lang/IFn,clojure/lang/ILookupSite,clojure/lang/ILookupThunk,clojure/lang/IPersistentList,clojure/lang/IPersistentMap,clojure/lang/IPersistentVector,clojure/lang/ISeq,clojure/lang/IType,clojure/lang/Keyword,clojure/lang/KeywordLookupSite,clojure/lang/LockingTransaction,clojure/lang/Namespace,clojure/lang/PersistentArrayMap,clojure/lang/PersistentHashMap,clojure/lang/PersistentList,clojure/lang/RT,clojure/lang/Symbol,clojure/lang/Tuple,clojure/lang/Util,clojure/lang/Var
datomic.kv-cassandra	jdk	java.lang	768	11	29	728	8	java/lang/Boolean,java/lang/Class,java/lang/ClassLoader,java/lang/Integer,java/lang/Long,java/lang/Number,java/lang/Object,java/lang/String
datomic.kv-cassandra	jdk	java.util	11	3	0	8	3	java/util/Arrays,java/util/List,java/util/concurrent/Callable
datomic.kv-cassandra	primary-namespace	datomic.kv-cassandra	18	9	0	9	8	datomic/kv_cassandra$fn__17765,datomic/kv_cassandra$fn__17769,datomic/kv_cassandra$fn__17769$__GT_KVCassandra__17775,datomic/kv_cassandra$kv_cassandra,datomic/kv_cassandra$kv_cassandra$fn__17780,datomic/kv_cassandra$loading__6434__auto____17721,datomic/kv_cassandra$retry_policy,datomic/kv_cassandra/KVCassandra
datomic.kv-cassandra	primary-namespace	datomic.kv-store	1	0	0	1	1	datomic/kv_store/KVStore
datomic.kv-cassandra2	companion-jar	cassandra-driver-core-3.7.1.jar	20	7	0	13	3	com/datastax/driver/core/Cluster,com/datastax/driver/core/Cluster$Builder,com/datastax/driver/core/Session
datomic.kv-cassandra2	companion-jar	clojure-1.11.4.jar	925	304	5	616	25	clojure/lang/AFn,clojure/lang/AFunction,clojure/lang/Associative,clojure/lang/Compiler,clojure/lang/IFn,clojure/lang/ILookupSite,clojure/lang/ILookupThunk,clojure/lang/IObj,clojure/lang/IPersistentList,clojure/lang/IPersistentMap,clojure/lang/IPersistentVector,clojure/lang/ISeq,clojure/lang/IType,clojure/lang/Keyword,clojure/lang/KeywordLookupSite,clojure/lang/LockingTransaction,clojure/lang/Namespace,clojure/lang/PersistentArrayMap,clojure/lang/PersistentHashMap,clojure/lang/PersistentList,clojure/lang/RT,clojure/lang/Symbol,clojure/lang/Tuple,clojure/lang/Util,clojure/lang/Var
datomic.kv-cassandra2	jdk	java.lang	817	10	30	777	8	java/lang/Boolean,java/lang/Class,java/lang/ClassLoader,java/lang/Integer,java/lang/Long,java/lang/Number,java/lang/Object,java/lang/String
datomic.kv-cassandra2	jdk	java.util	8	2	0	6	3	java/util/Arrays,java/util/List,java/util/concurrent/Callable
datomic.kv-cassandra2	primary-namespace	datomic.kv-cassandra2	18	9	0	9	8	datomic/kv_cassandra2$fn__20615,datomic/kv_cassandra2$fn__20618,datomic/kv_cassandra2$fn__20618$__GT_KVCassandra2__20626,datomic/kv_cassandra2$kv_cassandra,datomic/kv_cassandra2$kv_cassandra$fn__20631,datomic/kv_cassandra2$loading__6434__auto____20513,datomic/kv_cassandra2/KVCassandra2,datomic/kv_cassandra2/KVCassandra2$fn__20620
datomic.kv-cassandra2	primary-namespace	datomic.kv-store	1	0	0	1	1	datomic/kv_store/KVStore
datomic.kv-cassandra3	companion-jar	clojure-1.11.4.jar	907	301	7	599	25	clojure/lang/AFn,clojure/lang/AFunction,clojure/lang/Associative,clojure/lang/Compiler,clojure/lang/IFn,clojure/lang/ILookupSite,clojure/lang/ILookupThunk,clojure/lang/IObj,clojure/lang/IPersistentList,clojure/lang/IPersistentMap,clojure/lang/IPersistentVector,clojure/lang/ISeq,clojure/lang/IType,clojure/lang/Keyword,clojure/lang/KeywordLookupSite,clojure/lang/LockingTransaction,clojure/lang/Namespace,clojure/lang/PersistentArrayMap,clojure/lang/PersistentHashMap,clojure/lang/PersistentList,clojure/lang/RT,clojure/lang/Symbol,clojure/lang/Tuple,clojure/lang/Util,clojure/lang/Var
datomic.kv-cassandra3	companion-jar	java-driver-core-shaded-4.17.0.jar	16	6	0	10	2	com/datastax/oss/driver/api/core/CqlSessionBuilder,com/datastax/oss/driver/api/core/session/SessionBuilder
datomic.kv-cassandra3	jdk	java.lang	789	10	25	754	8	java/lang/Boolean,java/lang/Class,java/lang/ClassLoader,java/lang/Integer,java/lang/Long,java/lang/Number,java/lang/Object,java/lang/String
datomic.kv-cassandra3	jdk	java.net	4	1	0	3	1	java/net/InetSocketAddress
datomic.kv-cassandra3	jdk	java.util	8	2	0	6	3	java/util/Arrays,java/util/List,java/util/concurrent/Callable
datomic.kv-cassandra3	jdk	javax.net	4	1	0	3	1	javax/net/ssl/SSLContext
datomic.kv-cassandra3	primary-namespace	datomic.kv-cassandra3	18	9	0	9	8	datomic/kv_cassandra3$fn__23642,datomic/kv_cassandra3$fn__23645,datomic/kv_cassandra3$fn__23645$__GT_KVCassandra3__23653,datomic/kv_cassandra3$kv_cassandra,datomic/kv_cassandra3$kv_cassandra$fn__23658,datomic/kv_cassandra3$loading__6434__auto____23640,datomic/kv_cassandra3/KVCassandra3,datomic/kv_cassandra3/KVCassandra3$fn__23647
datomic.kv-cassandra3	primary-namespace	datomic.kv-store	1	0	0	1	1	datomic/kv_store/KVStore
datomic.kv-cluster	companion-jar	clojure-1.11.4.jar	5191	1730	12	3449	28	clojure/lang/AFn,clojure/lang/AFunction,clojure/lang/Associative,clojure/lang/Compiler,clojure/lang/Delay,clojure/lang/IFn,clojure/lang/IFn$OLO,clojure/lang/ILookupSite,clojure/lang/ILookupThunk,clojure/lang/IObj,clojure/lang/IPersistentList,clojure/lang/IPersistentMap,clojure/lang/IPersistentVector,clojure/lang/ISeq,clojure/lang/IType,clojure/lang/Keyword,clojure/lang/KeywordLookupSite,clojure/lang/LockingTransaction,clojure/lang/Namespace,clojure/lang/Numbers,clojure/lang/PersistentArrayMap,clojure/lang/PersistentHashMap,clojure/lang/PersistentList,clojure/lang/RT,clojure/lang/Symbol,clojure/lang/Tuple,clojure/lang/Util,clojure/lang/Var
datomic.kv-cluster	companion-jar	slf4j-api-1.7.32.jar	132	66	0	66	2	org/slf4j/Logger,org/slf4j/LoggerFactory
datomic.kv-cluster	jdk	array	2	0	0	2	1	[B
datomic.kv-cluster	jdk	java.io	2	0	0	2	2	java/io/Closeable,java/io/IOException
datomic.kv-cluster	jdk	java.lang	5007	92	116	4799	16	java/lang/AssertionError,java/lang/Boolean,java/lang/Class,java/lang/ClassLoader,java/lang/Double,java/lang/Error,java/lang/IllegalArgumentException,java/lang/Integer,java/lang/Long,java/lang/Math,java/lang/Number,java/lang/Object,java/lang/String,java/lang/System,java/lang/Thread,java/lang/Throwable
datomic.kv-cluster	jdk	java.nio	22	10	0	12	2	java/nio/Buffer,java/nio/ByteBuffer
datomic.kv-cluster	jdk	java.util	56	19	1	36	6	java/util/Arrays,java/util/List,java/util/concurrent/Callable,java/util/concurrent/ExecutorService,java/util/concurrent/Semaphore,java/util/concurrent/TimeUnit
datomic.kv-cluster	primary-namespace	datomic.cluster	10	2	0	8	4	datomic/cluster/ClusteredStore,datomic/cluster/Dbid,datomic/cluster/Get2,datomic/cluster/RefClusterStore
datomic.kv-cluster	primary-namespace	datomic.future	30	10	0	20	1	datomic/future/GetChannel
datomic.kv-cluster	primary-namespace	datomic.kv-cluster	116	58	0	58	57	datomic/kv_cluster$exponential_backoff,datomic/kv_cluster$fn__10851,datomic/kv_cluster$fn__10871,datomic/kv_cluster$fn__10871$fn__10872,datomic/kv_cluster$fn__10877,datomic/kv_cluster$fn__10877$fn__10878,datomic/kv_cluster$fn__10885,datomic/kv_cluster$fn__10885$__GT_KVCluster__11058,datomic/kv_cluster$kv_cluster,datomic/kv_cluster$linear_backoff,datomic/kv_cluster$loading__6434__auto____10373,datomic/kv_cluster$mark_pod_garbage,datomic/kv_cluster$notify_retry,datomic/kv_cluster$retry_cause,datomic/kv_cluster$retry_fn,datomic/kv_cluster$retry_fn$fn__10863,datomic/kv_cluster$root_cause,datomic/kv_cluster$same_ref_QMARK_,datomic/kv_cluster$shared_pool,datomic/kv_cluster/KVCluster,datomic/kv_cluster/KVCluster$doit__10886,datomic/kv_cluster/KVCluster$doit__10886$fn__10890,datomic/kv_cluster/KVCluster$doit__10886$fn__10890$fn__10891,datomic/kv_cluster/KVCluster$fn__10898,datomic/kv_cluster/KVCluster$fn__10898$fn__10902,datomic/kv_cluster/KVCluster$fn__10898$fn__10902$fn__10903,datomic/kv_cluster/KVCluster$fn__10913,datomic/kv_cluster/KVCluster$fn__10913$fn__10917,datomic/kv_cluster/KVCluster$fn__10913$fn__10917$fn__10918,datomic/kv_cluster/KVCluster$fn__10926,datomic/kv_cluster/KVCluster$fn__10926$fn__10930,datomic/kv_cluster/KVCluster$fn__10926$fn__10930$fn__10931,datomic/kv_cluster/KVCluster$fn__10939,datomic/kv_cluster/KVCluster$fn__10939$fn__10943,datomic/kv_cluster/KVCluster$fn__10939$fn__10943$fn__10944,datomic/kv_cluster/KVCluster$fn__10953,datomic/kv_cluster/KVCluster$fn__10953$fn__10957,datomic/kv_cluster/KVCluster$fn__10953$fn__10957$fn__10958,datomic/kv_cluster/KVCluster$fn__10953$fn__10957$fn__10960,datomic/kv_cluster/KVCluster$fn__10968,datomic/kv_cluster/KVCluster$fn__10968$fn__10972,datomic/kv_cluster/KVCluster$fn__10968$fn__10972$fn__10973,datomic/kv_cluster/KVCluster$fn__10981,datomic/kv_cluster/KVCluster$fn__10981$fn__10985,datomic/kv_cluster/KVCluster$fn__10981$fn__10985$fn__10986,datomic/kv_cluster/KVCluster$fn__10981$fn__10985$fn__10989,datomic/kv_cluster/KVCluster$fn__10981$fn__10985$fn__10989$fn__10991,datomic/kv_cluster/KVCluster$fn__10981$fn__10985$fn__10994,datomic/kv_cluster/KVCluster$fn__11004,datomic/kv_cluster/KVCluster$fn__11004$fn__11008,datomic/kv_cluster/KVCluster$fn__11004$fn__11008$fn__11009,datomic/kv_cluster/KVCluster$fn__11004$fn__11008$fn__11011,datomic/kv_cluster/KVCluster$fn__11004$fn__11008$fn__11013,datomic/kv_cluster/KVCluster$fn__11004$fn__11008$fn__11015,datomic/kv_cluster/KVCluster$fn__11004$fn__11008$fn__11015$fn__11016,datomic/kv_cluster/KVCluster$fn__11004$fn__11008$fn__11015$fn__11016$fn__11018,datomic/kv_cluster/KVCluster$fn__11004$fn__11008$fn__11022
datomic.kv-cluster	primary-namespace	datomic.kv-store	48	16	0	32	2	datomic/kv_store/KVStore,datomic/kv_store/Retryable
datomic.kv-dynamo	companion-jar	aws-java-sdk-dynamodb-1.12.564.jar	1	0	0	1	1	com/amazonaws/services/dynamodbv2/model/ConditionalCheckFailedException
datomic.kv-dynamo	companion-jar	clojure-1.11.4.jar	862	290	3	569	22	clojure/lang/AFn,clojure/lang/AFunction,clojure/lang/Associative,clojure/lang/Compiler,clojure/lang/IFn,clojure/lang/ILookupSite,clojure/lang/ILookupThunk,clojure/lang/IPersistentList,clojure/lang/IPersistentMap,clojure/lang/IPersistentVector,clojure/lang/IType,clojure/lang/Keyword,clojure/lang/KeywordLookupSite,clojure/lang/LockingTransaction,clojure/lang/Namespace,clojure/lang/PersistentArrayMap,clojure/lang/PersistentList,clojure/lang/RT,clojure/lang/Symbol,clojure/lang/Tuple,clojure/lang/Util,clojure/lang/Var
datomic.kv-dynamo	jdk	java.lang	717	9	14	694	6	java/lang/Boolean,java/lang/Class,java/lang/ClassLoader,java/lang/Integer,java/lang/Object,java/lang/String
datomic.kv-dynamo	jdk	java.util	17	5	0	12	3	java/util/Arrays,java/util/List,java/util/concurrent/Callable
datomic.kv-dynamo	primary-namespace	datomic.kv-dynamo	28	14	0	14	12	datomic/kv_dynamo$expected_map,datomic/kv_dynamo$expected_map$fn__20481,datomic/kv_dynamo$fn__20476,datomic/kv_dynamo$fn__20487,datomic/kv_dynamo$fn__20487$__GT_KVDynamo__20496,datomic/kv_dynamo$key_path,datomic/kv_dynamo$kv_dynamo,datomic/kv_dynamo$loading__6434__auto____20474,datomic/kv_dynamo$remove_prefix,datomic/kv_dynamo/KVDynamo,datomic/kv_dynamo/KVDynamo$fn__20489,datomic/kv_dynamo/KVDynamo$fn__20491
datomic.kv-dynamo	primary-namespace	datomic.kv-store	1	0	0	1	1	datomic/kv_store/KVStore
datomic.kv-dynamo-skv	companion-jar	aws-java-sdk-dynamodb-1.12.564.jar	1	0	0	1	1	com/amazonaws/services/dynamodbv2/model/ConditionalCheckFailedException
datomic.kv-dynamo-skv	companion-jar	clojure-1.11.4.jar	842	281	4	557	25	clojure/lang/AFn,clojure/lang/AFunction,clojure/lang/Associative,clojure/lang/Compiler,clojure/lang/IFn,clojure/lang/ILookupSite,clojure/lang/ILookupThunk,clojure/lang/IObj,clojure/lang/IPersistentList,clojure/lang/IPersistentMap,clojure/lang/IPersistentVector,clojure/lang/ISeq,clojure/lang/IType,clojure/lang/Keyword,clojure/lang/KeywordLookupSite,clojure/lang/LockingTransaction,clojure/lang/Namespace,clojure/lang/PersistentArrayMap,clojure/lang/PersistentHashMap,clojure/lang/PersistentList,clojure/lang/RT,clojure/lang/Symbol,clojure/lang/Tuple,clojure/lang/Util,clojure/lang/Var
datomic.kv-dynamo-skv	jdk	java.io	4	1	0	3	2	java/io/Reader,java/io/StringReader
datomic.kv-dynamo-skv	jdk	java.lang	719	12	14	693	9	java/lang/AssertionError,java/lang/Boolean,java/lang/Class,java/lang/ClassLoader,java/lang/Integer,java/lang/Long,java/lang/Object,java/lang/String,java/lang/Throwable
datomic.kv-dynamo-skv	jdk	java.util	21	8	0	13	4	java/util/Arrays,java/util/List,java/util/Properties,java/util/concurrent/Callable
datomic.kv-dynamo-skv	primary-namespace	datomic.kv-dynamo-skv	18	9	0	9	8	datomic/kv_dynamo_skv$expected_map,datomic/kv_dynamo_skv$expected_map$fn__23534,datomic/kv_dynamo_skv$fn__23531,datomic/kv_dynamo_skv$fn__23541,datomic/kv_dynamo_skv$fn__23541$__GT_KVDynamoSKV__23546,datomic/kv_dynamo_skv$kv_ddb_skv_,datomic/kv_dynamo_skv$loading__6434__auto____23529,datomic/kv_dynamo_skv/KVDynamoSKV
datomic.kv-dynamo-skv	primary-namespace	datomic.kv-store	1	0	0	1	1	datomic/kv_store/KVStore
datomic.kv-dynamo-skv	primary-namespace	datomic.simple-kv	6	2	0	4	1	datomic/simple_kv/KV
datomic.kv-hotrod	companion-jar	clojure-1.11.4.jar	587	193	4	390	26	clojure/lang/AFn,clojure/lang/AFunction,clojure/lang/Associative,clojure/lang/Compiler,clojure/lang/Delay,clojure/lang/IFn,clojure/lang/ILookupSite,clojure/lang/ILookupThunk,clojure/lang/IObj,clojure/lang/IPersistentList,clojure/lang/IPersistentMap,clojure/lang/IPersistentVector,clojure/lang/ISeq,clojure/lang/IType,clojure/lang/Keyword,clojure/lang/KeywordLookupSite,clojure/lang/LockingTransaction,clojure/lang/Namespace,clojure/lang/PersistentArrayMap,clojure/lang/PersistentHashMap,clojure/lang/PersistentList,clojure/lang/RT,clojure/lang/Symbol,clojure/lang/Tuple,clojure/lang/Util,clojure/lang/Var
datomic.kv-hotrod	jdk	array	1	0	0	1	1	[B
datomic.kv-hotrod	jdk	java.lang	521	9	16	496	6	java/lang/Boolean,java/lang/Class,java/lang/ClassLoader,java/lang/Integer,java/lang/Object,java/lang/String
datomic.kv-hotrod	jdk	java.nio	2	1	0	1	1	java/nio/ByteBuffer
datomic.kv-hotrod	jdk	java.util	26	11	0	15	6	java/util/Arrays,java/util/List,java/util/Map,java/util/Properties,java/util/concurrent/Callable,java/util/concurrent/ConcurrentMap
datomic.kv-hotrod	primary-namespace	datomic.kv-hotrod	22	11	0	11	10	datomic/kv_hotrod$fn__17794,datomic/kv_hotrod$fn__17796,datomic/kv_hotrod$fn__17799,datomic/kv_hotrod$fn__17801,datomic/kv_hotrod$fn__17801$__GT_KVHotRod__17810,datomic/kv_hotrod$kv_infinispan,datomic/kv_hotrod$kv_infinispan$fn__17814,datomic/kv_hotrod$loading__6434__auto____17792,datomic/kv_hotrod/KVHotRod,datomic/kv_hotrod/KVHotRod$put_when__17803
datomic.kv-hotrod	primary-namespace	datomic.kv-store	1	0	0	1	1	datomic/kv_store/KVStore
datomic.kv-hotrod	unresolved	org.infinispan.client.hotrod	21	7	1	13	5	[Lorg/infinispan/client/hotrod/Flag;,org/infinispan/client/hotrod/Flag,org/infinispan/client/hotrod/RemoteCache,org/infinispan/client/hotrod/RemoteCacheManager,org/infinispan/client/hotrod/VersionedValue
datomic.kv-mem	companion-jar	clojure-1.11.4.jar	339	116	5	218	24	clojure/lang/AFn,clojure/lang/AFunction,clojure/lang/Associative,clojure/lang/Compiler,clojure/lang/IFn,clojure/lang/ILookupSite,clojure/lang/ILookupThunk,clojure/lang/IObj,clojure/lang/IPersistentList,clojure/lang/IPersistentMap,clojure/lang/IPersistentVector,clojure/lang/ISeq,clojure/lang/IType,clojure/lang/Keyword,clojure/lang/KeywordLookupSite,clojure/lang/LockingTransaction,clojure/lang/Namespace,clojure/lang/PersistentHashMap,clojure/lang/PersistentList,clojure/lang/RT,clojure/lang/Symbol,clojure/lang/Tuple,clojure/lang/Util,clojure/lang/Var
datomic.kv-mem	jdk	java.lang	294	6	9	279	6	java/lang/Boolean,java/lang/Class,java/lang/ClassLoader,java/lang/Integer,java/lang/Object,java/lang/String
datomic.kv-mem	jdk	java.util	18	7	0	11	5	java/util/Arrays,java/util/List,java/util/Map,java/util/concurrent/Callable,java/util/concurrent/ConcurrentMap
datomic.kv-mem	primary-namespace	datomic.kv-mem	16	8	0	8	7	datomic/kv_mem$fn__23553,datomic/kv_mem$fn__23555,datomic/kv_mem$fn__23555$__GT_KVMem__23561,datomic/kv_mem$kv_mem,datomic/kv_mem$loading__6434__auto____23551,datomic/kv_mem/KVMem,datomic/kv_mem/KVMem$put_when__23557
datomic.kv-mem	primary-namespace	datomic.kv-store	1	0	0	1	1	datomic/kv_store/KVStore
datomic.kv-sql	companion-jar	clojure-1.11.4.jar	717	231	4	482	24	clojure/lang/AFn,clojure/lang/AFunction,clojure/lang/Associative,clojure/lang/Compiler,clojure/lang/IFn,clojure/lang/ILookupSite,clojure/lang/ILookupThunk,clojure/lang/IObj,clojure/lang/IPersistentList,clojure/lang/IPersistentMap,clojure/lang/IPersistentVector,clojure/lang/ISeq,clojure/lang/IType,clojure/lang/Keyword,clojure/lang/KeywordLookupSite,clojure/lang/LockingTransaction,clojure/lang/Namespace,clojure/lang/Numbers,clojure/lang/PersistentHashMap,clojure/lang/PersistentList,clojure/lang/RT,clojure/lang/Symbol,clojure/lang/Tuple,clojure/lang/Var
datomic.kv-sql	companion-jar	slf4j-api-1.7.32.jar	6	3	0	3	2	org/slf4j/Logger,org/slf4j/LoggerFactory
datomic.kv-sql	jdk	array	1	0	0	1	1	[B
datomic.kv-sql	jdk	java.lang	578	14	18	546	8	java/lang/Boolean,java/lang/Class,java/lang/ClassLoader,java/lang/Integer,java/lang/Long,java/lang/Object,java/lang/String,java/lang/Throwable
datomic.kv-sql	jdk	java.nio	2	1	0	1	1	java/nio/ByteBuffer
datomic.kv-sql	jdk	java.sql	5	2	0	3	1	java/sql/SQLException
datomic.kv-sql	jdk	java.util	11	3	0	8	3	java/util/Arrays,java/util/List,java/util/concurrent/Callable
datomic.kv-sql	primary-namespace	datomic.kv-sql	20	10	0	10	9	datomic/kv_sql$constraint_violation_QMARK_,datomic/kv_sql$fn__11535,datomic/kv_sql$fn__11575,datomic/kv_sql$fn__11575$__GT_KVSql__11583,datomic/kv_sql$fn__11587,datomic/kv_sql$from_spec,datomic/kv_sql$loading__6434__auto____11533,datomic/kv_sql/KVSql,datomic/kv_sql/KVSql$fn__11577
datomic.kv-sql	primary-namespace	datomic.kv-store	1	0	0	1	1	datomic/kv_store/KVStore
datomic.kv-sql-ext	companion-jar	clojure-1.11.4.jar	898	293	6	599	20	clojure/lang/AFn,clojure/lang/AFunction,clojure/lang/Associative,clojure/lang/Compiler,clojure/lang/IFn,clojure/lang/IPersistentList,clojure/lang/IPersistentMap,clojure/lang/IPersistentVector,clojure/lang/IRef,clojure/lang/ISeq,clojure/lang/Keyword,clojure/lang/LockingTransaction,clojure/lang/MultiFn,clojure/lang/Namespace,clojure/lang/PersistentHashMap,clojure/lang/PersistentList,clojure/lang/RT,clojure/lang/Symbol,clojure/lang/Tuple,clojure/lang/Var
datomic.kv-sql-ext	companion-jar	slf4j-api-1.7.32.jar	12	6	0	6	2	org/slf4j/Logger,org/slf4j/LoggerFactory
datomic.kv-sql-ext	companion-jar	tomcat-jdbc-7.0.109.jar	20	10	0	10	2	org/apache/tomcat/jdbc/pool/DataSource,org/apache/tomcat/jdbc/pool/DataSourceProxy
datomic.kv-sql-ext	jdk	java.lang	730	17	14	699	9	java/lang/Boolean,java/lang/Class,java/lang/ClassLoader,java/lang/Integer,java/lang/Long,java/lang/Number,java/lang/Object,java/lang/String,java/lang/Throwable
datomic.kv-sql-ext	jdk	java.sql	18	8	0	10	6	java/sql/Connection,java/sql/Driver,java/sql/DriverManager,java/sql/PreparedStatement,java/sql/ResultSet,java/sql/Statement
datomic.kv-sql-ext	jdk	java.util	21	7	0	14	4	java/util/Arrays,java/util/List,java/util/concurrent/Callable,java/util/regex/Pattern
datomic.kv-sql-ext	primary-namespace	datomic.kv-sql-ext	30	15	0	15	15	datomic/kv_sql_ext$cluster_conf__GT_spec,datomic/kv_sql_ext$cluster_conf__GT_spec$fn__11569,datomic/kv_sql_ext$fn__11539,datomic/kv_sql_ext$fn__11542,datomic/kv_sql_ext$fn__11546,datomic/kv_sql_ext$fn__11548,datomic/kv_sql_ext$fn__11557,datomic/kv_sql_ext$fn__11557$fn__11560,datomic/kv_sql_ext$fn__11557$fn__11562,datomic/kv_sql_ext$fn__11557$fn__11564,datomic/kv_sql_ext$kv_sql,datomic/kv_sql_ext$loading__6434__auto____11537,datomic/kv_sql_ext$provider,datomic/kv_sql_ext$try_validation_query,datomic/kv_sql_ext$validation_query
datomic.kv-store	companion-jar	clojure-1.11.4.jar	1329	490	13	826	20	clojure/lang/AFn,clojure/lang/AFunction,clojure/lang/Associative,clojure/lang/Compiler,clojure/lang/IFn,clojure/lang/IObj,clojure/lang/IPersistentList,clojure/lang/IPersistentMap,clojure/lang/IPersistentVector,clojure/lang/ISeq,clojure/lang/Keyword,clojure/lang/LockingTransaction,clojure/lang/MethodImplCache,clojure/lang/PersistentArrayMap,clojure/lang/PersistentList,clojure/lang/RT,clojure/lang/Symbol,clojure/lang/Tuple,clojure/lang/Util,clojure/lang/Var
datomic.kv-store	jdk	java.lang	1141	8	8	1125	6	java/lang/Boolean,java/lang/Class,java/lang/ClassLoader,java/lang/Integer,java/lang/Object,java/lang/String
datomic.kv-store	jdk	java.util	98	32	0	66	3	java/util/Arrays,java/util/List,java/util/concurrent/Callable
datomic.kv-store	primary-namespace	datomic.kv-store	52	26	0	26	23	datomic/kv_store$fn__10748,datomic/kv_store$fn__10758,datomic/kv_store$fn__10761,datomic/kv_store$fn__10761$G__10754__10770,datomic/kv_store$fn__10761$G__10755__10765,datomic/kv_store$fn__10776,datomic/kv_store$fn__10776$G__10752__10785,datomic/kv_store$fn__10776$G__10753__10780,datomic/kv_store$fn__10791,datomic/kv_store$fn__10791$G__10750__10798,datomic/kv_store$fn__10791$G__10751__10794,datomic/kv_store$fn__10804,datomic/kv_store$fn__10804$G__10756__10809,datomic/kv_store$fn__10804$G__10757__10806,datomic/kv_store$fn__10817,datomic/kv_store$fn__10820,datomic/kv_store$fn__10820$G__10815__10825,datomic/kv_store$fn__10820$G__10816__10822,datomic/kv_store$fn__10831,datomic/kv_store$fn__10833,datomic/kv_store$loading__6434__auto____10746,datomic/kv_store/KVStore,datomic/kv_store/Retryable
datomic.log	companion-jar	clojure-1.11.4.jar	15323	5496	81	9746	47	clojure/lang/AFn,clojure/lang/AFunction,clojure/lang/APersistentMap,clojure/lang/AReference,clojure/lang/Associative,clojure/lang/Compiler,clojure/lang/Counted,clojure/lang/IFn,clojure/lang/IFn$LL,clojure/lang/IFn$OL,clojure/lang/IHashEq,clojure/lang/IKeywordLookup,clojure/lang/ILookup,clojure/lang/ILookupSite,clojure/lang/ILookupThunk,clojure/lang/IMapEntry,clojure/lang/IObj,clojure/lang/IPersistentCollection,clojure/lang/IPersistentList,clojure/lang/IPersistentMap,clojure/lang/IPersistentSet,clojure/lang/IPersistentVector,clojure/lang/IRecord,clojure/lang/ISeq,clojure/lang/IType,clojure/lang/Indexed,clojure/lang/Keyword,clojure/lang/KeywordLookupSite,clojure/lang/LazySeq,clojure/lang/LockingTransaction,clojure/lang/MapEntry,clojure/lang/MapEquivalence,clojure/lang/MethodImplCache,clojure/lang/Namespace,clojure/lang/Numbers,clojure/lang/PersistentArrayMap,clojure/lang/PersistentHashMap,clojure/lang/PersistentHashSet,clojure/lang/PersistentList,clojure/lang/PersistentVector,clojure/lang/RT,clojure/lang/RecordIterator,clojure/lang/Symbol,clojure/lang/Tuple,clojure/lang/Util,clojure/lang/Var,clojure/lang/Volatile
datomic.log	companion-jar	fressian-0.6.8.jar	42	13	5	24	7	org/fressian/Reader,org/fressian/Writer,org/fressian/handlers/ReadHandler,org/fressian/handlers/WriteHandler,org/fressian/impl/ByteBufferInputStream,org/fressian/impl/BytesOutputStream,org/fressian/impl/Codes
datomic.log	companion-jar	slf4j-api-1.7.32.jar	78	39	0	39	2	org/slf4j/Logger,org/slf4j/LoggerFactory
datomic.log	jdk	array	3	0	0	3	1	[B
datomic.log	jdk	java.io	7	0	0	7	2	java/io/IOException,java/io/Serializable
datomic.log	jdk	java.lang	14062	247	239	13576	16	java/lang/AssertionError,java/lang/Boolean,java/lang/Byte,java/lang/Class,java/lang/ClassLoader,java/lang/Error,java/lang/Integer,java/lang/Iterable,java/lang/Long,java/lang/Number,java/lang/Object,java/lang/RuntimeException,java/lang/String,java/lang/System,java/lang/Throwable,java/lang/UnsupportedOperationException
datomic.log	jdk	java.nio	14	6	0	8	2	java/nio/Buffer,java/nio/ByteBuffer
datomic.log	jdk	java.util	583	170	0	413	7	java/util/Arrays,java/util/Collection,java/util/Iterator,java/util/List,java/util/Map,java/util/Set,java/util/concurrent/Callable
datomic.log	primary-namespace	datomic	7	3	0	4	2	datomic/Database,datomic/Log
datomic.log	primary-namespace	datomic.cluster	33	11	0	22	3	datomic/cluster/AsyncWriter,datomic/cluster/ClusteredStore,datomic/cluster/Dbid
datomic.log	primary-namespace	datomic.db	8	2	2	4	3	datomic/db/IDb,datomic/db/IDbImpl,datomic/db/MemLog
datomic.log	primary-namespace	datomic.impl.db	12	6	0	6	1	datomic/impl/db/IDatum
datomic.log	primary-namespace	datomic.iter	14	6	0	8	1	datomic/iter/Iter
datomic.log	primary-namespace	datomic.log	567	233	33	301	193	datomic/log$catchup,datomic/log$catchup$fn__16366,datomic/log$catchup$fn__16371,datomic/log$catchup_tx,datomic/log$claim_log,datomic/log$combine_last_if,datomic/log$combine_last_if$fn__16535,datomic/log$combine_last_if$fn__16535$fn__16536,datomic/log$convert_log_version,datomic/log$create_entry,datomic/log$create_leaves,datomic/log$create_leaves_STAR_,datomic/log$create_leaves_STAR_$fn__16547,datomic/log$create_leaves_STAR_$fn__16549,datomic/log$create_log_impl,datomic/log$create_log_val,datomic/log$create_new_log,datomic/log$create_tail,datomic/log$empty_tail,datomic/log$ensure_index_and_log,datomic/log$ensure_index_and_log$fn__16381,datomic/log$excise,datomic/log$excise$fn__16433,datomic/log$excise_dir_map,datomic/log$excise_dir_map$fn__16399,datomic/log$excise_dir_map$fn__16404,datomic/log$excise_root,datomic/log$excise_root$fn__16440,datomic/log$excise_root$fn__16447,datomic/log$excise_root$fn__16449,datomic/log$excise_root$patch_dir__16442,datomic/log$excise_root$patch_dir__16442$fn__16443,datomic/log$excise_ts,datomic/log$excise_ts$fn__16392,datomic/log$excise_ts$fn__16392$fn__16393,datomic/log$extend_tail,datomic/log$extend_tree,datomic/log$extend_tree$create__16558,datomic/log$extend_tree$fn__16560,datomic/log$find_log,datomic/log$fn__15938,datomic/log$fn__15945,datomic/log$fn__15948,datomic/log$fn__15948$G__15941__15955,datomic/log$fn__15948$G__15942__15951,datomic/log$fn__15961,datomic/log$fn__15961$G__15943__15968,datomic/log$fn__15961$G__15944__15964,datomic/log$fn__15990,datomic/log$fn__15993,datomic/log$fn__15993$G__15986__16002,datomic/log$fn__15993$G__15987__15997,datomic/log$fn__16008,datomic/log$fn__16008$G__15982__16013,datomic/log$fn__16008$G__15983__16010,datomic/log$fn__16019,datomic/log$fn__16019$G__15988__16024,datomic/log$fn__16019$G__15989__16021,datomic/log$fn__16030,datomic/log$fn__16030$G__15984__16041,datomic/log$fn__16030$G__15985__16035,datomic/log$fn__16047,datomic/log$fn__16047$G__15980__16052,datomic/log$fn__16047$G__15981__16049,datomic/log$fn__16058,datomic/log$fn__16058$G__15978__16065,datomic/log$fn__16058$G__15979__16061,datomic/log$fn__16073,datomic/log$fn__16076,datomic/log$fn__16076$G__16071__16081,datomic/log$fn__16076$G__16072__16078,datomic/log$fn__16089,datomic/log$fn__16092,datomic/log$fn__16092$G__16087__16097,datomic/log$fn__16092$G__16088__16094,datomic/log$fn__16105,datomic/log$fn__16108,datomic/log$fn__16108$G__16103__16113,datomic/log$fn__16108$G__16104__16110,datomic/log$fn__16121,datomic/log$fn__16124,datomic/log$fn__16124$G__16119__16129,datomic/log$fn__16124$G__16120__16126,datomic/log$fn__16138,datomic/log$fn__16140,datomic/log$fn__16143,datomic/log$fn__16143$__GT_LogDir__16161,datomic/log$fn__16143$map__GT_LogDir__16163,datomic/log$fn__16194,datomic/log$fn__16194$__GT_TailTxIter__16196,datomic/log$fn__16200,datomic/log$fn__16200$__GT_Tail__16218,datomic/log$fn__16200$map__GT_Tail__16220,datomic/log$fn__16251,datomic/log$fn__16251$__GT_LogTxIter__16292,datomic/log$fn__16296,datomic/log$fn__16296$__GT_LogImpl__16336,datomic/log$fn__16296$map__GT_LogImpl__16338,datomic/log$fn__16456,datomic/log$fn__16456$__GT_LogTailValue__16471,datomic/log$fn__16456$map__GT_LogTailValue__16473,datomic/log$fn__16476,datomic/log$fn__16485,datomic/log$fn__16485$__GT_LogValue__16510,datomic/log$fn__16485$map__GT_LogValue__16512,datomic/log$fressianed_dir,datomic/log$fressianed_leaf,datomic/log$fressianed_tx,datomic/log$fressianed_txes_length,datomic/log$fressianed_txes_length$fn__16135,datomic/log$inc_rev,datomic/log$last_by_nth,datomic/log$last_tree_tx,datomic/log$legacy_root_ref_key,datomic/log$load_tail,datomic/log$loading__6434__auto____14342,datomic/log$log_tree,datomic/log$max_eidx,datomic/log$max_eidx$fn__16521,datomic/log$max_t,datomic/log$max_t$fn__16518,datomic/log$normalize_desc,datomic/log$partition_by_weight,datomic/log$partition_by_weight$fn__16529,datomic/log$partition_by_weight$fn__16529$fn__16530,datomic/log$pod_update_succeeded_QMARK_,datomic/log$read_tail_descriptor,datomic/log$reify__16166,datomic/log$reify__16168,datomic/log$resets_caches_QMARK_,datomic/log$root_id,datomic/log$seek_seg_id,datomic/log$seek_tx,datomic/log$segment,datomic/log$segmented_basis_t,datomic/log$since,datomic/log$since$fn__16237,datomic/log$tail_byte_count,datomic/log$tail_descriptor_QMARK_,datomic/log$tail_empty_QMARK_,datomic/log$tail_pod_key,datomic/log$tail_ts,datomic/log$tx_range,datomic/log$tx_range$reify__16479,datomic/log$tx_range$reify__16479$fn__16480,datomic/log$write_excise_val,datomic/log$write_excised_log,datomic/log$write_excised_log$fn__16409,datomic/log$write_excised_log$fn__16409$excise_QMARK___16416,datomic/log$write_excised_log$fn__16409$excise_QMARK___16416$fn__16417,datomic/log$write_excised_log$fn__16409$fn__16421,datomic/log$write_excised_log$fn__16409$fn__16421$fn__16426,datomic/log$write_new_log,datomic/log$write_new_log$fn__16345,datomic/log$write_tail_descriptor,datomic/log$zip_and_create,datomic/log/Log,datomic/log/LogDir,datomic/log/LogDir$reify__16147,datomic/log/LogDir$reify__16149,datomic/log/LogDirSeq,datomic/log/LogImpl,datomic/log/LogImpl$fn__16307,datomic/log/LogImpl$fn__16309,datomic/log/LogImpl$fn__16309$fn__16310,datomic/log/LogImpl$fn__16316,datomic/log/LogImpl$reify__16300,datomic/log/LogImpl$reify__16302,datomic/log/LogImpl$reify__16304,datomic/log/LogKey,datomic/log/LogSeek,datomic/log/LogSegSeq,datomic/log/LogTailValue,datomic/log/LogTailValue$reify__16460,datomic/log/LogTxIter,datomic/log/LogTxIter$iter__16252__16256,datomic/log/LogTxIter$iter__16252__16256$fn__16257,datomic/log/LogTxIter$iter__16252__16256$fn__16257$fn__16258,datomic/log/LogTxIter$iter__16265__16271,datomic/log/LogTxIter$iter__16265__16271$fn__16272,datomic/log/LogTxIter$iter__16265__16271$fn__16272$iter__16267__16273,datomic/log/LogTxIter$iter__16265__16271$fn__16272$iter__16267__16273$fn__16274,datomic/log/LogTxIter$iter__16265__16271$fn__16272$iter__16267__16273$fn__16274$fn__16275,datomic/log/LogValue,datomic/log/LogValue$reify__16489,datomic/log/LogValue$reify__16491,datomic/log/LogValue$reify__16493,datomic/log/LogValue$reify__16495,datomic/log/Tail,datomic/log/Tail$reify__16204,datomic/log/Tail$reify__16206,datomic/log/TailTxIter,datomic/log/TailTxes
datomic.log	primary-namespace	datomic.memory-size	3	1	0	2	1	datomic/memory_size/MemorySize
datomic.lucene	companion-jar	clojure-1.11.4.jar	2375	881	37	1457	28	clojure/lang/AFn,clojure/lang/AFunction,clojure/lang/Associative,clojure/lang/Compiler,clojure/lang/IFn,clojure/lang/IFn$OLO,clojure/lang/IFn$OOLLO,clojure/lang/IObj,clojure/lang/IPersistentList,clojure/lang/IPersistentMap,clojure/lang/IPersistentVector,clojure/lang/ISeq,clojure/lang/Indexed,clojure/lang/Keyword,clojure/lang/LazySeq,clojure/lang/LockingTransaction,clojure/lang/MethodImplCache,clojure/lang/Namespace,clojure/lang/PersistentArrayMap,clojure/lang/PersistentHashMap,clojure/lang/PersistentList,clojure/lang/PersistentVector,clojure/lang/RT,clojure/lang/RestFn,clojure/lang/Symbol,clojure/lang/Tuple,clojure/lang/Util,clojure/lang/Var
datomic.lucene	companion-jar	datomic-lucene-core-3.3.0.jar	177	44	16	117	35	[Lcom/datomic/lucene/index/IndexReader;,com/datomic/lucene/analysis/Analyzer,com/datomic/lucene/analysis/ReusableAnalyzerBase,com/datomic/lucene/analysis/TokenStream,com/datomic/lucene/analysis/standard/StandardAnalyzer,com/datomic/lucene/analysis/tokenattributes/CharTermAttributeImpl,com/datomic/lucene/document/AbstractField,com/datomic/lucene/document/Document,com/datomic/lucene/document/Field,com/datomic/lucene/document/Field$Index,com/datomic/lucene/document/Field$Store,com/datomic/lucene/document/Fieldable,com/datomic/lucene/document/NumericField,com/datomic/lucene/index/IndexReader,com/datomic/lucene/index/IndexWriter,com/datomic/lucene/index/IndexWriterConfig,com/datomic/lucene/index/MultiReader,com/datomic/lucene/index/Term,com/datomic/lucene/index/TermEnum,com/datomic/lucene/queryParser/QueryParser,com/datomic/lucene/search/BooleanClause$Occur,com/datomic/lucene/search/BooleanQuery,com/datomic/lucene/search/IndexSearcher,com/datomic/lucene/search/NumericRangeQuery,com/datomic/lucene/search/Query,com/datomic/lucene/search/ScoreDoc,com/datomic/lucene/search/TermQuery,com/datomic/lucene/search/TopDocs,com/datomic/lucene/store/Directory,com/datomic/lucene/store/FSDirectory,com/datomic/lucene/store/RAMDirectory,com/datomic/lucene/util/Attribute,com/datomic/lucene/util/AttributeSource,com/datomic/lucene/util/Constants,com/datomic/lucene/util/Version
datomic.lucene	jdk	array	2	0	0	2	1	[B
datomic.lucene	jdk	java.io	8	2	0	6	4	java/io/ByteArrayInputStream,java/io/File,java/io/Reader,java/io/StringReader
datomic.lucene	jdk	java.lang	1995	44	22	1929	10	java/lang/Boolean,java/lang/Class,java/lang/ClassLoader,java/lang/Error,java/lang/Integer,java/lang/Long,java/lang/Number,java/lang/Object,java/lang/String,java/lang/Throwable
datomic.lucene	jdk	java.util	106	34	0	72	4	java/util/Arrays,java/util/Collection,java/util/List,java/util/concurrent/Callable
datomic.lucene	primary-namespace	datomic.impl.lucene	2	1	0	1	1	datomic/impl/lucene/DirectoryRef
datomic.lucene	primary-namespace	datomic.lucene	80	40	0	40	40	datomic/lucene$add_document,datomic/lucene$add_documents,datomic/lucene$binary_field,datomic/lucene$boolean_query,datomic/lucene$create_config,datomic/lucene$document,datomic/lucene$escape_query,datomic/lucene$field_stream,datomic/lucene$fn__12228,datomic/lucene$fn__12230,datomic/lucene$fn__12272,datomic/lucene$fn__12275,datomic/lucene$fn__12275$G__12270__12280,datomic/lucene$fn__12275$G__12271__12277,datomic/lucene$fn__12286,datomic/lucene$fn__12288,datomic/lucene$fs_directory,datomic/lucene$get_field,datomic/lucene$index_searcher,datomic/lucene$index_writer,datomic/lucene$index_writer$fn__12240,datomic/lucene$loading__6434__auto____12226,datomic/lucene$long_field,datomic/lucene$long_query,datomic/lucene$long_value,datomic/lucene$multi_reader,datomic/lucene$parse_query,datomic/lucene$persistent_directory,datomic/lucene$ram_directory,datomic/lucene$read_only_clone,datomic/lucene$search_seq,datomic/lucene$search_seq$fn__12298,datomic/lucene$string_field,datomic/lucene$string_value,datomic/lucene$term_enum_seq,datomic/lucene$term_enum_seq$fn__12313,datomic/lucene$term_from_tokenizer,datomic/lucene$term_query,datomic/lucene$tokenize_terms,datomic/lucene/Readerable
datomic.math	companion-jar	clojure-1.11.4.jar	1015	380	2	633	23	clojure/lang/AFn,clojure/lang/AFunction,clojure/lang/Associative,clojure/lang/Compiler,clojure/lang/IFn,clojure/lang/IFn$DLO,clojure/lang/IFn$L,clojure/lang/IFn$OOL,clojure/lang/IObj,clojure/lang/IPersistentList,clojure/lang/IPersistentMap,clojure/lang/IPersistentVector,clojure/lang/ISeq,clojure/lang/Keyword,clojure/lang/LockingTransaction,clojure/lang/Numbers,clojure/lang/PersistentArrayMap,clojure/lang/PersistentHashMap,clojure/lang/PersistentList,clojure/lang/RT,clojure/lang/Symbol,clojure/lang/Tuple,clojure/lang/Var
datomic.math	jdk	java.lang	822	47	14	761	12	java/lang/AssertionError,java/lang/Boolean,java/lang/Class,java/lang/ClassLoader,java/lang/Double,java/lang/Integer,java/lang/Long,java/lang/Math,java/lang/Number,java/lang/Object,java/lang/String,java/lang/Throwable
datomic.math	jdk	java.util	41	14	0	27	4	java/util/Arrays,java/util/List,java/util/Random,java/util/concurrent/Callable
datomic.math	primary-namespace	datomic.math	26	13	0	13	13	datomic/math$create_exponential,datomic/math$create_exponential$fn__491,datomic/math$fn__479,datomic/math$loading__6434__auto____477,datomic/math$mean,datomic/math$mean_and_stddev,datomic/math$mean_and_stddev$fn__482,datomic/math$median,datomic/math$reservoir_sample,datomic/math$round,datomic/math$rounded_mb,datomic/math$sla,datomic/math$uniform
datomic.memcached	companion-jar	clojure-1.11.4.jar	3018	1121	35	1862	26	clojure/lang/AFn,clojure/lang/AFunction,clojure/lang/Associative,clojure/lang/Compiler,clojure/lang/IFn,clojure/lang/IFn$OLO,clojure/lang/ILookup,clojure/lang/IObj,clojure/lang/IPersistentList,clojure/lang/IPersistentMap,clojure/lang/IPersistentVector,clojure/lang/ISeq,clojure/lang/IType,clojure/lang/Keyword,clojure/lang/LockingTransaction,clojure/lang/MethodImplCache,clojure/lang/Namespace,clojure/lang/Numbers,clojure/lang/PersistentArrayMap,clojure/lang/PersistentHashMap,clojure/lang/PersistentList,clojure/lang/RT,clojure/lang/Symbol,clojure/lang/Tuple,clojure/lang/Util,clojure/lang/Var
datomic.memcached	companion-jar	memcache-asg-java-client-1.1.0.36.jar	96	24	4	68	17	datomic/spy/memcached/AddrUtil,datomic/spy/memcached/CachedData,datomic/spy/memcached/ConnectionFactory,datomic/spy/memcached/ConnectionFactoryBuilder,datomic/spy/memcached/ConnectionFactoryBuilder$Locator,datomic/spy/memcached/ConnectionFactoryBuilder$Protocol,datomic/spy/memcached/DefaultHashAlgorithm,datomic/spy/memcached/FailureMode,datomic/spy/memcached/HashAlgorithm,datomic/spy/memcached/MemcachedClient,datomic/spy/memcached/MemcachedConnection,datomic/spy/memcached/OperationTimeoutException,datomic/spy/memcached/auth/AuthDescriptor,datomic/spy/memcached/auth/PlainCallbackHandler,datomic/spy/memcached/internal/OperationCompletionListener,datomic/spy/memcached/internal/OperationFuture,datomic/spy/memcached/transcoders/Transcoder
datomic.memcached	companion-jar	slf4j-api-1.7.32.jar	24	12	0	12	2	org/slf4j/Logger,org/slf4j/LoggerFactory
datomic.memcached	jdk	array	2	0	0	2	1	[B
datomic.memcached	jdk	java.lang	2947	65	46	2836	20	[Ljava/lang/Class;,[Ljava/lang/Object;,[Ljava/lang/String;,java/lang/AutoCloseable,java/lang/Boolean,java/lang/Class,java/lang/ClassLoader,java/lang/ClassNotFoundException,java/lang/Enum,java/lang/Exception,java/lang/IllegalStateException,java/lang/Integer,java/lang/Long,java/lang/Number,java/lang/Object,java/lang/String,java/lang/System,java/lang/Thread,java/lang/Throwable,java/lang/reflect/Method
datomic.memcached	jdk	java.nio	6	2	0	4	2	java/nio/Buffer,java/nio/ByteBuffer
datomic.memcached	jdk	java.util	146	49	0	97	5	java/util/Arrays,java/util/List,java/util/concurrent/Callable,java/util/concurrent/Future,java/util/concurrent/Semaphore
datomic.memcached	jdk	javax.security	2	0	0	2	1	javax/security/auth/callback/CallbackHandler
datomic.memcached	primary-namespace	datomic.cache.impl	1	0	0	1	1	datomic/cache/impl/CachePut
datomic.memcached	primary-namespace	datomic.memcached	110	52	0	58	43	datomic/memcached$configure_auto_discovery,datomic/memcached$create_cache,datomic/memcached$create_cache$reify__10040,datomic/memcached$create_cache$reify__10040$fn__10051,datomic/memcached$create_cache$reify__10040$record_latencies__10045,datomic/memcached$create_client,datomic/memcached$create_recovering_client,datomic/memcached$factory_STAR_,datomic/memcached$fits_in_memcached_QMARK_,datomic/memcached$fn__10012,datomic/memcached$fn__10012$G__9960__10017,datomic/memcached$fn__10012$G__9961__10014,datomic/memcached$fn__10024,datomic/memcached$fn__10024$__GT_RecoveringClient__10031,datomic/memcached$fn__9937,datomic/memcached$fn__9968,datomic/memcached$fn__9971,datomic/memcached$fn__9971$G__9966__9976,datomic/memcached$fn__9971$G__9967__9973,datomic/memcached$fn__9982,datomic/memcached$fn__9982$G__9964__9993,datomic/memcached$fn__9982$G__9965__9987,datomic/memcached$fn__9999,datomic/memcached$fn__9999$G__9962__10006,datomic/memcached$fn__9999$G__9963__10002,datomic/memcached$loading__6434__auto____9935,datomic/memcached$memcached_client_supports_autodiscovery_QMARK_,datomic/memcached$op_listener,datomic/memcached$op_listener$reify__9944,datomic/memcached$put_result_handler,datomic/memcached$reify__9950,datomic/memcached$safe_deref,datomic/memcached$set_client_mode_STAR_,datomic/memcached$start_local_memcached_from_config,datomic/memcached$start_local_memcached_from_config$fn__10058,datomic/memcached$start_memcached_from_config,datomic/memcached$start_memcached_from_config$fn__10062,datomic/memcached$wrap_metrics,datomic/memcached$wrap_metrics$fn__9939,datomic/memcached/RecoveringClient,datomic/memcached/RecoveringClient$fn__10025,datomic/memcached/RecoveringClient$fn__10028,datomic/memcached/RecoveringClientImpl
datomic.memory	companion-jar	clojure-1.11.4.jar	808	367	1	440	17	clojure/lang/AFn,clojure/lang/AFunction,clojure/lang/Associative,clojure/lang/Compiler,clojure/lang/IFn,clojure/lang/IObj,clojure/lang/IPersistentList,clojure/lang/IPersistentMap,clojure/lang/IPersistentVector,clojure/lang/Keyword,clojure/lang/LockingTransaction,clojure/lang/Numbers,clojure/lang/PersistentList,clojure/lang/RT,clojure/lang/Symbol,clojure/lang/Tuple,clojure/lang/Var
datomic.memory	jdk	java.lang	610	38	6	566	12	java/lang/AssertionError,java/lang/Boolean,java/lang/Character,java/lang/Class,java/lang/ClassLoader,java/lang/Integer,java/lang/Long,java/lang/Number,java/lang/Object,java/lang/Runtime,java/lang/String,java/lang/Throwable
datomic.memory	jdk	java.util	26	8	0	18	3	java/util/Arrays,java/util/List,java/util/concurrent/Callable
datomic.memory	primary-namespace	datomic.memory	16	8	0	8	8	datomic/memory$aws_transactor_settings,datomic/memory$fn__20758,datomic/memory$loading__6434__auto____20756,datomic/memory$object_cache_max,datomic/memory$ram__GT_bytes,datomic/memory$segment_cache_max,datomic/memory$transactor_cache_bytes,datomic/memory$transactor_settings
datomic.memory-size	companion-jar	clojure-1.11.4.jar	1475	610	5	860	23	clojure/lang/AFn,clojure/lang/AFunction,clojure/lang/Associative,clojure/lang/BigInt,clojure/lang/Compiler,clojure/lang/IFn,clojure/lang/IObj,clojure/lang/IPersistentList,clojure/lang/IPersistentMap,clojure/lang/IPersistentVector,clojure/lang/ISeq,clojure/lang/Keyword,clojure/lang/LockingTransaction,clojure/lang/MethodImplCache,clojure/lang/Numbers,clojure/lang/PersistentArrayMap,clojure/lang/PersistentList,clojure/lang/RT,clojure/lang/RestFn,clojure/lang/Symbol,clojure/lang/Tuple,clojure/lang/Util,clojure/lang/Var
datomic.memory-size	jdk	java.lang	1541	42	19	1480	17	[Ljava/lang/Object;,java/lang/Boolean,java/lang/Byte,java/lang/Character,java/lang/Class,java/lang/ClassLoader,java/lang/Double,java/lang/Error,java/lang/Float,java/lang/Integer,java/lang/Long,java/lang/Number,java/lang/Object,java/lang/Short,java/lang/String,java/lang/Throwable,java/lang/reflect/Array
datomic.memory-size	jdk	java.math	4	1	0	3	2	java/math/BigDecimal,java/math/BigInteger
datomic.memory-size	jdk	java.net	4	2	0	2	1	java/net/URI
datomic.memory-size	jdk	java.util	29	9	0	20	3	java/util/Arrays,java/util/List,java/util/concurrent/Callable
datomic.memory-size	primary-namespace	datomic.memory-size	103	48	0	55	41	datomic/memory_size$array_type,datomic/memory_size$fn__380,datomic/memory_size$fn__384,datomic/memory_size$fn__387,datomic/memory_size$fn__387$G__382__392,datomic/memory_size$fn__387$G__383__389,datomic/memory_size$fn__406,datomic/memory_size$fn__408,datomic/memory_size$fn__410,datomic/memory_size$fn__412,datomic/memory_size$fn__414,datomic/memory_size$fn__416,datomic/memory_size$fn__418,datomic/memory_size$fn__420,datomic/memory_size$fn__422,datomic/memory_size$fn__424,datomic/memory_size$fn__428,datomic/memory_size$fn__430,datomic/memory_size$fn__432,datomic/memory_size$fn__434,datomic/memory_size$fn__436,datomic/memory_size$fn__436$fn__438,datomic/memory_size$fn__444,datomic/memory_size$fn__446,datomic/memory_size$fn__446$fn__447,datomic/memory_size$fn__450,datomic/memory_size$fn__452,datomic/memory_size$fn__454,datomic/memory_size$fn__456,datomic/memory_size$fn__458,datomic/memory_size$fn__460,datomic/memory_size$fn__462,datomic/memory_size$fn__464,datomic/memory_size$fn__466,datomic/memory_size$fn__468,datomic/memory_size$fn__470,datomic/memory_size$fn__472,datomic/memory_size$handle_primitive_arrays,datomic/memory_size$handle_primitive_arrays$fn__400,datomic/memory_size$loading__6434__auto____378,datomic/memory_size/MemorySize
datomic.monitor	companion-jar	clojure-1.11.4.jar	1542	513	13	1016	25	clojure/lang/AFn,clojure/lang/AFunction,clojure/lang/AReference,clojure/lang/Associative,clojure/lang/Compiler,clojure/lang/IFn,clojure/lang/IFn$LD,clojure/lang/IObj,clojure/lang/IPersistentList,clojure/lang/IPersistentMap,clojure/lang/IPersistentVector,clojure/lang/ISeq,clojure/lang/IType,clojure/lang/Keyword,clojure/lang/LockingTransaction,clojure/lang/MethodImplCache,clojure/lang/Namespace,clojure/lang/Numbers,clojure/lang/PersistentArrayMap,clojure/lang/PersistentList,clojure/lang/RT,clojure/lang/Symbol,clojure/lang/Tuple,clojure/lang/Util,clojure/lang/Var
datomic.monitor	jdk	java.lang	1207	46	18	1143	13	java/lang/AssertionError,java/lang/Boolean,java/lang/Class,java/lang/ClassLoader,java/lang/Double,java/lang/Integer,java/lang/Long,java/lang/Number,java/lang/Object,java/lang/Runtime,java/lang/String,java/lang/System,java/lang/Throwable
datomic.monitor	jdk	java.util	113	39	0	74	8	java/util/Arrays,java/util/List,java/util/concurrent/Callable,java/util/concurrent/ConcurrentHashMap,java/util/concurrent/atomic/LongAccumulator,java/util/concurrent/atomic/LongAdder,java/util/function/Function,java/util/function/LongBinaryOperator
datomic.monitor	primary-namespace	datomic.monitor	69	30	4	35	29	datomic/monitor$add_stat,datomic/monitor$alarm,datomic/monitor$fn__496,datomic/monitor$fn__500,datomic/monitor$fn__503,datomic/monitor$fn__503$G__498__508,datomic/monitor$fn__503$G__499__505,datomic/monitor$fn__514,datomic/monitor$fn__516,datomic/monitor$fn__522,datomic/monitor$fn__522$__GT_Statistics__536,datomic/monitor$init_stats,datomic/monitor$load_callback,datomic/monitor$loading__6434__auto____475,datomic/monitor$ns__GT_ms,datomic/monitor$reify__518,datomic/monitor$reify__520,datomic/monitor$snapshot_statistics,datomic/monitor$snapshot_statistics$fn__541,datomic/monitor$snapshot_statistics$fn__547,datomic/monitor$snapshot_statistics$fn__553,datomic/monitor$snapshot_statistics$fn__559,datomic/monitor/Metrics,datomic/monitor/Statistics,datomic/monitor/Statistics$reify__523,datomic/monitor/Statistics$reify__525,datomic/monitor/Statistics$reify__527,datomic/monitor/Statistics$reify__529,datomic/monitor/StatsUpdate
datomic.peer	companion-jar	clojure-1.11.4.jar	10525	3684	33	6808	46	clojure/lang/AFn,clojure/lang/AFunction,clojure/lang/APersistentMap,clojure/lang/Associative,clojure/lang/Compiler,clojure/lang/Counted,clojure/lang/Delay,clojure/lang/ExceptionInfo,clojure/lang/IFn,clojure/lang/IFn$LL,clojure/lang/IFn$LLL,clojure/lang/IHashEq,clojure/lang/IKeywordLookup,clojure/lang/ILookup,clojure/lang/ILookupSite,clojure/lang/ILookupThunk,clojure/lang/IMapEntry,clojure/lang/IObj,clojure/lang/IPersistentCollection,clojure/lang/IPersistentList,clojure/lang/IPersistentMap,clojure/lang/IPersistentSet,clojure/lang/IPersistentVector,clojure/lang/IRecord,clojure/lang/ISeq,clojure/lang/IType,clojure/lang/Indexed,clojure/lang/Keyword,clojure/lang/KeywordLookupSite,clojure/lang/LockingTransaction,clojure/lang/MapEntry,clojure/lang/MapEquivalence,clojure/lang/MethodImplCache,clojure/lang/MultiFn,clojure/lang/Namespace,clojure/lang/Numbers,clojure/lang/PersistentArrayMap,clojure/lang/PersistentHashMap,clojure/lang/PersistentHashSet,clojure/lang/PersistentList,clojure/lang/RT,clojure/lang/RecordIterator,clojure/lang/Symbol,clojure/lang/Tuple,clojure/lang/Util,clojure/lang/Var
datomic.peer	companion-jar	slf4j-api-1.7.32.jar	150	75	0	75	2	org/slf4j/Logger,org/slf4j/LoggerFactory
datomic.peer	jdk	java.io	1	0	0	1	1	java/io/Serializable
datomic.peer	jdk	java.lang	9531	131	177	9223	20	java/lang/AssertionError,java/lang/Boolean,java/lang/Class,java/lang/ClassLoader,java/lang/IllegalArgumentException,java/lang/IllegalStateException,java/lang/Integer,java/lang/Iterable,java/lang/Long,java/lang/Number,java/lang/Object,java/lang/Runnable,java/lang/RuntimeException,java/lang/String,java/lang/System,java/lang/Thread,java/lang/Throwable,java/lang/UnsupportedOperationException,java/lang/ref/Reference,java/lang/ref/WeakReference
datomic.peer	jdk	java.util	352	100	0	252	15	java/util/Arrays,java/util/Collection,java/util/Comparator,java/util/Date,java/util/Iterator,java/util/List,java/util/Map,java/util/NoSuchElementException,java/util/PriorityQueue,java/util/Queue,java/util/Set,java/util/concurrent/ArrayBlockingQueue,java/util/concurrent/BlockingQueue,java/util/concurrent/Callable,java/util/concurrent/LinkedBlockingQueue
datomic.peer	primary-namespace	datomic	85	14	0	71	4	datomic/Connection,datomic/Database,datomic/ListenableFuture,datomic/Log
datomic.peer	primary-namespace	datomic.common	14	4	0	10	1	datomic/common/AsyncShutdown
datomic.peer	primary-namespace	datomic.connector	16	5	0	11	3	datomic/connector/NotificationHandler,datomic/connector/Startable,datomic/connector/TransactorConnector
datomic.peer	primary-namespace	datomic.db	2	1	0	1	1	datomic/db/IDbImpl
datomic.peer	primary-namespace	datomic.impl.db	4	2	0	2	1	datomic/impl/db/IDatum
datomic.peer	primary-namespace	datomic.monitor	4	1	0	3	1	datomic/monitor/Metrics
datomic.peer	primary-namespace	datomic.peer	345	156	5	184	126	datomic/peer$accept_new_data,datomic/peer$accept_new_data$fn__21482,datomic/peer$administer_system,datomic/peer$await_tx_result,datomic/peer$await_tx_result$fn__21390,datomic/peer$connect_local_database,datomic/peer$connect_uri,datomic/peer$create_connection,datomic/peer$create_connection$fn__21590,datomic/peer$create_connection$fn__21590$fn__21591,datomic/peer$create_connection$fn__21595,datomic/peer$create_connection$reconnect_fn__21588,datomic/peer$create_database,datomic/peer$create_local_database,datomic/peer$create_local_database$fn__21615,datomic/peer$create_t_watcher,datomic/peer$create_t_watcher$reify__21478,datomic/peer$db,datomic/peer$delete_database,datomic/peer$delete_local_database,datomic/peer$delete_local_database$fn__21618,datomic/peer$ensure_schema_level,datomic/peer$fail_pending_txes,datomic/peer$fn__21307,datomic/peer$fn__21310,datomic/peer$fn__21310$__GT_ConnectionState__21336,datomic/peer$fn__21310$map__GT_ConnectionState__21338,datomic/peer$fn__21348,datomic/peer$fn__21351,datomic/peer$fn__21351$G__21342__21356,datomic/peer$fn__21351$G__21343__21353,datomic/peer$fn__21362,datomic/peer$fn__21362$G__21344__21367,datomic/peer$fn__21362$G__21345__21364,datomic/peer$fn__21373,datomic/peer$fn__21373$G__21346__21384,datomic/peer$fn__21373$G__21347__21378,datomic/peer$fn__21401,datomic/peer$fn__21404,datomic/peer$fn__21404$G__21399__21411,datomic/peer$fn__21404$G__21400__21407,datomic/peer$fn__21417,datomic/peer$fn__21417$G__21397__21424,datomic/peer$fn__21417$G__21398__21420,datomic/peer$fn__21430,datomic/peer$fn__21430$G__21395__21439,datomic/peer$fn__21430$G__21396__21434,datomic/peer$fn__21445,datomic/peer$fn__21445$G__21393__21452,datomic/peer$fn__21445$G__21394__21448,datomic/peer$fn__21458,datomic/peer$fn__21458$__GT_TWatcherImpl__21475,datomic/peer$fn__21498,datomic/peer$fn__21501,datomic/peer$fn__21501$__GT_Connection__21574,datomic/peer$fn__21599,datomic/peer$fn__21599$__GT_LocalConnection__21609,datomic/peer$fn__21677,datomic/peer$fn__21679,datomic/peer$get_catalog,datomic/peer$get_connection,datomic/peer$get_connection$fn__21645,datomic/peer$get_connection$fn__21645$fn__21647,datomic/peer$get_cstate,datomic/peer$get_database_names,datomic/peer$integrate_lucene,datomic/peer$integrate_lucene$fn__21581,datomic/peer$integrate_lucene$fn__21584,datomic/peer$loading__6434__auto____20733,datomic/peer$local_connection,datomic/peer$peer_queue_exceeded,datomic/peer$rename_database,datomic/peer$rename_local_database,datomic/peer$rename_local_database$fn__21622,datomic/peer$resolve_tempid,datomic/peer$revert_to_log_version_1,datomic/peer$send_admin_request,datomic/peer$send_admin_request$fn__21699,datomic/peer$seq_iterable,datomic/peer$seq_iterable$reify__21673,datomic/peer$seq_iterator,datomic/peer$seq_iterator$reify__21670,datomic/peer$shutdown,datomic/peer$shutdown$fn__21626,datomic/peer$stop_connection,datomic/peer$submit_data_script,datomic/peer$t__GT_tx,datomic/peer$transact,datomic/peer$transact_all,datomic/peer$transactor_endpoint,datomic/peer$transactor_unavailable,datomic/peer$tx_group_endpoint,datomic/peer$undelete_database,datomic/peer/Connection,datomic/peer/Connection$fn__21505,datomic/peer/Connection$fn__21505$fn__21506,datomic/peer/Connection$fn__21505$fn__21509,datomic/peer/Connection$fn__21505$fn__21511,datomic/peer/Connection$fn__21505$fn__21515,datomic/peer/Connection$fn__21505$fn__21515$fn__21516,datomic/peer/Connection$fn__21505$fn__21519,datomic/peer/Connection$fn__21505$fn__21519$fn__21520,datomic/peer/Connection$fn__21505$fn__21519$fn__21520$fn__21521,datomic/peer/Connection$fn__21505$fn__21519$fn__21524,datomic/peer/Connection$fn__21505$fn__21519$fn__21524$fn__21525,datomic/peer/Connection$fn__21505$fn__21519$fn__21528,datomic/peer/Connection$fn__21505$fn__21519$fn__21530,datomic/peer/Connection$fn__21505$fn__21519$fn__21532,datomic/peer/Connection$fn__21505$load_db__21513,datomic/peer/Connection$fn__21537,datomic/peer/Connection$fn__21545,datomic/peer/Connection$fn__21552,datomic/peer/Connection$fn__21555,datomic/peer/ConnectionState,datomic/peer/ConnectionState$fn__21323,datomic/peer/ConnectionState$reify__21314,datomic/peer/ConnectionState$reify__21316,datomic/peer/ConnectionState$reify__21318,datomic/peer/ConnectionState$reify__21320,datomic/peer/LocalConnection,datomic/peer/LocalConnection$fn__21602,datomic/peer/LocalConnection$fn__21604,datomic/peer/LocalConnection$reify__21600,datomic/peer/RemoteConnection,datomic/peer/TWatcher,datomic/peer/TWatcherImpl
datomic.peer	primary-namespace	datomic.queue	18	6	0	12	3	datomic/queue/BlockingConsumer,datomic/queue/BlockingProducer,datomic/queue/Clear
datomic.peer	primary-namespace	datomic.reconnector2	7	2	0	5	1	datomic/reconnector2/Reconnectable
datomic.process	companion-jar	clojure-1.11.4.jar	1984	702	13	1269	40	clojure/lang/AFn,clojure/lang/AFunction,clojure/lang/APersistentMap,clojure/lang/Associative,clojure/lang/Compiler,clojure/lang/Counted,clojure/lang/Delay,clojure/lang/IFn,clojure/lang/IHashEq,clojure/lang/IKeywordLookup,clojure/lang/ILookup,clojure/lang/ILookupThunk,clojure/lang/IMapEntry,clojure/lang/IObj,clojure/lang/IPersistentCollection,clojure/lang/IPersistentList,clojure/lang/IPersistentMap,clojure/lang/IPersistentSet,clojure/lang/IPersistentVector,clojure/lang/IRecord,clojure/lang/ISeq,clojure/lang/Indexed,clojure/lang/Keyword,clojure/lang/LockingTransaction,clojure/lang/MapEntry,clojure/lang/MapEquivalence,clojure/lang/MethodImplCache,clojure/lang/Namespace,clojure/lang/Numbers,clojure/lang/PersistentArrayMap,clojure/lang/PersistentHashSet,clojure/lang/PersistentList,clojure/lang/PersistentVector,clojure/lang/RT,clojure/lang/RecordIterator,clojure/lang/RestFn,clojure/lang/Symbol,clojure/lang/Tuple,clojure/lang/Util,clojure/lang/Var
datomic.process	companion-jar	slf4j-api-1.7.32.jar	24	12	0	12	2	org/slf4j/Logger,org/slf4j/LoggerFactory
datomic.process	jdk	java.io	5	2	0	3	2	java/io/PrintWriter,java/io/Serializable
datomic.process	jdk	java.lang	1888	30	31	1827	13	java/lang/Boolean,java/lang/Class,java/lang/ClassLoader,java/lang/Integer,java/lang/Long,java/lang/Number,java/lang/Object,java/lang/RuntimeException,java/lang/String,java/lang/System,java/lang/Thread,java/lang/Throwable,java/lang/UnsupportedOperationException
datomic.process	jdk	java.util	91	25	0	66	7	java/util/Arrays,java/util/Collection,java/util/Iterator,java/util/List,java/util/Map,java/util/Set,java/util/concurrent/Callable
datomic.process	primary-namespace	datomic.process	85	38	3	44	31	datomic/process$claim_pid_file,datomic/process$create_instance,datomic/process$create_instance$fn__14972,datomic/process$create_instance$fn__14972$fn__14977,datomic/process$create_instance$fn__14972$fn__14979,datomic/process$fail_on_exception,datomic/process$fail_on_exception$fn__14991,datomic/process$fn__14885,datomic/process$fn__14893,datomic/process$fn__14896,datomic/process$fn__14896$G__14891__14909,datomic/process$fn__14896$G__14892__14902,datomic/process$fn__14917,datomic/process$fn__14917$G__14889__14922,datomic/process$fn__14917$G__14890__14919,datomic/process$fn__14928,datomic/process$fn__14928$G__14887__14935,datomic/process$fn__14928$G__14888__14931,datomic/process$fn__14942,datomic/process$fn__14942$__GT_SharedCriticalFailure__14967,datomic/process$fn__14942$map__GT_SharedCriticalFailure__14969,datomic/process$fn__14985,datomic/process$loading__6434__auto____14883,datomic/process$throw_if_failing_BANG_,datomic/process/CriticalFailure,datomic/process/SharedCriticalFailure,datomic/process/SharedCriticalFailure$fn__14953,datomic/process/SharedCriticalFailure$fn__14955,datomic/process/SharedCriticalFailure$reify__14946,datomic/process/SharedCriticalFailure$reify__14948,datomic/process/SharedCriticalFailure$reify__14950
datomic.process-monitor	companion-jar	clojure-1.11.4.jar	1240	405	2	833	22	clojure/lang/AFn,clojure/lang/AFunction,clojure/lang/Associative,clojure/lang/Compiler,clojure/lang/Delay,clojure/lang/IFn,clojure/lang/ILookupSite,clojure/lang/ILookupThunk,clojure/lang/IPersistentList,clojure/lang/IPersistentMap,clojure/lang/IPersistentVector,clojure/lang/Keyword,clojure/lang/KeywordLookupSite,clojure/lang/LockingTransaction,clojure/lang/Numbers,clojure/lang/PersistentArrayMap,clojure/lang/PersistentList,clojure/lang/RT,clojure/lang/Symbol,clojure/lang/Tuple,clojure/lang/Util,clojure/lang/Var
datomic.process-monitor	companion-jar	slf4j-api-1.7.32.jar	42	21	0	21	2	org/slf4j/Logger,org/slf4j/LoggerFactory
datomic.process-monitor	jdk	java.lang	932	19	7	906	12	java/lang/Boolean,java/lang/Class,java/lang/ClassLoader,java/lang/Double,java/lang/Integer,java/lang/Long,java/lang/Number,java/lang/Object,java/lang/Runtime,java/lang/String,java/lang/System,java/lang/Throwable
datomic.process-monitor	jdk	java.util	17	5	0	12	3	java/util/Arrays,java/util/List,java/util/concurrent/Callable
datomic.process-monitor	primary-namespace	datomic.monitor	3	1	0	2	1	datomic/monitor/Metrics
datomic.process-monitor	primary-namespace	datomic.process	3	1	0	2	1	datomic/process/CriticalFailure
datomic.process-monitor	primary-namespace	datomic.process-monitor	38	19	0	19	18	datomic/process_monitor$convert_nanos_to_millis,datomic/process_monitor$convert_nanos_to_millis$fn__23490,datomic/process_monitor$convert_nanos_to_millis$fn__23490$fn__23491,datomic/process_monitor$convert_nanos_to_millis$round__23488,datomic/process_monitor$fn__23484,datomic/process_monitor$fn__23486,datomic/process_monitor$fn__23521,datomic/process_monitor$fn__23521$fn__23522,datomic/process_monitor$fn__23521$fn__23524,datomic/process_monitor$loading__6434__auto____23482,datomic/process_monitor$metrics_callback,datomic/process_monitor$metrics_callback$fn__23501,datomic/process_monitor$report_metrics,datomic/process_monitor$report_metrics$fn__23512,datomic/process_monitor$report_metrics$fn__23512$fn__23513,datomic/process_monitor$snapshot_metrics,datomic/process_monitor$snapshot_metrics$fn__23495,datomic/process_monitor$start_metrics
datomic.process.events	companion-jar	clojure-1.11.4.jar	403	138	2	263	20	clojure/lang/AFn,clojure/lang/AFunction,clojure/lang/Associative,clojure/lang/Compiler,clojure/lang/IFn,clojure/lang/ILookupSite,clojure/lang/ILookupThunk,clojure/lang/IPersistentList,clojure/lang/IPersistentMap,clojure/lang/IPersistentVector,clojure/lang/Indexed,clojure/lang/Keyword,clojure/lang/KeywordLookupSite,clojure/lang/LockingTransaction,clojure/lang/PersistentArrayMap,clojure/lang/PersistentList,clojure/lang/RT,clojure/lang/Symbol,clojure/lang/Tuple,clojure/lang/Var
datomic.process.events	jdk	java.lang	283	8	2	273	6	java/lang/Boolean,java/lang/Class,java/lang/ClassLoader,java/lang/Integer,java/lang/Object,java/lang/String
datomic.process.events	jdk	java.util	11	3	0	8	3	java/util/Arrays,java/util/List,java/util/concurrent/Callable
datomic.process.events	primary-namespace	datomic.process.events	12	6	0	6	6	datomic/process/events$fn__10837,datomic/process/events$fn__10839,datomic/process/events$loading__6434__auto____10835,datomic/process/events$publish,datomic/process/events$subscribe,datomic/process/events$unsubscribe
datomic.promise	companion-jar	clojure-1.11.4.jar	602	222	8	372	24	clojure/lang/AFn,clojure/lang/AFunction,clojure/lang/Associative,clojure/lang/Compiler,clojure/lang/IBlockingDeref,clojure/lang/IDeref,clojure/lang/IFn,clojure/lang/IObj,clojure/lang/IPending,clojure/lang/IPersistentList,clojure/lang/IPersistentMap,clojure/lang/IPersistentVector,clojure/lang/Indexed,clojure/lang/Keyword,clojure/lang/LockingTransaction,clojure/lang/Namespace,clojure/lang/Numbers,clojure/lang/PersistentList,clojure/lang/PersistentVector,clojure/lang/RT,clojure/lang/Symbol,clojure/lang/Tuple,clojure/lang/Util,clojure/lang/Var
datomic.promise	jdk	java.lang	578	18	13	547	12	java/lang/Boolean,java/lang/Class,java/lang/ClassLoader,java/lang/Integer,java/lang/InterruptedException,java/lang/Long,java/lang/Object,java/lang/Runnable,java/lang/String,java/lang/Thread,java/lang/Thread$UncaughtExceptionHandler,java/lang/Throwable
datomic.promise	jdk	java.util	53	15	2	36	10	java/util/Arrays,java/util/List,java/util/concurrent/Callable,java/util/concurrent/CancellationException,java/util/concurrent/CountDownLatch,java/util/concurrent/ExecutionException,java/util/concurrent/Executor,java/util/concurrent/Future,java/util/concurrent/TimeUnit,java/util/concurrent/TimeoutException
datomic.promise	primary-namespace	datomic	1	0	0	1	1	datomic/ListenableFuture
datomic.promise	primary-namespace	datomic.promise	20	10	0	10	10	datomic/promise$call_user_code,datomic/promise$delivered,datomic/promise$fn__10379,datomic/promise$loading__6434__auto____10377,datomic/promise$settable_future,datomic/promise$settable_future$reify__10384,datomic/promise$settable_future$reify__10384$fn__10385,datomic/promise$settable_future$reify__10384$fn__10387,datomic/promise$settable_future$reify__10384$fn__10399,datomic/promise$throw_executionexception_if_throwable
datomic.pull	companion-jar	clojure-1.11.4.jar	4425	1544	20	2861	29	clojure/lang/AFn,clojure/lang/AFunction,clojure/lang/Associative,clojure/lang/Compiler,clojure/lang/Delay,clojure/lang/IFn,clojure/lang/ILookupSite,clojure/lang/ILookupThunk,clojure/lang/IObj,clojure/lang/IPersistentList,clojure/lang/IPersistentMap,clojure/lang/IPersistentVector,clojure/lang/ISeq,clojure/lang/IType,clojure/lang/Keyword,clojure/lang/KeywordLookupSite,clojure/lang/LockingTransaction,clojure/lang/Namespace,clojure/lang/Numbers,clojure/lang/PersistentArrayMap,clojure/lang/PersistentHashMap,clojure/lang/PersistentHashSet,clojure/lang/PersistentList,clojure/lang/PersistentVector,clojure/lang/RT,clojure/lang/Symbol,clojure/lang/Tuple,clojure/lang/Util,clojure/lang/Var
datomic.pull	jdk	array	3	0	0	3	1	[J
datomic.pull	jdk	java.lang	4218	53	123	4042	13	java/lang/Boolean,java/lang/Character,java/lang/Class,java/lang/ClassLoader,java/lang/IllegalArgumentException,java/lang/IllegalStateException,java/lang/Integer,java/lang/Iterable,java/lang/Long,java/lang/Number,java/lang/Object,java/lang/String,java/lang/Throwable
datomic.pull	jdk	java.util	97	30	0	67	6	java/util/Arrays,java/util/Iterator,java/util/List,java/util/Map,java/util/NoSuchElementException,java/util/concurrent/Callable
datomic.pull	primary-namespace	datomic	24	12	0	12	2	datomic/Database,datomic/Datom
datomic.pull	primary-namespace	datomic.db	20	6	4	10	2	datomic/db/Attribute,datomic/db/IDb
datomic.pull	primary-namespace	datomic.impl.db	10	1	0	9	1	datomic/impl/db/IDatum
datomic.pull	primary-namespace	datomic.iter	9	2	0	7	1	datomic/iter/Iter
datomic.pull	primary-namespace	datomic.pull	118	59	0	59	58	datomic/pull$a_iter,datomic/pull$attr_spec__GT_attr,datomic/pull$attr_spec__GT_fn,datomic/pull$attr_spec__GT_fn$fn__18934,datomic/pull$attr_with_opts_QMARK_,datomic/pull$attr_with_opts__GT_attr_tuple,datomic/pull$attr_with_opts__GT_valfn,datomic/pull$attr_with_opts__GT_valfn$fn__18956,datomic/pull$default_spec,datomic/pull$denormalize_kw,datomic/pull$dereffed_index_pull,datomic/pull$ea__GT_v,datomic/pull$ea__GT_v$fn__18926,datomic/pull$ea__GT_v$mk_iter__18919,datomic/pull$ea__GT_v$mk_iter__18919$fn__18920,datomic/pull$ea__GT_v$mk_iter__18919$fn__18922,datomic/pull$fix_specs_for_underscore_prefix_attrs,datomic/pull$fn__18896,datomic/pull$fn__18987,datomic/pull$fn__18987$__GT_AIter__18990,datomic/pull$index_pull,datomic/pull$index_pull$fn__19038,datomic/pull$index_pull$fn__19038$fn__19039,datomic/pull$index_pull$fn__19042,datomic/pull$limit_default_from_map,datomic/pull$limit_iterable,datomic/pull$limit_iterable$reify$reify__18899,datomic/pull$limit_iterable$reify__18898,datomic/pull$loading__6434__auto____18894,datomic/pull$next_a,datomic/pull$next_a$fn__18983,datomic/pull$nilify_empty,datomic/pull$normalize_attr,datomic/pull$normalize_pattern,datomic/pull$normalize_pattern$direction__18968,datomic/pull$normalize_pattern$fn__18970,datomic/pull$normalize_pattern$fn__18970$fn__18971,datomic/pull$normalize_recur_limit,datomic/pull$parse_index_pull_arg_map,datomic/pull$pull,datomic/pull$pull$f__19059,datomic/pull$pull_1,datomic/pull$pull_1$f__19054,datomic/pull$pull_STAR_,datomic/pull$pull_STAR_$fn__19020,datomic/pull$pull_STAR_$fn__19026,datomic/pull$pull_STAR_$fn__19031,datomic/pull$pull_STAR_$mk_xf__19010,datomic/pull$pull_STAR_$mk_xf__19010$fn__19014,datomic/pull$ra__GT_e,datomic/pull$ra__GT_e$fn__18913,datomic/pull$ra__GT_e$mk_iter__18906,datomic/pull$ra__GT_e$mk_iter__18906$fn__18907,datomic/pull$ra__GT_e$mk_iter__18906$fn__18909,datomic/pull$resolve_attr,datomic/pull$try_xform,datomic/pull$try_xform$fn__18947,datomic/pull/AIter
datomic.qtune	companion-jar	clojure-1.11.4.jar	1575	560	5	1010	26	clojure/lang/AFn,clojure/lang/AFunction,clojure/lang/Associative,clojure/lang/Compiler,clojure/lang/IFn,clojure/lang/ILookupSite,clojure/lang/ILookupThunk,clojure/lang/IPersistentList,clojure/lang/IPersistentMap,clojure/lang/IPersistentVector,clojure/lang/ISeq,clojure/lang/Keyword,clojure/lang/KeywordLookupSite,clojure/lang/LockingTransaction,clojure/lang/Numbers,clojure/lang/PersistentArrayMap,clojure/lang/PersistentHashMap,clojure/lang/PersistentHashSet,clojure/lang/PersistentList,clojure/lang/PersistentVector,clojure/lang/RT,clojure/lang/RestFn,clojure/lang/Symbol,clojure/lang/Tuple,clojure/lang/Util,clojure/lang/Var
datomic.qtune	jdk	java.lang	1374	23	28	1323	13	java/lang/Boolean,java/lang/Class,java/lang/ClassLoader,java/lang/Double,java/lang/Exception,java/lang/IllegalArgumentException,java/lang/Integer,java/lang/Long,java/lang/Number,java/lang/Object,java/lang/String,java/lang/System,java/lang/Throwable
datomic.qtune	jdk	java.util	37	8	0	29	5	java/util/Arrays,java/util/List,java/util/Map,java/util/concurrent/Callable,java/util/concurrent/TimeoutException
datomic.qtune	primary-namespace	datomic.qtune	36	18	0	18	18	datomic/qtune$aug,datomic/qtune$cbinds,datomic/qtune$cvars,datomic/qtune$fn__23417,datomic/qtune$loading__6434__auto____23415,datomic/qtune$mapq__GT_listq,datomic/qtune$min_ret,datomic/qtune$min_ret$fn__23441,datomic/qtune$min_ret$fn__23445,datomic/qtune$partial_queries,datomic/qtune$partial_queries$fn__23433,datomic/qtune$partial_query,datomic/qtune$partial_query$fn__23429,datomic/qtune$partial_query$fxp_QMARK___23427,datomic/qtune$qtune,datomic/qtune$qtune$fn__23473,datomic/qtune$qtune$pred_QMARK___23459,datomic/qtune$qtune$sv_QMARK___23462
datomic.query	companion-jar	clojure-1.11.4.jar	8318	3030	35	5253	40	clojure/lang/AFn,clojure/lang/AFunction,clojure/lang/Associative,clojure/lang/Compiler,clojure/lang/IFn,clojure/lang/IFn$OLO,clojure/lang/IFn$OOL,clojure/lang/ILookup,clojure/lang/ILookupSite,clojure/lang/ILookupThunk,clojure/lang/IMapEntry,clojure/lang/IObj,clojure/lang/IPersistentCollection,clojure/lang/IPersistentList,clojure/lang/IPersistentMap,clojure/lang/IPersistentSet,clojure/lang/IPersistentVector,clojure/lang/ISeq,clojure/lang/IType,clojure/lang/Indexed,clojure/lang/Keyword,clojure/lang/KeywordLookupSite,clojure/lang/LockingTransaction,clojure/lang/MapEntry,clojure/lang/MethodImplCache,clojure/lang/MultiFn,clojure/lang/Namespace,clojure/lang/Numbers,clojure/lang/PersistentArrayMap,clojure/lang/PersistentHashMap,clojure/lang/PersistentHashSet,clojure/lang/PersistentList,clojure/lang/PersistentVector,clojure/lang/RT,clojure/lang/RestFn,clojure/lang/Seqable,clojure/lang/Symbol,clojure/lang/Tuple,clojure/lang/Util,clojure/lang/Var
datomic.query	companion-jar	query-support-0.8.28.jar	2	1	0	1	1	datomic/query/support/MapOnIndexed
datomic.query	jdk	java.lang	7427	106	210	7111	11	[Ljava/lang/Object;,java/lang/Boolean,java/lang/Class,java/lang/ClassLoader,java/lang/IllegalArgumentException,java/lang/Integer,java/lang/Long,java/lang/Number,java/lang/Object,java/lang/String,java/lang/Throwable
datomic.query	jdk	java.util	218	66	0	152	11	java/util/ArrayList,java/util/Arrays,java/util/Collection,java/util/Collections,java/util/Comparator,java/util/HashSet,java/util/Iterator,java/util/List,java/util/RandomAccess,java/util/Set,java/util/concurrent/Callable
datomic.query	primary-namespace	datomic	11	2	0	9	2	datomic/Database,datomic/Entity
datomic.query	primary-namespace	datomic.db	44	11	11	22	3	datomic/db/Attribute,datomic/db/IDb,datomic/db/IDbImpl
datomic.query	primary-namespace	datomic.impl.db	28	11	0	17	1	datomic/impl/db/IDatum
datomic.query	primary-namespace	datomic.iter	7	2	0	5	1	datomic/iter/Iter
datomic.query	primary-namespace	datomic.query	244	119	1	124	114	datomic/query$apply_pf,datomic/query$cache,datomic/query$compile_construct,datomic/query$compile_construct_1,datomic/query$compile_construct_1$fn__19420,datomic/query$compile_construct_n,datomic/query$construct_fn,datomic/query$construct_fn$fn__19560,datomic/query$eav,datomic/query$eav$fn__19148,datomic/query$eav$fn__19153,datomic/query$eav$maybe_bind__19151,datomic/query$emap,datomic/query$flatten_listy,datomic/query$flatten_listy$listy_QMARK___19262,datomic/query$fn__19130,datomic/query$fn__19171,datomic/query$fn__19174,datomic/query$fn__19174$__GT_EntityMap__19210,datomic/query$fn__19214,datomic/query$fn__19218,datomic/query$fn__19221,datomic/query$fn__19221$G__19216__19226,datomic/query$fn__19221$G__19217__19223,datomic/query$fn__19232,datomic/query$fn__19234,datomic/query$fn__19236,datomic/query$fn__19236$fn__19238,datomic/query$fn__19244,datomic/query$fn__19246,datomic/query$gensym_padding,datomic/query$get_lazy_entity,datomic/query$get_lazy_entity$fn__19162,datomic/query$get_lazy_entity$fn__19168,datomic/query$group_fv,datomic/query$group_fv$fn__19472,datomic/query$group_fv$list_QMARK___19470,datomic/query$group_rel,datomic/query$group_rel$agg$reify$reify__19456,datomic/query$group_rel$agg$reify__19455,datomic/query$group_rel$agg__19454,datomic/query$group_rel$fn__19450,datomic/query$group_rel$fn__19461,datomic/query$group_rel$reify__19452,datomic/query$has_self_unifications_QMARK_,datomic/query$has_self_unifications_QMARK_$fn__19416,datomic/query$listq__GT_mapq,datomic/query$listq__GT_mapq$fn__19249,datomic/query$load_query,datomic/query$loading__6434__auto____17823,datomic/query$mapify_query,datomic/query$mapify_query$fn__19396,datomic/query$move_sources_to_meta,datomic/query$move_sources_to_meta$fn__19258,datomic/query$normalize_pull,datomic/query$parse_query,datomic/query$pattern_QMARK_,datomic/query$process_aggregates,datomic/query$process_aggregates$fn__19357,datomic/query$process_aggregates$list_QMARK___19355,datomic/query$process_find_bindings,datomic/query$process_find_bindings$fn__19365,datomic/query$process_in_bindings,datomic/query$process_in_bindings$binding_QMARK___19303,datomic/query$process_in_bindings$fn__19307,datomic/query$process_in_bindings$fn__19307$fn__19312,datomic/query$process_in_bindings$fn__19307$fn__19314,datomic/query$process_pulls,datomic/query$process_pulls$fn__19387,datomic/query$process_pulls$fn__19393,datomic/query$process_pulls$pull_QMARK___19384,datomic/query$process_ranges,datomic/query$process_ranges$assoc_stronger__19342,datomic/query$process_ranges$const_QMARK___19321,datomic/query$process_ranges$fn__19335,datomic/query$process_ranges$fn__19346,datomic/query$process_ranges$norm__19325,datomic/query$process_self_unifications,datomic/query$pull_fv,datomic/query$pull_fv$fn__19501,datomic/query$pull_fv$fn__19501$fn__19503,datomic/query$q,datomic/query$q_STAR_,datomic/query$q_STAR_$fn__19521,datomic/query$q_STAR_$fn__19523,datomic/query$qseq,datomic/query$qseq$f__19556,datomic/query$query,datomic/query$query$f__19543,datomic/query$query$fn__19545,datomic/query$query$fn__19547,datomic/query$query_STAR_,datomic/query$rae,datomic/query$rae$fn__19135,datomic/query$rae$fn__19138,datomic/query$ref_val,datomic/query$rename_self_unifications,datomic/query$rename_self_unifications$fn__19400,datomic/query$rename_self_unifications$fn__19400$fn__19401,datomic/query$resolve_qualified_fn,datomic/query$resolve_qualified_fns,datomic/query$sort_collection_by_indexed,datomic/query$sort_collection_by_indexed$reify__19507,datomic/query$sort_for_pull,datomic/query$sort_for_pull$fn__19512,datomic/query$touch,datomic/query$validate_query,datomic/query$variables_in_clause,datomic/query$xf_tuple,datomic/query/EMapImpl,datomic/query/EntityMap,datomic/query/EntityMap$fn__19188,datomic/query/EntityMap$fn__19194,datomic/query/Immutify
datomic.query.support	companion-jar	clojure-1.11.4.jar	1010	402	2	606	31	clojure/lang/AFn,clojure/lang/AFunction,clojure/lang/ASeq,clojure/lang/Associative,clojure/lang/Compiler,clojure/lang/Counted,clojure/lang/IFn,clojure/lang/ILookupSite,clojure/lang/ILookupThunk,clojure/lang/IObj,clojure/lang/IPersistentCollection,clojure/lang/IPersistentList,clojure/lang/IPersistentMap,clojure/lang/IPersistentVector,clojure/lang/IProxy,clojure/lang/ISeq,clojure/lang/Keyword,clojure/lang/KeywordLookupSite,clojure/lang/LockingTransaction,clojure/lang/Numbers,clojure/lang/Obj,clojure/lang/PersistentArrayMap,clojure/lang/PersistentHashMap,clojure/lang/PersistentHashSet,clojure/lang/PersistentList,clojure/lang/RT,clojure/lang/Reflector,clojure/lang/Symbol,clojure/lang/Tuple,clojure/lang/Util,clojure/lang/Var
datomic.query.support	jdk	java.io	6	2	0	4	3	java/io/NotSerializableException,java/io/ObjectInputStream,java/io/ObjectOutputStream
datomic.query.support	jdk	java.lang	1188	44	24	1120	11	[Ljava/lang/Object;,java/lang/Boolean,java/lang/Class,java/lang/ClassLoader,java/lang/Integer,java/lang/Long,java/lang/Number,java/lang/Object,java/lang/String,java/lang/Throwable,java/lang/UnsupportedOperationException
datomic.query.support	jdk	java.util	85	15	0	70	13	java/util/Arrays,java/util/Collection,java/util/Comparator,java/util/Iterator,java/util/List,java/util/ListIterator,java/util/Spliterator,java/util/concurrent/Callable,java/util/function/Consumer,java/util/function/IntFunction,java/util/function/Predicate,java/util/function/UnaryOperator,java/util/stream/Stream
datomic.query.support	primary-namespace	datomic.query.support	62	31	0	31	31	datomic/query/support$counted_seq,datomic/query/support$counted_seq$fn__19088,datomic/query/support$counted_seq$fn__19090,datomic/query/support$counted_seq$fn__19092,datomic/query/support$counted_seq$fn__19094,datomic/query/support$counted_seq$fn__19096,datomic/query/support$counted_seq$fn__19098,datomic/query/support$counted_seq$fn__19100,datomic/query/support$counted_seq$fn__19102,datomic/query/support$counted_seq$fn__19104,datomic/query/support$counted_seq$fn__19106,datomic/query/support$counted_seq$fn__19108,datomic/query/support$counted_seq$fn__19110,datomic/query/support$counted_seq$fn__19112,datomic/query/support$counted_seq$fn__19114,datomic/query/support$counted_seq$fn__19116,datomic/query/support$counted_seq$fn__19118,datomic/query/support$counted_seq$fn__19120,datomic/query/support$counted_seq$fn__19122,datomic/query/support$counted_seq$fn__19124,datomic/query/support$counted_seq$fn__19126,datomic/query/support$disallow_find_variants_BANG_,datomic/query/support$disallow_find_variants_BANG_$fn__19075,datomic/query/support$fn__19064,datomic/query/support$incorrect_BANG_,datomic/query/support$listq__GT_mapq,datomic/query/support$listq__GT_mapq$fn__19068,datomic/query/support$loading__6434__auto____19062,datomic/query/support$parse_as,datomic/query/support$query_map,datomic/query/support/proxy$clojure/lang/ASeq$Counted$7e5d62ee
datomic.queue	companion-jar	clojure-1.11.4.jar	2500	930	25	1545	26	clojure/lang/AFn,clojure/lang/AFunction,clojure/lang/Associative,clojure/lang/Compiler,clojure/lang/Counted,clojure/lang/IFn,clojure/lang/IObj,clojure/lang/IPersistentList,clojure/lang/IPersistentMap,clojure/lang/IPersistentVector,clojure/lang/ISeq,clojure/lang/IType,clojure/lang/Keyword,clojure/lang/LazySeq,clojure/lang/LockingTransaction,clojure/lang/MethodImplCache,clojure/lang/Namespace,clojure/lang/Numbers,clojure/lang/PersistentArrayMap,clojure/lang/PersistentHashMap,clojure/lang/PersistentList,clojure/lang/RT,clojure/lang/Symbol,clojure/lang/Tuple,clojure/lang/Util,clojure/lang/Var
datomic.queue	jdk	java.io	2	0	0	2	2	java/io/Closeable,java/io/IOException
datomic.queue	jdk	java.lang	2428	29	18	2381	13	java/lang/Boolean,java/lang/Class,java/lang/ClassLoader,java/lang/Integer,java/lang/Number,java/lang/Object,java/lang/Runnable,java/lang/String,java/lang/System,java/lang/Thread,java/lang/Throwable,java/lang/ref/Reference,java/lang/ref/ReferenceQueue
datomic.queue	jdk	java.util	190	64	2	124	8	java/util/Arrays,java/util/Collection,java/util/List,java/util/Queue,java/util/concurrent/BlockingQueue,java/util/concurrent/Callable,java/util/concurrent/LinkedBlockingQueue,java/util/concurrent/TimeUnit
datomic.queue	primary-namespace	datomic.queue	144	67	0	77	55	datomic/queue$delaying_queue,datomic/queue$delaying_queue$fn__12149,datomic/queue$fn__11996,datomic/queue$fn__12000,datomic/queue$fn__12003,datomic/queue$fn__12003$G__11998__12010,datomic/queue$fn__12003$G__11999__12006,datomic/queue$fn__12018,datomic/queue$fn__12021,datomic/queue$fn__12021$G__12016__12028,datomic/queue$fn__12021$G__12017__12024,datomic/queue$fn__12038,datomic/queue$fn__12041,datomic/queue$fn__12041$G__12034__12048,datomic/queue$fn__12041$G__12035__12044,datomic/queue$fn__12054,datomic/queue$fn__12054$G__12036__12063,datomic/queue$fn__12054$G__12037__12058,datomic/queue$fn__12073,datomic/queue$fn__12076,datomic/queue$fn__12076$G__12069__12081,datomic/queue$fn__12076$G__12070__12078,datomic/queue$fn__12087,datomic/queue$fn__12087$G__12071__12096,datomic/queue$fn__12087$G__12072__12091,datomic/queue$fn__12104,datomic/queue$fn__12107,datomic/queue$fn__12107$G__12102__12112,datomic/queue$fn__12107$G__12103__12109,datomic/queue$fn__12120,datomic/queue$fn__12122,datomic/queue$fn__12124,datomic/queue$fn__12126,datomic/queue$fn__12128,datomic/queue$fn__12131,datomic/queue$fn__12133,datomic/queue$fn__12136,datomic/queue$fn__12139,datomic/queue$fn__12141,datomic/queue$fn__12144,datomic/queue$fn__12144$__GT_DelayingQueue__12146,datomic/queue$loading__6434__auto____11994,datomic/queue$offer,datomic/queue$poll,datomic/queue$queue_seq,datomic/queue$queue_seq$done__12155,datomic/queue$queue_seq$drain__12157,datomic/queue$queue_seq$drain__12157$fn__12158,datomic/queue$queue_seq$fill__12153,datomic/queue/BlockingConsumer,datomic/queue/BlockingProducer,datomic/queue/Clear,datomic/queue/Consumer,datomic/queue/DelayingQueue,datomic/queue/Producer
datomic.reconnector2	companion-jar	clojure-1.11.4.jar	1040	359	5	676	28	clojure/lang/AFn,clojure/lang/AFunction,clojure/lang/Associative,clojure/lang/Compiler,clojure/lang/IBlockingDeref,clojure/lang/IDeref,clojure/lang/IFn,clojure/lang/IObj,clojure/lang/IPersistentList,clojure/lang/IPersistentMap,clojure/lang/IPersistentVector,clojure/lang/ISeq,clojure/lang/IType,clojure/lang/Keyword,clojure/lang/LockingTransaction,clojure/lang/MethodImplCache,clojure/lang/MultiFn,clojure/lang/Namespace,clojure/lang/Numbers,clojure/lang/PersistentArrayMap,clojure/lang/PersistentHashMap,clojure/lang/PersistentList,clojure/lang/RT,clojure/lang/RestFn,clojure/lang/Symbol,clojure/lang/Tuple,clojure/lang/Util,clojure/lang/Var
datomic.reconnector2	companion-jar	slf4j-api-1.7.32.jar	18	9	0	9	2	org/slf4j/Logger,org/slf4j/LoggerFactory
datomic.reconnector2	jdk	java.io	2	1	0	1	1	java/io/Writer
datomic.reconnector2	jdk	java.lang	935	13	10	912	10	java/lang/AssertionError,java/lang/Boolean,java/lang/Class,java/lang/ClassLoader,java/lang/Integer,java/lang/Long,java/lang/Number,java/lang/Object,java/lang/String,java/lang/Throwable
datomic.reconnector2	jdk	java.util	32	10	0	22	3	java/util/Arrays,java/util/List,java/util/concurrent/Callable
datomic.reconnector2	primary-namespace	datomic.common	1	0	0	1	1	datomic/common/AsyncShutdown
datomic.reconnector2	primary-namespace	datomic.reconnector2	35	17	0	18	16	datomic/reconnector2$fn__17110,datomic/reconnector2$fn__17114,datomic/reconnector2$fn__17117,datomic/reconnector2$fn__17117$G__17112__17122,datomic/reconnector2$fn__17117$G__17113__17119,datomic/reconnector2$fn__17128,datomic/reconnector2$fn__17128$__GT_Reconnector__17141,datomic/reconnector2$fn__17144,datomic/reconnector2$loading__6434__auto____17108,datomic/reconnector2$reconnector_ref,datomic/reconnector2/Reconnectable,datomic/reconnector2/Reconnector,datomic/reconnector2/Reconnector$fn__17129,datomic/reconnector2/Reconnector$fn__17129$fn__17130,datomic/reconnector2/Reconnector$fn__17134,datomic/reconnector2/Reconnector$fn__17136
datomic.require	companion-jar	clojure-1.11.4.jar	373	130	1	242	18	clojure/lang/AFn,clojure/lang/AFunction,clojure/lang/Associative,clojure/lang/Compiler,clojure/lang/IFn,clojure/lang/IPersistentList,clojure/lang/IPersistentMap,clojure/lang/IPersistentVector,clojure/lang/ISeq,clojure/lang/Indexed,clojure/lang/Keyword,clojure/lang/LockingTransaction,clojure/lang/PersistentList,clojure/lang/RT,clojure/lang/RestFn,clojure/lang/Symbol,clojure/lang/Tuple,clojure/lang/Var
datomic.require	jdk	java.io	2	0	0	2	1	java/io/FileNotFoundException
datomic.require	jdk	java.lang	275	10	4	261	8	java/lang/Boolean,java/lang/Class,java/lang/ClassLoader,java/lang/Integer,java/lang/Object,java/lang/String,java/lang/System,java/lang/Throwable
datomic.require	jdk	java.util	11	3	0	8	3	java/util/Arrays,java/util/List,java/util/concurrent/Callable
datomic.require	primary-namespace	datomic.require	14	7	0	7	7	datomic/require$_main,datomic/require$fn__630,datomic/require$loading__6434__auto____628,datomic/require$maybe_require,datomic/require$maybe_require$fn__636,datomic/require$maybe_require$fn__638,datomic/require$require_and_run
datomic.s3	companion-jar	aws-java-sdk-core-1.12.564.jar	12	2	4	6	2	com/amazonaws/AmazonServiceException,com/amazonaws/HttpMethod
datomic.s3	companion-jar	aws-java-sdk-s3-1.12.564.jar	54	19	1	34	8	com/amazonaws/services/s3/model/AmazonS3Exception,com/amazonaws/services/s3/model/CannedAccessControlList,com/amazonaws/services/s3/model/DeleteObjectsRequest,com/amazonaws/services/s3/model/MultiObjectDeleteException,com/amazonaws/services/s3/model/ObjectMetadata,com/amazonaws/services/s3/model/PutObjectRequest,com/amazonaws/services/s3/model/S3Object,com/amazonaws/services/s3/model/S3ObjectInputStream
datomic.s3	companion-jar	clojure-1.11.4.jar	2895	1078	22	1795	29	clojure/java/io/Coercions,clojure/lang/AFn,clojure/lang/AFunction,clojure/lang/Associative,clojure/lang/Compiler,clojure/lang/IFn,clojure/lang/ILookupSite,clojure/lang/ILookupThunk,clojure/lang/IObj,clojure/lang/IPersistentList,clojure/lang/IPersistentMap,clojure/lang/IPersistentVector,clojure/lang/ISeq,clojure/lang/Keyword,clojure/lang/KeywordLookupSite,clojure/lang/LazySeq,clojure/lang/LockingTransaction,clojure/lang/MethodImplCache,clojure/lang/Namespace,clojure/lang/Numbers,clojure/lang/PersistentArrayMap,clojure/lang/PersistentList,clojure/lang/PersistentVector,clojure/lang/RT,clojure/lang/RestFn,clojure/lang/Symbol,clojure/lang/Tuple,clojure/lang/Util,clojure/lang/Var
datomic.s3	jdk	array	2	0	0	2	1	[B
datomic.s3	jdk	java.io	42	16	0	26	6	java/io/ByteArrayInputStream,java/io/InputStream,java/io/OutputStream,java/io/PushbackReader,java/io/Reader,java/io/Writer
datomic.s3	jdk	java.lang	2845	44	18	2783	11	[Ljava/lang/String;,java/lang/Boolean,java/lang/Class,java/lang/ClassLoader,java/lang/IllegalArgumentException,java/lang/Integer,java/lang/Number,java/lang/Object,java/lang/String,java/lang/System,java/lang/Throwable
datomic.s3	jdk	java.net	26	12	0	14	3	java/net/HttpURLConnection,java/net/URL,java/net/URLConnection
datomic.s3	jdk	java.nio	4	2	0	2	1	java/nio/ByteBuffer
datomic.s3	jdk	java.util	122	40	0	82	5	java/util/Arrays,java/util/Date,java/util/List,java/util/UUID,java/util/concurrent/Callable
datomic.s3	primary-namespace	datomic.s3	161	69	0	92	46	datomic/s3$_list_objects_seq,datomic/s3$_list_objects_seq$fn__23282,datomic/s3$create_bucket,datomic/s3$debug,datomic/s3$delete_all_objects,datomic/s3$delete_bucket,datomic/s3$delete_object,datomic/s3$delete_objects,datomic/s3$destroy_bucket,datomic/s3$ensure_bucket,datomic/s3$fn__23252,datomic/s3$fn__23257,datomic/s3$fn__23260,datomic/s3$fn__23260$G__23255__23265,datomic/s3$fn__23260$G__23256__23262,datomic/s3$fn__23271,datomic/s3$fn__23273,datomic/s3$get_bucket,datomic/s3$get_bucket$fn__23286,datomic/s3$get_bucket_policy,datomic/s3$get_bytes,datomic/s3$get_direct_buffer,datomic/s3$get_file,datomic/s3$get_non_direct_buffer,datomic/s3$get_object,datomic/s3$list_buckets,datomic/s3$list_objects,datomic/s3$loading__6434__auto____22955,datomic/s3$new_bucket,datomic/s3$object_exists_QMARK_,datomic/s3$put_clj,datomic/s3$put_file_as,datomic/s3$put_object,datomic/s3$s3_service,datomic/s3$set_bucket_policy,datomic/s3$signed_get_clj,datomic/s3$signed_get_file,datomic/s3$signed_put_clj,datomic/s3$signed_put_clj$fn__23314,datomic/s3$signed_put_clj$fn__23316,datomic/s3$signed_put_file,datomic/s3$signed_put_file$fn__23309,datomic/s3$signed_put_file$fn__23311,datomic/s3$signed_url,datomic/s3$years_from_now,datomic/s3/Name
datomic.s3-api	companion-jar	aws-java-sdk-core-1.12.564.jar	136	39	0	97	9	com/amazonaws/AmazonWebServiceRequest,com/amazonaws/ClientConfiguration,com/amazonaws/HttpMethod,com/amazonaws/RequestClientOptions,com/amazonaws/auth/AWSCredentials,com/amazonaws/auth/AWSCredentialsProvider,com/amazonaws/auth/DefaultAWSCredentialsProviderChain,com/amazonaws/event/ProgressListener,com/amazonaws/metrics/RequestMetricCollector
datomic.s3-api	companion-jar	aws-java-sdk-s3-1.12.564.jar	351	162	0	189	19	com/amazonaws/services/s3/AmazonS3Client,com/amazonaws/services/s3/model/Bucket,com/amazonaws/services/s3/model/BucketPolicy,com/amazonaws/services/s3/model/DeleteObjectsRequest,com/amazonaws/services/s3/model/DeleteObjectsResult,com/amazonaws/services/s3/model/DeleteObjectsResult$DeletedObject,com/amazonaws/services/s3/model/GeneratePresignedUrlRequest,com/amazonaws/services/s3/model/ListObjectsRequest,com/amazonaws/services/s3/model/MultiObjectDeleteException$DeleteError,com/amazonaws/services/s3/model/ObjectListing,com/amazonaws/services/s3/model/ObjectMetadata,com/amazonaws/services/s3/model/Owner,com/amazonaws/services/s3/model/PutObjectRequest,com/amazonaws/services/s3/model/PutObjectResult,com/amazonaws/services/s3/model/ResponseHeaderOverrides,com/amazonaws/services/s3/model/RestoreStatus,com/amazonaws/services/s3/model/S3Object,com/amazonaws/services/s3/model/S3ObjectSummary,com/amazonaws/services/s3/model/SSECustomerKey
datomic.s3-api	companion-jar	clojure-1.11.4.jar	5712	2061	15	3636	24	clojure/lang/AFn,clojure/lang/AFunction,clojure/lang/Associative,clojure/lang/Compiler,clojure/lang/IFn,clojure/lang/ILookupSite,clojure/lang/ILookupThunk,clojure/lang/IObj,clojure/lang/IPersistentList,clojure/lang/IPersistentMap,clojure/lang/IPersistentVector,clojure/lang/Keyword,clojure/lang/KeywordLookupSite,clojure/lang/LockingTransaction,clojure/lang/MultiFn,clojure/lang/Namespace,clojure/lang/Numbers,clojure/lang/PersistentHashSet,clojure/lang/PersistentList,clojure/lang/RT,clojure/lang/Symbol,clojure/lang/Tuple,clojure/lang/Util,clojure/lang/Var
datomic.s3-api	jdk	java.io	4	0	0	4	2	java/io/File,java/io/InputStream
datomic.s3-api	jdk	java.lang	5356	32	182	5142	9	java/lang/Boolean,java/lang/Class,java/lang/ClassLoader,java/lang/Integer,java/lang/Long,java/lang/Number,java/lang/Object,java/lang/String,java/lang/Throwable
datomic.s3-api	jdk	java.net	1	0	0	1	1	java/net/URL
datomic.s3-api	jdk	java.util	92	18	0	74	5	java/util/Arrays,java/util/Date,java/util/List,java/util/Map,java/util/concurrent/Callable
datomic.s3-api	primary-namespace	datomic.datafy	42	14	0	28	1	datomic/datafy/ObjectToData
datomic.s3-api	primary-namespace	datomic.s3-api	80	40	0	40	40	datomic/s3_api$client,datomic/s3_api$create_bucket,datomic/s3_api$create_bucket_in_region,datomic/s3_api$delete_bucket,datomic/s3_api$delete_object,datomic/s3_api$delete_objects,datomic/s3_api$fn__22959,datomic/s3_api$fn__22962,datomic/s3_api$fn__22970,datomic/s3_api$fn__22974,datomic/s3_api$fn__22980,datomic/s3_api$fn__22990,datomic/s3_api$fn__23042,datomic/s3_api$fn__23086,datomic/s3_api$fn__23096,datomic/s3_api$fn__23120,datomic/s3_api$fn__23190,datomic/s3_api$fn__23196,datomic/s3_api$fn__23214,datomic/s3_api$fn__23217,datomic/s3_api$fn__23220,datomic/s3_api$fn__23223,datomic/s3_api$fn__23223$fn__23224,datomic/s3_api$fn__23227,datomic/s3_api$fn__23227$fn__23228,datomic/s3_api$fn__23231,datomic/s3_api$fn__23231$fn__23232,datomic/s3_api$generate_presigned_url,datomic/s3_api$get_bucket_policy,datomic/s3_api$get_object,datomic/s3_api$get_object_metadata,datomic/s3_api$list_buckets,datomic/s3_api$list_next_batch_of_objects,datomic/s3_api$list_objects,datomic/s3_api$list_objects_from_request,datomic/s3_api$loading__6434__auto____22957,datomic/s3_api$put_file,datomic/s3_api$put_object,datomic/s3_api$put_object_with_canned_acl,datomic/s3_api$set_bucket_policy
datomic.s3-kv	companion-jar	clojure-1.11.4.jar	559	189	2	368	24	clojure/lang/AFn,clojure/lang/AFunction,clojure/lang/Associative,clojure/lang/Compiler,clojure/lang/IFn,clojure/lang/ILookupSite,clojure/lang/ILookupThunk,clojure/lang/IObj,clojure/lang/IPersistentList,clojure/lang/IPersistentMap,clojure/lang/IPersistentVector,clojure/lang/ISeq,clojure/lang/IType,clojure/lang/Keyword,clojure/lang/KeywordLookupSite,clojure/lang/LockingTransaction,clojure/lang/Namespace,clojure/lang/PersistentHashMap,clojure/lang/PersistentList,clojure/lang/RT,clojure/lang/RestFn,clojure/lang/Symbol,clojure/lang/Tuple,clojure/lang/Var
datomic.s3-kv	companion-jar	fressian-0.6.8.jar	2	1	0	1	1	org/fressian/impl/ByteBufferInputStream
datomic.s3-kv	jdk	java.lang	462	13	5	444	10	java/lang/AssertionError,java/lang/Boolean,java/lang/CharSequence,java/lang/Class,java/lang/ClassLoader,java/lang/Exception,java/lang/Integer,java/lang/Object,java/lang/String,java/lang/Throwable
datomic.s3-kv	jdk	java.nio	4	1	0	3	2	java/nio/Buffer,java/nio/ByteBuffer
datomic.s3-kv	jdk	java.util	17	5	0	12	3	java/util/Arrays,java/util/List,java/util/concurrent/Callable
datomic.s3-kv	primary-namespace	datomic.s3-kv	18	9	0	9	8	datomic/s3_kv$fn__23324,datomic/s3_kv$fn__23327,datomic/s3_kv$fn__23327$__GT_S3Storage__23329,datomic/s3_kv$loading__6434__auto____23322,datomic/s3_kv$s3_storage,datomic/s3_kv$s3_storage_path,datomic/s3_kv$storage_from_conf_,datomic/s3_kv/S3Storage
datomic.s3-kv	primary-namespace	datomic.simple-kv	1	0	0	1	1	datomic/simple_kv/KV
datomic.simple-kv	companion-jar	clojure-1.11.4.jar	1079	405	9	665	22	clojure/lang/AFn,clojure/lang/AFunction,clojure/lang/Associative,clojure/lang/Compiler,clojure/lang/IFn,clojure/lang/IObj,clojure/lang/IPersistentList,clojure/lang/IPersistentMap,clojure/lang/IPersistentVector,clojure/lang/ISeq,clojure/lang/Keyword,clojure/lang/LockingTransaction,clojure/lang/MethodImplCache,clojure/lang/Namespace,clojure/lang/Numbers,clojure/lang/PersistentArrayMap,clojure/lang/PersistentList,clojure/lang/RT,clojure/lang/Symbol,clojure/lang/Tuple,clojure/lang/Util,clojure/lang/Var
datomic.simple-kv	jdk	array	3	0	0	3	1	[B
datomic.simple-kv	jdk	java.lang	978	17	12	949	9	java/lang/Boolean,java/lang/Class,java/lang/ClassLoader,java/lang/Integer,java/lang/Long,java/lang/Number,java/lang/Object,java/lang/String,java/lang/Thread
datomic.simple-kv	jdk	java.nio	35	13	0	22	2	java/nio/Buffer,java/nio/ByteBuffer
datomic.simple-kv	jdk	java.util	68	22	0	46	3	java/util/Arrays,java/util/List,java/util/concurrent/Callable
datomic.simple-kv	primary-namespace	datomic.simple-kv	51	23	0	28	16	datomic/simple_kv$fn__16675,datomic/simple_kv$fn__16683,datomic/simple_kv$fn__16686,datomic/simple_kv$fn__16686$G__16677__16695,datomic/simple_kv$fn__16686$G__16678__16690,datomic/simple_kv$fn__16701,datomic/simple_kv$fn__16701$G__16681__16708,datomic/simple_kv$fn__16701$G__16682__16704,datomic/simple_kv$fn__16714,datomic/simple_kv$fn__16714$G__16679__16721,datomic/simple_kv$fn__16714$G__16680__16717,datomic/simple_kv$get_with_retry,datomic/simple_kv$loading__6434__auto____16673,datomic/simple_kv$pack,datomic/simple_kv$unpack,datomic/simple_kv/KV
datomic.slf4j	companion-jar	clojure-1.11.4.jar	3176	1162	5	2009	29	clojure/lang/AFn,clojure/lang/AFunction,clojure/lang/Associative,clojure/lang/Compiler,clojure/lang/IFn,clojure/lang/IFn$DLO,clojure/lang/ILookupSite,clojure/lang/ILookupThunk,clojure/lang/IObj,clojure/lang/IPersistentList,clojure/lang/IPersistentMap,clojure/lang/IPersistentVector,clojure/lang/IRef,clojure/lang/ISeq,clojure/lang/Keyword,clojure/lang/KeywordLookupSite,clojure/lang/LockingTransaction,clojure/lang/MultiFn,clojure/lang/Namespace,clojure/lang/Numbers,clojure/lang/PersistentArrayMap,clojure/lang/PersistentHashSet,clojure/lang/PersistentList,clojure/lang/PersistentVector,clojure/lang/RT,clojure/lang/RestFn,clojure/lang/Symbol,clojure/lang/Tuple,clojure/lang/Var
datomic.slf4j	companion-jar	slf4j-api-1.7.32.jar	21	11	0	10	3	org/slf4j/Logger,org/slf4j/LoggerFactory,org/slf4j/MDC
datomic.slf4j	jdk	java.io	8	2	0	6	3	java/io/PrintWriter,java/io/StringWriter,java/io/Writer
datomic.slf4j	jdk	java.lang	2541	43	11	2487	15	java/lang/AssertionError,java/lang/Boolean,java/lang/Class,java/lang/ClassLoader,java/lang/Integer,java/lang/Long,java/lang/Number,java/lang/Object,java/lang/String,java/lang/System,java/lang/Thread,java/lang/Thread$UncaughtExceptionHandler,java/lang/Throwable,java/lang/management/ManagementFactory,java/lang/management/RuntimeMXBean
datomic.slf4j	jdk	java.util	68	23	0	45	4	java/util/Arrays,java/util/List,java/util/concurrent/Callable,java/util/regex/Pattern
datomic.slf4j	primary-namespace	datomic.slf4j	62	31	0	31	31	datomic/slf4j$caused_by,datomic/slf4j$debug,datomic/slf4j$dont_log_time,datomic/slf4j$enabled_method,datomic/slf4j$error,datomic/slf4j$exception_string,datomic/slf4j$fn__8962,datomic/slf4j$fn__8989,datomic/slf4j$fn__8994,datomic/slf4j$fn__8994$fn__8995,datomic/slf4j$fn__9000,datomic/slf4j$fn__9000$fn__9001,datomic/slf4j$fn__9005,datomic/slf4j$fn__9005$fn__9006,datomic/slf4j$fn__9009,datomic/slf4j$format_as_msec,datomic/slf4j$format_as_musec,datomic/slf4j$info,datomic/slf4j$loading__6434__auto____8960,datomic/slf4j$log_agent_error,datomic/slf4j$log_expr,datomic/slf4j$log_time,datomic/slf4j$log_uncaught_exceptions,datomic/slf4j$log_uncaught_exceptions$reify__8991,datomic/slf4j$metric_expr,datomic/slf4j$print_and_warn,datomic/slf4j$print_safely,datomic/slf4j$process,datomic/slf4j$sanitize_uri,datomic/slf4j$trace,datomic/slf4j$warn
datomic.sql	companion-jar	clojure-1.11.4.jar	1061	395	6	660	22	clojure/lang/AFn,clojure/lang/AFunction,clojure/lang/Associative,clojure/lang/Compiler,clojure/lang/IFn,clojure/lang/IObj,clojure/lang/IPersistentList,clojure/lang/IPersistentMap,clojure/lang/IPersistentVector,clojure/lang/ISeq,clojure/lang/Indexed,clojure/lang/Keyword,clojure/lang/LockingTransaction,clojure/lang/Namespace,clojure/lang/Numbers,clojure/lang/PersistentHashMap,clojure/lang/PersistentList,clojure/lang/RT,clojure/lang/RestFn,clojure/lang/Symbol,clojure/lang/Tuple,clojure/lang/Var
datomic.sql	jdk	java.lang	966	17	13	936	7	java/lang/Boolean,java/lang/Class,java/lang/ClassLoader,java/lang/Integer,java/lang/Number,java/lang/Object,java/lang/String
datomic.sql	jdk	java.sql	151	66	9	76	5	java/sql/Connection,java/sql/PreparedStatement,java/sql/ResultSet,java/sql/Statement,java/sql/Types
datomic.sql	jdk	java.util	26	8	0	18	3	java/util/Arrays,java/util/List,java/util/concurrent/Callable
datomic.sql	jdk	javax.sql	2	1	0	1	1	javax/sql/DataSource
datomic.sql	primary-namespace	datomic.sql	36	18	0	18	18	datomic/sql$connect,datomic/sql$delete,datomic/sql$execute_commands,datomic/sql$execute_commands$fn__11526,datomic/sql$execute_commands$fn__11528,datomic/sql$fn__11479,datomic/sql$insert,datomic/sql$insert$fn__11506,datomic/sql$insert$fn__11512,datomic/sql$insert$fn__11517,datomic/sql$insert_with_nulls,datomic/sql$loading__6434__auto____11477,datomic/sql$select,datomic/sql$update,datomic/sql$update$fn__11491,datomic/sql$update$fn__11497,datomic/sql$update$fn__11502,datomic/sql$update_with_nulls
datomic.stats	companion-jar	clojure-1.11.4.jar	3739	1280	13	2446	32	clojure/lang/AFn,clojure/lang/AFunction,clojure/lang/Associative,clojure/lang/Compiler,clojure/lang/IFn,clojure/lang/IFn$LL,clojure/lang/ILookupSite,clojure/lang/ILookupThunk,clojure/lang/IObj,clojure/lang/IPersistentList,clojure/lang/IPersistentMap,clojure/lang/IPersistentVector,clojure/lang/ISeq,clojure/lang/Indexed,clojure/lang/Keyword,clojure/lang/KeywordLookupSite,clojure/lang/LazySeq,clojure/lang/LockingTransaction,clojure/lang/Namespace,clojure/lang/Numbers,clojure/lang/PersistentArrayMap,clojure/lang/PersistentHashMap,clojure/lang/PersistentHashSet,clojure/lang/PersistentList,clojure/lang/PersistentVector,clojure/lang/RT,clojure/lang/Reflector,clojure/lang/RestFn,clojure/lang/Symbol,clojure/lang/Tuple,clojure/lang/Util,clojure/lang/Var
datomic.stats	jdk	java.lang	3063	45	48	2970	8	java/lang/Boolean,java/lang/Class,java/lang/ClassLoader,java/lang/Integer,java/lang/Long,java/lang/Number,java/lang/Object,java/lang/String
datomic.stats	jdk	java.util	77	25	0	52	4	java/util/Arrays,java/util/Comparator,java/util/List,java/util/concurrent/Callable
datomic.stats	primary-namespace	datomic	6	3	0	3	1	datomic/Database
datomic.stats	primary-namespace	datomic.btset	2	1	0	1	1	datomic/btset/IDataSet
datomic.stats	primary-namespace	datomic.impl.db	8	4	0	4	1	datomic/impl/db/IDatum
datomic.stats	primary-namespace	datomic.iter	1	0	0	1	1	datomic/iter/Iter
datomic.stats	primary-namespace	datomic.stats	116	58	0	58	58	datomic/stats$aevt,datomic/stats$aevt$fn__17849,datomic/stats$attr_stats_from_splits,datomic/stats$attr_stats_from_splits$fn__17945,datomic/stats$attr_stats_from_splits$fn__17945$fn__17946,datomic/stats$avet,datomic/stats$avet$fn__17845,datomic/stats$datom_count,datomic/stats$datom_count$fn__17980,datomic/stats$datom_counts,datomic/stats$db_attr_splits,datomic/stats$db_attr_splits$fn__17930,datomic/stats$db_attr_splits$fn__17941,datomic/stats$db_attr_stats,datomic/stats$db_attr_stats$fn__17886,datomic/stats$db_stats,datomic/stats$eavt,datomic/stats$eavt$fn__17853,datomic/stats$fn__17831,datomic/stats$fulltext,datomic/stats$fulltext$fn__17865,datomic/stats$index_attr_splits,datomic/stats$index_attr_splits$fn__17896,datomic/stats$index_attr_splits$fn__17899,datomic/stats$index_attr_splits$fn__17905,datomic/stats$index_attr_splits$fn__17907,datomic/stats$index_attr_splits$fn__17910,datomic/stats$index_attr_stats,datomic/stats$index_attr_stats$fn__17872,datomic/stats$index_attr_stats$fn__17876,datomic/stats$index_attr_stats$fn__17879,datomic/stats$index_attr_stats$fn__17882,datomic/stats$index_datom_count,datomic/stats$index_metrics,datomic/stats$index_summary,datomic/stats$index_summary$fn__17838,datomic/stats$key_summary,datomic/stats$loading__6434__auto____17829,datomic/stats$merge_data,datomic/stats$merge_data$fn__17916,datomic/stats$merge_splits,datomic/stats$merge_splits$fn$reify__17924,datomic/stats$merge_splits$fn__17923,datomic/stats$raet,datomic/stats$raet$fn__17858,datomic/stats$segment_count,datomic/stats$sizes,datomic/stats$sizes$iter__17952__17958,datomic/stats$sizes$iter__17952__17958$fn__17959,datomic/stats$sizes$iter__17952__17958$fn__17959$iter__17954__17960,datomic/stats$sizes$iter__17952__17958$fn__17959$iter__17954__17960$fn__17961,datomic/stats$sizes$iter__17952__17958$fn__17959$iter__17954__17960$fn__17961$fn__17962,datomic/stats$sizes__GT_metrics,datomic/stats$sizes__GT_metrics$fn__17987,datomic/stats$sizes__GT_metrics$fn__17989,datomic/stats$sparse_v_count,datomic/stats$sparse_v_count$fn__17833,datomic/stats$total
datomic.summary	companion-jar	clojure-1.11.4.jar	923	321	4	598	20	clojure/lang/AFn,clojure/lang/AFunction,clojure/lang/Associative,clojure/lang/Compiler,clojure/lang/IFn,clojure/lang/IObj,clojure/lang/IPersistentList,clojure/lang/IPersistentMap,clojure/lang/IPersistentVector,clojure/lang/ISeq,clojure/lang/Keyword,clojure/lang/LockingTransaction,clojure/lang/MethodImplCache,clojure/lang/PersistentArrayMap,clojure/lang/PersistentList,clojure/lang/RT,clojure/lang/Symbol,clojure/lang/Tuple,clojure/lang/Util,clojure/lang/Var
datomic.summary	jdk	java.io	2	1	0	1	1	java/io/Writer
datomic.summary	jdk	java.lang	662	8	2	652	6	java/lang/Boolean,java/lang/Class,java/lang/ClassLoader,java/lang/Integer,java/lang/Object,java/lang/String
datomic.summary	jdk	java.util	32	10	0	22	3	java/util/Arrays,java/util/List,java/util/concurrent/Callable
datomic.summary	primary-namespace	datomic.summary	22	11	0	11	11	datomic/summary$fn__16645,datomic/summary$fn__16649,datomic/summary$fn__16652,datomic/summary$fn__16652$G__16647__16657,datomic/summary$fn__16652$G__16648__16654,datomic/summary$fn__16663,datomic/summary$fn__16665,datomic/summary$loading__6434__auto____16643,datomic/summary$print_method,datomic/summary$write,datomic/summary/Summary
datomic.tools	companion-jar	clojure-1.11.4.jar	5678	1921	9	3748	31	clojure/lang/AFn,clojure/lang/AFunction,clojure/lang/Associative,clojure/lang/Compiler,clojure/lang/IFn,clojure/lang/IFn$LLOLO,clojure/lang/IFn$LO,clojure/lang/IFn$OL,clojure/lang/ILookupSite,clojure/lang/ILookupThunk,clojure/lang/IObj,clojure/lang/IPersistentList,clojure/lang/IPersistentMap,clojure/lang/IPersistentVector,clojure/lang/ISeq,clojure/lang/Keyword,clojure/lang/KeywordLookupSite,clojure/lang/LockingTransaction,clojure/lang/Namespace,clojure/lang/Numbers,clojure/lang/PersistentArrayMap,clojure/lang/PersistentHashMap,clojure/lang/PersistentHashSet,clojure/lang/PersistentList,clojure/lang/PersistentVector,clojure/lang/RT,clojure/lang/RestFn,clojure/lang/Symbol,clojure/lang/Tuple,clojure/lang/Util,clojure/lang/Var
datomic.tools	companion-jar	slf4j-api-1.7.32.jar	24	12	0	12	2	org/slf4j/Logger,org/slf4j/LoggerFactory
datomic.tools	jdk	java.lang	4403	89	49	4265	15	java/lang/AssertionError,java/lang/Boolean,java/lang/Class,java/lang/ClassLoader,java/lang/Error,java/lang/Integer,java/lang/Long,java/lang/Number,java/lang/Object,java/lang/Runtime,java/lang/RuntimeException,java/lang/String,java/lang/System,java/lang/Thread,java/lang/Throwable
datomic.tools	jdk	java.nio	4	2	0	2	1	java/nio/Buffer
datomic.tools	jdk	java.util	164	54	0	110	3	java/util/Arrays,java/util/List,java/util/concurrent/Callable
datomic.tools	primary-namespace	datomic	12	6	0	6	1	datomic/Datom
datomic.tools	primary-namespace	datomic.cluster	15	5	0	10	1	datomic/cluster/ClusteredStore
datomic.tools	primary-namespace	datomic.log	6	2	0	4	1	datomic/log/LogDirSeq
datomic.tools	primary-namespace	datomic.memory-size	6	2	0	4	1	datomic/memory_size/MemorySize
datomic.tools	primary-namespace	datomic.peer	3	1	0	2	1	datomic/peer/RemoteConnection
datomic.tools	primary-namespace	datomic.tools	160	80	0	80	80	datomic/tools$avof_map,datomic/tools$avof_map$fn__21855,datomic/tools$card_ones,datomic/tools$card_ones$fn__21833,datomic/tools$card_ones$fn__21835,datomic/tools$catalog,datomic/tools$cause_chain,datomic/tools$cause_chain$fn__21807,datomic/tools$class_sym,datomic/tools$count_log_segs,datomic/tools$cr_QMARK_,datomic/tools$datom_read_handler,datomic/tools$db_diagnostics,datomic/tools$db_diagnostics$fn__21800,datomic/tools$db_diagnostics$fn__21802,datomic/tools$diagnostics,datomic/tools$diagnostics$fn__21815,datomic/tools$diagnostics$fn__21817,datomic/tools$diagnostics$fn__21819,datomic/tools$diagnostics$fn__21821,datomic/tools$ever_nohistory_attrs,datomic/tools$flush_progress,datomic/tools$fn__21723,datomic/tools$fn__21739,datomic/tools$fulltexts,datomic/tools$fulltexts$fn__21839,datomic/tools$get_index,datomic/tools$get_index_ref,datomic/tools$get_val,datomic/tools$identities_in_ts,datomic/tools$index_has_t_QMARK_,datomic/tools$loading__6434__auto____21721,datomic/tools$log_entry__GT_next_t,datomic/tools$log_size,datomic/tools$log_size_STAR_,datomic/tools$log_size_STAR_$fn__21765,datomic/tools$nohistory_checker,datomic/tools$nohistory_checker$fn__21876,datomic/tools$pace_fn,datomic/tools$pace_fn$fn__21787,datomic/tools$pace_msec_per_seg,datomic/tools$peer_diagnostics,datomic/tools$pretty_datom,datomic/tools$println_err,datomic/tools$prn_err,datomic/tools$read_capacity_units,datomic/tools$rehome,datomic/tools$replace_index,datomic/tools$replace_index$fn__21755,datomic/tools$replace_index$fn__21755$fn__21756,datomic/tools$reset_index_ref,datomic/tools$retarget,datomic/tools$retract,datomic/tools$retract_entity,datomic/tools$segment_log,datomic/tools$segment_log$fn__21844,datomic/tools$serialized,datomic/tools$serialized$fn__21730,datomic/tools$serialized$fn__21730$fn__21731,datomic/tools$serialized$fn__21730$fn__21731$fn__21732,datomic/tools$set_index_basis,datomic/tools$storage_diagnostics,datomic/tools$system_cluster,datomic/tools$tools_fault,datomic/tools$touch_heartbeat,datomic/tools$touch_index_ref,datomic/tools$tx_range_from_log,datomic/tools$tx_range_from_log$fn__21774,datomic/tools$unique_identities,datomic/tools$unique_identities$fn__21779,datomic/tools$unique_identities$fn__21781,datomic/tools$unique_values,datomic/tools$unique_values$fn__21826,datomic/tools$unique_values$fn__21828,datomic/tools$uniques_in_ts,datomic/tools$uniques_in_ts$fn__21860,datomic/tools$uniques_in_ts$fn__21863,datomic/tools$unsorted_seq,datomic/tools$unsorted_seq$fn__21869,datomic/tools$values_in_ts
datomic.tools.index-checks	companion-jar	clojure-1.11.4.jar	1790	646	4	1140	27	clojure/lang/AFn,clojure/lang/AFunction,clojure/lang/Associative,clojure/lang/Compiler,clojure/lang/IFn,clojure/lang/ILookupSite,clojure/lang/ILookupThunk,clojure/lang/IObj,clojure/lang/IPersistentList,clojure/lang/IPersistentMap,clojure/lang/IPersistentVector,clojure/lang/ISeq,clojure/lang/Indexed,clojure/lang/Keyword,clojure/lang/KeywordLookupSite,clojure/lang/LockingTransaction,clojure/lang/Namespace,clojure/lang/Numbers,clojure/lang/PersistentHashMap,clojure/lang/PersistentHashSet,clojure/lang/PersistentList,clojure/lang/RT,clojure/lang/RestFn,clojure/lang/Symbol,clojure/lang/Tuple,clojure/lang/Util,clojure/lang/Var
datomic.tools.index-checks	jdk	java.lang	1486	26	32	1428	10	java/lang/AssertionError,java/lang/Boolean,java/lang/Class,java/lang/ClassLoader,java/lang/Integer,java/lang/Long,java/lang/Object,java/lang/String,java/lang/System,java/lang/Throwable
datomic.tools.index-checks	jdk	java.util	41	13	0	28	3	java/util/Arrays,java/util/List,java/util/concurrent/Callable
datomic.tools.index-checks	primary-namespace	datomic	24	12	0	12	1	datomic/Datom
datomic.tools.index-checks	primary-namespace	datomic.db	2	0	1	1	1	datomic/db/Attribute
datomic.tools.index-checks	primary-namespace	datomic.tools.index-checks	42	21	0	21	21	datomic/tools/index_checks$_main,datomic/tools/index_checks$_main$fn__21957,datomic/tools/index_checks$_main_STAR_,datomic/tools/index_checks$boot_tail_collision_QMARK_,datomic/tools/index_checks$card_one_collisions,datomic/tools/index_checks$card_one_collisions$fn__21884,datomic/tools/index_checks$card_one_collisions$fn__21887,datomic/tools/index_checks$fn__21881,datomic/tools/index_checks$loading__6434__auto____21879,datomic/tools/index_checks$log_only,datomic/tools/index_checks$log_only$indexed_QMARK___21918,datomic/tools/index_checks$maybe_renamed_QMARK_,datomic/tools/index_checks$non_unique_QMARK_,datomic/tools/index_checks$progress_dot_fn,datomic/tools/index_checks$progress_dot_fn$fn__21922,datomic/tools/index_checks$rename_from,datomic/tools/index_checks$rename_to,datomic/tools/index_checks$reporter,datomic/tools/index_checks$reporter$fn__21902,datomic/tools/index_checks$unique_collisions,datomic/tools/index_checks$unique_collisions$fn__21905
datomic.transaction	companion-jar	clojure-1.11.4.jar	1523	515	13	995	27	clojure/lang/AFn,clojure/lang/AFunction,clojure/lang/Associative,clojure/lang/Compiler,clojure/lang/IFn,clojure/lang/IFn$LLL,clojure/lang/IFn$LLOLO,clojure/lang/ILookupSite,clojure/lang/ILookupThunk,clojure/lang/IObj,clojure/lang/IPersistentList,clojure/lang/IPersistentMap,clojure/lang/IPersistentVector,clojure/lang/ISeq,clojure/lang/Indexed,clojure/lang/Keyword,clojure/lang/KeywordLookupSite,clojure/lang/LockingTransaction,clojure/lang/Namespace,clojure/lang/Numbers,clojure/lang/PersistentArrayMap,clojure/lang/PersistentHashMap,clojure/lang/PersistentList,clojure/lang/RT,clojure/lang/Symbol,clojure/lang/Tuple,clojure/lang/Var
datomic.transaction	companion-jar	fressian-0.6.8.jar	60	19	0	41	4	org/fressian/Reader,org/fressian/Writer,org/fressian/handlers/ReadHandler,org/fressian/handlers/WriteHandler
datomic.transaction	companion-jar	slf4j-api-1.7.32.jar	12	6	0	6	2	org/slf4j/Logger,org/slf4j/LoggerFactory
datomic.transaction	jdk	java.io	4	0	0	4	1	java/io/IOException
datomic.transaction	jdk	java.lang	1231	37	37	1157	9	java/lang/Boolean,java/lang/Class,java/lang/ClassLoader,java/lang/Integer,java/lang/Long,java/lang/Number,java/lang/Object,java/lang/String,java/lang/System
datomic.transaction	jdk	java.util	32	10	0	22	3	java/util/Arrays,java/util/List,java/util/concurrent/Callable
datomic.transaction	primary-namespace	datomic.db	2	1	0	1	1	datomic/db/IDatumImpl
datomic.transaction	primary-namespace	datomic.impl.db	10	5	0	5	1	datomic/impl/db/IDatum
datomic.transaction	primary-namespace	datomic.transaction	32	16	0	16	16	datomic/transaction$add_to_log_event_BANG_,datomic/transaction$create_procargs,datomic/transaction$fn__15888,datomic/transaction$loading__6434__auto____15886,datomic/transaction$log_completion_BANG_,datomic/transaction$peer_message_type,datomic/transaction$push_address,datomic/transaction$read_message,datomic/transaction$reader,datomic/transaction$reify__15899,datomic/transaction$reify__15901,datomic/transaction$submit_address,datomic/transaction$write_handlers,datomic/transaction$write_handlers$reify__15894,datomic/transaction$write_handlers$reify__15896,datomic/transaction$writer
datomic.treewalk	companion-jar	clojure-1.11.4.jar	2342	828	10	1504	26	clojure/lang/AFn,clojure/lang/AFunction,clojure/lang/Associative,clojure/lang/Compiler,clojure/lang/IFn,clojure/lang/ILookupSite,clojure/lang/ILookupThunk,clojure/lang/IObj,clojure/lang/IPersistentList,clojure/lang/IPersistentMap,clojure/lang/IPersistentVector,clojure/lang/ISeq,clojure/lang/IType,clojure/lang/Keyword,clojure/lang/KeywordLookupSite,clojure/lang/LockingTransaction,clojure/lang/MethodImplCache,clojure/lang/Namespace,clojure/lang/PersistentArrayMap,clojure/lang/PersistentHashMap,clojure/lang/PersistentList,clojure/lang/RT,clojure/lang/Symbol,clojure/lang/Tuple,clojure/lang/Util,clojure/lang/Var
datomic.treewalk	jdk	java.lang	2173	36	21	2116	8	java/lang/AssertionError,java/lang/Boolean,java/lang/Class,java/lang/ClassLoader,java/lang/Integer,java/lang/Object,java/lang/String,java/lang/Throwable
datomic.treewalk	jdk	java.util	95	31	0	64	3	java/util/Arrays,java/util/List,java/util/concurrent/Callable
datomic.treewalk	primary-namespace	datomic.index	4	0	2	2	2	datomic/index/DirNode,datomic/index/RootNode
datomic.treewalk	primary-namespace	datomic.treewalk	124	55	0	69	43	datomic/treewalk$create_ids__GT_nodes,datomic/treewalk$create_ids__GT_nodes$fn__19733,datomic/treewalk$create_ids__GT_nodes$fn__19733$fn__19734,datomic/treewalk$create_node,datomic/treewalk$create_parent_node,datomic/treewalk$db_seq,datomic/treewalk$fn__19659,datomic/treewalk$fn__19663,datomic/treewalk$fn__19666,datomic/treewalk$fn__19666$G__19661__19671,datomic/treewalk$fn__19666$G__19662__19668,datomic/treewalk$fn__19681,datomic/treewalk$fn__19684,datomic/treewalk$fn__19684$G__19679__19691,datomic/treewalk$fn__19684$G__19680__19687,datomic/treewalk$fn__19697,datomic/treewalk$fn__19697$G__19677__19702,datomic/treewalk$fn__19697$G__19678__19699,datomic/treewalk$fn__19708,datomic/treewalk$fn__19710,datomic/treewalk$fn__19712,datomic/treewalk$fn__19714,datomic/treewalk$fn__19716,datomic/treewalk$fn__19718,datomic/treewalk$fn__19720,datomic/treewalk$fn__19722,datomic/treewalk$fn__19724,datomic/treewalk$fn__19724$__GT_Node__19726,datomic/treewalk$index_top_walker,datomic/treewalk$index_top_walker$reify__19744,datomic/treewalk$index_tree_seq,datomic/treewalk$loading__6434__auto____19657,datomic/treewalk$log_root_walker,datomic/treewalk$log_root_walker$reify__19749,datomic/treewalk$log_root_walker$reify__19749$fn$reify__19753,datomic/treewalk$log_root_walker$reify__19749$fn__19751,datomic/treewalk$log_tree_seq,datomic/treewalk$lookup_val,datomic/treewalk$tree_node_ids,datomic/treewalk$tree_node_ids$fn__19741,datomic/treewalk/Node,datomic/treewalk/NodeId,datomic/treewalk/TreeWalker
datomic.uri	companion-jar	clojure-1.11.4.jar	4550	1492	5	3053	26	clojure/lang/AFn,clojure/lang/AFunction,clojure/lang/Associative,clojure/lang/Compiler,clojure/lang/IFn,clojure/lang/ILookupSite,clojure/lang/ILookupThunk,clojure/lang/IPersistentList,clojure/lang/IPersistentMap,clojure/lang/IPersistentVector,clojure/lang/IRef,clojure/lang/ISeq,clojure/lang/Keyword,clojure/lang/KeywordLookupSite,clojure/lang/LockingTransaction,clojure/lang/MultiFn,clojure/lang/Namespace,clojure/lang/Numbers,clojure/lang/PersistentArrayMap,clojure/lang/PersistentHashMap,clojure/lang/PersistentList,clojure/lang/RT,clojure/lang/Symbol,clojure/lang/Tuple,clojure/lang/Util,clojure/lang/Var
datomic.uri	jdk	java.lang	3589	52	51	3486	8	java/lang/Boolean,java/lang/Class,java/lang/ClassLoader,java/lang/Integer,java/lang/Long,java/lang/Number,java/lang/Object,java/lang/String
datomic.uri	jdk	java.net	74	37	0	37	1	java/net/URI
datomic.uri	jdk	java.util	124	50	0	74	5	java/util/Arrays,java/util/List,java/util/Map,java/util/concurrent/Callable,java/util/regex/Pattern
datomic.uri	primary-namespace	datomic.uri	124	62	0	62	62	datomic/uri$create_h2,datomic/uri$db_uri,datomic/uri$fixup_uri_map,datomic/uri$fn__16822,datomic/uri$fn__16835,datomic/uri$fn__16851,datomic/uri$fn__16853,datomic/uri$fn__16856,datomic/uri$fn__16860,datomic/uri$fn__16862,datomic/uri$fn__16867,datomic/uri$fn__16876,datomic/uri$fn__16888,datomic/uri$fn__16900,datomic/uri$fn__16912,datomic/uri$fn__16927,datomic/uri$fn__16929,datomic/uri$fn__16931,datomic/uri$fn__16940,datomic/uri$fn__16942,datomic/uri$fn__16950,datomic/uri$fn__16957,datomic/uri$fn__16957$fn__16958,datomic/uri$fn__16971,datomic/uri$fn__16975,datomic/uri$fn__16975$fn__16978,datomic/uri$fn__16984,datomic/uri$fn__16984$fn__16987,datomic/uri$fn__16993,datomic/uri$fn__16993$fn__16996,datomic/uri$fn__17002,datomic/uri$fn__17002$fn__17005,datomic/uri$fn__17011,datomic/uri$fn__17016,datomic/uri$fn__17020,datomic/uri$fn__17023,datomic/uri$fn__17027,datomic/uri$fn__17031,datomic/uri$fn__17044,datomic/uri$fn__17046,datomic/uri$fn__17048,datomic/uri$fn__17052,datomic/uri$loading__6434__auto____16820,datomic/uri$loggable_cluster_conf,datomic/uri$map__GT_query_string,datomic/uri$map__GT_query_string$fn__17035,datomic/uri$mapify_ddb_PLUS_s3_uri,datomic/uri$param_map,datomic/uri$param_map$fn__16842,datomic/uri$param_map$fn__16847,datomic/uri$parse,datomic/uri$parse_db,datomic/uri$parse_h2,datomic/uri$parse_query_string,datomic/uri$parse_query_string$fn__16826,datomic/uri$parse_query_string$fn__16828,datomic/uri$query_args,datomic/uri$query_args$fn__16965,datomic/uri$query_key,datomic/uri$read_port,datomic/uri$remove_query_string,datomic/uri$storage_protocol
datomic.val-cluster	companion-jar	clojure-1.11.4.jar	1622	533	6	1083	27	clojure/lang/AFn,clojure/lang/AFunction,clojure/lang/Associative,clojure/lang/Compiler,clojure/lang/IFn,clojure/lang/ILookupSite,clojure/lang/ILookupThunk,clojure/lang/IObj,clojure/lang/IPersistentList,clojure/lang/IPersistentMap,clojure/lang/IPersistentVector,clojure/lang/ISeq,clojure/lang/IType,clojure/lang/Keyword,clojure/lang/KeywordLookupSite,clojure/lang/LockingTransaction,clojure/lang/MethodImplCache,clojure/lang/Namespace,clojure/lang/Numbers,clojure/lang/PersistentArrayMap,clojure/lang/PersistentHashMap,clojure/lang/PersistentList,clojure/lang/RT,clojure/lang/Symbol,clojure/lang/Tuple,clojure/lang/Util,clojure/lang/Var
datomic.val-cluster	companion-jar	slf4j-api-1.7.32.jar	36	18	0	18	2	org/slf4j/Logger,org/slf4j/LoggerFactory
datomic.val-cluster	jdk	java.lang	1342	23	14	1305	10	java/lang/Boolean,java/lang/Class,java/lang/ClassLoader,java/lang/Integer,java/lang/Long,java/lang/Number,java/lang/Object,java/lang/String,java/lang/System,java/lang/Throwable
datomic.val-cluster	jdk	java.nio	2	1	0	1	1	java/nio/Buffer
datomic.val-cluster	jdk	java.util	32	10	0	22	3	java/util/Arrays,java/util/List,java/util/concurrent/Callable
datomic.val-cluster	primary-namespace	datomic.cluster	6	1	0	5	3	datomic/cluster/ClusteredStore,datomic/cluster/Get2,datomic/cluster/RefClusterStore
datomic.val-cluster	primary-namespace	datomic.future	9	3	0	6	1	datomic/future/GetChannel
datomic.val-cluster	primary-namespace	datomic.val-cluster	43	20	0	23	17	datomic/val_cluster$fn__11184,datomic/val_cluster$fn__11188,datomic/val_cluster$fn__11191,datomic/val_cluster$fn__11191$G__11186__11200,datomic/val_cluster$fn__11191$G__11187__11195,datomic/val_cluster$fn__11206,datomic/val_cluster$fn__11206$__GT_ValCluster__11248,datomic/val_cluster$loading__6434__auto____11182,datomic/val_cluster$val_cluster,datomic/val_cluster/Impl,datomic/val_cluster/ValCluster,datomic/val_cluster/ValCluster$fn__11207,datomic/val_cluster/ValCluster$fn__11207$fn__11211,datomic/val_cluster/ValCluster$fn__11219,datomic/val_cluster/ValCluster$fn__11219$fn__11223,datomic/val_cluster/ValCluster$fn__11230,datomic/val_cluster/ValCluster$fn__11230$fn__11234
datomic.valcache	companion-jar	clojure-1.11.4.jar	5461	1967	39	3455	32	clojure/lang/AFn,clojure/lang/AFunction,clojure/lang/AReference,clojure/lang/Associative,clojure/lang/Compiler,clojure/lang/IFn,clojure/lang/ILookupSite,clojure/lang/ILookupThunk,clojure/lang/IObj,clojure/lang/IPersistentList,clojure/lang/IPersistentMap,clojure/lang/IPersistentVector,clojure/lang/IRef,clojure/lang/ISeq,clojure/lang/IType,clojure/lang/Indexed,clojure/lang/Keyword,clojure/lang/KeywordLookupSite,clojure/lang/LockingTransaction,clojure/lang/MethodImplCache,clojure/lang/MultiFn,clojure/lang/Namespace,clojure/lang/Numbers,clojure/lang/PersistentArrayMap,clojure/lang/PersistentHashMap,clojure/lang/PersistentList,clojure/lang/PersistentVector,clojure/lang/RT,clojure/lang/Symbol,clojure/lang/Tuple,clojure/lang/Util,clojure/lang/Var
datomic.valcache	companion-jar	slf4j-api-1.7.32.jar	66	33	0	33	2	org/slf4j/Logger,org/slf4j/LoggerFactory
datomic.valcache	jdk	array	8	0	0	8	1	[B
datomic.valcache	jdk	java.io	22	5	0	17	2	java/io/File,java/io/IOException
datomic.valcache	jdk	java.lang	5245	142	144	4959	20	[Ljava/lang/Object;,[Ljava/lang/String;,java/lang/AssertionError,java/lang/AutoCloseable,java/lang/Boolean,java/lang/Byte,java/lang/Class,java/lang/ClassLoader,java/lang/Exception,java/lang/IllegalArgumentException,java/lang/Integer,java/lang/Long,java/lang/Number,java/lang/Object,java/lang/Short,java/lang/String,java/lang/StringBuffer,java/lang/System,java/lang/Thread,java/lang/Throwable
datomic.valcache	jdk	java.net	13	4	0	9	4	java/net/InetSocketAddress,java/net/ServerSocket,java/net/Socket,java/net/SocketAddress
datomic.valcache	jdk	java.nio	352	110	14	228	27	[Ljava/nio/file/CopyOption;,[Ljava/nio/file/LinkOption;,[Ljava/nio/file/OpenOption;,[Ljava/nio/file/attribute/FileAttribute;,java/nio/Buffer,java/nio/ByteBuffer,java/nio/channels/AsynchronousCloseException,java/nio/channels/FileChannel,java/nio/channels/ReadableByteChannel,java/nio/channels/ServerSocketChannel,java/nio/channels/SocketChannel,java/nio/channels/WritableByteChannel,java/nio/channels/spi/AbstractInterruptibleChannel,java/nio/file/CopyOption,java/nio/file/FileSystem,java/nio/file/FileSystems,java/nio/file/FileVisitResult,java/nio/file/FileVisitor,java/nio/file/Files,java/nio/file/LinkOption,java/nio/file/OpenOption,java/nio/file/Path,java/nio/file/StandardCopyOption,java/nio/file/StandardOpenOption,java/nio/file/attribute/BasicFileAttributes,java/nio/file/attribute/FileAttribute,java/nio/file/attribute/FileTime
datomic.valcache	jdk	java.util	192	70	0	122	9	java/util/Arrays,java/util/Comparator,java/util/List,java/util/PriorityQueue,java/util/UUID,java/util/concurrent/Callable,java/util/concurrent/ConcurrentHashMap,java/util/concurrent/ConcurrentHashMap$KeySetView,java/util/concurrent/Semaphore
datomic.valcache	primary-namespace	datomic.valcache	137	68	0	69	64	datomic/valcache$direct_get,datomic/valcache$direct_init,datomic/valcache$direct_init$fn__9813,datomic/valcache$direct_init$fn__9815,datomic/valcache$direct_put,datomic/valcache$direct_put$fn__9820,datomic/valcache$dirname,datomic/valcache$eviction_loop,datomic/valcache$eviction_loop$evict1$reify__9768,datomic/valcache$eviction_loop$evict1__9765,datomic/valcache$eviction_loop$evict1__9765$fn__9766,datomic/valcache$eviction_loop$fn__9774,datomic/valcache$eviction_loop$fn__9774$fn__9775,datomic/valcache$fn__9627,datomic/valcache$fn__9630,datomic/valcache$fn__9630$fn__9632,datomic/valcache$fn__9638,datomic/valcache$fn__9638$fn__9640,datomic/valcache$fn__9659,datomic/valcache$fn__9661,datomic/valcache$fn__9667,datomic/valcache$fn__9667$fn__9669,datomic/valcache$fn__9677,datomic/valcache$fn__9684,datomic/valcache$fn__9693,datomic/valcache$fn__9711,datomic/valcache$fn__9714,datomic/valcache$fn__9714$G__9703__9719,datomic/valcache$fn__9714$G__9704__9716,datomic/valcache$fn__9725,datomic/valcache$fn__9725$G__9707__9730,datomic/valcache$fn__9725$G__9708__9727,datomic/valcache$fn__9736,datomic/valcache$fn__9736$G__9709__9741,datomic/valcache$fn__9736$G__9710__9738,datomic/valcache$fn__9747,datomic/valcache$fn__9747$G__9705__9752,datomic/valcache$fn__9747$G__9706__9749,datomic/valcache$fn__9758,datomic/valcache$fn__9758$__GT_Server__9760,datomic/valcache$full_path,datomic/valcache$loading__6434__auto____9625,datomic/valcache$mkdirs,datomic/valcache$noop_quit,datomic/valcache$read_header,datomic/valcache$read_key,datomic/valcache$remote_ip,datomic/valcache$reply_empty_ok,datomic/valcache$reply_with_error,datomic/valcache$sasl_loop,datomic/valcache$sasl_loop$fn__9783,datomic/valcache$scan_strings,datomic/valcache$shutdown,datomic/valcache$start_server,datomic/valcache$start_server$accept_loop__9804,datomic/valcache$start_server$accept_loop__9804$fn__9805,datomic/valcache$start_server$fn__9808,datomic/valcache$start_server$internal_shutdown__9790,datomic/valcache$start_server$socket_loop__9798,datomic/valcache$start_server$socket_loop__9798$fn__9800,datomic/valcache$supported_or_drain,datomic/valcache$uuid_prefix,datomic/valcache/IServer,datomic/valcache/Server
datomic.valcache-direct	companion-jar	clojure-1.11.4.jar	852	297	11	544	24	clojure/lang/AFn,clojure/lang/AFunction,clojure/lang/Associative,clojure/lang/Compiler,clojure/lang/IFn,clojure/lang/IFn$OLO,clojure/lang/ILookup,clojure/lang/IObj,clojure/lang/IPersistentList,clojure/lang/IPersistentMap,clojure/lang/IPersistentVector,clojure/lang/ISeq,clojure/lang/IType,clojure/lang/Keyword,clojure/lang/LockingTransaction,clojure/lang/Namespace,clojure/lang/Numbers,clojure/lang/PersistentHashMap,clojure/lang/PersistentList,clojure/lang/RT,clojure/lang/Symbol,clojure/lang/Tuple,clojure/lang/Util,clojure/lang/Var
datomic.valcache-direct	companion-jar	slf4j-api-1.7.32.jar	18	9	0	9	2	org/slf4j/Logger,org/slf4j/LoggerFactory
datomic.valcache-direct	jdk	java.lang	767	18	15	734	12	java/lang/AutoCloseable,java/lang/Boolean,java/lang/Class,java/lang/ClassLoader,java/lang/Exception,java/lang/Integer,java/lang/Long,java/lang/Number,java/lang/Object,java/lang/String,java/lang/System,java/lang/Throwable
datomic.valcache-direct	jdk	java.nio	2	1	0	1	1	java/nio/Buffer
datomic.valcache-direct	jdk	java.util	14	4	0	10	3	java/util/Arrays,java/util/List,java/util/concurrent/Callable
datomic.valcache-direct	primary-namespace	datomic.cache.impl	1	0	0	1	1	datomic/cache/impl/CachePut
datomic.valcache-direct	primary-namespace	datomic.valcache-direct	24	12	0	12	10	datomic/valcache_direct$create,datomic/valcache_direct$fits_in_cache_QMARK_,datomic/valcache_direct$fn__9903,datomic/valcache_direct$fn__9906,datomic/valcache_direct$fn__9906$__GT_ValcacheDirect__9924,datomic/valcache_direct$loading__6434__auto____9427,datomic/valcache_direct/ValcacheDirect,datomic/valcache_direct/ValcacheDirect$fn__9916,datomic/valcache_direct/ValcacheDirect$fn__9918,datomic/valcache_direct/ValcacheDirect$record_latencies__9911
datomic.valcache-direct	primary-namespace	datomic.valcache.puts-pool	3	1	0	2	1	datomic/valcache/puts_pool/PutsPool
datomic.valcache.puts-pool	companion-jar	clojure-1.11.4.jar	811	283	6	522	25	clojure/lang/AFn,clojure/lang/AFunction,clojure/lang/Associative,clojure/lang/Compiler,clojure/lang/IFn,clojure/lang/ILookupSite,clojure/lang/ILookupThunk,clojure/lang/IObj,clojure/lang/IPersistentList,clojure/lang/IPersistentMap,clojure/lang/IPersistentVector,clojure/lang/IRef,clojure/lang/ISeq,clojure/lang/Keyword,clojure/lang/KeywordLookupSite,clojure/lang/LockingTransaction,clojure/lang/MethodImplCache,clojure/lang/MultiFn,clojure/lang/PersistentArrayMap,clojure/lang/PersistentList,clojure/lang/RT,clojure/lang/Symbol,clojure/lang/Tuple,clojure/lang/Util,clojure/lang/Var
datomic.valcache.puts-pool	jdk	java.lang	659	8	2	649	6	java/lang/Boolean,java/lang/Class,java/lang/ClassLoader,java/lang/Integer,java/lang/Object,java/lang/String
datomic.valcache.puts-pool	jdk	java.util	44	14	0	30	3	java/util/Arrays,java/util/List,java/util/concurrent/Callable
datomic.valcache.puts-pool	primary-namespace	datomic.valcache.puts-pool	31	15	0	16	13	datomic/valcache/puts_pool$fn__9826,datomic/valcache/puts_pool$fn__9832,datomic/valcache/puts_pool$fn__9835,datomic/valcache/puts_pool$fn__9835$G__9828__9846,datomic/valcache/puts_pool$fn__9835$G__9829__9840,datomic/valcache/puts_pool$fn__9852,datomic/valcache/puts_pool$fn__9852$G__9830__9859,datomic/valcache/puts_pool$fn__9852$G__9831__9855,datomic/valcache/puts_pool$fn__9865,datomic/valcache/puts_pool$fn__9869,datomic/valcache/puts_pool$get_from_queued_put,datomic/valcache/puts_pool$loading__6434__auto____9824,datomic/valcache/puts_pool/PutsPool
datomic.valcache.puts-pool-impl	companion-jar	clojure-1.11.4.jar	733	250	9	474	23	clojure/lang/AFn,clojure/lang/AFunction,clojure/lang/Associative,clojure/lang/Compiler,clojure/lang/Delay,clojure/lang/IFn,clojure/lang/IObj,clojure/lang/IPersistentList,clojure/lang/IPersistentMap,clojure/lang/IPersistentVector,clojure/lang/ISeq,clojure/lang/IType,clojure/lang/Keyword,clojure/lang/LockingTransaction,clojure/lang/MultiFn,clojure/lang/Namespace,clojure/lang/Numbers,clojure/lang/PersistentHashMap,clojure/lang/PersistentList,clojure/lang/RT,clojure/lang/Symbol,clojure/lang/Tuple,clojure/lang/Var
datomic.valcache.puts-pool-impl	jdk	java.lang	636	21	15	600	13	java/lang/AutoCloseable,java/lang/Boolean,java/lang/Class,java/lang/ClassLoader,java/lang/Exception,java/lang/Integer,java/lang/Long,java/lang/Number,java/lang/Object,java/lang/Runnable,java/lang/String,java/lang/System,java/lang/Thread
datomic.valcache.puts-pool-impl	jdk	java.nio	3	1	0	2	1	java/nio/ByteBuffer
datomic.valcache.puts-pool-impl	jdk	java.util	37	12	1	24	11	java/util/Arrays,java/util/List,java/util/Map,java/util/concurrent/BlockingQueue,java/util/concurrent/Callable,java/util/concurrent/ConcurrentHashMap,java/util/concurrent/ConcurrentMap,java/util/concurrent/LinkedBlockingQueue,java/util/concurrent/ThreadFactory,java/util/concurrent/ThreadPoolExecutor,java/util/concurrent/TimeUnit
datomic.valcache.puts-pool-impl	primary-namespace	datomic.valcache.puts-pool	1	0	0	1	1	datomic/valcache/puts_pool/PutsPool
datomic.valcache.puts-pool-impl	primary-namespace	datomic.valcache.puts-pool-impl	24	12	0	12	11	datomic/valcache/puts_pool_impl$create_valcache_puts_pool,datomic/valcache/puts_pool_impl$create_valcache_puts_pool$reify__9894,datomic/valcache/puts_pool_impl$fn__9875,datomic/valcache/puts_pool_impl$fn__9878,datomic/valcache/puts_pool_impl$fn__9881,datomic/valcache/puts_pool_impl$fn__9881$__GT_ValcachePutsPoolImpl__9889,datomic/valcache/puts_pool_impl$fn__9898,datomic/valcache/puts_pool_impl$fn__9898$fn__9899,datomic/valcache/puts_pool_impl$loading__6434__auto____9873,datomic/valcache/puts_pool_impl/ValcachePutsPoolImpl,datomic/valcache/puts_pool_impl/ValcachePutsPoolImpl$fn__9883
datomic.validators	companion-jar	clojure-1.11.4.jar	423	137	1	285	20	clojure/lang/AFn,clojure/lang/AFunction,clojure/lang/AReference,clojure/lang/Associative,clojure/lang/Compiler,clojure/lang/IFn,clojure/lang/IObj,clojure/lang/IPersistentList,clojure/lang/IPersistentMap,clojure/lang/IPersistentVector,clojure/lang/ISeq,clojure/lang/Keyword,clojure/lang/LockingTransaction,clojure/lang/Namespace,clojure/lang/PersistentList,clojure/lang/RT,clojure/lang/RestFn,clojure/lang/Symbol,clojure/lang/Tuple,clojure/lang/Var
datomic.validators	jdk	java.lang	296	11	2	283	9	java/lang/Boolean,java/lang/Class,java/lang/ClassLoader,java/lang/IllegalArgumentException,java/lang/Integer,java/lang/Long,java/lang/Object,java/lang/String,java/lang/Throwable
datomic.validators	jdk	java.util	8	2	0	6	3	java/util/Arrays,java/util/List,java/util/concurrent/Callable
datomic.validators	primary-namespace	datomic.validators	8	4	0	4	4	datomic/validators$allow_keys,datomic/validators$fn__11918,datomic/validators$loading__6434__auto____11916,datomic/validators$require_keys
