path	origin	archive	reading_group_hint	counterpart	baseline_relation	baseline_sha256
1.0.7705/peer/src-clj/data_readers.clj	exact-packaged-resource		dependency-or-resource		only-in-this-artifact	d681bd3c1854dd6303b29565f18451645a7265d64710fb7d2ee4e6abd55c3fc0
1.0.7705/peer/src-clj/datomic/adopter.clj	recovered-datomic-initializer		shared-model-or-support-to-inspect	1.0.7705/transactor/src-clj/datomic/adopter.clj	byte-identical	52dc914581ff5da616ec51297bc9ada28910e4df4d6ecc543d93a4c340159678
1.0.7705/peer/src-clj/datomic/aggregation.clj	recovered-datomic-initializer		query-navigation-and-search	1.0.7705/transactor/src-clj/datomic/aggregation.clj	same-path-not-byte-identical	9868faa4335640a35f7e428ec3559d9400f257546572c748bf9ff4609164fad7
1.0.7705/peer/src-clj/datomic/anomalizer.clj	recovered-datomic-initializer		shared-model-or-support-to-inspect		only-in-this-artifact	3809a2953cfb1fea685487ed762986c26196fe8d0af4c606debeeaa28f4def6c
1.0.7705/peer/src-clj/datomic/api.clj	recovered-datomic-initializer		application-and-transport-boundaries	1.0.7705/transactor/src-clj/datomic/api.clj	same-path-not-byte-identical	902a31a7f35c3390ec34cac901173895dae9a3985e09cd377e6044540002fecb
1.0.7705/peer/src-clj/datomic/artemis_client.clj	recovered-datomic-initializer		application-and-transport-boundaries	1.0.7705/transactor/src-clj/datomic/artemis_client.clj	same-path-not-byte-identical	00520e090dfe391d06d7aea86cd7a5bbfc7bb2fe3dba6e1510a5ad49dbdd2f1b
1.0.7705/peer/src-clj/datomic/assert.clj	recovered-datomic-initializer		shared-model-or-support-to-inspect	1.0.7705/transactor/src-clj/datomic/assert.clj	same-path-not-byte-identical	6026ae6025b74c54dc381a47d5dee659e6f22320b8e9a958ac822dd9fc55ec42
1.0.7705/peer/src-clj/datomic/async.clj	recovered-datomic-initializer		shared-model-or-support-to-inspect	1.0.7705/transactor/src-clj/datomic/async.clj	same-path-not-byte-identical	e5f5b39df8b985a4caf79a3483ff0d77b4c3df1b6c97e0c69c1464bc525370b4
1.0.7705/peer/src-clj/datomic/aws/client/anomalizer.clj	recovered-datomic-initializer		shared-model-or-support-to-inspect		only-in-this-artifact	6156347bb1cd7847d30424458b8a354d648a18ea5e391c75a848e52bb6e4c0be
1.0.7705/peer/src-clj/datomic/aws/client/api.clj	recovered-datomic-initializer		application-and-transport-boundaries		only-in-this-artifact	ff286e201a756a9bf04b12fe9818f66f522043ce2989018b0ec970ababda5ab1
1.0.7705/peer/src-clj/datomic/aws/client/datafy.clj	recovered-datomic-initializer		shared-model-or-support-to-inspect		only-in-this-artifact	5277f20565dbcca0b119ec51b8a3c0fd61349341e1d27a19f251170c762ba7ba
1.0.7705/peer/src-clj/datomic/aws/client/impl/async.clj	recovered-datomic-initializer		shared-model-or-support-to-inspect		only-in-this-artifact	72ceb4bf7ca6a95e9c80f8d9f9c8a8e56810b34463e936eb00f8cfcd43bad4a3
1.0.7705/peer/src-clj/datomic/aws/client/impl/sync.clj	recovered-datomic-initializer		shared-model-or-support-to-inspect		only-in-this-artifact	a6b0646dfeb95895a4ed9132388fa2b8ec557d7773a70e02fec6bf3962e0fd3d
1.0.7705/peer/src-clj/datomic/aws/client/registry.clj	recovered-datomic-initializer		shared-model-or-support-to-inspect		only-in-this-artifact	c8d7ffd62d70242c4156e22677489d833250741307ba07eff626364f9aab0295
1.0.7705/peer/src-clj/datomic/aws/client/util.clj	recovered-datomic-initializer		shared-model-or-support-to-inspect		only-in-this-artifact	d072b865541fd97e1f57c9648c0efe20630510df1e6578249f6e0d78f42f9c5e
1.0.7705/peer/src-clj/datomic/aws_detect.clj	recovered-datomic-initializer		non-target-provider-or-integration-evidence	1.0.7705/transactor/src-clj/datomic/aws_detect.clj	byte-identical	24b40ada1d198ed96840852ae9c029bd8c78dcfba4449b96569445c8e69d1d65
1.0.7705/peer/src-clj/datomic/aws_monitor.clj	recovered-datomic-initializer		non-target-provider-or-integration-evidence	1.0.7705/transactor/src-clj/datomic/aws_monitor.clj	same-path-not-byte-identical	cf8b02f9ef104afa49471be209e06190fc920667b21f14c42b536cd690d0134a
1.0.7705/peer/src-clj/datomic/backup.clj	recovered-datomic-initializer		operations-and-lifecycle	1.0.7705/transactor/src-clj/datomic/backup.clj	same-path-not-byte-identical	97081b155e01f6a50f40ba865b1744086d73f3e70a98e5406df31d433ad08359
1.0.7705/peer/src-clj/datomic/btset.clj	recovered-datomic-initializer		shared-structures-and-encoding	1.0.7705/transactor/src-clj/datomic/btset.clj	same-path-not-byte-identical	349139a48d116ed07a1e7f3583c2f73ef7a4e7b8d35af38b72c0484efdddd380
1.0.7705/peer/src-clj/datomic/builtins.clj	recovered-datomic-initializer		shared-model-or-support-to-inspect	1.0.7705/transactor/src-clj/datomic/builtins.clj	same-path-not-byte-identical	00a184f0a1b0226c064856a28f5ec4d9c7b46740af9873b6c68bbf7937744bf6
1.0.7705/peer/src-clj/datomic/cache.clj	recovered-datomic-initializer		caching-and-residency	1.0.7705/transactor/src-clj/datomic/cache.clj	same-path-not-byte-identical	6b294f5ef89c12ec8aae3c2a5ce52471a27b7bc02a52570810e720fb4b0b3e9e
1.0.7705/peer/src-clj/datomic/cache/caffeine.clj	recovered-datomic-initializer		shared-model-or-support-to-inspect	1.0.7705/transactor/src-clj/datomic/cache/caffeine.clj	same-path-not-byte-identical	2cf04d270ac7ab599cb49b6b26d84c42016ec7c4ecaf54fee2fa643d79c16f3b
1.0.7705/peer/src-clj/datomic/cache/impl.clj	recovered-datomic-initializer		shared-model-or-support-to-inspect	1.0.7705/transactor/src-clj/datomic/cache/impl.clj	same-path-not-byte-identical	6909c3ab7ab45948041b6ba63bcf2205fed4e74bee8bc3eb99a3c1559a50d6b8
1.0.7705/peer/src-clj/datomic/callback.clj	recovered-datomic-initializer		shared-model-or-support-to-inspect	1.0.7705/transactor/src-clj/datomic/callback.clj	same-path-not-byte-identical	980a5b8dc322a7861c3a6b4ac0e98e61121711a85025972dfcd13e9414a40f56
1.0.7705/peer/src-clj/datomic/cassandra.clj	recovered-datomic-initializer		non-target-provider-or-integration-evidence	1.0.7705/transactor/src-clj/datomic/cassandra.clj	same-path-not-byte-identical	332aa32513787b8d3db0489bf7c32db34fb990e91da97b466a984c965db8b05a
1.0.7705/peer/src-clj/datomic/cassandra_v4.clj	recovered-datomic-initializer		non-target-provider-or-integration-evidence	1.0.7705/transactor/src-clj/datomic/cassandra_v4.clj	same-path-not-byte-identical	39a89dfdd4241be58552003348eb7120f7992accc9b841e75ba4a02502127ce8
1.0.7705/peer/src-clj/datomic/cassandra_values.clj	recovered-datomic-initializer		non-target-provider-or-integration-evidence	1.0.7705/transactor/src-clj/datomic/cassandra_values.clj	same-path-not-byte-identical	244260c1e54963642808819f150fc5640f7383e2db914ef44d2961c573b01995
1.0.7705/peer/src-clj/datomic/cassandra_values_v4.clj	recovered-datomic-initializer		non-target-provider-or-integration-evidence	1.0.7705/transactor/src-clj/datomic/cassandra_values_v4.clj	same-path-not-byte-identical	ba75e56acba3fc64a1f8c9abee8d4a2c9ee24fe0a06c5e714367c541a73084b7
1.0.7705/peer/src-clj/datomic/cast2slf4j.clj	recovered-datomic-initializer		shared-model-or-support-to-inspect	1.0.7705/transactor/src-clj/datomic/cast2slf4j.clj	same-path-not-byte-identical	0bcb07016edc674d100577ed0144520d6ce937bde964d2987f2911d5f50d512c
1.0.7705/peer/src-clj/datomic/catalog.clj	recovered-datomic-initializer		shared-structures-and-encoding	1.0.7705/transactor/src-clj/datomic/catalog.clj	same-path-not-byte-identical	9f18c37c115cb1cf846fe511dc94b7795a81c50ea22394a1e2aa8e320b4d3f72
1.0.7705/peer/src-clj/datomic/cleanup.clj	recovered-datomic-initializer		operations-and-lifecycle	1.0.7705/transactor/src-clj/datomic/cleanup.clj	same-path-not-byte-identical	b9034d13335b4240e5f3416701c27a6266442db2bb2c1996fcf4cad992645493
1.0.7705/peer/src-clj/datomic/cli.clj	recovered-datomic-initializer		shared-model-or-support-to-inspect	1.0.7705/transactor/src-clj/datomic/cli.clj	same-path-not-byte-identical	922c6866e04410b4131a65869f971fa5dbdf05265ab68fc7ace41406672e7c48
1.0.7705/peer/src-clj/datomic/cloudwatch.clj	recovered-datomic-initializer		non-target-provider-or-integration-evidence	1.0.7705/transactor/src-clj/datomic/cloudwatch.clj	same-path-not-byte-identical	6217bca77c4e7dfff22d1203a981b2c3d6bd3bcd4024c15132402c12c062f0c7
1.0.7705/peer/src-clj/datomic/cluster.clj	recovered-datomic-initializer		storage-abstractions-and-providers	1.0.7705/transactor/src-clj/datomic/cluster.clj	same-path-not-byte-identical	4ce86424ae14993305e515755d5ca14302320cee0e97cfedcaf46b44ab92124a
1.0.7705/peer/src-clj/datomic/cluster_stack.clj	recovered-datomic-initializer		storage-abstractions-and-providers	1.0.7705/transactor/src-clj/datomic/cluster_stack.clj	same-path-not-byte-identical	a1f4464477b6f2a99f118b9f8b6d66ce3ad81b67fa60462e4f0b970b912f702a
1.0.7705/peer/src-clj/datomic/clusterfs.clj	recovered-datomic-initializer		storage-abstractions-and-providers	1.0.7705/transactor/src-clj/datomic/clusterfs.clj	same-path-not-byte-identical	f5ef3e07da18ef5a72df0cc416fc4990a652a3ae0da824cdca47f185181e8b4a
1.0.7705/peer/src-clj/datomic/codec.clj	recovered-datomic-initializer		shared-structures-and-encoding	1.0.7705/transactor/src-clj/datomic/codec.clj	byte-identical	8ae973cc2de4867b410dc1c11fe57dc5274d7e2b70ac3e2d70b356f57c49b20f
1.0.7705/peer/src-clj/datomic/combined_cluster.clj	recovered-datomic-initializer		storage-abstractions-and-providers	1.0.7705/transactor/src-clj/datomic/combined_cluster.clj	byte-identical	522f7d999fb29b2893e5c06bdb6217048292729897df2f266374b7516dc7dc27
1.0.7705/peer/src-clj/datomic/common.clj	recovered-datomic-initializer		shared-model-or-support-to-inspect	1.0.7705/transactor/src-clj/datomic/common.clj	same-path-not-byte-identical	8cd00e59de4625a16f56a200c4c3296bbb6649cfe75c9fba7ed847a2d2b707ef
1.0.7705/peer/src-clj/datomic/config.clj	recovered-datomic-initializer		shared-model-or-support-to-inspect	1.0.7705/transactor/src-clj/datomic/config.clj	same-path-not-byte-identical	8c07c6082b8a4f3ba410ddb902b816f0aa7e99276a8750dc9f0b8c0fb42ee92f
1.0.7705/peer/src-clj/datomic/config_ext.clj	recovered-datomic-initializer		shared-model-or-support-to-inspect	1.0.7705/transactor/src-clj/datomic/config_ext.clj	same-path-not-byte-identical	dd326a3af0808c0d0e25694240848411b2a96a1db5d16a78ceb3510462d7bec4
1.0.7705/peer/src-clj/datomic/connector.clj	recovered-datomic-initializer		shared-model-or-support-to-inspect	1.0.7705/transactor/src-clj/datomic/connector.clj	same-path-not-byte-identical	6bb9bede097ea7ec6126a498618d0835d2623dc030cf2adda0c4aa4b466e5a76
1.0.7705/peer/src-clj/datomic/coordination.clj	recovered-datomic-initializer		write-processing-and-coordination	1.0.7705/transactor/src-clj/datomic/coordination.clj	same-path-not-byte-identical	24b20fd2a87210a2606ebbbaeb42351706e1aefe3362364a8964ee81ba133d12
1.0.7705/peer/src-clj/datomic/coordination_ext.clj	recovered-datomic-initializer		write-processing-and-coordination	1.0.7705/transactor/src-clj/datomic/coordination_ext.clj	same-path-not-byte-identical	775dcdddeab3f2d0aada5f7336cbc8ee913518b139e5195f9a5eacd7fe76cb4e
1.0.7705/peer/src-clj/datomic/core2/algo/hash.clj	recovered-datomic-initializer		core2-abstractions-and-providers		only-in-this-artifact	223195c3f405cb0a954161180629aea353735a81bf2994c35c1125613570bc81
1.0.7705/peer/src-clj/datomic/core2/algo/lazy.clj	recovered-datomic-initializer		core2-abstractions-and-providers		only-in-this-artifact	f8e098ecf53c6d447a309d38e22ef60be91621d807252e5d26a10817fe10d047
1.0.7705/peer/src-clj/datomic/core2/algo/search.clj	recovered-datomic-initializer		core2-abstractions-and-providers		only-in-this-artifact	08f81158062e5692f57232163c0d8f06854dd550a1a8baebaac913e6f6e677b2
1.0.7705/peer/src-clj/datomic/core2/anomalies.clj	recovered-datomic-initializer		core2-abstractions-and-providers		only-in-this-artifact	7a02dc6ee398548e390213d5d80d7b6161c9bb44c6b217c5cc0dbb3fbc289829
1.0.7705/peer/src-clj/datomic/core2/anomalizer.clj	recovered-datomic-initializer		core2-abstractions-and-providers		only-in-this-artifact	f84646ae1726750e5166797115382da996c0809b08375274e7ee74ac16098611
1.0.7705/peer/src-clj/datomic/core2/anomalizer/aws/sdkv1.clj	recovered-datomic-initializer		core2-abstractions-and-providers		only-in-this-artifact	9b1326f7e647144d93ca3259f738604add869d37a0b8130cb52f24cfaf077c7f
1.0.7705/peer/src-clj/datomic/core2/async.clj	recovered-datomic-initializer		core2-abstractions-and-providers		only-in-this-artifact	77c74d86996e4508403a2428d2405eced8475513563e14c0daee27f091abef14
1.0.7705/peer/src-clj/datomic/core2/atom.clj	recovered-datomic-initializer		core2-abstractions-and-providers		only-in-this-artifact	49b167b808c52bc2b030ca1da546bd084833eb4ac5d0397c7d682dd6ca1f2910
1.0.7705/peer/src-clj/datomic/core2/atom/logged.clj	recovered-datomic-initializer		core2-abstractions-and-providers		only-in-this-artifact	89a7b2580371dc8d76c04ea5882b9959b330da1f1ec475a18ba95173b40a2e32
1.0.7705/peer/src-clj/datomic/core2/atom/spi.clj	recovered-datomic-initializer		core2-abstractions-and-providers		only-in-this-artifact	9921a175efa85815d306d638df3f51fa7859fafe704176e9f41921299e34eab2
1.0.7705/peer/src-clj/datomic/core2/aws/ddb.clj	recovered-datomic-initializer		core2-abstractions-and-providers		only-in-this-artifact	18cfbfbe8b4156668bebe343a166fbb4f0221b0366fb9c5afa38f21c6d714d62
1.0.7705/peer/src-clj/datomic/core2/aws/helpers.clj	recovered-datomic-initializer		core2-abstractions-and-providers		only-in-this-artifact	ca60d8f2f0eab23840dc64c58b9947c98fe1052fc7abb866b8f6fae7a16e569b
1.0.7705/peer/src-clj/datomic/core2/aws/s3/aws_api.clj	recovered-datomic-initializer		core2-abstractions-and-providers		only-in-this-artifact	58ee67b341f8d52f37ada360f5d1d61900a527cb5f5bb08e00b43cf7f34df262
1.0.7705/peer/src-clj/datomic/core2/aws/s3/sdkv1.clj	recovered-datomic-initializer		core2-abstractions-and-providers		only-in-this-artifact	70c742bd4cc40b5c76d3a94802b10dcd3aeb17cf7443412d40c5f677ab91c5d6
1.0.7705/peer/src-clj/datomic/core2/aws/s3/sdkv2.clj	recovered-datomic-initializer		core2-abstractions-and-providers		only-in-this-artifact	2314e1760dde481e6b6beb2cee48243de4bbd2709a0fcd5facdcc0425c249641
1.0.7705/peer/src-clj/datomic/core2/datafy.clj	recovered-datomic-initializer		core2-abstractions-and-providers		only-in-this-artifact	528cc97f3d46b7bc3efab5da9ab230ed8f5e64e5656817367885db3f07a79119
1.0.7705/peer/src-clj/datomic/core2/log.clj	recovered-datomic-initializer		core2-abstractions-and-providers		only-in-this-artifact	638351666aea90f2d3876b87286ee1f3ab35b02538b5a51af03bd5df5a97442b
1.0.7705/peer/src-clj/datomic/core2/log/ddb.clj	recovered-datomic-initializer		core2-abstractions-and-providers		only-in-this-artifact	b02494c9039de2570056bcd2190920c6780e207ff173a9b8cd2caf4daf1bbb06
1.0.7705/peer/src-clj/datomic/core2/log/mem.clj	recovered-datomic-initializer		core2-abstractions-and-providers		only-in-this-artifact	8fa4d9a556549e9d6ab15098e616aeb982eef3242541ec81ad9d42b19fc0eb3b
1.0.7705/peer/src-clj/datomic/core2/log/spi.clj	recovered-datomic-initializer		core2-abstractions-and-providers		only-in-this-artifact	574f5c88112640818f9180ef0f8e4ac5b6435a180f7beece0044f7589b924a81
1.0.7705/peer/src-clj/datomic/core2/retry.clj	recovered-datomic-initializer		core2-abstractions-and-providers		only-in-this-artifact	8b760efc98ace6acf1a858fa5d30cdd95fb539c0ed871fd8509bb0a26d5e526a
1.0.7705/peer/src-clj/datomic/core2/thread.clj	recovered-datomic-initializer		core2-abstractions-and-providers		only-in-this-artifact	33b3c41919a0f1c58345ec7a972820f10f0dbc597d142fc14c163421d746f1b2
1.0.7705/peer/src-clj/datomic/core2/val_store.clj	recovered-datomic-initializer		core2-abstractions-and-providers		only-in-this-artifact	5d5291e019ada0af766d1e99cbea3bde89993683b3b3d6e65e72a7e392849991
1.0.7705/peer/src-clj/datomic/core2/val_store/double_store.clj	recovered-datomic-initializer		core2-abstractions-and-providers		only-in-this-artifact	ed27c952f3651dca6ba32522a88cd38612bcf71d553d085b48c08ddfc5215ace
1.0.7705/peer/src-clj/datomic/core2/val_store/fs.clj	recovered-datomic-initializer		core2-abstractions-and-providers		only-in-this-artifact	ccd4e619827f3f200b66cd5c67d44d74adde2b43ac4a0396e8d1fa1888cfb6b3
1.0.7705/peer/src-clj/datomic/core2/val_store/s3.clj	recovered-datomic-initializer		core2-abstractions-and-providers		only-in-this-artifact	3b209ee469e9aae08e6510553f5b5adbb4567dbcea984bfc5a68afbfee9f1412
1.0.7705/peer/src-clj/datomic/core2/val_store/s3/aws_api.clj	recovered-datomic-initializer		core2-abstractions-and-providers		only-in-this-artifact	ff7cecb39bdded5bc5a605ca4512cdcd1cf6c0be0c143a1ca75948ae6cab2816
1.0.7705/peer/src-clj/datomic/core2/val_store/s3/sdkv1.clj	recovered-datomic-initializer		core2-abstractions-and-providers		only-in-this-artifact	b41bd3c407acef8de4d625a1c72aa9470f0ca65d06e4d365ba1b674f2b091ce8
1.0.7705/peer/src-clj/datomic/core2/val_store/s3/sdkv2.clj	recovered-datomic-initializer		core2-abstractions-and-providers		only-in-this-artifact	2cbca15db139f38455bb60ddd5d3dea6d15434dc92461658bb014d7b65778003
1.0.7705/peer/src-clj/datomic/core2/val_store/spi.clj	recovered-datomic-initializer		core2-abstractions-and-providers		only-in-this-artifact	af03bf47e73ab33695c727972b56bd27233881e9547e823d9be55f9e927c0cf0
1.0.7705/peer/src-clj/datomic/crypto.clj	recovered-datomic-initializer		shared-model-or-support-to-inspect	1.0.7705/transactor/src-clj/datomic/crypto.clj	same-path-not-byte-identical	e751055f0f4035305f987e9c8db82e3d42b97b403aa430f0838d4574f9ec8a24
1.0.7705/peer/src-clj/datomic/data.clj	recovered-datomic-initializer		shared-model-or-support-to-inspect	1.0.7705/transactor/src-clj/datomic/data.clj	byte-identical	5b0741cf8377101bb2d5b8d1f4c6d0485730ae81d4faa02aa010fe71b7479fd8
1.0.7705/peer/src-clj/datomic/datafy.clj	recovered-datomic-initializer		shared-model-or-support-to-inspect	1.0.7705/transactor/src-clj/datomic/datafy.clj	same-path-not-byte-identical	c8c419457e95fce0382396fe31d8065a3d9e47807876cce745f03cefb752983e
1.0.7705/peer/src-clj/datomic/datalog.clj	recovered-datomic-initializer		shared-structures-and-encoding	1.0.7705/transactor/src-clj/datomic/datalog.clj	same-path-not-byte-identical	e9d06b002ee7f9748d90412dbc74418ca7d77ca30709ccfc79c454f994247008
1.0.7705/peer/src-clj/datomic/db.clj	recovered-datomic-initializer		shared-model-or-support-to-inspect	1.0.7705/transactor/src-clj/datomic/db.clj	same-path-not-byte-identical	fb2220d2cb5995a88cd4f75a7b3baa126a3dc32bda077a5d2cbac9c474ed4b5f
1.0.7705/peer/src-clj/datomic/db_io.clj	recovered-datomic-initializer		storage-abstractions-and-providers	1.0.7705/transactor/src-clj/datomic/db_io.clj	same-path-not-byte-identical	f92f5843a918e2041cdcae7f87e66422738a0b3887ebae4f25cb6fba929c905d
1.0.7705/peer/src-clj/datomic/ddb.clj	recovered-datomic-initializer		non-target-provider-or-integration-evidence	1.0.7705/transactor/src-clj/datomic/ddb.clj	same-path-not-byte-identical	411dfed8eb2b5f7e69c703c040029cac547ef1916268006e2f3603952c902bef
1.0.7705/peer/src-clj/datomic/ddb_cluster.clj	recovered-datomic-initializer		non-target-provider-or-integration-evidence	1.0.7705/transactor/src-clj/datomic/ddb_cluster.clj	same-path-not-byte-identical	dcc1d64f53f463e139de9eb6979a802c1b11865d43dd318761e1c2dfdc18d821
1.0.7705/peer/src-clj/datomic/ddb_s3_cluster.clj	recovered-datomic-initializer		non-target-provider-or-integration-evidence	1.0.7705/transactor/src-clj/datomic/ddb_s3_cluster.clj	same-path-not-byte-identical	abcb4a33e181a4695b3077567215464ebc8c970a0f8bcfc56aed29182fbe2719
1.0.7705/peer/src-clj/datomic/ddb_values.clj	recovered-datomic-initializer		non-target-provider-or-integration-evidence	1.0.7705/transactor/src-clj/datomic/ddb_values.clj	same-path-not-byte-identical	c07458b879eda825012ad80a3faa6891d59b93b52fb0258875dd519a4bc2ab34
1.0.7705/peer/src-clj/datomic/domain.clj	recovered-datomic-initializer		shared-model-or-support-to-inspect	1.0.7705/transactor/src-clj/datomic/domain.clj	same-path-not-byte-identical	7a38d22598a23b3e35b455683b4ac0f2a64be9a80d0cac8ee810b6e4b4de4994
1.0.7705/peer/src-clj/datomic/error.clj	recovered-datomic-initializer		shared-model-or-support-to-inspect	1.0.7705/transactor/src-clj/datomic/error.clj	same-path-not-byte-identical	8fa4e034525eb49430f31e5a1defa4e21b13b7e36fe26d44aada140062c6aa2a
1.0.7705/peer/src-clj/datomic/excise.clj	recovered-datomic-initializer		operations-and-lifecycle	1.0.7705/transactor/src-clj/datomic/excise.clj	same-path-not-byte-identical	b66c203b55bdf6e4a02db4b7e9d609db5db426218d9bfa8a2514507b5a3e15bb
1.0.7705/peer/src-clj/datomic/extension_resolver.clj	recovered-datomic-initializer		storage-abstractions-and-providers	1.0.7705/transactor/src-clj/datomic/extension_resolver.clj	same-path-not-byte-identical	deb857239f7df302e8318d70b0e614535ffb0220df19c598f40235e42c83f100
1.0.7705/peer/src-clj/datomic/extensions.clj	recovered-datomic-initializer		storage-abstractions-and-providers	1.0.7705/transactor/src-clj/datomic/extensions.clj	same-path-not-byte-identical	f32a96a746ce853344f1d2f18a4fdfc4520e2fc9c627842359ae7b3b46d6d10c
1.0.7705/peer/src-clj/datomic/external_sort.clj	recovered-datomic-initializer		shared-model-or-support-to-inspect	1.0.7705/transactor/src-clj/datomic/external_sort.clj	same-path-not-byte-identical	184452e3ba067510c2961fd2cc8306edd2e65d4a59d70caaa797c8b447363aa7
1.0.7705/peer/src-clj/datomic/external_sort_datoms.clj	recovered-datomic-initializer		shared-structures-and-encoding	1.0.7705/transactor/src-clj/datomic/external_sort_datoms.clj	same-path-not-byte-identical	5643d5334c1ee2a4ae83cf10e15082f7e1051e5ff55f1bcd91c618c189c3d927
1.0.7705/peer/src-clj/datomic/fressian.clj	recovered-datomic-initializer		shared-structures-and-encoding	1.0.7705/transactor/src-clj/datomic/fressian.clj	same-path-not-byte-identical	1abda4b9ead9e2e9ca59d0da1e3479a7d0a867e0ee38e80e7cf2f693109b8095
1.0.7705/peer/src-clj/datomic/fsbackup.clj	recovered-datomic-initializer		operations-and-lifecycle	1.0.7705/transactor/src-clj/datomic/fsbackup.clj	same-path-not-byte-identical	b1a3f27f442c6d0f110d4afab4824993e73862a06f625a4ecc7aa86864f0c0ef
1.0.7705/peer/src-clj/datomic/fulltext.clj	recovered-datomic-initializer		query-navigation-and-search	1.0.7705/transactor/src-clj/datomic/fulltext.clj	same-path-not-byte-identical	d03cd98ed926b83ae50a54eac2ae09de669b5d3ff5bd8a277cac279eb0ff7a3d
1.0.7705/peer/src-clj/datomic/fulltext_index.clj	recovered-datomic-initializer		shared-structures-and-encoding	1.0.7705/transactor/src-clj/datomic/fulltext_index.clj	same-path-not-byte-identical	c828d5989748a81eef7e0ce951bf2a2a7c03a75a4c7e3d50b85887d2772fc7de
1.0.7705/peer/src-clj/datomic/function.clj	recovered-datomic-initializer		storage-abstractions-and-providers	1.0.7705/transactor/src-clj/datomic/function.clj	same-path-not-byte-identical	500e49c100aaf7d22d828a02044b844b30f4bc1f192d7f6bc12a3b3fc39dea26
1.0.7705/peer/src-clj/datomic/future.clj	recovered-datomic-initializer		shared-model-or-support-to-inspect	1.0.7705/transactor/src-clj/datomic/future.clj	same-path-not-byte-identical	3f0599f69ad94f80fc9331c3452bf08929c5902cbddcc8c253dc8e8467b7ada8
1.0.7705/peer/src-clj/datomic/garbage.clj	recovered-datomic-initializer		operations-and-lifecycle	1.0.7705/transactor/src-clj/datomic/garbage.clj	same-path-not-byte-identical	6b5c4c2ea73950ad76a515eaccec6e3f550bcea8f74bdeb5e5287f3cb88be39a
1.0.7705/peer/src-clj/datomic/garbage/fressian.clj	recovered-datomic-initializer		shared-structures-and-encoding	1.0.7705/transactor/src-clj/datomic/garbage/fressian.clj	same-path-not-byte-identical	6b822d58f2b8283e3ab67def57b0bfb1e741dc8b58b8a03698dcca1789232cef
1.0.7705/peer/src-clj/datomic/garbage/pod.clj	recovered-datomic-initializer		shared-model-or-support-to-inspect	1.0.7705/transactor/src-clj/datomic/garbage/pod.clj	same-path-not-byte-identical	570fcf47705b180775fbaf402a69844ac1b712bc565d12b0b9439c779a356851
1.0.7705/peer/src-clj/datomic/h2.clj	recovered-datomic-initializer		non-target-provider-or-integration-evidence	1.0.7705/transactor/src-clj/datomic/h2.clj	same-path-not-byte-identical	a4519a5bdba44dd5067f411be0ca56b3b075bb16af017dc8fcaf2f111ccc902b
1.0.7705/peer/src-clj/datomic/index.clj	recovered-datomic-initializer		shared-structures-and-encoding	1.0.7705/transactor/src-clj/datomic/index.clj	same-path-not-byte-identical	0791fc7ee0da4a0e1727d8f2eeb1a5e6eb7a811cc47acc7aa8682a3558738671
1.0.7705/peer/src-clj/datomic/index_direct_metrics.clj	recovered-datomic-initializer		shared-structures-and-encoding	1.0.7705/transactor/src-clj/datomic/index_direct_metrics.clj	same-path-not-byte-identical	79fe13890bcea605437aa22cf2083b9ab9921ff1a42c6c8375aa16241e0e9ae6
1.0.7705/peer/src-clj/datomic/integrity.clj	recovered-datomic-initializer		operations-and-lifecycle	1.0.7705/transactor/src-clj/datomic/integrity.clj	same-path-not-byte-identical	d1a68d05c265697309ea5c66d4c58ac229e6feb16a02b37f79a7f53ffad846e7
1.0.7705/peer/src-clj/datomic/io.clj	recovered-datomic-initializer		storage-abstractions-and-providers	1.0.7705/transactor/src-clj/datomic/io.clj	same-path-not-byte-identical	5ebbe6857c6d460cf9a0bcb9eb1dff7dad6f50a63b29968e064bae3bf720364e
1.0.7705/peer/src-clj/datomic/iter.clj	recovered-datomic-initializer		shared-model-or-support-to-inspect	1.0.7705/transactor/src-clj/datomic/iter.clj	same-path-not-byte-identical	19f8677b565695adebfb6e303548d4dd42d35382bb7fed47c0b8077840b11373
1.0.7705/peer/src-clj/datomic/janino.clj	recovered-datomic-initializer		shared-model-or-support-to-inspect	1.0.7705/transactor/src-clj/datomic/janino.clj	same-path-not-byte-identical	0a6aa02b81f16f1b695397846949245768ba8f5812b47bf010f444d9067b14d0
1.0.7705/peer/src-clj/datomic/kv_cache.clj	recovered-datomic-initializer		caching-and-residency	1.0.7705/transactor/src-clj/datomic/kv_cache.clj	same-path-not-byte-identical	831ec76066983758e882fce14d45308cb1cfea9b915e060225dbdaba5b89c356
1.0.7705/peer/src-clj/datomic/kv_cassandra.clj	recovered-datomic-initializer		non-target-provider-or-integration-evidence	1.0.7705/transactor/src-clj/datomic/kv_cassandra.clj	same-path-not-byte-identical	ad2b6791eb4630850f3f8af66572f24f6ce7413dd9287fe29ec1aa6a891a1a19
1.0.7705/peer/src-clj/datomic/kv_cassandra2.clj	recovered-datomic-initializer		non-target-provider-or-integration-evidence	1.0.7705/transactor/src-clj/datomic/kv_cassandra2.clj	same-path-not-byte-identical	c5ceb807c06f31a6477d6309d5a53cc7ab38be9e17c38cef25d702d01b4116ec
1.0.7705/peer/src-clj/datomic/kv_cassandra3.clj	recovered-datomic-initializer		non-target-provider-or-integration-evidence	1.0.7705/transactor/src-clj/datomic/kv_cassandra3.clj	same-path-not-byte-identical	1b7e7dd1dd13cd29cf103dc33b7bec88acf73cf245a0cba789b15264f02667db
1.0.7705/peer/src-clj/datomic/kv_cluster.clj	recovered-datomic-initializer		storage-abstractions-and-providers	1.0.7705/transactor/src-clj/datomic/kv_cluster.clj	same-path-not-byte-identical	50d88b588c45e40dd15c084df628c38ec9931fe4a0091d5bb297f69f06911d69
1.0.7705/peer/src-clj/datomic/kv_dynamo.clj	recovered-datomic-initializer		non-target-provider-or-integration-evidence	1.0.7705/transactor/src-clj/datomic/kv_dynamo.clj	same-path-not-byte-identical	0ed9c011345034f52fa1f284eb3a6acf5bca62c8d7981edad050fcca1efd7b54
1.0.7705/peer/src-clj/datomic/kv_hotrod.clj	recovered-datomic-initializer		non-target-provider-or-integration-evidence	1.0.7705/transactor/src-clj/datomic/kv_hotrod.clj	same-path-not-byte-identical	6dc9c8c503cf7964d37ac7969bad82b6ed7a6b8c2ea3f67280487997ae59736a
1.0.7705/peer/src-clj/datomic/kv_mem.clj	recovered-datomic-initializer		storage-abstractions-and-providers	1.0.7705/transactor/src-clj/datomic/kv_mem.clj	same-path-not-byte-identical	e7cab4842c90daa8cfeb4d5d33769df222090db773e8572226f6b46702f628ce
1.0.7705/peer/src-clj/datomic/kv_sql.clj	recovered-datomic-initializer		storage-abstractions-and-providers	1.0.7705/transactor/src-clj/datomic/kv_sql.clj	same-path-not-byte-identical	368d1ca28cc7671830b75f380392be749e2bf88e7941da9ef88c8d05861cc7e9
1.0.7705/peer/src-clj/datomic/kv_sql_ext.clj	recovered-datomic-initializer		storage-abstractions-and-providers	1.0.7705/transactor/src-clj/datomic/kv_sql_ext.clj	same-path-not-byte-identical	bedb66dc5c5d60cfa5dd6929058ed16c301f22a9a49a0bc963cb592ff0562c9d
1.0.7705/peer/src-clj/datomic/kv_store.clj	recovered-datomic-initializer		storage-abstractions-and-providers	1.0.7705/transactor/src-clj/datomic/kv_store.clj	same-path-not-byte-identical	eccb48ad29371db3b7e0e62d135692d15c38ca279fef53ec593bedd8edb3b6d7
1.0.7705/peer/src-clj/datomic/log.clj	recovered-datomic-initializer		shared-structures-and-encoding	1.0.7705/transactor/src-clj/datomic/log.clj	same-path-not-byte-identical	41734d1567cceb127d4e4a57fb4bdaa530604125e3aaaba4d53efbe680014b2a
1.0.7705/peer/src-clj/datomic/lucene.clj	recovered-datomic-initializer		query-navigation-and-search	1.0.7705/transactor/src-clj/datomic/lucene.clj	same-path-not-byte-identical	6f0b1f250c46e154b26da4eb953804073b49c4c9fac15da08db94c9cce54eefe
1.0.7705/peer/src-clj/datomic/math.clj	recovered-datomic-initializer		shared-model-or-support-to-inspect	1.0.7705/transactor/src-clj/datomic/math.clj	same-path-not-byte-identical	d6b69bac8131f90f82eae91f506734fbad60b34aa924a85b974242101f79f548
1.0.7705/peer/src-clj/datomic/memcached.clj	recovered-datomic-initializer		non-target-provider-or-integration-evidence	1.0.7705/transactor/src-clj/datomic/memcached.clj	same-path-not-byte-identical	91f4fcf2a23f017e1ff9efc555f65adcd7e12b51b01623c56915c767d99c9027
1.0.7705/peer/src-clj/datomic/memory.clj	recovered-datomic-initializer		caching-and-residency	1.0.7705/transactor/src-clj/datomic/memory.clj	byte-identical	e7df6543432ac41f6ae72d72e807a5d83e26b5c87da353021ef6194dbf90cd8a
1.0.7705/peer/src-clj/datomic/memory_size.clj	recovered-datomic-initializer		caching-and-residency	1.0.7705/transactor/src-clj/datomic/memory_size.clj	same-path-not-byte-identical	dfe45400fd838daa85a1d792c501ddc08f5b81d301494f2d8977f8dcf7211f81
1.0.7705/peer/src-clj/datomic/monitor.clj	recovered-datomic-initializer		operations-and-lifecycle	1.0.7705/transactor/src-clj/datomic/monitor.clj	same-path-not-byte-identical	d4664b940551f96582f31bc717b934b0ec08804e3e58bfc73298294df5e4e10b
1.0.7705/peer/src-clj/datomic/peer.clj	recovered-datomic-initializer		application-and-transport-boundaries	1.0.7705/transactor/src-clj/datomic/peer.clj	same-path-not-byte-identical	d0c90c6d97f8d6f509fc95ed0bc4a8eeb83b73667072a692d27f92a59d2b50c7
1.0.7705/peer/src-clj/datomic/process.clj	recovered-datomic-initializer		shared-model-or-support-to-inspect	1.0.7705/transactor/src-clj/datomic/process.clj	same-path-not-byte-identical	9c41eb70e88f45b360be372fc3f8297679471679dfd7123c3db2b60ed66d25a9
1.0.7705/peer/src-clj/datomic/process/events.clj	recovered-datomic-initializer		shared-model-or-support-to-inspect	1.0.7705/transactor/src-clj/datomic/process/events.clj	same-path-not-byte-identical	f67ec423ab53e55c7a0f914af8e684e8ab8d6d5636b622e2b5e829619e977447
1.0.7705/peer/src-clj/datomic/process_monitor.clj	recovered-datomic-initializer		operations-and-lifecycle	1.0.7705/transactor/src-clj/datomic/process_monitor.clj	same-path-not-byte-identical	3799e2fc922e7df9cdd2777a8432e5f207be0bc7f2214b9c691536603c131e42
1.0.7705/peer/src-clj/datomic/promise.clj	recovered-datomic-initializer		shared-model-or-support-to-inspect	1.0.7705/transactor/src-clj/datomic/promise.clj	same-path-not-byte-identical	d9f55c358300ed972b7714e0fe87d5f7b1ee3fe7180149713eb18e212c559e81
1.0.7705/peer/src-clj/datomic/pull.clj	recovered-datomic-initializer		query-navigation-and-search	1.0.7705/transactor/src-clj/datomic/pull.clj	same-path-not-byte-identical	623f3e19d80e0e3448be8054fff29c1ff05fc993ca3b6207248672f6a93fd86b
1.0.7705/peer/src-clj/datomic/qtune.clj	recovered-datomic-initializer		shared-model-or-support-to-inspect	1.0.7705/transactor/src-clj/datomic/qtune.clj	same-path-not-byte-identical	a5c643f8e80bf1f498d7d07d222ea7bc283615b4e5d9887aedf8fac503812d43
1.0.7705/peer/src-clj/datomic/query.clj	recovered-datomic-initializer		query-navigation-and-search	1.0.7705/transactor/src-clj/datomic/query.clj	same-path-not-byte-identical	c41beb33fc3ed63bce8e626462345e277c0ebd648295ee8557a8263fd89d95e6
1.0.7705/peer/src-clj/datomic/query/support.clj	recovered-datomic-initializer		shared-model-or-support-to-inspect	1.0.7705/transactor/src-clj/datomic/query/support.clj	same-path-not-byte-identical	59801532bcc5dfdd69de90de820404b8df66a31cbfe9304a9cf470c9828292d9
1.0.7705/peer/src-clj/datomic/queue.clj	recovered-datomic-initializer		shared-model-or-support-to-inspect	1.0.7705/transactor/src-clj/datomic/queue.clj	same-path-not-byte-identical	4a9b3f643ca24d098d3224086878d122944bd484c8beabf8105f1aba9dad5778
1.0.7705/peer/src-clj/datomic/reconnector2.clj	recovered-datomic-initializer		shared-model-or-support-to-inspect	1.0.7705/transactor/src-clj/datomic/reconnector2.clj	same-path-not-byte-identical	4705239c526d4fa3246499ef77fc65592b0b196c914d549d2584aabdc980c9f2
1.0.7705/peer/src-clj/datomic/require.clj	recovered-datomic-initializer		shared-model-or-support-to-inspect	1.0.7705/transactor/src-clj/datomic/require.clj	same-path-not-byte-identical	6cb47b48e2dbe9f81acb673f0895c0481496d10e70bb06571df61e3a8c7055b6
1.0.7705/peer/src-clj/datomic/s3.clj	recovered-datomic-initializer		non-target-provider-or-integration-evidence	1.0.7705/transactor/src-clj/datomic/s3.clj	same-path-not-byte-identical	08d6e503138201910f3ce3310c12c89763dcbbdb1bb9fae54514dad20761bd7d
1.0.7705/peer/src-clj/datomic/s3_api.clj	recovered-datomic-initializer		non-target-provider-or-integration-evidence	1.0.7705/transactor/src-clj/datomic/s3_api.clj	same-path-not-byte-identical	fb474fc711c71bbabcebfa47dfc0bee5095ed2eaaa47fafdd7f75d9053abc657
1.0.7705/peer/src-clj/datomic/s3_kv.clj	recovered-datomic-initializer		non-target-provider-or-integration-evidence	1.0.7705/transactor/src-clj/datomic/s3_kv.clj	same-path-not-byte-identical	24047ed9a25e729231a78ba376015e44ff28bb7746fafd7b325479d3193f24df
1.0.7705/peer/src-clj/datomic/s3backup.clj	recovered-datomic-initializer		non-target-provider-or-integration-evidence	1.0.7705/transactor/src-clj/datomic/s3backup.clj	same-path-not-byte-identical	a2817f62748ab30f4b2427e116588f5845b02f3a039a78d33b932559412bb2fd
1.0.7705/peer/src-clj/datomic/simple_kv.clj	recovered-datomic-initializer		shared-model-or-support-to-inspect	1.0.7705/transactor/src-clj/datomic/simple_kv.clj	byte-identical	da9b7a85f067684d679126b3998a8e47d293d8a73218f38d0661ba5e9a146c9b
1.0.7705/peer/src-clj/datomic/slf4j.clj	recovered-datomic-initializer		shared-model-or-support-to-inspect	1.0.7705/transactor/src-clj/datomic/slf4j.clj	same-path-not-byte-identical	066ac2ec750030cbeb6f0bc9e143e9da7c76e11c363f5a57e3a7ecbf10807dd7
1.0.7705/peer/src-clj/datomic/sql.clj	recovered-datomic-initializer		storage-abstractions-and-providers	1.0.7705/transactor/src-clj/datomic/sql.clj	same-path-not-byte-identical	c347ce1a507e1609709fa0bb738447ef763b21f0c8f2ca12154d629f84023540
1.0.7705/peer/src-clj/datomic/stats.clj	recovered-datomic-initializer		shared-model-or-support-to-inspect	1.0.7705/transactor/src-clj/datomic/stats.clj	same-path-not-byte-identical	0b603b61ff07594ded0517c5819b6ad391dcbb06f5f6a893a38174fb5edbe7a4
1.0.7705/peer/src-clj/datomic/summary.clj	recovered-datomic-initializer		shared-model-or-support-to-inspect	1.0.7705/transactor/src-clj/datomic/summary.clj	same-path-not-byte-identical	70130e05b0c64d50290023dff9860043ebc63671920afd94dce438b1e1a67bfc
1.0.7705/peer/src-clj/datomic/tools.clj	recovered-datomic-initializer		shared-model-or-support-to-inspect	1.0.7705/transactor/src-clj/datomic/tools.clj	same-path-not-byte-identical	eb063e632f370971a5fd0f477420a258cb601d5809e46dc7e948d20b835db75f
1.0.7705/peer/src-clj/datomic/tools/index_checks.clj	recovered-datomic-initializer		shared-structures-and-encoding	1.0.7705/transactor/src-clj/datomic/tools/index_checks.clj	same-path-not-byte-identical	237cc78cfd6e7f0d911c67543098caa0168e67455c54b725f1706244f1d478bf
1.0.7705/peer/src-clj/datomic/transaction.clj	recovered-datomic-initializer		write-processing-and-coordination	1.0.7705/transactor/src-clj/datomic/transaction.clj	same-path-not-byte-identical	4f8f07229b8bf189dea97bfe98fc8a81c8d5bc2ec6adc0ed0d060204a30fe647
1.0.7705/peer/src-clj/datomic/treewalk.clj	recovered-datomic-initializer		shared-structures-and-encoding	1.0.7705/transactor/src-clj/datomic/treewalk.clj	same-path-not-byte-identical	f294ab629c25578abfde45bf83930b8ed1daacd54225dbff66866a470d2a2d4e
1.0.7705/peer/src-clj/datomic/uri.clj	recovered-datomic-initializer		shared-model-or-support-to-inspect	1.0.7705/transactor/src-clj/datomic/uri.clj	same-path-not-byte-identical	fa537249ca2cd84fc47a712908f3be200f44c41ce215022dfb6f15bf6f894d1a
1.0.7705/peer/src-clj/datomic/val_cluster.clj	recovered-datomic-initializer		storage-abstractions-and-providers	1.0.7705/transactor/src-clj/datomic/val_cluster.clj	same-path-not-byte-identical	c9f757c40af73bf9cbabc46bae76ad69b35b46441026dbca68e6273aa5986d11
1.0.7705/peer/src-clj/datomic/valcache.clj	recovered-datomic-initializer		caching-and-residency	1.0.7705/transactor/src-clj/datomic/valcache.clj	same-path-not-byte-identical	6b5a624ba8fba60c019d063fecbf1931729c37efd26f3681893f760889813a19
1.0.7705/peer/src-clj/datomic/valcache/puts_pool.clj	recovered-datomic-initializer		shared-model-or-support-to-inspect	1.0.7705/transactor/src-clj/datomic/valcache/puts_pool.clj	same-path-not-byte-identical	c290f1a15f805a44058908a451f01a03330cbe6ecf31d63cd78a506ad3e603fe
1.0.7705/peer/src-clj/datomic/valcache/puts_pool_impl.clj	recovered-datomic-initializer		shared-model-or-support-to-inspect	1.0.7705/transactor/src-clj/datomic/valcache/puts_pool_impl.clj	same-path-not-byte-identical	56f3081d33ab023049fd6e7be98b3d68842430d38aeb71ade3d603f02bf981f7
1.0.7705/peer/src-clj/datomic/valcache_direct.clj	recovered-datomic-initializer		caching-and-residency	1.0.7705/transactor/src-clj/datomic/valcache_direct.clj	same-path-not-byte-identical	5143510ca58353a0787bebb84591f97fdb79f42ce5d9516cfca619e59f3539e1
1.0.7705/peer/src-clj/datomic/validators.clj	recovered-datomic-initializer		shared-model-or-support-to-inspect	1.0.7705/transactor/src-clj/datomic/validators.clj	byte-identical	0bfb370888f87d98fbc76376abfc2f5e3cf67bf08a18d5904656313e23836614
1.0.7705/peer/src-java/com/datomic/impl/peer/ActiveMQInputStream.java	recovered-java-origin		shared-model-or-support-to-inspect	1.0.7705/transactor/src-java/com/datomic/impl/peer/ActiveMQInputStream.java	byte-identical	82cfd44d3a33107143616c9cae4817480c371e3b6bfe50d42fda0de044465a8b
1.0.7705/peer/src-java/com/datomic/lucene/store/DatomicThunk.java	recovered-java-origin		shared-model-or-support-to-inspect	1.0.7705/transactor/src-java/com/datomic/lucene/store/DatomicThunk.java	byte-identical	504dba2b3868e675bc4a19c8599ac7d9094add4cb5fd66044448cce4a273cc57
1.0.7705/peer/src-java/datomic/Attribute.java	recovered-java-origin		shared-model-or-support-to-inspect	1.0.7705/transactor/src-java/datomic/Attribute.java	byte-identical	a5a90192c1a95c2477d11c58a2e195dbf9286a9aedf0030aaa8c67e587b80f41
1.0.7705/peer/src-java/datomic/Connection.java	recovered-java-origin		application-and-transport-boundaries	1.0.7705/transactor/src-java/datomic/Connection.java	byte-identical	172281b355060ad90cf7852436e61d82bbac1c85cca88115c7b267eaf324f9ec
1.0.7705/peer/src-java/datomic/Database.java	recovered-java-origin		shared-model-or-support-to-inspect	1.0.7705/transactor/src-java/datomic/Database.java	byte-identical	a65dcbb1ff7ad8ba321e04e70767db7a310074ef5f4a2a16fc009309581e6a95
1.0.7705/peer/src-java/datomic/Datom.java	recovered-java-origin		shared-model-or-support-to-inspect	1.0.7705/transactor/src-java/datomic/Datom.java	byte-identical	af09e726a46eb3f28109dd9161cc781bcecc8fbe755db3ec9d0b4d98892dcc38
1.0.7705/peer/src-java/datomic/Entity.java	recovered-java-origin		query-navigation-and-search	1.0.7705/transactor/src-java/datomic/Entity.java	byte-identical	af0504349b3bd27dc2738f940712dd8c7def9afd3676eb060c423c3258cc66ca
1.0.7705/peer/src-java/datomic/ListenableFuture.java	recovered-java-origin		shared-model-or-support-to-inspect	1.0.7705/transactor/src-java/datomic/ListenableFuture.java	byte-identical	a84bad7cf2ea9096374ce90ee931da0f4ac61134315da10a3b02db8209de6ae9
1.0.7705/peer/src-java/datomic/Log.java	recovered-java-origin		shared-model-or-support-to-inspect	1.0.7705/transactor/src-java/datomic/Log.java	byte-identical	e513c16bc547369f2264947481f9ded2df4de1e624de9030d9d36f7148db9225
1.0.7705/peer/src-java/datomic/Peer.java	recovered-java-origin		application-and-transport-boundaries	1.0.7705/transactor/src-java/datomic/Peer.java	byte-identical	1d7565d5e7950635144144a33c643a711fee779581b7612b9e960a4c795e4e45
1.0.7705/peer/src-java/datomic/QueryRequest.java	recovered-java-origin		shared-model-or-support-to-inspect	1.0.7705/transactor/src-java/datomic/QueryRequest.java	byte-identical	900f0115e38dcf70c7165b9d9ad22848c2165960f3bcdfd8d6f41a0c7c082bc9
1.0.7705/peer/src-java/datomic/Util.java	recovered-java-origin		shared-model-or-support-to-inspect	1.0.7705/transactor/src-java/datomic/Util.java	byte-identical	10492a45b17600ba1bf6fd08be33e3a59d66f257af0ab5c7a1fce9505ca0f11a
1.0.7705/peer/src-java/datomic/functions/Fn.java	recovered-java-origin		jvm-callable-boundary	1.0.7705/transactor/src-java/datomic/functions/Fn.java	byte-identical	8e53341aa771342614968ad3b744996c572c8090ef021745032b266536c900e8
1.0.7705/peer/src-java/datomic/functions/Fn0.java	recovered-java-origin		jvm-callable-boundary	1.0.7705/transactor/src-java/datomic/functions/Fn0.java	byte-identical	bf7f36ce561f66b34e4208caa4d0e562374c9d7081aaf0996125301390b6abbe
1.0.7705/peer/src-java/datomic/functions/Fn1.java	recovered-java-origin		jvm-callable-boundary	1.0.7705/transactor/src-java/datomic/functions/Fn1.java	byte-identical	27ada56c943e0c3abbeb4ef76738e56d7e246112ded71739c0295613f9a769de
1.0.7705/peer/src-java/datomic/functions/Fn10.java	recovered-java-origin		jvm-callable-boundary	1.0.7705/transactor/src-java/datomic/functions/Fn10.java	byte-identical	3c72044d80864e0bab8e0daaf4ddec89664ff17a9ba12b6b9d068ca1761ef49d
1.0.7705/peer/src-java/datomic/functions/Fn2.java	recovered-java-origin		jvm-callable-boundary	1.0.7705/transactor/src-java/datomic/functions/Fn2.java	byte-identical	9386883481b818ab8c367bede74bb23815fe5f64141048b843aaba226679672a
1.0.7705/peer/src-java/datomic/functions/Fn3.java	recovered-java-origin		jvm-callable-boundary	1.0.7705/transactor/src-java/datomic/functions/Fn3.java	byte-identical	2b33111f86f1640cf75c336b3e13e67eee0b31b1adbfd7ef335d6f145d8633b4
1.0.7705/peer/src-java/datomic/functions/Fn4.java	recovered-java-origin		jvm-callable-boundary	1.0.7705/transactor/src-java/datomic/functions/Fn4.java	byte-identical	7cfda4af7326e532ea49920e8684adcae0986d1cf25b4f53a08d6279529988b6
1.0.7705/peer/src-java/datomic/functions/Fn5.java	recovered-java-origin		jvm-callable-boundary	1.0.7705/transactor/src-java/datomic/functions/Fn5.java	byte-identical	82cb03d096c3435ba57eb60e2c3e121d0d3d9f25753a60ab067690f7f4fa9d15
1.0.7705/peer/src-java/datomic/functions/Fn6.java	recovered-java-origin		jvm-callable-boundary	1.0.7705/transactor/src-java/datomic/functions/Fn6.java	byte-identical	64a73d2cac4db404b44724f912732911b9227c4596d07a0e491e8062a9fc6b9d
1.0.7705/peer/src-java/datomic/functions/Fn7.java	recovered-java-origin		jvm-callable-boundary	1.0.7705/transactor/src-java/datomic/functions/Fn7.java	byte-identical	bfb3bbe494e1942bbfb97105faf2535b02f9325c6bf53f0190bb2c573ffc2900
1.0.7705/peer/src-java/datomic/functions/Fn8.java	recovered-java-origin		jvm-callable-boundary	1.0.7705/transactor/src-java/datomic/functions/Fn8.java	byte-identical	a1ea02543b0acad2a05e48bf393c39d00886b19d5cbd5485f5452ef6b57053ba
1.0.7705/peer/src-java/datomic/functions/Fn9.java	recovered-java-origin		jvm-callable-boundary	1.0.7705/transactor/src-java/datomic/functions/Fn9.java	byte-identical	f19c0690a76a99dc32446cef5fe8a1a2f0bb1a340be10e6b2d7c0b50da54e45d
1.0.7705/peer/src-java/datomic/impl/Circular.java	recovered-java-origin		shared-model-or-support-to-inspect	1.0.7705/transactor/src-java/datomic/impl/Circular.java	byte-identical	58339f8929e38ef5f7266d5fbafa261d98bb9d4a823aeaca0d71c7f4e568c4ea
1.0.7705/peer/src-java/datomic/impl/Config.java	recovered-java-origin		shared-model-or-support-to-inspect	1.0.7705/transactor/src-java/datomic/impl/Config.java	byte-identical	5b656f063a63d6edd1e5a80543f33291bbd258e7888e7fc2c06936a14bb96dfe
1.0.7705/peer/src-java/datomic/impl/Exceptions.java	recovered-java-origin		storage-abstractions-and-providers	1.0.7705/transactor/src-java/datomic/impl/Exceptions.java	byte-identical	f460658f450fa6d23b380d533dafd6632b1315b134fdc98795705abd9d7c6670
1.0.7705/peer/src-java/datomic/impl/FnCacheLoader.java	recovered-java-origin		shared-model-or-support-to-inspect	1.0.7705/transactor/src-java/datomic/impl/FnCacheLoader.java	byte-identical	8738026c4f83ea6c4e5605f01dee2ec685cd5e3d85a74a9fdbb2fc03f807dd8f
1.0.7705/peer/src-java/datomic/impl/JavaByteUtil.java	recovered-java-origin		shared-model-or-support-to-inspect	1.0.7705/transactor/src-java/datomic/impl/JavaByteUtil.java	byte-identical	2c5c2ab2903036593544cf44a73ebe0a72d5ebd4ea82417cfbfc464a424bfbf8
1.0.7705/peer/src-java/datomic/impl/LoggedOutputStream.java	recovered-java-origin		shared-model-or-support-to-inspect	1.0.7705/transactor/src-java/datomic/impl/LoggedOutputStream.java	byte-identical	f13b58abcfe8e9c353381b26da766f7a9c4f7544d278fd9392eef7ad5693631a
1.0.7705/peer/src-java/datomic/impl/MersenneTwisterFast.java	recovered-java-origin		shared-model-or-support-to-inspect	1.0.7705/transactor/src-java/datomic/impl/MersenneTwisterFast.java	same-path-not-byte-identical	4aaa3468360f97d43fed7acda090276f11729152193416ab60c75e8d2143568e
1.0.7705/peer/src-java/datomic/impl/ModifiedFNVHash.java	recovered-java-origin		shared-model-or-support-to-inspect	1.0.7705/transactor/src-java/datomic/impl/ModifiedFNVHash.java	byte-identical	147356c3bcfdc6eb28f9f8063a6f9262d5557cb5e919e09d91384054b50c646e
1.0.7705/peer/src-java/datomic/impl/MurmurHash.java	recovered-java-origin		shared-model-or-support-to-inspect	1.0.7705/transactor/src-java/datomic/impl/MurmurHash.java	byte-identical	c5eaa34577a79a9ebdcb0e610c2a09362e57daf556052d5b62e74c3d8aec27e0
1.0.7705/peer/src-java/datomic/impl/PriorityExecutor.java	recovered-java-origin		storage-abstractions-and-providers	1.0.7705/transactor/src-java/datomic/impl/PriorityExecutor.java	byte-identical	cedc4208b9a4f3cf5d9dcd8690ac7ca39c9ce060cff901873914751d9b00aa5d
1.0.7705/peer/src-java/datomic/impl/Shell.java	recovered-java-origin		shared-model-or-support-to-inspect	1.0.7705/transactor/src-java/datomic/impl/Shell.java	byte-identical	67e19c06074c5dfa2bdfbd10a5317ba1a01097043fd64213136c18e892bbb6a0
1.0.7705/peer/src-java/datomic/impl/clusterfs/Closed.java	recovered-java-origin		shared-model-or-support-to-inspect	1.0.7705/transactor/src-java/datomic/impl/clusterfs/Closed.java	byte-identical	6488de3187c85414adb9b6a50f1a52cea1c1e7e87191f7ebca4ca9b9469d7607
1.0.7705/peer/src-java/datomic/impl/clusterfs/IClusterFS.java	recovered-java-origin		shared-model-or-support-to-inspect	1.0.7705/transactor/src-java/datomic/impl/clusterfs/IClusterFS.java	byte-identical	4e2af3de2996c72f4cad0e1d75501b8efe4732d3213839c07328770d35a57551
1.0.7705/peer/src-java/datomic/impl/db/IDatum.java	recovered-java-origin		shared-model-or-support-to-inspect	1.0.7705/transactor/src-java/datomic/impl/db/IDatum.java	byte-identical	2b33d5fe3d03825ac79c9d43d8f524f0c1c910858cbd262ede724d523a089b94
1.0.7705/peer/src-java/datomic/impl/lucene/ClusterDirectory.java	recovered-java-origin		shared-model-or-support-to-inspect	1.0.7705/transactor/src-java/datomic/impl/lucene/ClusterDirectory.java	byte-identical	798d66a9a10ead5be6be0cbcf594e74f57d51f2d13b82cfc9159e35a75a377f1
1.0.7705/peer/src-java/datomic/impl/lucene/ClusterIndexInput.java	recovered-java-origin		shared-model-or-support-to-inspect	1.0.7705/transactor/src-java/datomic/impl/lucene/ClusterIndexInput.java	byte-identical	de911d1a41d5128029bc48f3dfd0f6fd6ae7ce572f3fbc699d3f35f6e59562f8
1.0.7705/peer/src-java/datomic/impl/lucene/DirectoryRef.java	recovered-java-origin		shared-model-or-support-to-inspect	1.0.7705/transactor/src-java/datomic/impl/lucene/DirectoryRef.java	byte-identical	58db4f128013c90d57af710a3c50212e53c0623f8e93baa790ba1ae0ae1d6e24
1.0.7705/peer/src-java/datomic/impl/lucene/EmptyIndexInput.java	recovered-java-origin		shared-model-or-support-to-inspect	1.0.7705/transactor/src-java/datomic/impl/lucene/EmptyIndexInput.java	byte-identical	9aab4bf4f403b20dc8afd99e27fe427e28a187a1d19853015a64e58c8b011517
1.0.7705/peer/src-java/datomic/impl/lucene/HybridDirectory.java	recovered-java-origin		shared-model-or-support-to-inspect	1.0.7705/transactor/src-java/datomic/impl/lucene/HybridDirectory.java	byte-identical	f799f0e7d3e4a980d4ce21f2cf0e77da8068e99285fec82027e8eef2e1bb64aa
1.0.7705/transactor/src-clj/clojure/core/async.clj	exact-bundled-dependency	lib/core.async-1.9.865.jar	dependency-or-resource		only-in-this-artifact	10f0898432ff4f92c37b3a4870a89ec9942ca199f0545ef5483af73686d60a72
1.0.7705/transactor/src-clj/clojure/core/async/impl/buffers.clj	exact-bundled-dependency	lib/core.async-1.9.865.jar	dependency-or-resource		only-in-this-artifact	b0d5ee8911021e54253d06d922cf7300da941671050fa08cdbe8e8eb94bda2e4
1.0.7705/transactor/src-clj/clojure/core/async/impl/channels.clj	exact-bundled-dependency	lib/core.async-1.9.865.jar	dependency-or-resource		only-in-this-artifact	7822180a31a6cb4d3bae8dd3796068eabcddec8c92cf88df3a4f0c842476ebc7
1.0.7705/transactor/src-clj/clojure/core/async/impl/dispatch.clj	exact-bundled-dependency	lib/core.async-1.9.865.jar	dependency-or-resource		only-in-this-artifact	5a7c1271fa51defcfe4e2d8799c2ce0be62451bba3611f00929cfd4c742c3aec
1.0.7705/transactor/src-clj/clojure/core/async/impl/go.clj	exact-bundled-dependency	lib/core.async-1.9.865.jar	dependency-or-resource		only-in-this-artifact	d54f8669842632b0ee23cccfe3572d2528784a7dce6facc6925571fcf8f0dc82
1.0.7705/transactor/src-clj/clojure/core/async/impl/ioc_macros.clj	exact-bundled-dependency	lib/core.async-1.9.865.jar	dependency-or-resource		only-in-this-artifact	7c1680f5ab26bf7543c25d0102786ca2b6b0eceac7c2eda72f4f87be1717618d
1.0.7705/transactor/src-clj/clojure/core/async/impl/mutex.clj	exact-bundled-dependency	lib/core.async-1.9.865.jar	dependency-or-resource		only-in-this-artifact	0b45432fb18a61db761602b9d398d7afe42c902832a95af7dd64b0ffb69c98d9
1.0.7705/transactor/src-clj/clojure/core/async/impl/protocols.clj	exact-bundled-dependency	lib/core.async-1.9.865.jar	dependency-or-resource		only-in-this-artifact	9838bf0b0fa3739b805193dbde7cb0a2ec4fb16dafd0036a5a739aed9dd429c7
1.0.7705/transactor/src-clj/clojure/core/async/impl/timers.clj	exact-bundled-dependency	lib/core.async-1.9.865.jar	dependency-or-resource		only-in-this-artifact	e55d7f546af48b4699869f6aa609d9abdfab92d789d7aba62a5e32ce98eaace8
1.0.7705/transactor/src-clj/clojure/core/cache.clj	exact-bundled-dependency	lib/core.cache-1.1.234.jar	dependency-or-resource		only-in-this-artifact	d7737dc842f651e3b1047a445eb729281ecb0dca0a7d8740506589fefc2e0cb0
1.0.7705/transactor/src-clj/clojure/core/memoize.clj	exact-bundled-dependency	lib/core.memoize-1.1.266.jar	dependency-or-resource		only-in-this-artifact	b715be34b2622e528ae10816858d9655010fbd33ebb75e417052d7313f165d7d
1.0.7705/transactor/src-clj/clojure/data/csv.clj	exact-bundled-dependency	lib/data.csv-0.1.3.jar	dependency-or-resource		only-in-this-artifact	7edfee7a83531ed65e37d1f3f1701b4c25d835071ade6a01baa0cc5a4650fc80
1.0.7705/transactor/src-clj/clojure/data/json.clj	exact-bundled-dependency	lib/data.json-2.5.2.jar	dependency-or-resource		only-in-this-artifact	ec16c3da4e3eda986365072668ddd582499ecfd7fe36e760887d2c73357ad889
1.0.7705/transactor/src-clj/clojure/data/priority_map.clj	exact-bundled-dependency	lib/data.priority-map-1.2.0.jar	dependency-or-resource		only-in-this-artifact	542d119b45a835af7739e4b768244bf567a69c92a0d98b75dc5ab3766496f0f1
1.0.7705/transactor/src-clj/clojure/java/jmx.clj	exact-bundled-dependency	lib/java.jmx-1.1.1.jar	dependency-or-resource		only-in-this-artifact	94b8fe4ff6961b91778d5d5511b23a5f5d06eaaeeb0f676c21d8e2ee12764a47
1.0.7705/transactor/src-clj/clojure/tools/analyzer.clj	exact-bundled-dependency	lib/tools.analyzer-1.2.0.jar	dependency-or-resource		only-in-this-artifact	99d91a3b62851e1e34445003aa66607163ebd16d0eac41a6ed979900f9cfc150
1.0.7705/transactor/src-clj/clojure/tools/analyzer/ast.clj	exact-bundled-dependency	lib/tools.analyzer-1.2.0.jar	dependency-or-resource		only-in-this-artifact	05c011fb3dd978c90d0138d5cb1594f7813e5dad08ee6fcd9b4b31b0804080c8
1.0.7705/transactor/src-clj/clojure/tools/analyzer/env.clj	exact-bundled-dependency	lib/tools.analyzer-1.2.0.jar	dependency-or-resource		only-in-this-artifact	0e28e706e0e5b5d94f0f4bae0bbd112e93d51914b2397bbc51321f6ff4e0839f
1.0.7705/transactor/src-clj/clojure/tools/analyzer/jvm.clj	exact-bundled-dependency	lib/tools.analyzer.jvm-1.3.3.jar	dependency-or-resource		only-in-this-artifact	a0f7d2b113afc2f0488a359cf36e9ff85523f9b5e8e7857cd2269280275901e2
1.0.7705/transactor/src-clj/clojure/tools/analyzer/jvm/utils.clj	exact-bundled-dependency	lib/tools.analyzer.jvm-1.3.3.jar	dependency-or-resource		only-in-this-artifact	ca9bed04a2d9bbb03481b2c72aab1c4c71302a254017399602ea1747ec9665a9
1.0.7705/transactor/src-clj/clojure/tools/analyzer/passes.clj	exact-bundled-dependency	lib/tools.analyzer-1.2.0.jar	dependency-or-resource		only-in-this-artifact	13a4832be8b73f5e1886e5c00a45971fe06ef8f4fb52d7f07b49f4047ff611cd
1.0.7705/transactor/src-clj/clojure/tools/analyzer/passes/add_binding_atom.clj	exact-bundled-dependency	lib/tools.analyzer-1.2.0.jar	dependency-or-resource		only-in-this-artifact	c3dcef0e04c0359cb0ba28c43ddc1f23342067ae8ad97a3092d2774d09b98d9d
1.0.7705/transactor/src-clj/clojure/tools/analyzer/passes/cleanup.clj	exact-bundled-dependency	lib/tools.analyzer-1.2.0.jar	dependency-or-resource		only-in-this-artifact	dc7c5e63f76dbb01d6b58a1a9ec50d8fdabcf42d0248bfe1a4544cfbd11728c2
1.0.7705/transactor/src-clj/clojure/tools/analyzer/passes/constant_lifter.clj	exact-bundled-dependency	lib/tools.analyzer-1.2.0.jar	dependency-or-resource		only-in-this-artifact	18f87bb6e0cedf92f303fb62a27c3e48bf7fe7e9db47c0297b5d8145c0acd0aa
1.0.7705/transactor/src-clj/clojure/tools/analyzer/passes/elide_meta.clj	exact-bundled-dependency	lib/tools.analyzer-1.2.0.jar	dependency-or-resource		only-in-this-artifact	d47b47a17794f86a71d4069c7c736b85c1592e1535ab7af34592c26082378645
1.0.7705/transactor/src-clj/clojure/tools/analyzer/passes/emit_form.clj	exact-bundled-dependency	lib/tools.analyzer-1.2.0.jar	dependency-or-resource		only-in-this-artifact	e0aa128688be8ea7cbfbc724a18397cc3de4b7ec618de63f13e8ea5f3c6e7fb7
1.0.7705/transactor/src-clj/clojure/tools/analyzer/passes/jvm/analyze_host_expr.clj	exact-bundled-dependency	lib/tools.analyzer.jvm-1.3.3.jar	dependency-or-resource		only-in-this-artifact	f47a2dc61586136d2ec6776abacb80f0e56b785e135538963843eb383b5f93a7
1.0.7705/transactor/src-clj/clojure/tools/analyzer/passes/jvm/annotate_host_info.clj	exact-bundled-dependency	lib/tools.analyzer.jvm-1.3.3.jar	dependency-or-resource		only-in-this-artifact	baea05d1c27ed8ec7a08db8075d257f27071436dcecaac65f3d99b349006ac51
1.0.7705/transactor/src-clj/clojure/tools/analyzer/passes/jvm/annotate_loops.clj	exact-bundled-dependency	lib/tools.analyzer.jvm-1.3.3.jar	dependency-or-resource		only-in-this-artifact	3757bbc87519d3c5549274094042e5f5e5cfcb55b85a57fbd9258562aa5588a8
1.0.7705/transactor/src-clj/clojure/tools/analyzer/passes/jvm/annotate_tag.clj	exact-bundled-dependency	lib/tools.analyzer.jvm-1.3.3.jar	dependency-or-resource		only-in-this-artifact	c955f92de12b2596131e76b451965f9121397e123924ccca3d0ddd6d1d00bb63
1.0.7705/transactor/src-clj/clojure/tools/analyzer/passes/jvm/box.clj	exact-bundled-dependency	lib/tools.analyzer.jvm-1.3.3.jar	dependency-or-resource		only-in-this-artifact	884c037c6b7a0b94718f9bf6d91f2b2d98f814530628f1f39f8c4d106ba814aa
1.0.7705/transactor/src-clj/clojure/tools/analyzer/passes/jvm/classify_invoke.clj	exact-bundled-dependency	lib/tools.analyzer.jvm-1.3.3.jar	dependency-or-resource		only-in-this-artifact	b014c3df360233efd45bc7ecfee427d4246852de8ac7ff00314d191918816512
1.0.7705/transactor/src-clj/clojure/tools/analyzer/passes/jvm/constant_lifter.clj	exact-bundled-dependency	lib/tools.analyzer.jvm-1.3.3.jar	dependency-or-resource		only-in-this-artifact	b74fb7f98a66ea5b878e63effbd02dc9506f5f2bb6dfd3c7f708a7e54d5f6353
1.0.7705/transactor/src-clj/clojure/tools/analyzer/passes/jvm/emit_form.clj	exact-bundled-dependency	lib/tools.analyzer.jvm-1.3.3.jar	dependency-or-resource		only-in-this-artifact	9c74e6d9db709a2841d207ec4a92857f4b611f023781541422f95bb08c11268b
1.0.7705/transactor/src-clj/clojure/tools/analyzer/passes/jvm/fix_case_test.clj	exact-bundled-dependency	lib/tools.analyzer.jvm-1.3.3.jar	dependency-or-resource		only-in-this-artifact	d68dc18f3cc9e9441f36e08edf4018e2fe6c954b17200dcd428202d9a838e918
1.0.7705/transactor/src-clj/clojure/tools/analyzer/passes/jvm/infer_tag.clj	exact-bundled-dependency	lib/tools.analyzer.jvm-1.3.3.jar	dependency-or-resource		only-in-this-artifact	1b4968fbec0322d0405b2cea8b68d63e235f25b494344b3827550d530000f2c8
1.0.7705/transactor/src-clj/clojure/tools/analyzer/passes/jvm/validate.clj	exact-bundled-dependency	lib/tools.analyzer.jvm-1.3.3.jar	dependency-or-resource		only-in-this-artifact	218579628a9e8ef367d5d3917b6eeab03146a7d9192c409511d8b504f3449f3f
1.0.7705/transactor/src-clj/clojure/tools/analyzer/passes/jvm/validate_loop_locals.clj	exact-bundled-dependency	lib/tools.analyzer.jvm-1.3.3.jar	dependency-or-resource		only-in-this-artifact	0e893f134303729a2ef15ea0d6ca9639803440a1dd48b95579be1f5e2b3cc660
1.0.7705/transactor/src-clj/clojure/tools/analyzer/passes/jvm/validate_recur.clj	exact-bundled-dependency	lib/tools.analyzer.jvm-1.3.3.jar	dependency-or-resource		only-in-this-artifact	810eeeb52e2f64400f2ebc2b409aec267d8cb125b2662c9048f34cdcc4de4aec
1.0.7705/transactor/src-clj/clojure/tools/analyzer/passes/jvm/warn_on_reflection.clj	exact-bundled-dependency	lib/tools.analyzer.jvm-1.3.3.jar	dependency-or-resource		only-in-this-artifact	9e0dfef5b2d0d2d252fa43969c9f657a519f183e98ab57df425134f16ab0e9eb
1.0.7705/transactor/src-clj/clojure/tools/analyzer/passes/source_info.clj	exact-bundled-dependency	lib/tools.analyzer-1.2.0.jar	dependency-or-resource		only-in-this-artifact	486120e8c36fc391aca51b1dd124422f2232958b894c31b102b80c8b7aa9e2e6
1.0.7705/transactor/src-clj/clojure/tools/analyzer/passes/trim.clj	exact-bundled-dependency	lib/tools.analyzer-1.2.0.jar	dependency-or-resource		only-in-this-artifact	a7c55df1c1451b4cf07aef5f2ff8edddb5adcb1b4e876f5aa80f14489eddab0d
1.0.7705/transactor/src-clj/clojure/tools/analyzer/passes/uniquify.clj	exact-bundled-dependency	lib/tools.analyzer-1.2.0.jar	dependency-or-resource		only-in-this-artifact	a8ede65e76131e0ef485ca77fdbcfc06716f88973e69e0543f6c92889603188c
1.0.7705/transactor/src-clj/clojure/tools/analyzer/passes/warn_earmuff.clj	exact-bundled-dependency	lib/tools.analyzer-1.2.0.jar	dependency-or-resource		only-in-this-artifact	80c0bd86282af8bbf5cf8989d194e3656b5c5d85601e18d6684bc76ebbce3e99
1.0.7705/transactor/src-clj/clojure/tools/analyzer/utils.clj	exact-bundled-dependency	lib/tools.analyzer-1.2.0.jar	dependency-or-resource		only-in-this-artifact	12faec18226ea1637dad831b092dd8080777c839cc4dcbf72bbd4c1d6da03561
1.0.7705/transactor/src-clj/clojure/tools/cli.cljc	exact-bundled-dependency	lib/tools.cli-1.0.219.jar	dependency-or-resource		only-in-this-artifact	5169aba8769f3f597df030a7895ce251b6d6b35b0b271694c5caf7304b5f0aab
1.0.7705/transactor/src-clj/clojure/tools/reader.clj	exact-bundled-dependency	lib/tools.reader-1.3.2.jar	dependency-or-resource		only-in-this-artifact	a63f7805a3723074e727d119804a698e6a140f6d3c867d556a5e01ed558f339f
1.0.7705/transactor/src-clj/clojure/tools/reader/default_data_readers.clj	exact-bundled-dependency	lib/tools.reader-1.3.2.jar	dependency-or-resource		only-in-this-artifact	054525542588b7a8e06140a61f5e4148335bcab2dfd7b07af4554f0aea9d4777
1.0.7705/transactor/src-clj/clojure/tools/reader/impl/commons.clj	exact-bundled-dependency	lib/tools.reader-1.3.2.jar	dependency-or-resource		only-in-this-artifact	9d018512d95bf06884a6d3f7e275ad27898cfa6cd2d49b5aa802d699d1f402b0
1.0.7705/transactor/src-clj/clojure/tools/reader/impl/errors.clj	exact-bundled-dependency	lib/tools.reader-1.3.2.jar	dependency-or-resource		only-in-this-artifact	7fa936b3fdd3be1e6536d345ebca713db56832151595549088845f1e0ba42fd7
1.0.7705/transactor/src-clj/clojure/tools/reader/impl/inspect.clj	exact-bundled-dependency	lib/tools.reader-1.3.2.jar	dependency-or-resource		only-in-this-artifact	96da18ef9dbb40466677f547b5373cc9f7263845672f00c1427f319b9b50da44
1.0.7705/transactor/src-clj/clojure/tools/reader/impl/utils.clj	exact-bundled-dependency	lib/tools.reader-1.3.2.jar	dependency-or-resource		only-in-this-artifact	2ae8d70e1d053549d41a654f0adf9f8d646067b424e3432290cb25a537f21f73
1.0.7705/transactor/src-clj/clojure/tools/reader/reader_types.clj	exact-bundled-dependency	lib/tools.reader-1.3.2.jar	dependency-or-resource		only-in-this-artifact	61424f8eeca0501db68c669f1b59db688267feb69b4dc0d78de28cf544cd30c6
1.0.7705/transactor/src-clj/cognitect/anomalies.clj	exact-bundled-dependency	lib/anomalies-0.1.12.jar	dependency-or-resource		only-in-this-artifact	5f5c2b05cc4838bbe2fef476edf904a39ac47f231b90cb09d0dd75e1f08bcaa8
1.0.7705/transactor/src-clj/cognitect/hmac_authn.clj	exact-bundled-dependency	lib/hmac-authn-0.1.211.jar	dependency-or-resource		only-in-this-artifact	18c6393713b0ba6f82b1fe0be6e6bc261500651f92724aad960ffd645df928e1
1.0.7705/transactor/src-clj/cognitect/http_client.clj	exact-bundled-dependency	lib/http-client-1.0.148.jar	dependency-or-resource		only-in-this-artifact	accf3c72aa53ca3f58ebbc7e8571b85daecd3ac2297963656bc433445a51fe73
1.0.7705/transactor/src-clj/cognitect/http_client/specs.clj	exact-bundled-dependency	lib/http-client-1.0.148.jar	dependency-or-resource		only-in-this-artifact	442311d905a6d5bf64bc9e3fdcec4672e330aee58968f34557d3591e59939f51
1.0.7705/transactor/src-clj/cognitect/nano_impl.clj	exact-bundled-dependency	lib/nano-impl-0.1.334.jar	dependency-or-resource		only-in-this-artifact	b94e7c0be68078e1b74eaf0678f56cdff186d69a2003cc7b1c8bf715d462d7c8
1.0.7705/transactor/src-clj/cognitect/nano_impl/aws_detect.clj	exact-bundled-dependency	lib/nano-impl-0.1.334.jar	dependency-or-resource		only-in-this-artifact	c343b9a424f7c3b92196ac4bade90c1cebf72b4255fb65f29834ae021507bdba
1.0.7705/transactor/src-clj/cognitect/nano_impl/marshaling.clj	exact-bundled-dependency	lib/nano-impl-0.1.334.jar	dependency-or-resource		only-in-this-artifact	b73b899d08d1478cf918c54b57b7827ece12be4f27b27bda2ae80835da09f057
1.0.7705/transactor/src-clj/cognitect/nano_impl/registration.clj	exact-bundled-dependency	lib/nano-impl-0.1.334.jar	dependency-or-resource		only-in-this-artifact	d4e2601b837f58eb51cbf68648a368a509711e331aad6b56fa8b8df53bda8f16
1.0.7705/transactor/src-clj/cognitect/nano_impl/server.clj	exact-bundled-dependency	lib/nano-impl-0.1.334.jar	dependency-or-resource		only-in-this-artifact	e5f84a86618ee7216356340db1c2fb9367bc174a3f476600aa6ce36c5f0791fc
1.0.7705/transactor/src-clj/cognitect/transit.clj	exact-bundled-dependency	lib/transit-clj-1.0.333.jar	dependency-or-resource		only-in-this-artifact	081615d9670beccb65ab1c60e0da510ab4c94fc1ce36165e56575894e321225d
1.0.7705/transactor/src-clj/datomic/adopter.clj	recovered-datomic-initializer		shared-model-or-support-to-inspect	1.0.7705/peer/src-clj/datomic/adopter.clj	byte-identical	52dc914581ff5da616ec51297bc9ada28910e4df4d6ecc543d93a4c340159678
1.0.7705/transactor/src-clj/datomic/aggregation.clj	recovered-datomic-initializer		query-navigation-and-search	1.0.7705/peer/src-clj/datomic/aggregation.clj	same-path-not-byte-identical	17ba7733c251ce1d0cb9a4ee97bee9c3da52dd87b6406a2e8a59031929656450
1.0.7705/transactor/src-clj/datomic/api.clj	recovered-datomic-initializer		application-and-transport-boundaries	1.0.7705/peer/src-clj/datomic/api.clj	same-path-not-byte-identical	df11d5705e2600139cba474d5b3cdd1b775dfe6dabb455744578582e95ea3923
1.0.7705/transactor/src-clj/datomic/artemis_client.clj	recovered-datomic-initializer		application-and-transport-boundaries	1.0.7705/peer/src-clj/datomic/artemis_client.clj	same-path-not-byte-identical	99947e4b795d5b749187ab72c547ed1ea694bd6456cff7aba0f70f03f1accc4c
1.0.7705/transactor/src-clj/datomic/artemis_server.clj	recovered-datomic-initializer		application-and-transport-boundaries		only-in-this-artifact	fdecc775264c9bbc8828cd3d1984d78e8d25a3b6f1d2a6ce4a5103af67b055e8
1.0.7705/transactor/src-clj/datomic/assert.clj	recovered-datomic-initializer		shared-model-or-support-to-inspect	1.0.7705/peer/src-clj/datomic/assert.clj	same-path-not-byte-identical	5c14d33e4a3fb7cfb9534fec647637bec4673f9e12c05fe4f8481af2b37d7d5a
1.0.7705/transactor/src-clj/datomic/async.clj	recovered-datomic-initializer		shared-model-or-support-to-inspect	1.0.7705/peer/src-clj/datomic/async.clj	same-path-not-byte-identical	f7aa16c22a8e5bd160ee7d32392fdf3899cac059b3d6e2f0d72305fbaab655f7
1.0.7705/transactor/src-clj/datomic/aws_detect.clj	recovered-datomic-initializer		non-target-provider-or-integration-evidence	1.0.7705/peer/src-clj/datomic/aws_detect.clj	byte-identical	24b40ada1d198ed96840852ae9c029bd8c78dcfba4449b96569445c8e69d1d65
1.0.7705/transactor/src-clj/datomic/aws_monitor.clj	recovered-datomic-initializer		non-target-provider-or-integration-evidence	1.0.7705/peer/src-clj/datomic/aws_monitor.clj	same-path-not-byte-identical	5fed97256e17e0c515a584d246b6e70179675b6c8f57846e3d6756d3ee9bae27
1.0.7705/transactor/src-clj/datomic/backup.clj	recovered-datomic-initializer		operations-and-lifecycle	1.0.7705/peer/src-clj/datomic/backup.clj	same-path-not-byte-identical	2bd4d926c853a13053331d526a116c1ca608a88099709e084e7a4be0af889bd2
1.0.7705/transactor/src-clj/datomic/backup_cli.clj	recovered-datomic-initializer		operations-and-lifecycle		only-in-this-artifact	856e607d6c31e045bda740a64e448bb5e9e478c60900bb11570b45cb793f0b11
1.0.7705/transactor/src-clj/datomic/btset.clj	recovered-datomic-initializer		shared-structures-and-encoding	1.0.7705/peer/src-clj/datomic/btset.clj	same-path-not-byte-identical	95974445993c84ac10412870032ba0607ffb0090d1daf50b309a612502fa5ce4
1.0.7705/transactor/src-clj/datomic/builtins.clj	recovered-datomic-initializer		shared-model-or-support-to-inspect	1.0.7705/peer/src-clj/datomic/builtins.clj	same-path-not-byte-identical	f837582c4abdf597d6e2bad0b6c6a210a33a0defacba395a55281298df7dde77
1.0.7705/transactor/src-clj/datomic/cache.clj	recovered-datomic-initializer		caching-and-residency	1.0.7705/peer/src-clj/datomic/cache.clj	same-path-not-byte-identical	b9d91c6a91dafcc73b4225d43cd6c12e93d368625f258858dc9109466033655b
1.0.7705/transactor/src-clj/datomic/cache/caffeine.clj	recovered-datomic-initializer		shared-model-or-support-to-inspect	1.0.7705/peer/src-clj/datomic/cache/caffeine.clj	same-path-not-byte-identical	f873550f48bea3c45ed4b4f337ba87489a77fddd0f3267afa0df53d88a8b4621
1.0.7705/transactor/src-clj/datomic/cache/impl.clj	recovered-datomic-initializer		shared-model-or-support-to-inspect	1.0.7705/peer/src-clj/datomic/cache/impl.clj	same-path-not-byte-identical	72f96ec609ad5d66902c34c31b933efdb66f16196dc1887fa03ec0b821540fcb
1.0.7705/transactor/src-clj/datomic/callback.clj	recovered-datomic-initializer		shared-model-or-support-to-inspect	1.0.7705/peer/src-clj/datomic/callback.clj	same-path-not-byte-identical	7b6c820396efa78ebbdae0eccdc9c693bae5d56b17b264a505eace0d438fff1b
1.0.7705/transactor/src-clj/datomic/cassandra.clj	recovered-datomic-initializer		non-target-provider-or-integration-evidence	1.0.7705/peer/src-clj/datomic/cassandra.clj	same-path-not-byte-identical	9bf34f39a59e585e530a23cfa65ece59eae9259f8dfcbfd39eaff3b63b5d98e9
1.0.7705/transactor/src-clj/datomic/cassandra_v4.clj	recovered-datomic-initializer		non-target-provider-or-integration-evidence	1.0.7705/peer/src-clj/datomic/cassandra_v4.clj	same-path-not-byte-identical	97aaff38f23ab74b903c03b5cbc01a969df29251fa2ea41d2d88903b3443d8d1
1.0.7705/transactor/src-clj/datomic/cassandra_values.clj	recovered-datomic-initializer		non-target-provider-or-integration-evidence	1.0.7705/peer/src-clj/datomic/cassandra_values.clj	same-path-not-byte-identical	86aa24f2d8e1268023cda8a61ec16ff4bc6293dca6afdf14f4a68e31f76a3b55
1.0.7705/transactor/src-clj/datomic/cassandra_values_v4.clj	recovered-datomic-initializer		non-target-provider-or-integration-evidence	1.0.7705/peer/src-clj/datomic/cassandra_values_v4.clj	same-path-not-byte-identical	c27b740768449e3d95151e3df8e77f0f41b93fb1d1ca4e095c4df2b8bf8d004e
1.0.7705/transactor/src-clj/datomic/cast2slf4j.clj	recovered-datomic-initializer		shared-model-or-support-to-inspect	1.0.7705/peer/src-clj/datomic/cast2slf4j.clj	same-path-not-byte-identical	39ad056a47f3c09127c52988c414cb4b9f5a49c6753514c332ca9e15926af2f6
1.0.7705/transactor/src-clj/datomic/cast2slf4j/peer_server.clj	recovered-datomic-initializer		application-and-transport-boundaries		only-in-this-artifact	fca8d9bb5980223a00fae72902605d17aa5dfe57d50aa28885038aabcc8a1af2
1.0.7705/transactor/src-clj/datomic/catalog.clj	recovered-datomic-initializer		shared-structures-and-encoding	1.0.7705/peer/src-clj/datomic/catalog.clj	same-path-not-byte-identical	80b9aa37dd75594aa5c2b44684ad1649c2ec5ece483ec2cfb6ab01218511de07
1.0.7705/transactor/src-clj/datomic/cleanup.clj	recovered-datomic-initializer		operations-and-lifecycle	1.0.7705/peer/src-clj/datomic/cleanup.clj	same-path-not-byte-identical	45186a3c450980aa1c036ec0e686d36938ec9cb3099b0a8a71e619d64871dbea
1.0.7705/transactor/src-clj/datomic/cli.clj	recovered-datomic-initializer		shared-model-or-support-to-inspect	1.0.7705/peer/src-clj/datomic/cli.clj	same-path-not-byte-identical	93f61ec0052d17983bfdc3456abbed5ac1e6390e4e293dad6dfb768da34256a3
1.0.7705/transactor/src-clj/datomic/client_server/auth.clj	recovered-datomic-initializer		shared-model-or-support-to-inspect		only-in-this-artifact	a79e11e7ada43ad1e22b1df8d074407ebc6587d594c3f630f3cda27d4110489f
1.0.7705/transactor/src-clj/datomic/client_server/marshaling.clj	recovered-datomic-initializer		shared-model-or-support-to-inspect		only-in-this-artifact	d4cce738063770fa05265f42ce82c28b49569249d432383deb2f8cfc88b6855b
1.0.7705/transactor/src-clj/datomic/client_server/spi_support.clj	recovered-datomic-initializer		shared-model-or-support-to-inspect		only-in-this-artifact	e0681b39109c2b913b7d18690d1774a7f9ba63f84185fcec9c75a85ed9631086
1.0.7705/transactor/src-clj/datomic/cloudwatch.clj	recovered-datomic-initializer		non-target-provider-or-integration-evidence	1.0.7705/peer/src-clj/datomic/cloudwatch.clj	same-path-not-byte-identical	535609d3b918674839cf4c2a8d53fd87c3296af9416c41082009a2237a36fe4a
1.0.7705/transactor/src-clj/datomic/cluster.clj	recovered-datomic-initializer		storage-abstractions-and-providers	1.0.7705/peer/src-clj/datomic/cluster.clj	same-path-not-byte-identical	094de381b469e3399bddae2e742a1bad79ace3bcd18a84011ba10e8afb231f17
1.0.7705/transactor/src-clj/datomic/cluster_stack.clj	recovered-datomic-initializer		storage-abstractions-and-providers	1.0.7705/peer/src-clj/datomic/cluster_stack.clj	same-path-not-byte-identical	8a6557bb2415b6f85211e6a0e3ad8ddf5684fa2eca27f626c6acf006d53674ba
1.0.7705/transactor/src-clj/datomic/clusterfs.clj	recovered-datomic-initializer		storage-abstractions-and-providers	1.0.7705/peer/src-clj/datomic/clusterfs.clj	same-path-not-byte-identical	4924fdac8c403b506f66c34603f3bdd85c6d3e2875748bc1ea3c3675a1755f64
1.0.7705/transactor/src-clj/datomic/codec.clj	recovered-datomic-initializer		shared-structures-and-encoding	1.0.7705/peer/src-clj/datomic/codec.clj	byte-identical	8ae973cc2de4867b410dc1c11fe57dc5274d7e2b70ac3e2d70b356f57c49b20f
1.0.7705/transactor/src-clj/datomic/combined_cluster.clj	recovered-datomic-initializer		storage-abstractions-and-providers	1.0.7705/peer/src-clj/datomic/combined_cluster.clj	byte-identical	522f7d999fb29b2893e5c06bdb6217048292729897df2f266374b7516dc7dc27
1.0.7705/transactor/src-clj/datomic/common.clj	recovered-datomic-initializer		shared-model-or-support-to-inspect	1.0.7705/peer/src-clj/datomic/common.clj	same-path-not-byte-identical	19e3af814e0e14cade369edda41645cf9b2409dc5764f423927e9b34f7902015
1.0.7705/transactor/src-clj/datomic/config.clj	recovered-datomic-initializer		shared-model-or-support-to-inspect	1.0.7705/peer/src-clj/datomic/config.clj	same-path-not-byte-identical	8665f7659d858ca63bf61a1ec2e8823183fe5e147cd095a57dc52972871ece3d
1.0.7705/transactor/src-clj/datomic/config_ext.clj	recovered-datomic-initializer		shared-model-or-support-to-inspect	1.0.7705/peer/src-clj/datomic/config_ext.clj	same-path-not-byte-identical	c3e74986ebfa2ccd74c2d75450ec15ae778e0bf9a0dcc4a955c866c37f3b40ae
1.0.7705/transactor/src-clj/datomic/connector.clj	recovered-datomic-initializer		shared-model-or-support-to-inspect	1.0.7705/peer/src-clj/datomic/connector.clj	same-path-not-byte-identical	5cc60c9263b8a66d02f1cd981b07d54e51602c9aa5e5a4052f951a0012bdb7a7
1.0.7705/transactor/src-clj/datomic/coordination.clj	recovered-datomic-initializer		write-processing-and-coordination	1.0.7705/peer/src-clj/datomic/coordination.clj	same-path-not-byte-identical	c0845f8d8ef2405a1b11fe98fdc121fccfeb21ed055fe3e6945840dea442559f
1.0.7705/transactor/src-clj/datomic/coordination_ext.clj	recovered-datomic-initializer		write-processing-and-coordination	1.0.7705/peer/src-clj/datomic/coordination_ext.clj	same-path-not-byte-identical	a15f6024d6390a955adba3c3691b4a738a9b3b5adf8071858dfd2811a0542002
1.0.7705/transactor/src-clj/datomic/crypto.clj	recovered-datomic-initializer		shared-model-or-support-to-inspect	1.0.7705/peer/src-clj/datomic/crypto.clj	same-path-not-byte-identical	82c59d378be60109be847fc6490a9e3b8d306911e807382d6fa8dac74c2eaedf
1.0.7705/transactor/src-clj/datomic/data.clj	recovered-datomic-initializer		shared-model-or-support-to-inspect	1.0.7705/peer/src-clj/datomic/data.clj	byte-identical	5b0741cf8377101bb2d5b8d1f4c6d0485730ae81d4faa02aa010fe71b7479fd8
1.0.7705/transactor/src-clj/datomic/datafy.clj	recovered-datomic-initializer		shared-model-or-support-to-inspect	1.0.7705/peer/src-clj/datomic/datafy.clj	same-path-not-byte-identical	a4a671dacf200f95a509f6acb9bb761d30558ebfe16fc9722551361e129c0e6a
1.0.7705/transactor/src-clj/datomic/datalog.clj	recovered-datomic-initializer		shared-structures-and-encoding	1.0.7705/peer/src-clj/datomic/datalog.clj	same-path-not-byte-identical	ded017c6a39b3a786417d557ea34e9bcec8216e0bb323de8132b4462db1125ec
1.0.7705/transactor/src-clj/datomic/db.clj	recovered-datomic-initializer		shared-model-or-support-to-inspect	1.0.7705/peer/src-clj/datomic/db.clj	same-path-not-byte-identical	03a365fdfdd994556a5d53a1e2cbf1f094cc8132272fdaafcc93fc1c8362151e
1.0.7705/transactor/src-clj/datomic/db/specs.clj	recovered-datomic-initializer		shared-model-or-support-to-inspect		only-in-this-artifact	e0ca3d051aa831fcf66b17fff1847c33c30f4ac3e6dd997975b10812861b22b9
1.0.7705/transactor/src-clj/datomic/db_io.clj	recovered-datomic-initializer		storage-abstractions-and-providers	1.0.7705/peer/src-clj/datomic/db_io.clj	same-path-not-byte-identical	ec4965ca8934b0440f2c833638c49c064c1c751fda5c423461e442780be07d5b
1.0.7705/transactor/src-clj/datomic/ddb.clj	recovered-datomic-initializer		non-target-provider-or-integration-evidence	1.0.7705/peer/src-clj/datomic/ddb.clj	same-path-not-byte-identical	4e7ea14297b72f8418e9112ce5705f973f0d189b19c7269fa3e255fc4eb0cfdb
1.0.7705/transactor/src-clj/datomic/ddb_cluster.clj	recovered-datomic-initializer		non-target-provider-or-integration-evidence	1.0.7705/peer/src-clj/datomic/ddb_cluster.clj	same-path-not-byte-identical	9da42ecca64f8a1a76c6d03098c721e73fd538ebd6d8edfe356a546c93f3b16f
1.0.7705/transactor/src-clj/datomic/ddb_s3_cluster.clj	recovered-datomic-initializer		non-target-provider-or-integration-evidence	1.0.7705/peer/src-clj/datomic/ddb_s3_cluster.clj	same-path-not-byte-identical	bfdf128761ef21463981ef7a19dec1d6a6b46ecddc510ec33c504d7bebcb9771
1.0.7705/transactor/src-clj/datomic/ddb_values.clj	recovered-datomic-initializer		non-target-provider-or-integration-evidence	1.0.7705/peer/src-clj/datomic/ddb_values.clj	same-path-not-byte-identical	384eea404e971d9e1136645e9175e9fb5b8357d277e58651e46a34e125239c12
1.0.7705/transactor/src-clj/datomic/domain.clj	recovered-datomic-initializer		shared-model-or-support-to-inspect	1.0.7705/peer/src-clj/datomic/domain.clj	same-path-not-byte-identical	4ca11e4789f758ab1e9647b9ee0755a56c5db14b75c53a5811fb6b1944c1d9a0
1.0.7705/transactor/src-clj/datomic/ec2.clj	recovered-datomic-initializer		non-target-provider-or-integration-evidence		only-in-this-artifact	09ac49aa99d8dc6f2c428b044fb692cad2d89259a9a42efedf90b629c98dfc2d
1.0.7705/transactor/src-clj/datomic/error.clj	recovered-datomic-initializer		shared-model-or-support-to-inspect	1.0.7705/peer/src-clj/datomic/error.clj	same-path-not-byte-identical	8e5a171fbff8d4e1d49bb87b76931342630eb26c7c63b4f26fa3e5efe01b2faf
1.0.7705/transactor/src-clj/datomic/excise.clj	recovered-datomic-initializer		operations-and-lifecycle	1.0.7705/peer/src-clj/datomic/excise.clj	same-path-not-byte-identical	0449a37573cb66059d5b11b48c6682a7fc38987755d0a30ae7943688c02e469e
1.0.7705/transactor/src-clj/datomic/extension_resolver.clj	recovered-datomic-initializer		storage-abstractions-and-providers	1.0.7705/peer/src-clj/datomic/extension_resolver.clj	same-path-not-byte-identical	8dd58f8ed71476bca41b1dfe74c4a41700db7ef8b98f66f303f228b757e94a65
1.0.7705/transactor/src-clj/datomic/extensions.clj	recovered-datomic-initializer		storage-abstractions-and-providers	1.0.7705/peer/src-clj/datomic/extensions.clj	same-path-not-byte-identical	a185a53b1d7732689cc80609b8959c11afe258a3d3245b7764d89244380a7f20
1.0.7705/transactor/src-clj/datomic/external_sort.clj	recovered-datomic-initializer		shared-model-or-support-to-inspect	1.0.7705/peer/src-clj/datomic/external_sort.clj	same-path-not-byte-identical	63f0c80cb05f19c56febbcd82159e76634336b96f73ba9adeda43cd8c5701556
1.0.7705/transactor/src-clj/datomic/external_sort_datoms.clj	recovered-datomic-initializer		shared-structures-and-encoding	1.0.7705/peer/src-clj/datomic/external_sort_datoms.clj	same-path-not-byte-identical	2ca9d2d674c51c825f5755bd687347dba16c309b761f886e581a283f839a65f6
1.0.7705/transactor/src-clj/datomic/fressian.clj	recovered-datomic-initializer		shared-structures-and-encoding	1.0.7705/peer/src-clj/datomic/fressian.clj	same-path-not-byte-identical	d1633e596825009f60c922c44c9d2884274f33d75f40d81d0ef49c83be7a477d
1.0.7705/transactor/src-clj/datomic/fsbackup.clj	recovered-datomic-initializer		operations-and-lifecycle	1.0.7705/peer/src-clj/datomic/fsbackup.clj	same-path-not-byte-identical	86987e4cadd9da583679e07ad400939a6c6d68470bec16f5b245e348ed6139c2
1.0.7705/transactor/src-clj/datomic/fulltext.clj	recovered-datomic-initializer		query-navigation-and-search	1.0.7705/peer/src-clj/datomic/fulltext.clj	same-path-not-byte-identical	2fc95d50c0a78707c1bdc203242e27c7a3a4cb08d0933cc9eed7a055a9396ee9
1.0.7705/transactor/src-clj/datomic/fulltext_index.clj	recovered-datomic-initializer		shared-structures-and-encoding	1.0.7705/peer/src-clj/datomic/fulltext_index.clj	same-path-not-byte-identical	a005c010d25482208210175940934523af774ac957ce7dd70c85311ef7ebcc6a
1.0.7705/transactor/src-clj/datomic/function.clj	recovered-datomic-initializer		storage-abstractions-and-providers	1.0.7705/peer/src-clj/datomic/function.clj	same-path-not-byte-identical	b9fca7c906428b1bd851e9ca3870e444c28559232346ec0be82112be2bca798b
1.0.7705/transactor/src-clj/datomic/future.clj	recovered-datomic-initializer		shared-model-or-support-to-inspect	1.0.7705/peer/src-clj/datomic/future.clj	same-path-not-byte-identical	0b9f69c25ee26f4bb0defe90fa3cccdae3e3b645d44e675bc7045e1de6def86a
1.0.7705/transactor/src-clj/datomic/garbage.clj	recovered-datomic-initializer		operations-and-lifecycle	1.0.7705/peer/src-clj/datomic/garbage.clj	same-path-not-byte-identical	be3741ab00f20e4e719d6fbee2737dfe0d0c8f2da7b96a0816ea72710a0454aa
1.0.7705/transactor/src-clj/datomic/garbage/fressian.clj	recovered-datomic-initializer		shared-structures-and-encoding	1.0.7705/peer/src-clj/datomic/garbage/fressian.clj	same-path-not-byte-identical	6620b61ddbddfe75011bbb92b0a74c7d939ef8ff76830fdaa05985221232af37
1.0.7705/transactor/src-clj/datomic/garbage/pod.clj	recovered-datomic-initializer		shared-model-or-support-to-inspect	1.0.7705/peer/src-clj/datomic/garbage/pod.clj	same-path-not-byte-identical	9be92f7771aba8b9c98f7d03868654df2a605550c74f571e32f82a98fe87ecee
1.0.7705/transactor/src-clj/datomic/h2.clj	recovered-datomic-initializer		non-target-provider-or-integration-evidence	1.0.7705/peer/src-clj/datomic/h2.clj	same-path-not-byte-identical	023c783db01fbd5c39f33a287022c5ac74fb6cefe602925a8e79ee8ab40ef91f
1.0.7705/transactor/src-clj/datomic/iam.clj	recovered-datomic-initializer		non-target-provider-or-integration-evidence		only-in-this-artifact	b577e7f44c58f43fcba7b7136f19adad47d8c9775e2e5513d8a42bb3123d5141
1.0.7705/transactor/src-clj/datomic/index.clj	recovered-datomic-initializer		shared-structures-and-encoding	1.0.7705/peer/src-clj/datomic/index.clj	same-path-not-byte-identical	c3ba0c82e14b5365bf9941a686bd4d25383a8342db5cebd6d9b7e315994066b5
1.0.7705/transactor/src-clj/datomic/index_direct_metrics.clj	recovered-datomic-initializer		shared-structures-and-encoding	1.0.7705/peer/src-clj/datomic/index_direct_metrics.clj	same-path-not-byte-identical	c4f43317574c3b2db88eb2e7ce784521d1a592a915734fff173b3a39b79a3e84
1.0.7705/transactor/src-clj/datomic/indexer.clj	recovered-datomic-initializer		shared-structures-and-encoding		only-in-this-artifact	9286dd18b12c43dde85a12f09a4c37e0b52cd1d26f676337fbd0412688bc8770
1.0.7705/transactor/src-clj/datomic/integrity.clj	recovered-datomic-initializer		operations-and-lifecycle	1.0.7705/peer/src-clj/datomic/integrity.clj	same-path-not-byte-identical	407e65fd5a29bbeb7c92d8b80ab44b7495a2b2fb01b980ce21dfc4ec7b7d6b80
1.0.7705/transactor/src-clj/datomic/io.clj	recovered-datomic-initializer		storage-abstractions-and-providers	1.0.7705/peer/src-clj/datomic/io.clj	same-path-not-byte-identical	7e37c4aff812aab10c9f26fb6578e2b260b493313819f77d1781a72b928a1259
1.0.7705/transactor/src-clj/datomic/iter.clj	recovered-datomic-initializer		shared-model-or-support-to-inspect	1.0.7705/peer/src-clj/datomic/iter.clj	same-path-not-byte-identical	23c611940ca20ed03ae81c38341e7b034acda46483035d83658a89071c377e00
1.0.7705/transactor/src-clj/datomic/janino.clj	recovered-datomic-initializer		shared-model-or-support-to-inspect	1.0.7705/peer/src-clj/datomic/janino.clj	same-path-not-byte-identical	ddfbb4786268d5216124e2430037a678a61243b151f7cc1917e482b016b41bc5
1.0.7705/transactor/src-clj/datomic/jar.clj	recovered-datomic-initializer		shared-model-or-support-to-inspect		only-in-this-artifact	e2ee3aebd81b7f28039d571258b979d39cdf4293fe566426cb8837b4125cf2dd
1.0.7705/transactor/src-clj/datomic/jetty.clj	recovered-datomic-initializer		shared-model-or-support-to-inspect		only-in-this-artifact	f13b9c9440b3d91101a47a187f4604bdd576e739fa16affe17e3615341d2bab0
1.0.7705/transactor/src-clj/datomic/kv_cache.clj	recovered-datomic-initializer		caching-and-residency	1.0.7705/peer/src-clj/datomic/kv_cache.clj	same-path-not-byte-identical	b484271199fb50c452b7090610f605601c77f2bfa4749643b23fb0d1f84f71f2
1.0.7705/transactor/src-clj/datomic/kv_cassandra.clj	recovered-datomic-initializer		non-target-provider-or-integration-evidence	1.0.7705/peer/src-clj/datomic/kv_cassandra.clj	same-path-not-byte-identical	733cdb5ffbe429f515d34585aef8a86ac37f34aff0665ee670c6c6678093a6c4
1.0.7705/transactor/src-clj/datomic/kv_cassandra2.clj	recovered-datomic-initializer		non-target-provider-or-integration-evidence	1.0.7705/peer/src-clj/datomic/kv_cassandra2.clj	same-path-not-byte-identical	abdafce979b58f7417d9511769453b8a6b2ee18d6724ebc9143f778458fbe3fa
1.0.7705/transactor/src-clj/datomic/kv_cassandra3.clj	recovered-datomic-initializer		non-target-provider-or-integration-evidence	1.0.7705/peer/src-clj/datomic/kv_cassandra3.clj	same-path-not-byte-identical	0f42aade2cc27b568c3b3c31c1f6339f55b69a9aac9e9e590b1a16519b16a5af
1.0.7705/transactor/src-clj/datomic/kv_cluster.clj	recovered-datomic-initializer		storage-abstractions-and-providers	1.0.7705/peer/src-clj/datomic/kv_cluster.clj	same-path-not-byte-identical	5cae6577a5746a194871fedb420b7f5617c8257fd8dbb0fd6e2ef61dd516506c
1.0.7705/transactor/src-clj/datomic/kv_dynamo.clj	recovered-datomic-initializer		non-target-provider-or-integration-evidence	1.0.7705/peer/src-clj/datomic/kv_dynamo.clj	same-path-not-byte-identical	f99899d07bea928345e976c5f262539f1b087a62a0f4422d141b7dcd8828f0c7
1.0.7705/transactor/src-clj/datomic/kv_hotrod.clj	recovered-datomic-initializer		non-target-provider-or-integration-evidence	1.0.7705/peer/src-clj/datomic/kv_hotrod.clj	same-path-not-byte-identical	acfee63375eb1503a587c6ccb790342a1fae160960c14a875d981b1e46f3799d
1.0.7705/transactor/src-clj/datomic/kv_mem.clj	recovered-datomic-initializer		storage-abstractions-and-providers	1.0.7705/peer/src-clj/datomic/kv_mem.clj	same-path-not-byte-identical	c1db582b31097ded0106438f54b54937524aa91644644f92aa21961ebc75e8fd
1.0.7705/transactor/src-clj/datomic/kv_sql.clj	recovered-datomic-initializer		storage-abstractions-and-providers	1.0.7705/peer/src-clj/datomic/kv_sql.clj	same-path-not-byte-identical	da41ec57b9dd11a42511da4c0b747e510fcab07f2118f678eacaa770bf325ae2
1.0.7705/transactor/src-clj/datomic/kv_sql_ext.clj	recovered-datomic-initializer		storage-abstractions-and-providers	1.0.7705/peer/src-clj/datomic/kv_sql_ext.clj	same-path-not-byte-identical	1075db1d3100e408b11d31f3d16ecfc384c3aafc2dce44d663a4950e89636dbb
1.0.7705/transactor/src-clj/datomic/kv_store.clj	recovered-datomic-initializer		storage-abstractions-and-providers	1.0.7705/peer/src-clj/datomic/kv_store.clj	same-path-not-byte-identical	8a997d4e86d55df4f8bed2bab8eee01522fcbe9271c50cae197908da1ceb20b2
1.0.7705/transactor/src-clj/datomic/launcher.clj	recovered-datomic-initializer		write-processing-and-coordination		only-in-this-artifact	936e19a811487c303f5bc23226f74e659e0f9f0237e21f1504463a87e19e8701
1.0.7705/transactor/src-clj/datomic/lifecycle.clj	recovered-datomic-initializer		write-processing-and-coordination		only-in-this-artifact	3225fa1fccc5d1c5191e9792b075fd0e1fe365dfe7c6a25ee525f5c98f2bcbae
1.0.7705/transactor/src-clj/datomic/lifecycle_ext.clj	recovered-datomic-initializer		write-processing-and-coordination		only-in-this-artifact	b050b8aedcb9abf6cd76599afe3e79d0a50ff7beabcaee7bf4280292506cd84f
1.0.7705/transactor/src-clj/datomic/log.clj	recovered-datomic-initializer		shared-structures-and-encoding	1.0.7705/peer/src-clj/datomic/log.clj	same-path-not-byte-identical	11b028cf7330335ceb137882cd601907835b0dc40fbacf0616cc2254352c4c89
1.0.7705/transactor/src-clj/datomic/log/specs.clj	recovered-datomic-initializer		shared-model-or-support-to-inspect		only-in-this-artifact	897be9946fbbb0be3ba2f60f2bb0ed2d3af4a4a03cdf6ab7f3337a9a9256a729
1.0.7705/transactor/src-clj/datomic/log_gc.clj	recovered-datomic-initializer		shared-structures-and-encoding		only-in-this-artifact	a04af271bee33144006c187ddf7c259bbd1e77d8f5f0f4318b446dae1fbcac73
1.0.7705/transactor/src-clj/datomic/logrotate.clj	recovered-datomic-initializer		shared-structures-and-encoding		only-in-this-artifact	5fcd4869dde98bb255150ad8d491b618d5477139aceaede20d6dce459e9ddfd5
1.0.7705/transactor/src-clj/datomic/lucene.clj	recovered-datomic-initializer		query-navigation-and-search	1.0.7705/peer/src-clj/datomic/lucene.clj	same-path-not-byte-identical	fe998adf9a6067e44a054142d5bfdbc83efa6a48479dde275fa89581e46b0295
1.0.7705/transactor/src-clj/datomic/math.clj	recovered-datomic-initializer		shared-model-or-support-to-inspect	1.0.7705/peer/src-clj/datomic/math.clj	same-path-not-byte-identical	49a01b71d839fd1e07f67d1894fabdecfc4ae7c716f943de038a2240b872a772
1.0.7705/transactor/src-clj/datomic/memcached.clj	recovered-datomic-initializer		non-target-provider-or-integration-evidence	1.0.7705/peer/src-clj/datomic/memcached.clj	same-path-not-byte-identical	533dec91c02a2f3e0acd35b417bd060f21cbd56c8aa969bd1c79a30b35f657ea
1.0.7705/transactor/src-clj/datomic/memory.clj	recovered-datomic-initializer		caching-and-residency	1.0.7705/peer/src-clj/datomic/memory.clj	byte-identical	e7df6543432ac41f6ae72d72e807a5d83e26b5c87da353021ef6194dbf90cd8a
1.0.7705/transactor/src-clj/datomic/memory_size.clj	recovered-datomic-initializer		caching-and-residency	1.0.7705/peer/src-clj/datomic/memory_size.clj	same-path-not-byte-identical	e53264533286c9bfd33aaccf744f194faec0c647803f774913edf03ec6c29317
1.0.7705/transactor/src-clj/datomic/monitor.clj	recovered-datomic-initializer		operations-and-lifecycle	1.0.7705/peer/src-clj/datomic/monitor.clj	same-path-not-byte-identical	20ac4a751c3939ea1aeca93557ca11b4d9cf5ed4502aeacc609108c74aa59ac1
1.0.7705/transactor/src-clj/datomic/peer.clj	recovered-datomic-initializer		application-and-transport-boundaries	1.0.7705/peer/src-clj/datomic/peer.clj	same-path-not-byte-identical	027ccf7f1d8d09872bef652d60d7da294d2fd5af6deacc2d9064ad5c7a2002e0
1.0.7705/transactor/src-clj/datomic/peer_client.clj	recovered-datomic-initializer		application-and-transport-boundaries		only-in-this-artifact	695ca8d2d650a65b1fa89da8a671fdc7b9ec1e9877a5b15ec229f1af386b6951
1.0.7705/transactor/src-clj/datomic/peer_server.clj	recovered-datomic-initializer		application-and-transport-boundaries		only-in-this-artifact	7540be34802462c5cba070cf63c291368df85a8b9f6d330ac92a1c8b893aa262
1.0.7705/transactor/src-clj/datomic/process.clj	recovered-datomic-initializer		shared-model-or-support-to-inspect	1.0.7705/peer/src-clj/datomic/process.clj	same-path-not-byte-identical	f23dce92d2e8a09b0fc191e7f61954fe07f2078fa4d9826aa22b0c7e4d06a3be
1.0.7705/transactor/src-clj/datomic/process/events.clj	recovered-datomic-initializer		shared-model-or-support-to-inspect	1.0.7705/peer/src-clj/datomic/process/events.clj	same-path-not-byte-identical	4a4ac6d24ac8bb595e5d71c7dfe53f3734144702eaa4c03f982759d4fe49b3a3
1.0.7705/transactor/src-clj/datomic/process_monitor.clj	recovered-datomic-initializer		operations-and-lifecycle	1.0.7705/peer/src-clj/datomic/process_monitor.clj	same-path-not-byte-identical	45c19e2741a69fd5f1d7b09bf1591aa80c9dff526772656a17a8a48af2174440
1.0.7705/transactor/src-clj/datomic/promise.clj	recovered-datomic-initializer		shared-model-or-support-to-inspect	1.0.7705/peer/src-clj/datomic/promise.clj	same-path-not-byte-identical	96512afc92cf0ed4d6fbbd4c7c2321f1084ac092e67aac690ca05d5752ec26c5
1.0.7705/transactor/src-clj/datomic/provisioning/aws.clj	recovered-datomic-initializer		non-target-provider-or-integration-evidence		only-in-this-artifact	293a31b7364520c2ba01e477d4c0fd2e17d3a58c14f6362b027cd7c027dbeb60
1.0.7705/transactor/src-clj/datomic/pull.clj	recovered-datomic-initializer		query-navigation-and-search	1.0.7705/peer/src-clj/datomic/pull.clj	same-path-not-byte-identical	bf1d417bc011cf93c19f1f248557fdcccf9a8d4522298f3338319ad86d3f3920
1.0.7705/transactor/src-clj/datomic/qtune.clj	recovered-datomic-initializer		shared-model-or-support-to-inspect	1.0.7705/peer/src-clj/datomic/qtune.clj	same-path-not-byte-identical	d8f1ad2a41ec11a38d2a46d441a43be45de2eda8ea8aa6ec46195156405f5e51
1.0.7705/transactor/src-clj/datomic/query.clj	recovered-datomic-initializer		query-navigation-and-search	1.0.7705/peer/src-clj/datomic/query.clj	same-path-not-byte-identical	d54103cdfb3b0469c626682e5d0d0f81c818d43236eb5dcb3ec0e80d351d3f07
1.0.7705/transactor/src-clj/datomic/query/support.clj	exact-datomic-dependency	lib/query-support-0.8.31.jar	shared-model-or-support-to-inspect	1.0.7705/peer/src-clj/datomic/query/support.clj	same-path-not-byte-identical	d1159c1543034f2b46c80c6fd325ea7e48a3b2061c8951de280bf2dd226a3de5
1.0.7705/transactor/src-clj/datomic/queue.clj	recovered-datomic-initializer		shared-model-or-support-to-inspect	1.0.7705/peer/src-clj/datomic/queue.clj	same-path-not-byte-identical	32920139d768e729be504c406589830ff21b90dfce4f01fba14e5b1fd8a3f6b9
1.0.7705/transactor/src-clj/datomic/reconnector2.clj	recovered-datomic-initializer		shared-model-or-support-to-inspect	1.0.7705/peer/src-clj/datomic/reconnector2.clj	same-path-not-byte-identical	5f5d8f9e22d35d1333232031fbd51ece4795010efde78848686d66cf201fd643
1.0.7705/transactor/src-clj/datomic/require.clj	recovered-datomic-initializer		shared-model-or-support-to-inspect	1.0.7705/peer/src-clj/datomic/require.clj	same-path-not-byte-identical	3367cfe81351bf77c1dc8050181fa79118fcc8b8050dd4e6304de4f7319bd1ec
1.0.7705/transactor/src-clj/datomic/rest.clj	recovered-datomic-initializer		shared-model-or-support-to-inspect		only-in-this-artifact	85760932df77eb2657992aec2183cb72f851ee281f54147492bece4a4c9c56dd
1.0.7705/transactor/src-clj/datomic/s3.clj	recovered-datomic-initializer		non-target-provider-or-integration-evidence	1.0.7705/peer/src-clj/datomic/s3.clj	same-path-not-byte-identical	2f4e116a51c009ea33db0f72c5b07fe889f62b056f779954e6b237bf6ca55ec9
1.0.7705/transactor/src-clj/datomic/s3_api.clj	recovered-datomic-initializer		non-target-provider-or-integration-evidence	1.0.7705/peer/src-clj/datomic/s3_api.clj	same-path-not-byte-identical	70edf7b7ccb6b30929933545b86a8655a029ed7592f889ad69b8fd3998edea4c
1.0.7705/transactor/src-clj/datomic/s3_kv.clj	recovered-datomic-initializer		non-target-provider-or-integration-evidence	1.0.7705/peer/src-clj/datomic/s3_kv.clj	same-path-not-byte-identical	84dd981f8f290322cbe76e6a5b65a78cc3f35b527783994336ab84eca42eb16a
1.0.7705/transactor/src-clj/datomic/s3backup.clj	recovered-datomic-initializer		non-target-provider-or-integration-evidence	1.0.7705/peer/src-clj/datomic/s3backup.clj	same-path-not-byte-identical	6d6cb3cfaf3a98a4e7eb0742fd855b8b5babdd81284462b67725f5761442f839
1.0.7705/transactor/src-clj/datomic/simple_kv.clj	recovered-datomic-initializer		shared-model-or-support-to-inspect	1.0.7705/peer/src-clj/datomic/simple_kv.clj	byte-identical	da9b7a85f067684d679126b3998a8e47d293d8a73218f38d0661ba5e9a146c9b
1.0.7705/transactor/src-clj/datomic/slf4j.clj	recovered-datomic-initializer		shared-model-or-support-to-inspect	1.0.7705/peer/src-clj/datomic/slf4j.clj	same-path-not-byte-identical	29f020930c1211c37a505e0dbeea6150645d9d53c186dbe35b4c85edb2e3788a
1.0.7705/transactor/src-clj/datomic/slf4j/bridge.clj	recovered-datomic-initializer		shared-model-or-support-to-inspect		only-in-this-artifact	34eca0738c19098ff18e7a72faa52d038c63d19c94cf2673748b930d302bdbf1
1.0.7705/transactor/src-clj/datomic/spec.clj	recovered-datomic-initializer		shared-model-or-support-to-inspect		only-in-this-artifact	83c7b365a8d2897fb36afa0d2430114d233064af0c1e79ba050e18a892175191
1.0.7705/transactor/src-clj/datomic/specs.clj	exact-datomic-dependency	lib/datomic.specs-0.1.3.jar	shared-model-or-support-to-inspect		only-in-this-artifact	db55827d35cfd4e2d0f30a9a3f0a4c9af6dce5c7135684ce13c23d109f2a14fb
1.0.7705/transactor/src-clj/datomic/sql.clj	recovered-datomic-initializer		storage-abstractions-and-providers	1.0.7705/peer/src-clj/datomic/sql.clj	same-path-not-byte-identical	bf846bf924efe0556ccf25de0cd01183136afdb033614f0073945f4b2bfb179e
1.0.7705/transactor/src-clj/datomic/stats.clj	recovered-datomic-initializer		shared-model-or-support-to-inspect	1.0.7705/peer/src-clj/datomic/stats.clj	same-path-not-byte-identical	3393551d94af9596701133ce0be5ff9ca8866474ad3d4ac56d79b34111120233
1.0.7705/transactor/src-clj/datomic/summary.clj	recovered-datomic-initializer		shared-model-or-support-to-inspect	1.0.7705/peer/src-clj/datomic/summary.clj	same-path-not-byte-identical	8332a438a6a48e3ffa5f52237d63263bc875e989544d64818f0182e07be29bc6
1.0.7705/transactor/src-clj/datomic/tools.clj	recovered-datomic-initializer		shared-model-or-support-to-inspect	1.0.7705/peer/src-clj/datomic/tools.clj	same-path-not-byte-identical	d80e761b68636da76fb71b7dbf7548e5cb151627a1fbe8b2a9bd3c3547dbf933
1.0.7705/transactor/src-clj/datomic/tools/detect_865.clj	recovered-datomic-initializer		shared-model-or-support-to-inspect		only-in-this-artifact	a4fbefc0e18c0418abb7997e9d70013d8238cceddbb528749b5015add2090ff6
1.0.7705/transactor/src-clj/datomic/tools/detect_ch197761.clj	recovered-datomic-initializer		shared-model-or-support-to-inspect		only-in-this-artifact	a0ab4fd0826ba0d8fee881a390cc5043e1a312a8a95e7c2a04094396bcb8c8bb
1.0.7705/transactor/src-clj/datomic/tools/excise_history.clj	recovered-datomic-initializer		operations-and-lifecycle		only-in-this-artifact	6f9f54566ce09bc3e50e6cf813560c8da3273b46bd387b79bdb43bbe5b068330
1.0.7705/transactor/src-clj/datomic/tools/filter_index.clj	recovered-datomic-initializer		shared-structures-and-encoding		only-in-this-artifact	49037bfd6e261c75345591f13131f3f23fe90e1499bd999887d13178ad7a89ae
1.0.7705/transactor/src-clj/datomic/tools/gc_db.clj	recovered-datomic-initializer		shared-model-or-support-to-inspect		only-in-this-artifact	5f1d6bcc7c27174b8870e812ebd3e6ce7a3e74efc5cdad2689fc94ff5c6963a3
1.0.7705/transactor/src-clj/datomic/tools/index_checks.clj	recovered-datomic-initializer		shared-structures-and-encoding	1.0.7705/peer/src-clj/datomic/tools/index_checks.clj	same-path-not-byte-identical	e94292fa129164583ede85a9fb349fb272796b42c36c18ae822c940eca18086c
1.0.7705/transactor/src-clj/datomic/tools/index_stats.clj	recovered-datomic-initializer		shared-structures-and-encoding		only-in-this-artifact	09276cb07be3c145eb5fc446bad8b97f8b7775bdbd56d016c60503961a68bf0b
1.0.7705/transactor/src-clj/datomic/tools/locate_transactor.clj	recovered-datomic-initializer		write-processing-and-coordination		only-in-this-artifact	fbf2d61194177195d3c1aeecf54d8c2e38afac1e1b45c0de9cc013cc695fc641
1.0.7705/transactor/src-clj/datomic/tools/log_tools.clj	recovered-datomic-initializer		shared-structures-and-encoding		only-in-this-artifact	2e75b835cf7f6d26ebcf19301847c0e9cef5667f4fedbfe46cacfd15322527af
1.0.7705/transactor/src-clj/datomic/tools/postdiag_865.clj	recovered-datomic-initializer		shared-model-or-support-to-inspect		only-in-this-artifact	1e60045efb673435c103a82c0199b46a2e66f54826a849f8160c7f0aaa153264
1.0.7705/transactor/src-clj/datomic/tools/read_segment.clj	recovered-datomic-initializer		shared-model-or-support-to-inspect		only-in-this-artifact	9f56a6d8c1e3590022db74824880f8a0e599da5a06973d9aeb4ff213dfde7605
1.0.7705/transactor/src-clj/datomic/tools/rebuild_index.clj	recovered-datomic-initializer		shared-structures-and-encoding		only-in-this-artifact	26521e82ce4998489ebd02dbc273792990e95119ef598e7d4ac336807a112b60
1.0.7705/transactor/src-clj/datomic/tools/rebuild_log_leaf.clj	recovered-datomic-initializer		shared-structures-and-encoding		only-in-this-artifact	9e846fa55baa94f8709d2eb6313da35713f38f2ff1401f71692b36536d8cfd62
1.0.7705/transactor/src-clj/datomic/tools/rebuild_log_root.clj	recovered-datomic-initializer		shared-structures-and-encoding		only-in-this-artifact	1da337ff6fec274e3c1b65fc1d259a450f72c1477d961d4a2f3f01d0ccfc9504
1.0.7705/transactor/src-clj/datomic/tools/repair_1455.clj	recovered-datomic-initializer		shared-model-or-support-to-inspect		only-in-this-artifact	242d61f90976840e714995cd6d48d69a93d01bf744da76989b250c34f3297bce
1.0.7705/transactor/src-clj/datomic/tools/repair_865.clj	recovered-datomic-initializer		shared-model-or-support-to-inspect		only-in-this-artifact	38a53730681b007ffe23c1d863387a600a0e453edce8486bcbbf4b6ee340a726
1.0.7705/transactor/src-clj/datomic/tools/repair_ch197761.clj	recovered-datomic-initializer		shared-model-or-support-to-inspect		only-in-this-artifact	d97eb207009132e330a10156bfb9343ed9cc5b633a3fcd34d30a1c62d975c8b7
1.0.7705/transactor/src-clj/datomic/tools/restore_log_root.clj	recovered-datomic-initializer		shared-structures-and-encoding		only-in-this-artifact	7729d609aa93b2814acdc5fde08b74effcb91564d43ab1822c88a8b2a06c6812
1.0.7705/transactor/src-clj/datomic/transaction.clj	recovered-datomic-initializer		write-processing-and-coordination	1.0.7705/peer/src-clj/datomic/transaction.clj	same-path-not-byte-identical	14587f40f02650c3bc287f3a4ed9fc9e2b02246c80f8ec0a7311ab27419c4786
1.0.7705/transactor/src-clj/datomic/transactor.clj	recovered-datomic-initializer		write-processing-and-coordination		only-in-this-artifact	43f02327f57022b12f80e32fc5676d0ed83b205ecd909a4c972e214a0765fe47
1.0.7705/transactor/src-clj/datomic/transactor_ext.clj	recovered-datomic-initializer		write-processing-and-coordination		only-in-this-artifact	e52123b5e5bef48d2b88a5ce3d4e35cdbdddbe107204b72fbe309c5761d70880
1.0.7705/transactor/src-clj/datomic/treewalk.clj	recovered-datomic-initializer		shared-structures-and-encoding	1.0.7705/peer/src-clj/datomic/treewalk.clj	same-path-not-byte-identical	d3e8adec33f1352b9395c7944da0241c0e4cf26855414bbe5957715c9a8c31b1
1.0.7705/transactor/src-clj/datomic/update.clj	recovered-datomic-initializer		write-processing-and-coordination		only-in-this-artifact	9d635374aef279ed39b568e5dca16955d8395cc16ce84ae99536c3cc77ef84d0
1.0.7705/transactor/src-clj/datomic/uri.clj	recovered-datomic-initializer		shared-model-or-support-to-inspect	1.0.7705/peer/src-clj/datomic/uri.clj	same-path-not-byte-identical	47f3990b55dc75fa99adbc701bae02185db2db0cddb845c2a6017b6aa7628881
1.0.7705/transactor/src-clj/datomic/val_cluster.clj	recovered-datomic-initializer		storage-abstractions-and-providers	1.0.7705/peer/src-clj/datomic/val_cluster.clj	same-path-not-byte-identical	a632feb0fe519c85470cebef6c217ebd1bf0f135dc3a6cc0f07ee684f89b2529
1.0.7705/transactor/src-clj/datomic/valcache.clj	recovered-datomic-initializer		caching-and-residency	1.0.7705/peer/src-clj/datomic/valcache.clj	same-path-not-byte-identical	1d28dc84cc1f9999797cafac250cf654592a8a99edc59f3ff732679008d03c08
1.0.7705/transactor/src-clj/datomic/valcache/puts_pool.clj	recovered-datomic-initializer		shared-model-or-support-to-inspect	1.0.7705/peer/src-clj/datomic/valcache/puts_pool.clj	same-path-not-byte-identical	ae3f8594ae893300543a05db9921d69d2d9fb4870d68bb35b3ddc2445dcb0631
1.0.7705/transactor/src-clj/datomic/valcache/puts_pool_impl.clj	recovered-datomic-initializer		shared-model-or-support-to-inspect	1.0.7705/peer/src-clj/datomic/valcache/puts_pool_impl.clj	same-path-not-byte-identical	bd5fabcda8a5ec9bc37ca0455dc5479290856af4bd196d801b1acc0506eda796
1.0.7705/transactor/src-clj/datomic/valcache_direct.clj	recovered-datomic-initializer		caching-and-residency	1.0.7705/peer/src-clj/datomic/valcache_direct.clj	same-path-not-byte-identical	986ec07d11840dc9e59a0693b0e2d18f4fddda7909f3c4036ba5b5e99de16fcb
1.0.7705/transactor/src-clj/datomic/validators.clj	recovered-datomic-initializer		shared-model-or-support-to-inspect	1.0.7705/peer/src-clj/datomic/validators.clj	byte-identical	0bfb370888f87d98fbc76376abfc2f5e3cf67bf08a18d5904656313e23836614
1.0.7705/transactor/src-clj/hiccup/compiler.clj	exact-bundled-dependency	lib/hiccup-1.0.1.jar	dependency-or-resource		only-in-this-artifact	bbd17a7a69c0869aeb00367a1d1e405b1989df93a2d05ce9874383648dd4f915
1.0.7705/transactor/src-clj/hiccup/core.clj	exact-bundled-dependency	lib/hiccup-1.0.1.jar	dependency-or-resource		only-in-this-artifact	79b0ee8f09f0d7db6b98c7e4c3cbf509b137f74fe931a96b00829c48e974d246
1.0.7705/transactor/src-clj/hiccup/def.clj	exact-bundled-dependency	lib/hiccup-1.0.1.jar	dependency-or-resource		only-in-this-artifact	f17b861c1048e6dc7f550090bec970bfd2070c9c5372eb65b9d3e6e9618b5fab
1.0.7705/transactor/src-clj/hiccup/form.clj	exact-bundled-dependency	lib/hiccup-1.0.1.jar	dependency-or-resource		only-in-this-artifact	bb2f73fed32b541bdc753796b619a44edf961b1c3ac3e2b0bd4ecffdaa0be365
1.0.7705/transactor/src-clj/hiccup/page.clj	exact-bundled-dependency	lib/hiccup-1.0.1.jar	dependency-or-resource		only-in-this-artifact	91ba53879b7a8cf75d886546c6251be35c01e0261c3696920a54da1245b8b87d
1.0.7705/transactor/src-clj/hiccup/util.clj	exact-bundled-dependency	lib/hiccup-1.0.1.jar	dependency-or-resource		only-in-this-artifact	e40068c3e7090bacc5d117768ec3457af26e49a6458141663256f34275484389
1.0.7705/transactor/src-clj/liberator/conneg.clj	exact-bundled-dependency	lib/liberator-0.15.3.jar	dependency-or-resource		only-in-this-artifact	18ecc522bade7f380755c51761330ae1d0568d937a1b6888accb3bcf1c4b6608
1.0.7705/transactor/src-clj/liberator/core.clj	exact-bundled-dependency	lib/liberator-0.15.3.jar	dependency-or-resource		only-in-this-artifact	69a2b8625a4916f53a39b1c6e028c35f7ad43828ab55938c0bc79a9477bb949c
1.0.7705/transactor/src-clj/liberator/representation.clj	exact-bundled-dependency	lib/liberator-0.15.3.jar	dependency-or-resource		only-in-this-artifact	983959aac2f6adf68343dc4068f5a5e156bdb12c648dbc1edd01b5a3b04501b1
1.0.7705/transactor/src-clj/liberator/util.clj	exact-bundled-dependency	lib/liberator-0.15.3.jar	dependency-or-resource		only-in-this-artifact	01b304cfa74dcd2ce0b12be1ba0df6747d0ef345e9c5d96db22f19e95a432bb4
1.0.7705/transactor/src-clj/net/cgrand/moustache.clj	exact-bundled-dependency	lib/moustache-1.1.0.jar	dependency-or-resource		only-in-this-artifact	3b3775ae927f6a9981f665076eadbd5b21d1cfa0616471ded993af1f6e9f4769
1.0.7705/transactor/src-clj/ring/core/protocols.clj	exact-bundled-dependency	lib/ring-core-1.10.0.jar	dependency-or-resource		only-in-this-artifact	82b0220dab70a5d742e00d15c98ebff34cdc0382490ea77bb13d2afec6539cd2
1.0.7705/transactor/src-clj/ring/middleware/keyword_params.clj	exact-bundled-dependency	lib/ring-core-1.10.0.jar	dependency-or-resource		only-in-this-artifact	f887bfef018e6184a4ce2e55293fa84f16c413167ead408a60315fc8e5d352a8
1.0.7705/transactor/src-clj/ring/middleware/params.clj	exact-bundled-dependency	lib/ring-core-1.10.0.jar	dependency-or-resource		only-in-this-artifact	8606ae53ead821b99e8d524503cc8cae4768bafea726270ba8da923e9f5d2deb
1.0.7705/transactor/src-clj/ring/util/codec.clj	exact-bundled-dependency	lib/ring-codec-1.2.0.jar	dependency-or-resource		only-in-this-artifact	d0369e8c98ced16d2b8d19a49745c807b37638af5fbc59a811716f3737f5d697
1.0.7705/transactor/src-clj/ring/util/io.clj	exact-bundled-dependency	lib/ring-core-1.10.0.jar	dependency-or-resource		only-in-this-artifact	380b4f1cfa4a37cdfa4c0e5dc7039dfe349cad59740859516abcd426a236c8f5
1.0.7705/transactor/src-clj/ring/util/parsing.clj	exact-bundled-dependency	lib/ring-core-1.10.0.jar	dependency-or-resource		only-in-this-artifact	e9a9b06546fefad4de5b17ef7d8ac21ff64bb79022136b0e9ee93cacf1d8126c
1.0.7705/transactor/src-clj/ring/util/request.clj	exact-bundled-dependency	lib/ring-core-1.10.0.jar	dependency-or-resource		only-in-this-artifact	42bf652533f4248629e0ec6f5580c97a80dc483419d05632c0fb78f7cada8fb6
1.0.7705/transactor/src-clj/ring/util/response.clj	exact-bundled-dependency	lib/ring-core-1.10.0.jar	dependency-or-resource		only-in-this-artifact	43f3d704efb235c2da60424f99baa26162f6432e25d2af934cb3605a2d65c2be
1.0.7705/transactor/src-clj/ring/util/servlet.clj	exact-bundled-dependency	lib/ring-servlet-1.10.0.jar	dependency-or-resource		only-in-this-artifact	63b65f5e24b806866d1dcc6eb12269e82b94102b87125b2a3444ba86b4a4a675
1.0.7705/transactor/src-clj/ring/util/time.clj	exact-bundled-dependency	lib/ring-core-1.10.0.jar	dependency-or-resource		only-in-this-artifact	35e0eada360ce52f74188d4217a8ba1c1a70ecb48e38ea1583c80957beab22da
1.0.7705/transactor/src-java/com/datomic/impl/peer/ActiveMQInputStream.java	recovered-java-origin		shared-model-or-support-to-inspect	1.0.7705/peer/src-java/com/datomic/impl/peer/ActiveMQInputStream.java	byte-identical	82cfd44d3a33107143616c9cae4817480c371e3b6bfe50d42fda0de044465a8b
1.0.7705/transactor/src-java/com/datomic/lucene/store/DatomicThunk.java	recovered-java-origin		shared-model-or-support-to-inspect	1.0.7705/peer/src-java/com/datomic/lucene/store/DatomicThunk.java	byte-identical	504dba2b3868e675bc4a19c8599ac7d9094add4cb5fd66044448cce4a273cc57
1.0.7705/transactor/src-java/datomic/Attribute.java	recovered-java-origin		shared-model-or-support-to-inspect	1.0.7705/peer/src-java/datomic/Attribute.java	byte-identical	a5a90192c1a95c2477d11c58a2e195dbf9286a9aedf0030aaa8c67e587b80f41
1.0.7705/transactor/src-java/datomic/Connection.java	recovered-java-origin		application-and-transport-boundaries	1.0.7705/peer/src-java/datomic/Connection.java	byte-identical	172281b355060ad90cf7852436e61d82bbac1c85cca88115c7b267eaf324f9ec
1.0.7705/transactor/src-java/datomic/Database.java	recovered-java-origin		shared-model-or-support-to-inspect	1.0.7705/peer/src-java/datomic/Database.java	byte-identical	a65dcbb1ff7ad8ba321e04e70767db7a310074ef5f4a2a16fc009309581e6a95
1.0.7705/transactor/src-java/datomic/Datom.java	recovered-java-origin		shared-model-or-support-to-inspect	1.0.7705/peer/src-java/datomic/Datom.java	byte-identical	af09e726a46eb3f28109dd9161cc781bcecc8fbe755db3ec9d0b4d98892dcc38
1.0.7705/transactor/src-java/datomic/Entity.java	recovered-java-origin		query-navigation-and-search	1.0.7705/peer/src-java/datomic/Entity.java	byte-identical	af0504349b3bd27dc2738f940712dd8c7def9afd3676eb060c423c3258cc66ca
1.0.7705/transactor/src-java/datomic/ListenableFuture.java	recovered-java-origin		shared-model-or-support-to-inspect	1.0.7705/peer/src-java/datomic/ListenableFuture.java	byte-identical	a84bad7cf2ea9096374ce90ee931da0f4ac61134315da10a3b02db8209de6ae9
1.0.7705/transactor/src-java/datomic/Log.java	recovered-java-origin		shared-model-or-support-to-inspect	1.0.7705/peer/src-java/datomic/Log.java	byte-identical	e513c16bc547369f2264947481f9ded2df4de1e624de9030d9d36f7148db9225
1.0.7705/transactor/src-java/datomic/Peer.java	recovered-java-origin		application-and-transport-boundaries	1.0.7705/peer/src-java/datomic/Peer.java	byte-identical	1d7565d5e7950635144144a33c643a711fee779581b7612b9e960a4c795e4e45
1.0.7705/transactor/src-java/datomic/QueryRequest.java	recovered-java-origin		shared-model-or-support-to-inspect	1.0.7705/peer/src-java/datomic/QueryRequest.java	byte-identical	900f0115e38dcf70c7165b9d9ad22848c2165960f3bcdfd8d6f41a0c7c082bc9
1.0.7705/transactor/src-java/datomic/Util.java	recovered-java-origin		shared-model-or-support-to-inspect	1.0.7705/peer/src-java/datomic/Util.java	byte-identical	10492a45b17600ba1bf6fd08be33e3a59d66f257af0ab5c7a1fce9505ca0f11a
1.0.7705/transactor/src-java/datomic/functions/Fn.java	recovered-java-origin		jvm-callable-boundary	1.0.7705/peer/src-java/datomic/functions/Fn.java	byte-identical	8e53341aa771342614968ad3b744996c572c8090ef021745032b266536c900e8
1.0.7705/transactor/src-java/datomic/functions/Fn0.java	recovered-java-origin		jvm-callable-boundary	1.0.7705/peer/src-java/datomic/functions/Fn0.java	byte-identical	bf7f36ce561f66b34e4208caa4d0e562374c9d7081aaf0996125301390b6abbe
1.0.7705/transactor/src-java/datomic/functions/Fn1.java	recovered-java-origin		jvm-callable-boundary	1.0.7705/peer/src-java/datomic/functions/Fn1.java	byte-identical	27ada56c943e0c3abbeb4ef76738e56d7e246112ded71739c0295613f9a769de
1.0.7705/transactor/src-java/datomic/functions/Fn10.java	recovered-java-origin		jvm-callable-boundary	1.0.7705/peer/src-java/datomic/functions/Fn10.java	byte-identical	3c72044d80864e0bab8e0daaf4ddec89664ff17a9ba12b6b9d068ca1761ef49d
1.0.7705/transactor/src-java/datomic/functions/Fn2.java	recovered-java-origin		jvm-callable-boundary	1.0.7705/peer/src-java/datomic/functions/Fn2.java	byte-identical	9386883481b818ab8c367bede74bb23815fe5f64141048b843aaba226679672a
1.0.7705/transactor/src-java/datomic/functions/Fn3.java	recovered-java-origin		jvm-callable-boundary	1.0.7705/peer/src-java/datomic/functions/Fn3.java	byte-identical	2b33111f86f1640cf75c336b3e13e67eee0b31b1adbfd7ef335d6f145d8633b4
1.0.7705/transactor/src-java/datomic/functions/Fn4.java	recovered-java-origin		jvm-callable-boundary	1.0.7705/peer/src-java/datomic/functions/Fn4.java	byte-identical	7cfda4af7326e532ea49920e8684adcae0986d1cf25b4f53a08d6279529988b6
1.0.7705/transactor/src-java/datomic/functions/Fn5.java	recovered-java-origin		jvm-callable-boundary	1.0.7705/peer/src-java/datomic/functions/Fn5.java	byte-identical	82cb03d096c3435ba57eb60e2c3e121d0d3d9f25753a60ab067690f7f4fa9d15
1.0.7705/transactor/src-java/datomic/functions/Fn6.java	recovered-java-origin		jvm-callable-boundary	1.0.7705/peer/src-java/datomic/functions/Fn6.java	byte-identical	64a73d2cac4db404b44724f912732911b9227c4596d07a0e491e8062a9fc6b9d
1.0.7705/transactor/src-java/datomic/functions/Fn7.java	recovered-java-origin		jvm-callable-boundary	1.0.7705/peer/src-java/datomic/functions/Fn7.java	byte-identical	bfb3bbe494e1942bbfb97105faf2535b02f9325c6bf53f0190bb2c573ffc2900
1.0.7705/transactor/src-java/datomic/functions/Fn8.java	recovered-java-origin		jvm-callable-boundary	1.0.7705/peer/src-java/datomic/functions/Fn8.java	byte-identical	a1ea02543b0acad2a05e48bf393c39d00886b19d5cbd5485f5452ef6b57053ba
1.0.7705/transactor/src-java/datomic/functions/Fn9.java	recovered-java-origin		jvm-callable-boundary	1.0.7705/peer/src-java/datomic/functions/Fn9.java	byte-identical	f19c0690a76a99dc32446cef5fe8a1a2f0bb1a340be10e6b2d7c0b50da54e45d
1.0.7705/transactor/src-java/datomic/impl/Circular.java	recovered-java-origin		shared-model-or-support-to-inspect	1.0.7705/peer/src-java/datomic/impl/Circular.java	byte-identical	58339f8929e38ef5f7266d5fbafa261d98bb9d4a823aeaca0d71c7f4e568c4ea
1.0.7705/transactor/src-java/datomic/impl/Config.java	recovered-java-origin		shared-model-or-support-to-inspect	1.0.7705/peer/src-java/datomic/impl/Config.java	byte-identical	5b656f063a63d6edd1e5a80543f33291bbd258e7888e7fc2c06936a14bb96dfe
1.0.7705/transactor/src-java/datomic/impl/Exceptions.java	recovered-java-origin		storage-abstractions-and-providers	1.0.7705/peer/src-java/datomic/impl/Exceptions.java	byte-identical	f460658f450fa6d23b380d533dafd6632b1315b134fdc98795705abd9d7c6670
1.0.7705/transactor/src-java/datomic/impl/FnCacheLoader.java	recovered-java-origin		shared-model-or-support-to-inspect	1.0.7705/peer/src-java/datomic/impl/FnCacheLoader.java	byte-identical	8738026c4f83ea6c4e5605f01dee2ec685cd5e3d85a74a9fdbb2fc03f807dd8f
1.0.7705/transactor/src-java/datomic/impl/JavaByteUtil.java	recovered-java-origin		shared-model-or-support-to-inspect	1.0.7705/peer/src-java/datomic/impl/JavaByteUtil.java	byte-identical	2c5c2ab2903036593544cf44a73ebe0a72d5ebd4ea82417cfbfc464a424bfbf8
1.0.7705/transactor/src-java/datomic/impl/LoggedOutputStream.java	recovered-java-origin		shared-model-or-support-to-inspect	1.0.7705/peer/src-java/datomic/impl/LoggedOutputStream.java	byte-identical	f13b58abcfe8e9c353381b26da766f7a9c4f7544d278fd9392eef7ad5693631a
1.0.7705/transactor/src-java/datomic/impl/MersenneTwisterFast.java	recovered-java-origin		shared-model-or-support-to-inspect	1.0.7705/peer/src-java/datomic/impl/MersenneTwisterFast.java	same-path-not-byte-identical	6c8f1327e0494eed39b1cf56168911fa4a45eae85a6fec54852be1d1c6fd1e06
1.0.7705/transactor/src-java/datomic/impl/ModifiedFNVHash.java	recovered-java-origin		shared-model-or-support-to-inspect	1.0.7705/peer/src-java/datomic/impl/ModifiedFNVHash.java	byte-identical	147356c3bcfdc6eb28f9f8063a6f9262d5557cb5e919e09d91384054b50c646e
1.0.7705/transactor/src-java/datomic/impl/MurmurHash.java	recovered-java-origin		shared-model-or-support-to-inspect	1.0.7705/peer/src-java/datomic/impl/MurmurHash.java	byte-identical	c5eaa34577a79a9ebdcb0e610c2a09362e57daf556052d5b62e74c3d8aec27e0
1.0.7705/transactor/src-java/datomic/impl/PriorityExecutor.java	recovered-java-origin		storage-abstractions-and-providers	1.0.7705/peer/src-java/datomic/impl/PriorityExecutor.java	byte-identical	cedc4208b9a4f3cf5d9dcd8690ac7ca39c9ce060cff901873914751d9b00aa5d
1.0.7705/transactor/src-java/datomic/impl/Shell.java	recovered-java-origin		shared-model-or-support-to-inspect	1.0.7705/peer/src-java/datomic/impl/Shell.java	byte-identical	67e19c06074c5dfa2bdfbd10a5317ba1a01097043fd64213136c18e892bbb6a0
1.0.7705/transactor/src-java/datomic/impl/clusterfs/Closed.java	recovered-java-origin		shared-model-or-support-to-inspect	1.0.7705/peer/src-java/datomic/impl/clusterfs/Closed.java	byte-identical	6488de3187c85414adb9b6a50f1a52cea1c1e7e87191f7ebca4ca9b9469d7607
1.0.7705/transactor/src-java/datomic/impl/clusterfs/IClusterFS.java	recovered-java-origin		shared-model-or-support-to-inspect	1.0.7705/peer/src-java/datomic/impl/clusterfs/IClusterFS.java	byte-identical	4e2af3de2996c72f4cad0e1d75501b8efe4732d3213839c07328770d35a57551
1.0.7705/transactor/src-java/datomic/impl/db/IDatum.java	recovered-java-origin		shared-model-or-support-to-inspect	1.0.7705/peer/src-java/datomic/impl/db/IDatum.java	byte-identical	2b33d5fe3d03825ac79c9d43d8f524f0c1c910858cbd262ede724d523a089b94
1.0.7705/transactor/src-java/datomic/impl/lucene/ClusterDirectory.java	recovered-java-origin		shared-model-or-support-to-inspect	1.0.7705/peer/src-java/datomic/impl/lucene/ClusterDirectory.java	byte-identical	798d66a9a10ead5be6be0cbcf594e74f57d51f2d13b82cfc9159e35a75a377f1
1.0.7705/transactor/src-java/datomic/impl/lucene/ClusterIndexInput.java	recovered-java-origin		shared-model-or-support-to-inspect	1.0.7705/peer/src-java/datomic/impl/lucene/ClusterIndexInput.java	byte-identical	de911d1a41d5128029bc48f3dfd0f6fd6ae7ce572f3fbc699d3f35f6e59562f8
1.0.7705/transactor/src-java/datomic/impl/lucene/DirectoryRef.java	recovered-java-origin		shared-model-or-support-to-inspect	1.0.7705/peer/src-java/datomic/impl/lucene/DirectoryRef.java	byte-identical	58db4f128013c90d57af710a3c50212e53c0623f8e93baa790ba1ae0ae1d6e24
1.0.7705/transactor/src-java/datomic/impl/lucene/EmptyIndexInput.java	recovered-java-origin		shared-model-or-support-to-inspect	1.0.7705/peer/src-java/datomic/impl/lucene/EmptyIndexInput.java	byte-identical	9aab4bf4f403b20dc8afd99e27fe427e28a187a1d19853015a64e58c8b011517
1.0.7705/transactor/src-java/datomic/impl/lucene/HybridDirectory.java	recovered-java-origin		shared-model-or-support-to-inspect	1.0.7705/peer/src-java/datomic/impl/lucene/HybridDirectory.java	byte-identical	f799f0e7d3e4a980d4ce21f2cf0e77da8068e99285fec82027e8eef2e1bb64aa
1.0.7705/transactor/src-java/datomic_jetty/impl/ProxyHandler.java	recovered-java-origin		dependency-or-resource		only-in-this-artifact	8e4698b6fd2d792d3e8fc5bb745137954d53538dc4b4b184fdb8b18bad637a47
1.0.7705/transactor/src-java/org/eclipse/jetty/servlets/EventSource.java	recovered-java-origin		dependency-or-resource		only-in-this-artifact	ffeeb4d82d678a26034d7ddaabfd414dd5ecd6cf4289976f5de13a2a06729ece
1.0.7705/transactor/src-java/org/eclipse/jetty/servlets/EventSourceServlet.java	recovered-java-origin		dependency-or-resource		only-in-this-artifact	7116b72043b16ea1796ea10bd651f994ce6399cf43dc7bd3754f45a63912ee3c
