source_path	origin	counterpart_relation	counterpart_path	mechanism_family	current_rust_owner	trace_path	disposition
1.0.7705/peer/src-clj/data_readers.clj	exact-packaged-resource	only-in-this-artifact	-	exact-dependency-or-resource	-	datomic_pro_docs/00_start_here/00_introduction.atomic.md	Exact attributed dependency/resource; no annotation or mandatory native port required.
1.0.7705/peer/src-clj/datomic/adopter.clj	recovered-datomic-initializer	byte-identical	1.0.7705/transactor/src-clj/datomic/adopter.clj	peer-observation	src/peer/live.rs	datomic_pro_docs/07_peer_api/00_clojure/00_datomic_api.atomic.md	Captured values and advancing observation; no URI-global cache or reader-pin compatibility. Exact baseline pair shares one mechanism; no duplicate port or redundant annotation required.
1.0.7705/peer/src-clj/datomic/aggregation.clj	recovered-datomic-initializer	same-path-not-byte-identical	1.0.7705/transactor/src-clj/datomic/aggregation.clj	query-and-diagnostics	src/query/mod.rs	datomic_pro_docs/05_query_and_pull/02_query_reference.atomic.md	Native relational/result/control owner; qtune is optional diagnostic policy, not runtime scheduling parity. Nonidentical artifact copy: family mapping does not assert whole-file equivalence.
1.0.7705/peer/src-clj/datomic/anomalizer.clj	recovered-datomic-initializer	only-in-this-artifact	-	application-completion-errors	src/application/mod.rs	datomic_pro_docs/07_peer_api/00_clojure/00_datomic_api.atomic.md	Shared API/completion family; native bounded executor and typed errors replace JVM adapters.
1.0.7705/peer/src-clj/datomic/api.clj	recovered-datomic-initializer	same-path-not-byte-identical	1.0.7705/transactor/src-clj/datomic/api.clj	application-completion-errors	src/application/mod.rs	datomic_pro_docs/07_peer_api/00_clojure/00_datomic_api.atomic.md	Shared API/completion family; native bounded executor and typed errors replace JVM adapters. Nonidentical artifact copy: family mapping does not assert whole-file equivalence.
1.0.7705/peer/src-clj/datomic/artemis_client.clj	recovered-datomic-initializer	same-path-not-byte-identical	1.0.7705/transactor/src-clj/datomic/artemis_client.clj	peer-transport	src/application/transport/mod.rs	datomic_pro_docs/07_peer_api/00_clojure/00_datomic_api.atomic.md	Source broker notification/submission adapter; native local/TLS transport uses stable identity and receipts, not Artemis protocol. Nonidentical artifact copy: family mapping does not assert whole-file equivalence.
1.0.7705/peer/src-clj/datomic/assert.clj	recovered-datomic-initializer	same-path-not-byte-identical	1.0.7705/transactor/src-clj/datomic/assert.clj	transaction-admission	src/transaction/mod.rs	datomic_pro_docs/04_transactions/02_transaction_data.atomic.md	Native shared transaction admission/assessment; generated assertion expansion is not a separate engine. Nonidentical artifact copy: family mapping does not assert whole-file equivalence.
1.0.7705/peer/src-clj/datomic/async.clj	recovered-datomic-initializer	same-path-not-byte-identical	1.0.7705/transactor/src-clj/datomic/async.clj	application-completion-errors	src/application/mod.rs	datomic_pro_docs/07_peer_api/00_clojure/00_datomic_api.atomic.md	Shared API/completion family; native bounded executor and typed errors replace JVM adapters. Nonidentical artifact copy: family mapping does not assert whole-file equivalence.
1.0.7705/peer/src-clj/datomic/aws/client/anomalizer.clj	recovered-datomic-initializer	only-in-this-artifact	-	non-target-provider	-	datomic_pro_docs/08_operations/00_architecture_and_storage/00_storage_services.atomic.md	Non-target backend/vendor integration; no unsupported native provider is advertised.
1.0.7705/peer/src-clj/datomic/aws/client/api.clj	recovered-datomic-initializer	only-in-this-artifact	-	non-target-provider	-	datomic_pro_docs/08_operations/00_architecture_and_storage/00_storage_services.atomic.md	Non-target backend/vendor integration; no unsupported native provider is advertised.
1.0.7705/peer/src-clj/datomic/aws/client/datafy.clj	recovered-datomic-initializer	only-in-this-artifact	-	non-target-provider	-	datomic_pro_docs/08_operations/00_architecture_and_storage/00_storage_services.atomic.md	Non-target backend/vendor integration; no unsupported native provider is advertised.
1.0.7705/peer/src-clj/datomic/aws/client/impl/async.clj	recovered-datomic-initializer	only-in-this-artifact	-	non-target-provider	-	datomic_pro_docs/08_operations/00_architecture_and_storage/00_storage_services.atomic.md	Non-target backend/vendor integration; no unsupported native provider is advertised.
1.0.7705/peer/src-clj/datomic/aws/client/impl/sync.clj	recovered-datomic-initializer	only-in-this-artifact	-	non-target-provider	-	datomic_pro_docs/08_operations/00_architecture_and_storage/00_storage_services.atomic.md	Non-target backend/vendor integration; no unsupported native provider is advertised.
1.0.7705/peer/src-clj/datomic/aws/client/registry.clj	recovered-datomic-initializer	only-in-this-artifact	-	non-target-provider	-	datomic_pro_docs/08_operations/00_architecture_and_storage/00_storage_services.atomic.md	Non-target backend/vendor integration; no unsupported native provider is advertised.
1.0.7705/peer/src-clj/datomic/aws/client/util.clj	recovered-datomic-initializer	only-in-this-artifact	-	non-target-provider	-	datomic_pro_docs/08_operations/00_architecture_and_storage/00_storage_services.atomic.md	Non-target backend/vendor integration; no unsupported native provider is advertised.
1.0.7705/peer/src-clj/datomic/aws_detect.clj	recovered-datomic-initializer	byte-identical	1.0.7705/transactor/src-clj/datomic/aws_detect.clj	non-target-provider	-	datomic_pro_docs/08_operations/00_architecture_and_storage/00_storage_services.atomic.md	Non-target backend/vendor integration; no unsupported native provider is advertised. Exact baseline pair shares one mechanism; no duplicate port or redundant annotation required.
1.0.7705/peer/src-clj/datomic/aws_monitor.clj	recovered-datomic-initializer	same-path-not-byte-identical	1.0.7705/transactor/src-clj/datomic/aws_monitor.clj	non-target-provider	-	datomic_pro_docs/08_operations/00_architecture_and_storage/00_storage_services.atomic.md	Non-target backend/vendor integration; no unsupported native provider is advertised. Nonidentical artifact copy: family mapping does not assert whole-file equivalence.
1.0.7705/peer/src-clj/datomic/backup.clj	recovered-datomic-initializer	same-path-not-byte-identical	1.0.7705/transactor/src-clj/datomic/backup.clj	backup-and-restore	src/backup/mod.rs	datomic_pro_docs/08_operations/01_capacity_and_reliability/02_backup_and_restore.atomic.md	Native coherent point/capture/offline reader/verification/restore; not source repository-format compatibility. Nonidentical artifact copy: family mapping does not assert whole-file equivalence.
1.0.7705/peer/src-clj/datomic/btset.clj	recovered-datomic-initializer	same-path-not-byte-identical	1.0.7705/transactor/src-clj/datomic/btset.clj	ordered-structures	src/index/mod.rs	datomic_pro_docs/06_indexes/01_index_model.atomic.md	Shared immutable trees, sorted traversal and bounded build; source representation differs from native codec. Nonidentical artifact copy: family mapping does not assert whole-file equivalence.
1.0.7705/peer/src-clj/datomic/builtins.clj	recovered-datomic-initializer	same-path-not-byte-identical	1.0.7705/transactor/src-clj/datomic/builtins.clj	model-schema-value	src/model/mod.rs	datomic_pro_docs/03_schema/03_identity_and_uniqueness.atomic.md	Shared native value/schema/identity contracts; db also has transaction and temporal owners traced by companions. Nonidentical artifact copy: family mapping does not assert whole-file equivalence.
1.0.7705/peer/src-clj/datomic/cache.clj	recovered-datomic-initializer	same-path-not-byte-identical	1.0.7705/transactor/src-clj/datomic/cache.clj	cache-composition	src/index/tree/cache.rs	datomic_pro_docs/08_operations/02_observability_and_tuning/01_memory_and_caching.atomic.md	Shared immutable object/cache policy family; sizing estimates and Caffeine internals are not native RSS or eviction equivalence. Nonidentical artifact copy: family mapping does not assert whole-file equivalence.
1.0.7705/peer/src-clj/datomic/cache/caffeine.clj	recovered-datomic-initializer	same-path-not-byte-identical	1.0.7705/transactor/src-clj/datomic/cache/caffeine.clj	cache-composition	src/index/tree/cache.rs	datomic_pro_docs/08_operations/02_observability_and_tuning/01_memory_and_caching.atomic.md	Shared immutable object/cache policy family; sizing estimates and Caffeine internals are not native RSS or eviction equivalence. Nonidentical artifact copy: family mapping does not assert whole-file equivalence.
1.0.7705/peer/src-clj/datomic/cache/impl.clj	recovered-datomic-initializer	same-path-not-byte-identical	1.0.7705/transactor/src-clj/datomic/cache/impl.clj	cache-composition	src/index/tree/cache.rs	datomic_pro_docs/08_operations/02_observability_and_tuning/01_memory_and_caching.atomic.md	Shared immutable object/cache policy family; sizing estimates and Caffeine internals are not native RSS or eviction equivalence. Nonidentical artifact copy: family mapping does not assert whole-file equivalence.
1.0.7705/peer/src-clj/datomic/callback.clj	recovered-datomic-initializer	same-path-not-byte-identical	1.0.7705/transactor/src-clj/datomic/callback.clj	application-completion-errors	src/application/mod.rs	datomic_pro_docs/07_peer_api/00_clojure/00_datomic_api.atomic.md	Shared API/completion family; native bounded executor and typed errors replace JVM adapters. Nonidentical artifact copy: family mapping does not assert whole-file equivalence.
1.0.7705/peer/src-clj/datomic/cassandra.clj	recovered-datomic-initializer	same-path-not-byte-identical	1.0.7705/transactor/src-clj/datomic/cassandra.clj	non-target-provider	-	datomic_pro_docs/08_operations/00_architecture_and_storage/00_storage_services.atomic.md	Non-target backend/vendor integration; no unsupported native provider is advertised. Nonidentical artifact copy: family mapping does not assert whole-file equivalence.
1.0.7705/peer/src-clj/datomic/cassandra_v4.clj	recovered-datomic-initializer	same-path-not-byte-identical	1.0.7705/transactor/src-clj/datomic/cassandra_v4.clj	non-target-provider	-	datomic_pro_docs/08_operations/00_architecture_and_storage/00_storage_services.atomic.md	Non-target backend/vendor integration; no unsupported native provider is advertised. Nonidentical artifact copy: family mapping does not assert whole-file equivalence.
1.0.7705/peer/src-clj/datomic/cassandra_values.clj	recovered-datomic-initializer	same-path-not-byte-identical	1.0.7705/transactor/src-clj/datomic/cassandra_values.clj	non-target-provider	-	datomic_pro_docs/08_operations/00_architecture_and_storage/00_storage_services.atomic.md	Non-target backend/vendor integration; no unsupported native provider is advertised. Nonidentical artifact copy: family mapping does not assert whole-file equivalence.
1.0.7705/peer/src-clj/datomic/cassandra_values_v4.clj	recovered-datomic-initializer	same-path-not-byte-identical	1.0.7705/transactor/src-clj/datomic/cassandra_values_v4.clj	non-target-provider	-	datomic_pro_docs/08_operations/00_architecture_and_storage/00_storage_services.atomic.md	Non-target backend/vendor integration; no unsupported native provider is advertised. Nonidentical artifact copy: family mapping does not assert whole-file equivalence.
1.0.7705/peer/src-clj/datomic/cast2slf4j.clj	recovered-datomic-initializer	same-path-not-byte-identical	1.0.7705/transactor/src-clj/datomic/cast2slf4j.clj	non-target-client-server	-	datomic_pro_docs/09_optional/00_pro_client/03_client_library_reference.atomic.md	Non-target HTTP/Cloud/JVM service integration; native peer-local APIs are traced separately. Nonidentical artifact copy: family mapping does not assert whole-file equivalence.
1.0.7705/peer/src-clj/datomic/catalog.clj	recovered-datomic-initializer	same-path-not-byte-identical	1.0.7705/transactor/src-clj/datomic/catalog.clj	storage-catalog	src/storage/mod.rs	datomic_pro_docs/08_operations/00_architecture_and_storage/00_storage_services.atomic.md	Opaque objects/conditional references and shared catalog; provider/backend-specific behavior is not native parity. Nonidentical artifact copy: family mapping does not assert whole-file equivalence.
1.0.7705/peer/src-clj/datomic/cleanup.clj	recovered-datomic-initializer	same-path-not-byte-identical	1.0.7705/transactor/src-clj/datomic/cleanup.clj	host-operations-support	src/operations/mod.rs	datomic_pro_docs/08_operations/00_architecture_and_storage/02_datomic_deployment.atomic.md	Coherent host/config/diagnostic support family; native explicit configuration/operations replace JVM supervision and presentation helpers. Nonidentical artifact copy: family mapping does not assert whole-file equivalence.
1.0.7705/peer/src-clj/datomic/cli.clj	recovered-datomic-initializer	same-path-not-byte-identical	1.0.7705/transactor/src-clj/datomic/cli.clj	host-operations-support	src/operations/mod.rs	datomic_pro_docs/08_operations/00_architecture_and_storage/02_datomic_deployment.atomic.md	Coherent host/config/diagnostic support family; native explicit configuration/operations replace JVM supervision and presentation helpers. Nonidentical artifact copy: family mapping does not assert whole-file equivalence.
1.0.7705/peer/src-clj/datomic/cloudwatch.clj	recovered-datomic-initializer	same-path-not-byte-identical	1.0.7705/transactor/src-clj/datomic/cloudwatch.clj	non-target-provider	-	datomic_pro_docs/08_operations/00_architecture_and_storage/00_storage_services.atomic.md	AWS monitoring integration; no native CloudWatch contract. Nonidentical artifact copy: family mapping does not assert whole-file equivalence.
1.0.7705/peer/src-clj/datomic/cluster.clj	recovered-datomic-initializer	same-path-not-byte-identical	1.0.7705/transactor/src-clj/datomic/cluster.clj	storage-catalog	src/storage/mod.rs	datomic_pro_docs/08_operations/00_architecture_and_storage/00_storage_services.atomic.md	Opaque objects/conditional references and shared catalog; provider/backend-specific behavior is not native parity. Nonidentical artifact copy: family mapping does not assert whole-file equivalence.
1.0.7705/peer/src-clj/datomic/cluster_stack.clj	recovered-datomic-initializer	same-path-not-byte-identical	1.0.7705/transactor/src-clj/datomic/cluster_stack.clj	storage-catalog	src/storage/mod.rs	datomic_pro_docs/08_operations/00_architecture_and_storage/00_storage_services.atomic.md	Opaque objects/conditional references and shared catalog; provider/backend-specific behavior is not native parity. Nonidentical artifact copy: family mapping does not assert whole-file equivalence.
1.0.7705/peer/src-clj/datomic/clusterfs.clj	recovered-datomic-initializer	same-path-not-byte-identical	1.0.7705/transactor/src-clj/datomic/clusterfs.clj	storage-catalog	src/storage/mod.rs	datomic_pro_docs/08_operations/00_architecture_and_storage/00_storage_services.atomic.md	Opaque objects/conditional references and shared catalog; provider/backend-specific behavior is not native parity. Nonidentical artifact copy: family mapping does not assert whole-file equivalence.
1.0.7705/peer/src-clj/datomic/codec.clj	recovered-datomic-initializer	byte-identical	1.0.7705/transactor/src-clj/datomic/codec.clj	encoding-and-host-primitives	src/storage/codec.rs	datomic_pro_docs/02_core_concepts/01_programming_with_data_and_edn.atomic.md	Native exact values/codecs; Fressian tags, JVM buffer/hash/random helpers are not format compatibility. Exact baseline pair shares one mechanism; no duplicate port or redundant annotation required.
1.0.7705/peer/src-clj/datomic/combined_cluster.clj	recovered-datomic-initializer	byte-identical	1.0.7705/transactor/src-clj/datomic/combined_cluster.clj	storage-catalog	src/storage/mod.rs	datomic_pro_docs/08_operations/00_architecture_and_storage/00_storage_services.atomic.md	Opaque objects/conditional references and shared catalog; provider/backend-specific behavior is not native parity. Exact baseline pair shares one mechanism; no duplicate port or redundant annotation required.
1.0.7705/peer/src-clj/datomic/common.clj	recovered-datomic-initializer	same-path-not-byte-identical	1.0.7705/transactor/src-clj/datomic/common.clj	model-schema-value	src/model/mod.rs	datomic_pro_docs/03_schema/03_identity_and_uniqueness.atomic.md	Shared native value/schema/identity contracts; db also has transaction and temporal owners traced by companions. Nonidentical artifact copy: family mapping does not assert whole-file equivalence.
1.0.7705/peer/src-clj/datomic/config.clj	recovered-datomic-initializer	same-path-not-byte-identical	1.0.7705/transactor/src-clj/datomic/config.clj	host-operations-support	src/operations/mod.rs	datomic_pro_docs/08_operations/00_architecture_and_storage/02_datomic_deployment.atomic.md	Coherent host/config/diagnostic support family; native explicit configuration/operations replace JVM supervision and presentation helpers. Nonidentical artifact copy: family mapping does not assert whole-file equivalence.
1.0.7705/peer/src-clj/datomic/config_ext.clj	recovered-datomic-initializer	same-path-not-byte-identical	1.0.7705/transactor/src-clj/datomic/config_ext.clj	host-operations-support	src/operations/mod.rs	datomic_pro_docs/08_operations/00_architecture_and_storage/02_datomic_deployment.atomic.md	Coherent host/config/diagnostic support family; native explicit configuration/operations replace JVM supervision and presentation helpers. Nonidentical artifact copy: family mapping does not assert whole-file equivalence.
1.0.7705/peer/src-clj/datomic/connector.clj	recovered-datomic-initializer	same-path-not-byte-identical	1.0.7705/transactor/src-clj/datomic/connector.clj	peer-transport	src/application/transport/mod.rs	datomic_pro_docs/07_peer_api/00_clojure/00_datomic_api.atomic.md	Source broker notification/submission adapter; native local/TLS transport uses stable identity and receipts, not Artemis protocol. Nonidentical artifact copy: family mapping does not assert whole-file equivalence.
1.0.7705/peer/src-clj/datomic/coordination.clj	recovered-datomic-initializer	same-path-not-byte-identical	1.0.7705/transactor/src-clj/datomic/coordination.clj	writer-lifecycle	src/transactor/mod.rs	datomic_pro_docs/08_operations/01_capacity_and_reliability/01_high_availability.atomic.md	Native authority and observation fences; source deployment/pipeline adaptations are explicit. Nonidentical artifact copy: family mapping does not assert whole-file equivalence.
1.0.7705/peer/src-clj/datomic/coordination_ext.clj	recovered-datomic-initializer	same-path-not-byte-identical	1.0.7705/transactor/src-clj/datomic/coordination_ext.clj	writer-lifecycle	src/transactor/mod.rs	datomic_pro_docs/08_operations/01_capacity_and_reliability/01_high_availability.atomic.md	Native authority and observation fences; source deployment/pipeline adaptations are explicit. Nonidentical artifact copy: family mapping does not assert whole-file equivalence.
1.0.7705/peer/src-clj/datomic/core2/algo/hash.clj	recovered-datomic-initializer	only-in-this-artifact	-	alternate-storage-support	src/storage/mod.rs	datomic_pro_docs/08_operations/00_architecture_and_storage/00_storage_services.atomic.md	Family disposition: opaque storage/guard/retry roles are native; Cloud core2 implementation and all failure schedules are not claimed.
1.0.7705/peer/src-clj/datomic/core2/algo/lazy.clj	recovered-datomic-initializer	only-in-this-artifact	-	alternate-storage-support	src/storage/mod.rs	datomic_pro_docs/08_operations/00_architecture_and_storage/00_storage_services.atomic.md	Family disposition: opaque storage/guard/retry roles are native; Cloud core2 implementation and all failure schedules are not claimed.
1.0.7705/peer/src-clj/datomic/core2/algo/search.clj	recovered-datomic-initializer	only-in-this-artifact	-	alternate-storage-support	src/storage/mod.rs	datomic_pro_docs/08_operations/00_architecture_and_storage/00_storage_services.atomic.md	Family disposition: opaque storage/guard/retry roles are native; Cloud core2 implementation and all failure schedules are not claimed.
1.0.7705/peer/src-clj/datomic/core2/anomalies.clj	recovered-datomic-initializer	only-in-this-artifact	-	alternate-storage-support	src/storage/mod.rs	datomic_pro_docs/08_operations/00_architecture_and_storage/00_storage_services.atomic.md	Family disposition: opaque storage/guard/retry roles are native; Cloud core2 implementation and all failure schedules are not claimed.
1.0.7705/peer/src-clj/datomic/core2/anomalizer.clj	recovered-datomic-initializer	only-in-this-artifact	-	alternate-storage-support	src/storage/mod.rs	datomic_pro_docs/08_operations/00_architecture_and_storage/00_storage_services.atomic.md	Family disposition: opaque storage/guard/retry roles are native; Cloud core2 implementation and all failure schedules are not claimed.
1.0.7705/peer/src-clj/datomic/core2/anomalizer/aws/sdkv1.clj	recovered-datomic-initializer	only-in-this-artifact	-	alternate-storage-support	src/storage/mod.rs	datomic_pro_docs/08_operations/00_architecture_and_storage/00_storage_services.atomic.md	Family disposition: opaque storage/guard/retry roles are native; Cloud core2 implementation and all failure schedules are not claimed.
1.0.7705/peer/src-clj/datomic/core2/async.clj	recovered-datomic-initializer	only-in-this-artifact	-	alternate-storage-support	src/storage/mod.rs	datomic_pro_docs/08_operations/00_architecture_and_storage/00_storage_services.atomic.md	Family disposition: opaque storage/guard/retry roles are native; Cloud core2 implementation and all failure schedules are not claimed.
1.0.7705/peer/src-clj/datomic/core2/atom.clj	recovered-datomic-initializer	only-in-this-artifact	-	alternate-storage-support	src/storage/mod.rs	datomic_pro_docs/08_operations/00_architecture_and_storage/00_storage_services.atomic.md	Family disposition: opaque storage/guard/retry roles are native; Cloud core2 implementation and all failure schedules are not claimed.
1.0.7705/peer/src-clj/datomic/core2/atom/logged.clj	recovered-datomic-initializer	only-in-this-artifact	-	alternate-storage-support	src/storage/mod.rs	datomic_pro_docs/08_operations/00_architecture_and_storage/00_storage_services.atomic.md	Family disposition: opaque storage/guard/retry roles are native; Cloud core2 implementation and all failure schedules are not claimed.
1.0.7705/peer/src-clj/datomic/core2/atom/spi.clj	recovered-datomic-initializer	only-in-this-artifact	-	alternate-storage-support	src/storage/mod.rs	datomic_pro_docs/08_operations/00_architecture_and_storage/00_storage_services.atomic.md	Family disposition: opaque storage/guard/retry roles are native; Cloud core2 implementation and all failure schedules are not claimed.
1.0.7705/peer/src-clj/datomic/core2/aws/ddb.clj	recovered-datomic-initializer	only-in-this-artifact	-	non-target-provider	-	datomic_pro_docs/08_operations/00_architecture_and_storage/00_storage_services.atomic.md	Non-target backend/vendor integration; no unsupported native provider is advertised.
1.0.7705/peer/src-clj/datomic/core2/aws/helpers.clj	recovered-datomic-initializer	only-in-this-artifact	-	non-target-provider	-	datomic_pro_docs/08_operations/00_architecture_and_storage/00_storage_services.atomic.md	Non-target backend/vendor integration; no unsupported native provider is advertised.
1.0.7705/peer/src-clj/datomic/core2/aws/s3/aws_api.clj	recovered-datomic-initializer	only-in-this-artifact	-	non-target-provider	-	datomic_pro_docs/08_operations/00_architecture_and_storage/00_storage_services.atomic.md	Non-target backend/vendor integration; no unsupported native provider is advertised.
1.0.7705/peer/src-clj/datomic/core2/aws/s3/sdkv1.clj	recovered-datomic-initializer	only-in-this-artifact	-	non-target-provider	-	datomic_pro_docs/08_operations/00_architecture_and_storage/00_storage_services.atomic.md	Non-target backend/vendor integration; no unsupported native provider is advertised.
1.0.7705/peer/src-clj/datomic/core2/aws/s3/sdkv2.clj	recovered-datomic-initializer	only-in-this-artifact	-	non-target-provider	-	datomic_pro_docs/08_operations/00_architecture_and_storage/00_storage_services.atomic.md	Non-target backend/vendor integration; no unsupported native provider is advertised.
1.0.7705/peer/src-clj/datomic/core2/datafy.clj	recovered-datomic-initializer	only-in-this-artifact	-	alternate-storage-support	src/storage/mod.rs	datomic_pro_docs/08_operations/00_architecture_and_storage/00_storage_services.atomic.md	Family disposition: opaque storage/guard/retry roles are native; Cloud core2 implementation and all failure schedules are not claimed.
1.0.7705/peer/src-clj/datomic/core2/log.clj	recovered-datomic-initializer	only-in-this-artifact	-	alternate-storage-support	src/storage/mod.rs	datomic_pro_docs/08_operations/00_architecture_and_storage/00_storage_services.atomic.md	Family disposition: opaque storage/guard/retry roles are native; Cloud core2 implementation and all failure schedules are not claimed.
1.0.7705/peer/src-clj/datomic/core2/log/ddb.clj	recovered-datomic-initializer	only-in-this-artifact	-	alternate-storage-support	src/storage/mod.rs	datomic_pro_docs/08_operations/00_architecture_and_storage/00_storage_services.atomic.md	Family disposition: opaque storage/guard/retry roles are native; Cloud core2 implementation and all failure schedules are not claimed.
1.0.7705/peer/src-clj/datomic/core2/log/mem.clj	recovered-datomic-initializer	only-in-this-artifact	-	alternate-storage-support	src/storage/mod.rs	datomic_pro_docs/08_operations/00_architecture_and_storage/00_storage_services.atomic.md	Family disposition: opaque storage/guard/retry roles are native; Cloud core2 implementation and all failure schedules are not claimed.
1.0.7705/peer/src-clj/datomic/core2/log/spi.clj	recovered-datomic-initializer	only-in-this-artifact	-	alternate-storage-support	src/storage/mod.rs	datomic_pro_docs/08_operations/00_architecture_and_storage/00_storage_services.atomic.md	Family disposition: opaque storage/guard/retry roles are native; Cloud core2 implementation and all failure schedules are not claimed.
1.0.7705/peer/src-clj/datomic/core2/retry.clj	recovered-datomic-initializer	only-in-this-artifact	-	alternate-storage-support	src/storage/mod.rs	datomic_pro_docs/08_operations/00_architecture_and_storage/00_storage_services.atomic.md	Family disposition: opaque storage/guard/retry roles are native; Cloud core2 implementation and all failure schedules are not claimed.
1.0.7705/peer/src-clj/datomic/core2/thread.clj	recovered-datomic-initializer	only-in-this-artifact	-	alternate-storage-support	src/storage/mod.rs	datomic_pro_docs/08_operations/00_architecture_and_storage/00_storage_services.atomic.md	Family disposition: opaque storage/guard/retry roles are native; Cloud core2 implementation and all failure schedules are not claimed.
1.0.7705/peer/src-clj/datomic/core2/val_store.clj	recovered-datomic-initializer	only-in-this-artifact	-	alternate-storage-support	src/storage/mod.rs	datomic_pro_docs/08_operations/00_architecture_and_storage/00_storage_services.atomic.md	Family disposition: opaque storage/guard/retry roles are native; Cloud core2 implementation and all failure schedules are not claimed.
1.0.7705/peer/src-clj/datomic/core2/val_store/double_store.clj	recovered-datomic-initializer	only-in-this-artifact	-	alternate-storage-support	src/storage/mod.rs	datomic_pro_docs/08_operations/00_architecture_and_storage/00_storage_services.atomic.md	Family disposition: opaque storage/guard/retry roles are native; Cloud core2 implementation and all failure schedules are not claimed.
1.0.7705/peer/src-clj/datomic/core2/val_store/fs.clj	recovered-datomic-initializer	only-in-this-artifact	-	alternate-storage-support	src/storage/mod.rs	datomic_pro_docs/08_operations/00_architecture_and_storage/00_storage_services.atomic.md	Family disposition: opaque storage/guard/retry roles are native; Cloud core2 implementation and all failure schedules are not claimed.
1.0.7705/peer/src-clj/datomic/core2/val_store/s3.clj	recovered-datomic-initializer	only-in-this-artifact	-	alternate-storage-support	src/storage/mod.rs	datomic_pro_docs/08_operations/00_architecture_and_storage/00_storage_services.atomic.md	Family disposition: opaque storage/guard/retry roles are native; Cloud core2 implementation and all failure schedules are not claimed.
1.0.7705/peer/src-clj/datomic/core2/val_store/s3/aws_api.clj	recovered-datomic-initializer	only-in-this-artifact	-	alternate-storage-support	src/storage/mod.rs	datomic_pro_docs/08_operations/00_architecture_and_storage/00_storage_services.atomic.md	Family disposition: opaque storage/guard/retry roles are native; Cloud core2 implementation and all failure schedules are not claimed.
1.0.7705/peer/src-clj/datomic/core2/val_store/s3/sdkv1.clj	recovered-datomic-initializer	only-in-this-artifact	-	alternate-storage-support	src/storage/mod.rs	datomic_pro_docs/08_operations/00_architecture_and_storage/00_storage_services.atomic.md	Family disposition: opaque storage/guard/retry roles are native; Cloud core2 implementation and all failure schedules are not claimed.
1.0.7705/peer/src-clj/datomic/core2/val_store/s3/sdkv2.clj	recovered-datomic-initializer	only-in-this-artifact	-	alternate-storage-support	src/storage/mod.rs	datomic_pro_docs/08_operations/00_architecture_and_storage/00_storage_services.atomic.md	Family disposition: opaque storage/guard/retry roles are native; Cloud core2 implementation and all failure schedules are not claimed.
1.0.7705/peer/src-clj/datomic/core2/val_store/spi.clj	recovered-datomic-initializer	only-in-this-artifact	-	alternate-storage-support	src/storage/mod.rs	datomic_pro_docs/08_operations/00_architecture_and_storage/00_storage_services.atomic.md	Family disposition: opaque storage/guard/retry roles are native; Cloud core2 implementation and all failure schedules are not claimed.
1.0.7705/peer/src-clj/datomic/crypto.clj	recovered-datomic-initializer	same-path-not-byte-identical	1.0.7705/transactor/src-clj/datomic/crypto.clj	encoding-and-host-primitives	src/storage/codec.rs	datomic_pro_docs/02_core_concepts/01_programming_with_data_and_edn.atomic.md	Native exact values/codecs; Fressian tags, JVM buffer/hash/random helpers are not format compatibility. Nonidentical artifact copy: family mapping does not assert whole-file equivalence.
1.0.7705/peer/src-clj/datomic/data.clj	recovered-datomic-initializer	byte-identical	1.0.7705/transactor/src-clj/datomic/data.clj	encoding-and-host-primitives	src/storage/codec.rs	datomic_pro_docs/02_core_concepts/01_programming_with_data_and_edn.atomic.md	Native exact values/codecs; Fressian tags, JVM buffer/hash/random helpers are not format compatibility. Exact baseline pair shares one mechanism; no duplicate port or redundant annotation required.
1.0.7705/peer/src-clj/datomic/datafy.clj	recovered-datomic-initializer	same-path-not-byte-identical	1.0.7705/transactor/src-clj/datomic/datafy.clj	host-operations-support	src/operations/mod.rs	datomic_pro_docs/08_operations/00_architecture_and_storage/02_datomic_deployment.atomic.md	Coherent host/config/diagnostic support family; native explicit configuration/operations replace JVM supervision and presentation helpers. Nonidentical artifact copy: family mapping does not assert whole-file equivalence.
1.0.7705/peer/src-clj/datomic/datalog.clj	recovered-datomic-initializer	same-path-not-byte-identical	1.0.7705/transactor/src-clj/datomic/datalog.clj	query-and-diagnostics	src/query/mod.rs	datomic_pro_docs/05_query_and_pull/02_query_reference.atomic.md	Native relational/result/control owner; qtune is optional diagnostic policy, not runtime scheduling parity. Nonidentical artifact copy: family mapping does not assert whole-file equivalence.
1.0.7705/peer/src-clj/datomic/db.clj	recovered-datomic-initializer	same-path-not-byte-identical	1.0.7705/transactor/src-clj/datomic/db.clj	model-schema-value	src/model/mod.rs	datomic_pro_docs/03_schema/03_identity_and_uniqueness.atomic.md	Shared native value/schema/identity contracts; db also has transaction and temporal owners traced by companions. Nonidentical artifact copy: family mapping does not assert whole-file equivalence.
1.0.7705/peer/src-clj/datomic/db_io.clj	recovered-datomic-initializer	same-path-not-byte-identical	1.0.7705/transactor/src-clj/datomic/db_io.clj	peer-observation	src/peer/live.rs	datomic_pro_docs/07_peer_api/00_clojure/00_datomic_api.atomic.md	Captured values and advancing observation; no URI-global cache or reader-pin compatibility. Nonidentical artifact copy: family mapping does not assert whole-file equivalence.
1.0.7705/peer/src-clj/datomic/ddb.clj	recovered-datomic-initializer	same-path-not-byte-identical	1.0.7705/transactor/src-clj/datomic/ddb.clj	non-target-provider	-	datomic_pro_docs/08_operations/00_architecture_and_storage/00_storage_services.atomic.md	Non-target backend/vendor integration; no unsupported native provider is advertised. Nonidentical artifact copy: family mapping does not assert whole-file equivalence.
1.0.7705/peer/src-clj/datomic/ddb_cluster.clj	recovered-datomic-initializer	same-path-not-byte-identical	1.0.7705/transactor/src-clj/datomic/ddb_cluster.clj	non-target-provider	-	datomic_pro_docs/08_operations/00_architecture_and_storage/00_storage_services.atomic.md	Non-target backend/vendor integration; no unsupported native provider is advertised. Nonidentical artifact copy: family mapping does not assert whole-file equivalence.
1.0.7705/peer/src-clj/datomic/ddb_s3_cluster.clj	recovered-datomic-initializer	same-path-not-byte-identical	1.0.7705/transactor/src-clj/datomic/ddb_s3_cluster.clj	non-target-provider	-	datomic_pro_docs/08_operations/00_architecture_and_storage/00_storage_services.atomic.md	Non-target backend/vendor integration; no unsupported native provider is advertised. Nonidentical artifact copy: family mapping does not assert whole-file equivalence.
1.0.7705/peer/src-clj/datomic/ddb_values.clj	recovered-datomic-initializer	same-path-not-byte-identical	1.0.7705/transactor/src-clj/datomic/ddb_values.clj	non-target-provider	-	datomic_pro_docs/08_operations/00_architecture_and_storage/00_storage_services.atomic.md	Non-target backend/vendor integration; no unsupported native provider is advertised. Nonidentical artifact copy: family mapping does not assert whole-file equivalence.
1.0.7705/peer/src-clj/datomic/domain.clj	recovered-datomic-initializer	same-path-not-byte-identical	1.0.7705/transactor/src-clj/datomic/domain.clj	cache-composition	src/index/tree/cache.rs	datomic_pro_docs/08_operations/02_observability_and_tuning/01_memory_and_caching.atomic.md	Shared immutable object/cache policy family; sizing estimates and Caffeine internals are not native RSS or eviction equivalence. Nonidentical artifact copy: family mapping does not assert whole-file equivalence.
1.0.7705/peer/src-clj/datomic/error.clj	recovered-datomic-initializer	same-path-not-byte-identical	1.0.7705/transactor/src-clj/datomic/error.clj	application-completion-errors	src/application/mod.rs	datomic_pro_docs/07_peer_api/00_clojure/00_datomic_api.atomic.md	Shared API/completion family; native bounded executor and typed errors replace JVM adapters. Nonidentical artifact copy: family mapping does not assert whole-file equivalence.
1.0.7705/peer/src-clj/datomic/excise.clj	recovered-datomic-initializer	same-path-not-byte-identical	1.0.7705/transactor/src-clj/datomic/excise.clj	excision-reclamation	src/operations/reclamation.rs	datomic_pro_docs/09_optional/02_specialized_operations/02_excision.atomic.md	Native logical removal and retirement/protection epochs; no held-reader pin. Nonidentical artifact copy: family mapping does not assert whole-file equivalence.
1.0.7705/peer/src-clj/datomic/extension_resolver.clj	recovered-datomic-initializer	same-path-not-byte-identical	1.0.7705/transactor/src-clj/datomic/extension_resolver.clj	pull-and-entity	src/pull/mod.rs	datomic_pro_docs/05_query_and_pull/03_pull.atomic.md	Native navigation and explicit transform registration; JVM namespace loading is not required. Nonidentical artifact copy: family mapping does not assert whole-file equivalence.
1.0.7705/peer/src-clj/datomic/extensions.clj	recovered-datomic-initializer	same-path-not-byte-identical	1.0.7705/transactor/src-clj/datomic/extensions.clj	query-and-diagnostics	src/query/mod.rs	datomic_pro_docs/05_query_and_pull/02_query_reference.atomic.md	Native relational/result/control owner; qtune is optional diagnostic policy, not runtime scheduling parity. Nonidentical artifact copy: family mapping does not assert whole-file equivalence.
1.0.7705/peer/src-clj/datomic/external_sort.clj	recovered-datomic-initializer	same-path-not-byte-identical	1.0.7705/transactor/src-clj/datomic/external_sort.clj	ordered-structures	src/index/mod.rs	datomic_pro_docs/06_indexes/01_index_model.atomic.md	Shared immutable trees, sorted traversal and bounded build; source representation differs from native codec. Nonidentical artifact copy: family mapping does not assert whole-file equivalence.
1.0.7705/peer/src-clj/datomic/external_sort_datoms.clj	recovered-datomic-initializer	same-path-not-byte-identical	1.0.7705/transactor/src-clj/datomic/external_sort_datoms.clj	ordered-structures	src/index/mod.rs	datomic_pro_docs/06_indexes/01_index_model.atomic.md	Shared immutable trees, sorted traversal and bounded build; source representation differs from native codec. Nonidentical artifact copy: family mapping does not assert whole-file equivalence.
1.0.7705/peer/src-clj/datomic/fressian.clj	recovered-datomic-initializer	same-path-not-byte-identical	1.0.7705/transactor/src-clj/datomic/fressian.clj	encoding-and-host-primitives	src/storage/codec.rs	datomic_pro_docs/02_core_concepts/01_programming_with_data_and_edn.atomic.md	Native exact values/codecs; Fressian tags, JVM buffer/hash/random helpers are not format compatibility. Nonidentical artifact copy: family mapping does not assert whole-file equivalence.
1.0.7705/peer/src-clj/datomic/fsbackup.clj	recovered-datomic-initializer	same-path-not-byte-identical	1.0.7705/transactor/src-clj/datomic/fsbackup.clj	backup-and-restore	src/backup/mod.rs	datomic_pro_docs/08_operations/01_capacity_and_reliability/02_backup_and_restore.atomic.md	Native coherent point/capture/offline reader/verification/restore; not source repository-format compatibility. Nonidentical artifact copy: family mapping does not assert whole-file equivalence.
1.0.7705/peer/src-clj/datomic/fulltext.clj	recovered-datomic-initializer	same-path-not-byte-identical	1.0.7705/transactor/src-clj/datomic/fulltext.clj	fulltext	src/fulltext/mod.rs	datomic_pro_docs/05_query_and_pull/02_query_reference.fulltext.atomic.md	Native immutable search projection and bounded recent completion; Lucene adapters are not native wire/score parity. Nonidentical artifact copy: family mapping does not assert whole-file equivalence.
1.0.7705/peer/src-clj/datomic/fulltext_index.clj	recovered-datomic-initializer	same-path-not-byte-identical	1.0.7705/transactor/src-clj/datomic/fulltext_index.clj	fulltext	src/fulltext/mod.rs	datomic_pro_docs/05_query_and_pull/02_query_reference.fulltext.atomic.md	Native immutable search projection and bounded recent completion; Lucene adapters are not native wire/score parity. Nonidentical artifact copy: family mapping does not assert whole-file equivalence.
1.0.7705/peer/src-clj/datomic/function.clj	recovered-datomic-initializer	same-path-not-byte-identical	1.0.7705/transactor/src-clj/datomic/function.clj	application-computation	src/database_value/invoke.rs	datomic_pro_docs/07_peer_api/00_clojure/00_datomic_api.atomic.md	Native explicit callbacks/persisted programs; generated fixed-arity interfaces and JVM compiler have no standalone native counterpart. Nonidentical artifact copy: family mapping does not assert whole-file equivalence.
1.0.7705/peer/src-clj/datomic/future.clj	recovered-datomic-initializer	same-path-not-byte-identical	1.0.7705/transactor/src-clj/datomic/future.clj	application-completion-errors	src/application/mod.rs	datomic_pro_docs/07_peer_api/00_clojure/00_datomic_api.atomic.md	Shared API/completion family; native bounded executor and typed errors replace JVM adapters. Nonidentical artifact copy: family mapping does not assert whole-file equivalence.
1.0.7705/peer/src-clj/datomic/garbage.clj	recovered-datomic-initializer	same-path-not-byte-identical	1.0.7705/transactor/src-clj/datomic/garbage.clj	excision-reclamation	src/operations/reclamation.rs	datomic_pro_docs/09_optional/02_specialized_operations/02_excision.atomic.md	Native logical removal and retirement/protection epochs; no held-reader pin. Nonidentical artifact copy: family mapping does not assert whole-file equivalence.
1.0.7705/peer/src-clj/datomic/garbage/fressian.clj	recovered-datomic-initializer	same-path-not-byte-identical	1.0.7705/transactor/src-clj/datomic/garbage/fressian.clj	excision-reclamation	src/operations/reclamation.rs	datomic_pro_docs/09_optional/02_specialized_operations/02_excision.atomic.md	Native logical removal and retirement/protection epochs; no held-reader pin. Nonidentical artifact copy: family mapping does not assert whole-file equivalence.
1.0.7705/peer/src-clj/datomic/garbage/pod.clj	recovered-datomic-initializer	same-path-not-byte-identical	1.0.7705/transactor/src-clj/datomic/garbage/pod.clj	excision-reclamation	src/operations/reclamation.rs	datomic_pro_docs/09_optional/02_specialized_operations/02_excision.atomic.md	Native logical removal and retirement/protection epochs; no held-reader pin. Nonidentical artifact copy: family mapping does not assert whole-file equivalence.
1.0.7705/peer/src-clj/datomic/h2.clj	recovered-datomic-initializer	same-path-not-byte-identical	1.0.7705/transactor/src-clj/datomic/h2.clj	non-target-provider	-	datomic_pro_docs/08_operations/00_architecture_and_storage/00_storage_services.atomic.md	Non-target backend/vendor integration; no unsupported native provider is advertised. Nonidentical artifact copy: family mapping does not assert whole-file equivalence.
1.0.7705/peer/src-clj/datomic/index.clj	recovered-datomic-initializer	same-path-not-byte-identical	1.0.7705/transactor/src-clj/datomic/index.clj	ordered-structures	src/index/mod.rs	datomic_pro_docs/06_indexes/01_index_model.atomic.md	Shared immutable trees, sorted traversal and bounded build; source representation differs from native codec. Nonidentical artifact copy: family mapping does not assert whole-file equivalence.
1.0.7705/peer/src-clj/datomic/index_direct_metrics.clj	recovered-datomic-initializer	same-path-not-byte-identical	1.0.7705/transactor/src-clj/datomic/index_direct_metrics.clj	ordered-structures	src/index/mod.rs	datomic_pro_docs/06_indexes/01_index_model.atomic.md	Shared immutable trees, sorted traversal and bounded build; source representation differs from native codec. Nonidentical artifact copy: family mapping does not assert whole-file equivalence.
1.0.7705/peer/src-clj/datomic/integrity.clj	recovered-datomic-initializer	same-path-not-byte-identical	1.0.7705/transactor/src-clj/datomic/integrity.clj	host-operations-support	src/operations/mod.rs	datomic_pro_docs/08_operations/00_architecture_and_storage/02_datomic_deployment.atomic.md	Coherent host/config/diagnostic support family; native explicit configuration/operations replace JVM supervision and presentation helpers. Nonidentical artifact copy: family mapping does not assert whole-file equivalence.
1.0.7705/peer/src-clj/datomic/io.clj	recovered-datomic-initializer	same-path-not-byte-identical	1.0.7705/transactor/src-clj/datomic/io.clj	encoding-and-host-primitives	src/storage/codec.rs	datomic_pro_docs/02_core_concepts/01_programming_with_data_and_edn.atomic.md	Native exact values/codecs; Fressian tags, JVM buffer/hash/random helpers are not format compatibility. Nonidentical artifact copy: family mapping does not assert whole-file equivalence.
1.0.7705/peer/src-clj/datomic/iter.clj	recovered-datomic-initializer	same-path-not-byte-identical	1.0.7705/transactor/src-clj/datomic/iter.clj	ordered-structures	src/index/mod.rs	datomic_pro_docs/06_indexes/01_index_model.atomic.md	Shared immutable trees, sorted traversal and bounded build; source representation differs from native codec. Nonidentical artifact copy: family mapping does not assert whole-file equivalence.
1.0.7705/peer/src-clj/datomic/janino.clj	recovered-datomic-initializer	same-path-not-byte-identical	1.0.7705/transactor/src-clj/datomic/janino.clj	application-computation	src/database_value/invoke.rs	datomic_pro_docs/07_peer_api/00_clojure/00_datomic_api.atomic.md	Native explicit callbacks/persisted programs; generated fixed-arity interfaces and JVM compiler have no standalone native counterpart. Nonidentical artifact copy: family mapping does not assert whole-file equivalence.
1.0.7705/peer/src-clj/datomic/kv_cache.clj	recovered-datomic-initializer	same-path-not-byte-identical	1.0.7705/transactor/src-clj/datomic/kv_cache.clj	optional-cache	src/ssd_cache.rs	datomic_pro_docs/09_optional/02_specialized_operations/00_read_only_connections.atomic.md	Native local cache counterpart; source Valcache/Memcached layout and protocol are non-target integrations. Nonidentical artifact copy: family mapping does not assert whole-file equivalence.
1.0.7705/peer/src-clj/datomic/kv_cassandra.clj	recovered-datomic-initializer	same-path-not-byte-identical	1.0.7705/transactor/src-clj/datomic/kv_cassandra.clj	non-target-provider	-	datomic_pro_docs/08_operations/00_architecture_and_storage/00_storage_services.atomic.md	Non-target backend/vendor integration; no unsupported native provider is advertised. Nonidentical artifact copy: family mapping does not assert whole-file equivalence.
1.0.7705/peer/src-clj/datomic/kv_cassandra2.clj	recovered-datomic-initializer	same-path-not-byte-identical	1.0.7705/transactor/src-clj/datomic/kv_cassandra2.clj	non-target-provider	-	datomic_pro_docs/08_operations/00_architecture_and_storage/00_storage_services.atomic.md	Non-target backend/vendor integration; no unsupported native provider is advertised. Nonidentical artifact copy: family mapping does not assert whole-file equivalence.
1.0.7705/peer/src-clj/datomic/kv_cassandra3.clj	recovered-datomic-initializer	same-path-not-byte-identical	1.0.7705/transactor/src-clj/datomic/kv_cassandra3.clj	non-target-provider	-	datomic_pro_docs/08_operations/00_architecture_and_storage/00_storage_services.atomic.md	Non-target backend/vendor integration; no unsupported native provider is advertised. Nonidentical artifact copy: family mapping does not assert whole-file equivalence.
1.0.7705/peer/src-clj/datomic/kv_cluster.clj	recovered-datomic-initializer	same-path-not-byte-identical	1.0.7705/transactor/src-clj/datomic/kv_cluster.clj	storage-catalog	src/storage/mod.rs	datomic_pro_docs/08_operations/00_architecture_and_storage/00_storage_services.atomic.md	Opaque objects/conditional references and shared catalog; provider/backend-specific behavior is not native parity. Nonidentical artifact copy: family mapping does not assert whole-file equivalence.
1.0.7705/peer/src-clj/datomic/kv_dynamo.clj	recovered-datomic-initializer	same-path-not-byte-identical	1.0.7705/transactor/src-clj/datomic/kv_dynamo.clj	non-target-provider	-	datomic_pro_docs/08_operations/00_architecture_and_storage/00_storage_services.atomic.md	Non-target backend/vendor integration; no unsupported native provider is advertised. Nonidentical artifact copy: family mapping does not assert whole-file equivalence.
1.0.7705/peer/src-clj/datomic/kv_hotrod.clj	recovered-datomic-initializer	same-path-not-byte-identical	1.0.7705/transactor/src-clj/datomic/kv_hotrod.clj	non-target-provider	-	datomic_pro_docs/08_operations/00_architecture_and_storage/00_storage_services.atomic.md	Non-target backend/vendor integration; no unsupported native provider is advertised. Nonidentical artifact copy: family mapping does not assert whole-file equivalence.
1.0.7705/peer/src-clj/datomic/kv_mem.clj	recovered-datomic-initializer	same-path-not-byte-identical	1.0.7705/transactor/src-clj/datomic/kv_mem.clj	non-target-provider	-	datomic_pro_docs/08_operations/00_architecture_and_storage/00_storage_services.atomic.md	Non-target backend/vendor integration; no unsupported native provider is advertised. Nonidentical artifact copy: family mapping does not assert whole-file equivalence.
1.0.7705/peer/src-clj/datomic/kv_sql.clj	recovered-datomic-initializer	same-path-not-byte-identical	1.0.7705/transactor/src-clj/datomic/kv_sql.clj	storage-catalog	src/storage/mod.rs	datomic_pro_docs/08_operations/00_architecture_and_storage/00_storage_services.atomic.md	Opaque objects/conditional references and shared catalog; provider/backend-specific behavior is not native parity. Nonidentical artifact copy: family mapping does not assert whole-file equivalence.
1.0.7705/peer/src-clj/datomic/kv_sql_ext.clj	recovered-datomic-initializer	same-path-not-byte-identical	1.0.7705/transactor/src-clj/datomic/kv_sql_ext.clj	storage-catalog	src/storage/mod.rs	datomic_pro_docs/08_operations/00_architecture_and_storage/00_storage_services.atomic.md	Opaque objects/conditional references and shared catalog; provider/backend-specific behavior is not native parity. Nonidentical artifact copy: family mapping does not assert whole-file equivalence.
1.0.7705/peer/src-clj/datomic/kv_store.clj	recovered-datomic-initializer	same-path-not-byte-identical	1.0.7705/transactor/src-clj/datomic/kv_store.clj	storage-catalog	src/storage/mod.rs	datomic_pro_docs/08_operations/00_architecture_and_storage/00_storage_services.atomic.md	Opaque objects/conditional references and shared catalog; provider/backend-specific behavior is not native parity. Nonidentical artifact copy: family mapping does not assert whole-file equivalence.
1.0.7705/peer/src-clj/datomic/log.clj	recovered-datomic-initializer	same-path-not-byte-identical	1.0.7705/transactor/src-clj/datomic/log.clj	log-value-and-publication	src/database_value/log.rs	datomic_pro_docs/07_peer_api/02_shared_reference/00_log_api.atomic.md	Shared captured log API; publication/authority also traced by ACID companion. Nonidentical artifact copy: family mapping does not assert whole-file equivalence.
1.0.7705/peer/src-clj/datomic/lucene.clj	recovered-datomic-initializer	same-path-not-byte-identical	1.0.7705/transactor/src-clj/datomic/lucene.clj	fulltext	src/fulltext/mod.rs	datomic_pro_docs/05_query_and_pull/02_query_reference.fulltext.atomic.md	Native immutable search projection and bounded recent completion; Lucene adapters are not native wire/score parity. Nonidentical artifact copy: family mapping does not assert whole-file equivalence.
1.0.7705/peer/src-clj/datomic/math.clj	recovered-datomic-initializer	same-path-not-byte-identical	1.0.7705/transactor/src-clj/datomic/math.clj	query-and-diagnostics	src/query/mod.rs	datomic_pro_docs/05_query_and_pull/02_query_reference.atomic.md	Native relational/result/control owner; qtune is optional diagnostic policy, not runtime scheduling parity. Nonidentical artifact copy: family mapping does not assert whole-file equivalence.
1.0.7705/peer/src-clj/datomic/memcached.clj	recovered-datomic-initializer	same-path-not-byte-identical	1.0.7705/transactor/src-clj/datomic/memcached.clj	optional-cache	src/ssd_cache.rs	datomic_pro_docs/09_optional/02_specialized_operations/00_read_only_connections.atomic.md	Native local cache counterpart; source Valcache/Memcached layout and protocol are non-target integrations. Nonidentical artifact copy: family mapping does not assert whole-file equivalence.
1.0.7705/peer/src-clj/datomic/memory.clj	recovered-datomic-initializer	byte-identical	1.0.7705/transactor/src-clj/datomic/memory.clj	host-operations-support	src/operations/mod.rs	datomic_pro_docs/08_operations/00_architecture_and_storage/02_datomic_deployment.atomic.md	Coherent host/config/diagnostic support family; native explicit configuration/operations replace JVM supervision and presentation helpers. Exact baseline pair shares one mechanism; no duplicate port or redundant annotation required.
1.0.7705/peer/src-clj/datomic/memory_size.clj	recovered-datomic-initializer	same-path-not-byte-identical	1.0.7705/transactor/src-clj/datomic/memory_size.clj	cache-composition	src/index/tree/cache.rs	datomic_pro_docs/08_operations/02_observability_and_tuning/01_memory_and_caching.atomic.md	Shared immutable object/cache policy family; sizing estimates and Caffeine internals are not native RSS or eviction equivalence. Nonidentical artifact copy: family mapping does not assert whole-file equivalence.
1.0.7705/peer/src-clj/datomic/monitor.clj	recovered-datomic-initializer	same-path-not-byte-identical	1.0.7705/transactor/src-clj/datomic/monitor.clj	host-operations-support	src/operations/mod.rs	datomic_pro_docs/08_operations/00_architecture_and_storage/02_datomic_deployment.atomic.md	Coherent host/config/diagnostic support family; native explicit configuration/operations replace JVM supervision and presentation helpers. Nonidentical artifact copy: family mapping does not assert whole-file equivalence.
1.0.7705/peer/src-clj/datomic/peer.clj	recovered-datomic-initializer	same-path-not-byte-identical	1.0.7705/transactor/src-clj/datomic/peer.clj	peer-observation	src/peer/live.rs	datomic_pro_docs/07_peer_api/00_clojure/00_datomic_api.atomic.md	Captured values and advancing observation; no URI-global cache or reader-pin compatibility. Nonidentical artifact copy: family mapping does not assert whole-file equivalence.
1.0.7705/peer/src-clj/datomic/process.clj	recovered-datomic-initializer	same-path-not-byte-identical	1.0.7705/transactor/src-clj/datomic/process.clj	host-operations-support	src/operations/mod.rs	datomic_pro_docs/08_operations/00_architecture_and_storage/02_datomic_deployment.atomic.md	Coherent host/config/diagnostic support family; native explicit configuration/operations replace JVM supervision and presentation helpers. Nonidentical artifact copy: family mapping does not assert whole-file equivalence.
1.0.7705/peer/src-clj/datomic/process/events.clj	recovered-datomic-initializer	same-path-not-byte-identical	1.0.7705/transactor/src-clj/datomic/process/events.clj	host-operations-support	src/operations/mod.rs	datomic_pro_docs/08_operations/00_architecture_and_storage/02_datomic_deployment.atomic.md	Coherent host/config/diagnostic support family; native explicit configuration/operations replace JVM supervision and presentation helpers. Nonidentical artifact copy: family mapping does not assert whole-file equivalence.
1.0.7705/peer/src-clj/datomic/process_monitor.clj	recovered-datomic-initializer	same-path-not-byte-identical	1.0.7705/transactor/src-clj/datomic/process_monitor.clj	host-operations-support	src/operations/mod.rs	datomic_pro_docs/08_operations/00_architecture_and_storage/02_datomic_deployment.atomic.md	Coherent host/config/diagnostic support family; native explicit configuration/operations replace JVM supervision and presentation helpers. Nonidentical artifact copy: family mapping does not assert whole-file equivalence.
1.0.7705/peer/src-clj/datomic/promise.clj	recovered-datomic-initializer	same-path-not-byte-identical	1.0.7705/transactor/src-clj/datomic/promise.clj	application-completion-errors	src/application/mod.rs	datomic_pro_docs/07_peer_api/00_clojure/00_datomic_api.atomic.md	Shared API/completion family; native bounded executor and typed errors replace JVM adapters. Nonidentical artifact copy: family mapping does not assert whole-file equivalence.
1.0.7705/peer/src-clj/datomic/pull.clj	recovered-datomic-initializer	same-path-not-byte-identical	1.0.7705/transactor/src-clj/datomic/pull.clj	pull-and-entity	src/pull/mod.rs	datomic_pro_docs/05_query_and_pull/03_pull.atomic.md	Native navigation and explicit transform registration; JVM namespace loading is not required. Nonidentical artifact copy: family mapping does not assert whole-file equivalence.
1.0.7705/peer/src-clj/datomic/qtune.clj	recovered-datomic-initializer	same-path-not-byte-identical	1.0.7705/transactor/src-clj/datomic/qtune.clj	query-and-diagnostics	src/query/mod.rs	datomic_pro_docs/05_query_and_pull/02_query_reference.atomic.md	Native relational/result/control owner; qtune is optional diagnostic policy, not runtime scheduling parity. Nonidentical artifact copy: family mapping does not assert whole-file equivalence.
1.0.7705/peer/src-clj/datomic/query.clj	recovered-datomic-initializer	same-path-not-byte-identical	1.0.7705/transactor/src-clj/datomic/query.clj	query-and-diagnostics	src/query/mod.rs	datomic_pro_docs/05_query_and_pull/02_query_reference.atomic.md	Native relational/result/control owner; qtune is optional diagnostic policy, not runtime scheduling parity. Nonidentical artifact copy: family mapping does not assert whole-file equivalence.
1.0.7705/peer/src-clj/datomic/query/support.clj	recovered-datomic-initializer	same-path-not-byte-identical	1.0.7705/transactor/src-clj/datomic/query/support.clj	query-and-diagnostics	src/query/mod.rs	datomic_pro_docs/05_query_and_pull/02_query_reference.atomic.md	Native relational/result/control owner; qtune is optional diagnostic policy, not runtime scheduling parity. Nonidentical artifact copy: family mapping does not assert whole-file equivalence.
1.0.7705/peer/src-clj/datomic/queue.clj	recovered-datomic-initializer	same-path-not-byte-identical	1.0.7705/transactor/src-clj/datomic/queue.clj	application-queue-admission	src/runtime/executor/mod.rs	datomic_pro_docs/07_peer_api/00_clojure/00_datomic_api.atomic.md	Blocking source put differs from offer; native bounded Busy admission is deliberate. Nonidentical artifact copy: family mapping does not assert whole-file equivalence.
1.0.7705/peer/src-clj/datomic/reconnector2.clj	recovered-datomic-initializer	same-path-not-byte-identical	1.0.7705/transactor/src-clj/datomic/reconnector2.clj	application-completion-errors	src/application/mod.rs	datomic_pro_docs/07_peer_api/00_clojure/00_datomic_api.atomic.md	Shared API/completion family; native bounded executor and typed errors replace JVM adapters. Nonidentical artifact copy: family mapping does not assert whole-file equivalence.
1.0.7705/peer/src-clj/datomic/require.clj	recovered-datomic-initializer	same-path-not-byte-identical	1.0.7705/transactor/src-clj/datomic/require.clj	host-operations-support	src/operations/mod.rs	datomic_pro_docs/08_operations/00_architecture_and_storage/02_datomic_deployment.atomic.md	Coherent host/config/diagnostic support family; native explicit configuration/operations replace JVM supervision and presentation helpers. Nonidentical artifact copy: family mapping does not assert whole-file equivalence.
1.0.7705/peer/src-clj/datomic/s3.clj	recovered-datomic-initializer	same-path-not-byte-identical	1.0.7705/transactor/src-clj/datomic/s3.clj	non-target-provider	-	datomic_pro_docs/08_operations/00_architecture_and_storage/00_storage_services.atomic.md	Non-target backend/vendor integration; no unsupported native provider is advertised. Nonidentical artifact copy: family mapping does not assert whole-file equivalence.
1.0.7705/peer/src-clj/datomic/s3_api.clj	recovered-datomic-initializer	same-path-not-byte-identical	1.0.7705/transactor/src-clj/datomic/s3_api.clj	non-target-provider	-	datomic_pro_docs/08_operations/00_architecture_and_storage/00_storage_services.atomic.md	Non-target backend/vendor integration; no unsupported native provider is advertised. Nonidentical artifact copy: family mapping does not assert whole-file equivalence.
1.0.7705/peer/src-clj/datomic/s3_kv.clj	recovered-datomic-initializer	same-path-not-byte-identical	1.0.7705/transactor/src-clj/datomic/s3_kv.clj	non-target-provider	-	datomic_pro_docs/08_operations/00_architecture_and_storage/00_storage_services.atomic.md	Non-target backend/vendor integration; no unsupported native provider is advertised. Nonidentical artifact copy: family mapping does not assert whole-file equivalence.
1.0.7705/peer/src-clj/datomic/s3backup.clj	recovered-datomic-initializer	same-path-not-byte-identical	1.0.7705/transactor/src-clj/datomic/s3backup.clj	non-target-provider	-	datomic_pro_docs/08_operations/00_architecture_and_storage/00_storage_services.atomic.md	Non-target backend/vendor integration; no unsupported native provider is advertised. Nonidentical artifact copy: family mapping does not assert whole-file equivalence.
1.0.7705/peer/src-clj/datomic/simple_kv.clj	recovered-datomic-initializer	byte-identical	1.0.7705/transactor/src-clj/datomic/simple_kv.clj	storage-catalog	src/storage/mod.rs	datomic_pro_docs/08_operations/00_architecture_and_storage/00_storage_services.atomic.md	Opaque objects/conditional references and shared catalog; provider/backend-specific behavior is not native parity. Exact baseline pair shares one mechanism; no duplicate port or redundant annotation required.
1.0.7705/peer/src-clj/datomic/slf4j.clj	recovered-datomic-initializer	same-path-not-byte-identical	1.0.7705/transactor/src-clj/datomic/slf4j.clj	host-operations-support	src/operations/mod.rs	datomic_pro_docs/08_operations/00_architecture_and_storage/02_datomic_deployment.atomic.md	Coherent host/config/diagnostic support family; native explicit configuration/operations replace JVM supervision and presentation helpers. Nonidentical artifact copy: family mapping does not assert whole-file equivalence.
1.0.7705/peer/src-clj/datomic/sql.clj	recovered-datomic-initializer	same-path-not-byte-identical	1.0.7705/transactor/src-clj/datomic/sql.clj	storage-catalog	src/storage/mod.rs	datomic_pro_docs/08_operations/00_architecture_and_storage/00_storage_services.atomic.md	Opaque objects/conditional references and shared catalog; provider/backend-specific behavior is not native parity. Nonidentical artifact copy: family mapping does not assert whole-file equivalence.
1.0.7705/peer/src-clj/datomic/stats.clj	recovered-datomic-initializer	same-path-not-byte-identical	1.0.7705/transactor/src-clj/datomic/stats.clj	host-operations-support	src/operations/mod.rs	datomic_pro_docs/08_operations/00_architecture_and_storage/02_datomic_deployment.atomic.md	Coherent host/config/diagnostic support family; native explicit configuration/operations replace JVM supervision and presentation helpers. Nonidentical artifact copy: family mapping does not assert whole-file equivalence.
1.0.7705/peer/src-clj/datomic/summary.clj	recovered-datomic-initializer	same-path-not-byte-identical	1.0.7705/transactor/src-clj/datomic/summary.clj	host-operations-support	src/operations/mod.rs	datomic_pro_docs/08_operations/00_architecture_and_storage/02_datomic_deployment.atomic.md	Coherent host/config/diagnostic support family; native explicit configuration/operations replace JVM supervision and presentation helpers. Nonidentical artifact copy: family mapping does not assert whole-file equivalence.
1.0.7705/peer/src-clj/datomic/tools.clj	recovered-datomic-initializer	same-path-not-byte-identical	1.0.7705/transactor/src-clj/datomic/tools.clj	host-operations-support	src/operations/mod.rs	datomic_pro_docs/08_operations/00_architecture_and_storage/02_datomic_deployment.atomic.md	Coherent host/config/diagnostic support family; native explicit configuration/operations replace JVM supervision and presentation helpers. Nonidentical artifact copy: family mapping does not assert whole-file equivalence.
1.0.7705/peer/src-clj/datomic/tools/index_checks.clj	recovered-datomic-initializer	same-path-not-byte-identical	1.0.7705/transactor/src-clj/datomic/tools/index_checks.clj	host-operations-support	src/operations/mod.rs	datomic_pro_docs/08_operations/00_architecture_and_storage/02_datomic_deployment.atomic.md	Coherent host/config/diagnostic support family; native explicit configuration/operations replace JVM supervision and presentation helpers. Nonidentical artifact copy: family mapping does not assert whole-file equivalence.
1.0.7705/peer/src-clj/datomic/transaction.clj	recovered-datomic-initializer	same-path-not-byte-identical	1.0.7705/transactor/src-clj/datomic/transaction.clj	transaction-admission	src/transaction/mod.rs	datomic_pro_docs/04_transactions/02_transaction_data.atomic.md	Native shared transaction admission/assessment; generated assertion expansion is not a separate engine. Nonidentical artifact copy: family mapping does not assert whole-file equivalence.
1.0.7705/peer/src-clj/datomic/treewalk.clj	recovered-datomic-initializer	same-path-not-byte-identical	1.0.7705/transactor/src-clj/datomic/treewalk.clj	ordered-structures	src/index/mod.rs	datomic_pro_docs/06_indexes/01_index_model.atomic.md	Shared immutable trees, sorted traversal and bounded build; source representation differs from native codec. Nonidentical artifact copy: family mapping does not assert whole-file equivalence.
1.0.7705/peer/src-clj/datomic/uri.clj	recovered-datomic-initializer	same-path-not-byte-identical	1.0.7705/transactor/src-clj/datomic/uri.clj	host-operations-support	src/operations/mod.rs	datomic_pro_docs/08_operations/00_architecture_and_storage/02_datomic_deployment.atomic.md	Coherent host/config/diagnostic support family; native explicit configuration/operations replace JVM supervision and presentation helpers. Nonidentical artifact copy: family mapping does not assert whole-file equivalence.
1.0.7705/peer/src-clj/datomic/val_cluster.clj	recovered-datomic-initializer	same-path-not-byte-identical	1.0.7705/transactor/src-clj/datomic/val_cluster.clj	storage-catalog	src/storage/mod.rs	datomic_pro_docs/08_operations/00_architecture_and_storage/00_storage_services.atomic.md	Opaque objects/conditional references and shared catalog; provider/backend-specific behavior is not native parity. Nonidentical artifact copy: family mapping does not assert whole-file equivalence.
1.0.7705/peer/src-clj/datomic/valcache.clj	recovered-datomic-initializer	same-path-not-byte-identical	1.0.7705/transactor/src-clj/datomic/valcache.clj	optional-cache	src/ssd_cache.rs	datomic_pro_docs/09_optional/02_specialized_operations/00_read_only_connections.atomic.md	Native local cache counterpart; source Valcache/Memcached layout and protocol are non-target integrations. Nonidentical artifact copy: family mapping does not assert whole-file equivalence.
1.0.7705/peer/src-clj/datomic/valcache/puts_pool.clj	recovered-datomic-initializer	same-path-not-byte-identical	1.0.7705/transactor/src-clj/datomic/valcache/puts_pool.clj	optional-cache	src/ssd_cache.rs	datomic_pro_docs/09_optional/02_specialized_operations/00_read_only_connections.atomic.md	Native local cache counterpart; source Valcache/Memcached layout and protocol are non-target integrations. Nonidentical artifact copy: family mapping does not assert whole-file equivalence.
1.0.7705/peer/src-clj/datomic/valcache/puts_pool_impl.clj	recovered-datomic-initializer	same-path-not-byte-identical	1.0.7705/transactor/src-clj/datomic/valcache/puts_pool_impl.clj	optional-cache	src/ssd_cache.rs	datomic_pro_docs/09_optional/02_specialized_operations/00_read_only_connections.atomic.md	Native local cache counterpart; source Valcache/Memcached layout and protocol are non-target integrations. Nonidentical artifact copy: family mapping does not assert whole-file equivalence.
1.0.7705/peer/src-clj/datomic/valcache_direct.clj	recovered-datomic-initializer	same-path-not-byte-identical	1.0.7705/transactor/src-clj/datomic/valcache_direct.clj	optional-cache	src/ssd_cache.rs	datomic_pro_docs/09_optional/02_specialized_operations/00_read_only_connections.atomic.md	Native local cache counterpart; source Valcache/Memcached layout and protocol are non-target integrations. Nonidentical artifact copy: family mapping does not assert whole-file equivalence.
1.0.7705/peer/src-clj/datomic/validators.clj	recovered-datomic-initializer	byte-identical	1.0.7705/transactor/src-clj/datomic/validators.clj	model-schema-value	src/model/mod.rs	datomic_pro_docs/03_schema/03_identity_and_uniqueness.atomic.md	Shared native value/schema/identity contracts; db also has transaction and temporal owners traced by companions. Exact baseline pair shares one mechanism; no duplicate port or redundant annotation required.
1.0.7705/peer/src-java/com/datomic/impl/peer/ActiveMQInputStream.java	recovered-java-origin	byte-identical	1.0.7705/transactor/src-java/com/datomic/impl/peer/ActiveMQInputStream.java	peer-transport	src/application/transport/mod.rs	datomic_pro_docs/07_peer_api/00_clojure/00_datomic_api.atomic.md	Source broker notification/submission adapter; native local/TLS transport uses stable identity and receipts, not Artemis protocol. Exact baseline pair shares one mechanism; no duplicate port or redundant annotation required.
1.0.7705/peer/src-java/com/datomic/lucene/store/DatomicThunk.java	recovered-java-origin	byte-identical	1.0.7705/transactor/src-java/com/datomic/lucene/store/DatomicThunk.java	fulltext	src/fulltext/mod.rs	datomic_pro_docs/05_query_and_pull/02_query_reference.fulltext.atomic.md	Native immutable search projection and bounded recent completion; Lucene adapters are not native wire/score parity. Exact baseline pair shares one mechanism; no duplicate port or redundant annotation required.
1.0.7705/peer/src-java/datomic/Attribute.java	recovered-java-origin	byte-identical	1.0.7705/transactor/src-java/datomic/Attribute.java	model-schema-value	src/model/mod.rs	datomic_pro_docs/03_schema/03_identity_and_uniqueness.atomic.md	Shared native value/schema/identity contracts; db also has transaction and temporal owners traced by companions. Exact baseline pair shares one mechanism; no duplicate port or redundant annotation required.
1.0.7705/peer/src-java/datomic/Connection.java	recovered-java-origin	byte-identical	1.0.7705/transactor/src-java/datomic/Connection.java	application-completion-errors	src/application/mod.rs	datomic_pro_docs/07_peer_api/00_clojure/00_datomic_api.atomic.md	Shared API/completion family; native bounded executor and typed errors replace JVM adapters. Exact baseline pair shares one mechanism; no duplicate port or redundant annotation required.
1.0.7705/peer/src-java/datomic/Database.java	recovered-java-origin	byte-identical	1.0.7705/transactor/src-java/datomic/Database.java	model-schema-value	src/model/mod.rs	datomic_pro_docs/03_schema/03_identity_and_uniqueness.atomic.md	Shared native value/schema/identity contracts; db also has transaction and temporal owners traced by companions. Exact baseline pair shares one mechanism; no duplicate port or redundant annotation required.
1.0.7705/peer/src-java/datomic/Datom.java	recovered-java-origin	byte-identical	1.0.7705/transactor/src-java/datomic/Datom.java	model-schema-value	src/model/mod.rs	datomic_pro_docs/03_schema/03_identity_and_uniqueness.atomic.md	Shared native value/schema/identity contracts; db also has transaction and temporal owners traced by companions. Exact baseline pair shares one mechanism; no duplicate port or redundant annotation required.
1.0.7705/peer/src-java/datomic/Entity.java	recovered-java-origin	byte-identical	1.0.7705/transactor/src-java/datomic/Entity.java	pull-and-entity	src/pull/mod.rs	datomic_pro_docs/05_query_and_pull/03_pull.atomic.md	Native navigation and explicit transform registration; JVM namespace loading is not required. Exact baseline pair shares one mechanism; no duplicate port or redundant annotation required.
1.0.7705/peer/src-java/datomic/ListenableFuture.java	recovered-java-origin	byte-identical	1.0.7705/transactor/src-java/datomic/ListenableFuture.java	application-completion-errors	src/application/mod.rs	datomic_pro_docs/07_peer_api/00_clojure/00_datomic_api.atomic.md	Shared API/completion family; native bounded executor and typed errors replace JVM adapters. Exact baseline pair shares one mechanism; no duplicate port or redundant annotation required.
1.0.7705/peer/src-java/datomic/Log.java	recovered-java-origin	byte-identical	1.0.7705/transactor/src-java/datomic/Log.java	log-value-and-publication	src/database_value/log.rs	datomic_pro_docs/07_peer_api/02_shared_reference/00_log_api.atomic.md	Shared captured log API; publication/authority also traced by ACID companion. Exact baseline pair shares one mechanism; no duplicate port or redundant annotation required.
1.0.7705/peer/src-java/datomic/Peer.java	recovered-java-origin	byte-identical	1.0.7705/transactor/src-java/datomic/Peer.java	application-completion-errors	src/application/mod.rs	datomic_pro_docs/07_peer_api/00_clojure/00_datomic_api.atomic.md	Shared API/completion family; native bounded executor and typed errors replace JVM adapters. Exact baseline pair shares one mechanism; no duplicate port or redundant annotation required.
1.0.7705/peer/src-java/datomic/QueryRequest.java	recovered-java-origin	byte-identical	1.0.7705/transactor/src-java/datomic/QueryRequest.java	application-completion-errors	src/application/mod.rs	datomic_pro_docs/07_peer_api/00_clojure/00_datomic_api.atomic.md	Shared API/completion family; native bounded executor and typed errors replace JVM adapters. Exact baseline pair shares one mechanism; no duplicate port or redundant annotation required.
1.0.7705/peer/src-java/datomic/Util.java	recovered-java-origin	byte-identical	1.0.7705/transactor/src-java/datomic/Util.java	application-completion-errors	src/application/mod.rs	datomic_pro_docs/07_peer_api/00_clojure/00_datomic_api.atomic.md	Shared API/completion family; native bounded executor and typed errors replace JVM adapters. Exact baseline pair shares one mechanism; no duplicate port or redundant annotation required.
1.0.7705/peer/src-java/datomic/functions/Fn.java	recovered-java-origin	byte-identical	1.0.7705/transactor/src-java/datomic/functions/Fn.java	application-computation	src/database_value/invoke.rs	datomic_pro_docs/07_peer_api/00_clojure/00_datomic_api.atomic.md	Native explicit callbacks/persisted programs; generated fixed-arity interfaces and JVM compiler have no standalone native counterpart. Exact baseline pair shares one mechanism; no duplicate port or redundant annotation required.
1.0.7705/peer/src-java/datomic/functions/Fn0.java	recovered-java-origin	byte-identical	1.0.7705/transactor/src-java/datomic/functions/Fn0.java	application-computation	src/database_value/invoke.rs	datomic_pro_docs/07_peer_api/00_clojure/00_datomic_api.atomic.md	Native explicit callbacks/persisted programs; generated fixed-arity interfaces and JVM compiler have no standalone native counterpart. Exact baseline pair shares one mechanism; no duplicate port or redundant annotation required.
1.0.7705/peer/src-java/datomic/functions/Fn1.java	recovered-java-origin	byte-identical	1.0.7705/transactor/src-java/datomic/functions/Fn1.java	application-computation	src/database_value/invoke.rs	datomic_pro_docs/07_peer_api/00_clojure/00_datomic_api.atomic.md	Native explicit callbacks/persisted programs; generated fixed-arity interfaces and JVM compiler have no standalone native counterpart. Exact baseline pair shares one mechanism; no duplicate port or redundant annotation required.
1.0.7705/peer/src-java/datomic/functions/Fn10.java	recovered-java-origin	byte-identical	1.0.7705/transactor/src-java/datomic/functions/Fn10.java	application-computation	src/database_value/invoke.rs	datomic_pro_docs/07_peer_api/00_clojure/00_datomic_api.atomic.md	Native explicit callbacks/persisted programs; generated fixed-arity interfaces and JVM compiler have no standalone native counterpart. Exact baseline pair shares one mechanism; no duplicate port or redundant annotation required.
1.0.7705/peer/src-java/datomic/functions/Fn2.java	recovered-java-origin	byte-identical	1.0.7705/transactor/src-java/datomic/functions/Fn2.java	application-computation	src/database_value/invoke.rs	datomic_pro_docs/07_peer_api/00_clojure/00_datomic_api.atomic.md	Native explicit callbacks/persisted programs; generated fixed-arity interfaces and JVM compiler have no standalone native counterpart. Exact baseline pair shares one mechanism; no duplicate port or redundant annotation required.
1.0.7705/peer/src-java/datomic/functions/Fn3.java	recovered-java-origin	byte-identical	1.0.7705/transactor/src-java/datomic/functions/Fn3.java	application-computation	src/database_value/invoke.rs	datomic_pro_docs/07_peer_api/00_clojure/00_datomic_api.atomic.md	Native explicit callbacks/persisted programs; generated fixed-arity interfaces and JVM compiler have no standalone native counterpart. Exact baseline pair shares one mechanism; no duplicate port or redundant annotation required.
1.0.7705/peer/src-java/datomic/functions/Fn4.java	recovered-java-origin	byte-identical	1.0.7705/transactor/src-java/datomic/functions/Fn4.java	application-computation	src/database_value/invoke.rs	datomic_pro_docs/07_peer_api/00_clojure/00_datomic_api.atomic.md	Native explicit callbacks/persisted programs; generated fixed-arity interfaces and JVM compiler have no standalone native counterpart. Exact baseline pair shares one mechanism; no duplicate port or redundant annotation required.
1.0.7705/peer/src-java/datomic/functions/Fn5.java	recovered-java-origin	byte-identical	1.0.7705/transactor/src-java/datomic/functions/Fn5.java	application-computation	src/database_value/invoke.rs	datomic_pro_docs/07_peer_api/00_clojure/00_datomic_api.atomic.md	Native explicit callbacks/persisted programs; generated fixed-arity interfaces and JVM compiler have no standalone native counterpart. Exact baseline pair shares one mechanism; no duplicate port or redundant annotation required.
1.0.7705/peer/src-java/datomic/functions/Fn6.java	recovered-java-origin	byte-identical	1.0.7705/transactor/src-java/datomic/functions/Fn6.java	application-computation	src/database_value/invoke.rs	datomic_pro_docs/07_peer_api/00_clojure/00_datomic_api.atomic.md	Native explicit callbacks/persisted programs; generated fixed-arity interfaces and JVM compiler have no standalone native counterpart. Exact baseline pair shares one mechanism; no duplicate port or redundant annotation required.
1.0.7705/peer/src-java/datomic/functions/Fn7.java	recovered-java-origin	byte-identical	1.0.7705/transactor/src-java/datomic/functions/Fn7.java	application-computation	src/database_value/invoke.rs	datomic_pro_docs/07_peer_api/00_clojure/00_datomic_api.atomic.md	Native explicit callbacks/persisted programs; generated fixed-arity interfaces and JVM compiler have no standalone native counterpart. Exact baseline pair shares one mechanism; no duplicate port or redundant annotation required.
1.0.7705/peer/src-java/datomic/functions/Fn8.java	recovered-java-origin	byte-identical	1.0.7705/transactor/src-java/datomic/functions/Fn8.java	application-computation	src/database_value/invoke.rs	datomic_pro_docs/07_peer_api/00_clojure/00_datomic_api.atomic.md	Native explicit callbacks/persisted programs; generated fixed-arity interfaces and JVM compiler have no standalone native counterpart. Exact baseline pair shares one mechanism; no duplicate port or redundant annotation required.
1.0.7705/peer/src-java/datomic/functions/Fn9.java	recovered-java-origin	byte-identical	1.0.7705/transactor/src-java/datomic/functions/Fn9.java	application-computation	src/database_value/invoke.rs	datomic_pro_docs/07_peer_api/00_clojure/00_datomic_api.atomic.md	Native explicit callbacks/persisted programs; generated fixed-arity interfaces and JVM compiler have no standalone native counterpart. Exact baseline pair shares one mechanism; no duplicate port or redundant annotation required.
1.0.7705/peer/src-java/datomic/impl/Circular.java	recovered-java-origin	byte-identical	1.0.7705/transactor/src-java/datomic/impl/Circular.java	host-operations-support	src/operations/mod.rs	datomic_pro_docs/08_operations/00_architecture_and_storage/02_datomic_deployment.atomic.md	Coherent host/config/diagnostic support family; native explicit configuration/operations replace JVM supervision and presentation helpers. Exact baseline pair shares one mechanism; no duplicate port or redundant annotation required.
1.0.7705/peer/src-java/datomic/impl/Config.java	recovered-java-origin	byte-identical	1.0.7705/transactor/src-java/datomic/impl/Config.java	host-operations-support	src/operations/mod.rs	datomic_pro_docs/08_operations/00_architecture_and_storage/02_datomic_deployment.atomic.md	Coherent host/config/diagnostic support family; native explicit configuration/operations replace JVM supervision and presentation helpers. Exact baseline pair shares one mechanism; no duplicate port or redundant annotation required.
1.0.7705/peer/src-java/datomic/impl/Exceptions.java	recovered-java-origin	byte-identical	1.0.7705/transactor/src-java/datomic/impl/Exceptions.java	application-completion-errors	src/application/mod.rs	datomic_pro_docs/07_peer_api/00_clojure/00_datomic_api.atomic.md	Shared API/completion family; native bounded executor and typed errors replace JVM adapters. Exact baseline pair shares one mechanism; no duplicate port or redundant annotation required.
1.0.7705/peer/src-java/datomic/impl/FnCacheLoader.java	recovered-java-origin	byte-identical	1.0.7705/transactor/src-java/datomic/impl/FnCacheLoader.java	application-computation	src/database_value/invoke.rs	datomic_pro_docs/07_peer_api/00_clojure/00_datomic_api.atomic.md	Native explicit callbacks/persisted programs; generated fixed-arity interfaces and JVM compiler have no standalone native counterpart. Exact baseline pair shares one mechanism; no duplicate port or redundant annotation required.
1.0.7705/peer/src-java/datomic/impl/JavaByteUtil.java	recovered-java-origin	byte-identical	1.0.7705/transactor/src-java/datomic/impl/JavaByteUtil.java	encoding-and-host-primitives	src/storage/codec.rs	datomic_pro_docs/02_core_concepts/01_programming_with_data_and_edn.atomic.md	Native exact values/codecs; Fressian tags, JVM buffer/hash/random helpers are not format compatibility. Exact baseline pair shares one mechanism; no duplicate port or redundant annotation required.
1.0.7705/peer/src-java/datomic/impl/LoggedOutputStream.java	recovered-java-origin	byte-identical	1.0.7705/transactor/src-java/datomic/impl/LoggedOutputStream.java	host-operations-support	src/operations/mod.rs	datomic_pro_docs/08_operations/00_architecture_and_storage/02_datomic_deployment.atomic.md	Coherent host/config/diagnostic support family; native explicit configuration/operations replace JVM supervision and presentation helpers. Exact baseline pair shares one mechanism; no duplicate port or redundant annotation required.
1.0.7705/peer/src-java/datomic/impl/MersenneTwisterFast.java	recovered-java-origin	same-path-not-byte-identical	1.0.7705/transactor/src-java/datomic/impl/MersenneTwisterFast.java	encoding-and-host-primitives	src/storage/codec.rs	datomic_pro_docs/02_core_concepts/01_programming_with_data_and_edn.atomic.md	Native exact values/codecs; Fressian tags, JVM buffer/hash/random helpers are not format compatibility. Nonidentical artifact copy: family mapping does not assert whole-file equivalence.
1.0.7705/peer/src-java/datomic/impl/ModifiedFNVHash.java	recovered-java-origin	byte-identical	1.0.7705/transactor/src-java/datomic/impl/ModifiedFNVHash.java	encoding-and-host-primitives	src/storage/codec.rs	datomic_pro_docs/02_core_concepts/01_programming_with_data_and_edn.atomic.md	Native exact values/codecs; Fressian tags, JVM buffer/hash/random helpers are not format compatibility. Exact baseline pair shares one mechanism; no duplicate port or redundant annotation required.
1.0.7705/peer/src-java/datomic/impl/MurmurHash.java	recovered-java-origin	byte-identical	1.0.7705/transactor/src-java/datomic/impl/MurmurHash.java	encoding-and-host-primitives	src/storage/codec.rs	datomic_pro_docs/02_core_concepts/01_programming_with_data_and_edn.atomic.md	Native exact values/codecs; Fressian tags, JVM buffer/hash/random helpers are not format compatibility. Exact baseline pair shares one mechanism; no duplicate port or redundant annotation required.
1.0.7705/peer/src-java/datomic/impl/PriorityExecutor.java	recovered-java-origin	byte-identical	1.0.7705/transactor/src-java/datomic/impl/PriorityExecutor.java	application-completion-errors	src/application/mod.rs	datomic_pro_docs/07_peer_api/00_clojure/00_datomic_api.atomic.md	Shared API/completion family; native bounded executor and typed errors replace JVM adapters. Exact baseline pair shares one mechanism; no duplicate port or redundant annotation required.
1.0.7705/peer/src-java/datomic/impl/Shell.java	recovered-java-origin	byte-identical	1.0.7705/transactor/src-java/datomic/impl/Shell.java	host-operations-support	src/operations/mod.rs	datomic_pro_docs/08_operations/00_architecture_and_storage/02_datomic_deployment.atomic.md	Coherent host/config/diagnostic support family; native explicit configuration/operations replace JVM supervision and presentation helpers. Exact baseline pair shares one mechanism; no duplicate port or redundant annotation required.
1.0.7705/peer/src-java/datomic/impl/clusterfs/Closed.java	recovered-java-origin	byte-identical	1.0.7705/transactor/src-java/datomic/impl/clusterfs/Closed.java	storage-catalog	src/storage/mod.rs	datomic_pro_docs/08_operations/00_architecture_and_storage/00_storage_services.atomic.md	Opaque objects/conditional references and shared catalog; provider/backend-specific behavior is not native parity. Exact baseline pair shares one mechanism; no duplicate port or redundant annotation required.
1.0.7705/peer/src-java/datomic/impl/clusterfs/IClusterFS.java	recovered-java-origin	byte-identical	1.0.7705/transactor/src-java/datomic/impl/clusterfs/IClusterFS.java	storage-catalog	src/storage/mod.rs	datomic_pro_docs/08_operations/00_architecture_and_storage/00_storage_services.atomic.md	Opaque objects/conditional references and shared catalog; provider/backend-specific behavior is not native parity. Exact baseline pair shares one mechanism; no duplicate port or redundant annotation required.
1.0.7705/peer/src-java/datomic/impl/db/IDatum.java	recovered-java-origin	byte-identical	1.0.7705/transactor/src-java/datomic/impl/db/IDatum.java	model-schema-value	src/model/mod.rs	datomic_pro_docs/03_schema/03_identity_and_uniqueness.atomic.md	Shared native value/schema/identity contracts; db also has transaction and temporal owners traced by companions. Exact baseline pair shares one mechanism; no duplicate port or redundant annotation required.
1.0.7705/peer/src-java/datomic/impl/lucene/ClusterDirectory.java	recovered-java-origin	byte-identical	1.0.7705/transactor/src-java/datomic/impl/lucene/ClusterDirectory.java	fulltext	src/fulltext/mod.rs	datomic_pro_docs/05_query_and_pull/02_query_reference.fulltext.atomic.md	Native immutable search projection and bounded recent completion; Lucene adapters are not native wire/score parity. Exact baseline pair shares one mechanism; no duplicate port or redundant annotation required.
1.0.7705/peer/src-java/datomic/impl/lucene/ClusterIndexInput.java	recovered-java-origin	byte-identical	1.0.7705/transactor/src-java/datomic/impl/lucene/ClusterIndexInput.java	fulltext	src/fulltext/mod.rs	datomic_pro_docs/05_query_and_pull/02_query_reference.fulltext.atomic.md	Native immutable search projection and bounded recent completion; Lucene adapters are not native wire/score parity. Exact baseline pair shares one mechanism; no duplicate port or redundant annotation required.
1.0.7705/peer/src-java/datomic/impl/lucene/DirectoryRef.java	recovered-java-origin	byte-identical	1.0.7705/transactor/src-java/datomic/impl/lucene/DirectoryRef.java	fulltext	src/fulltext/mod.rs	datomic_pro_docs/05_query_and_pull/02_query_reference.fulltext.atomic.md	Native immutable search projection and bounded recent completion; Lucene adapters are not native wire/score parity. Exact baseline pair shares one mechanism; no duplicate port or redundant annotation required.
1.0.7705/peer/src-java/datomic/impl/lucene/EmptyIndexInput.java	recovered-java-origin	byte-identical	1.0.7705/transactor/src-java/datomic/impl/lucene/EmptyIndexInput.java	fulltext	src/fulltext/mod.rs	datomic_pro_docs/05_query_and_pull/02_query_reference.fulltext.atomic.md	Native immutable search projection and bounded recent completion; Lucene adapters are not native wire/score parity. Exact baseline pair shares one mechanism; no duplicate port or redundant annotation required.
1.0.7705/peer/src-java/datomic/impl/lucene/HybridDirectory.java	recovered-java-origin	byte-identical	1.0.7705/transactor/src-java/datomic/impl/lucene/HybridDirectory.java	fulltext	src/fulltext/mod.rs	datomic_pro_docs/05_query_and_pull/02_query_reference.fulltext.atomic.md	Native immutable search projection and bounded recent completion; Lucene adapters are not native wire/score parity. Exact baseline pair shares one mechanism; no duplicate port or redundant annotation required.
1.0.7705/transactor/src-clj/clojure/core/async.clj	exact-bundled-dependency	only-in-this-artifact	-	exact-dependency-or-resource	-	datomic_pro_docs/00_start_here/00_introduction.atomic.md	Exact attributed dependency/resource; no annotation or mandatory native port required.
1.0.7705/transactor/src-clj/clojure/core/async/impl/buffers.clj	exact-bundled-dependency	only-in-this-artifact	-	exact-dependency-or-resource	-	datomic_pro_docs/00_start_here/00_introduction.atomic.md	Exact attributed dependency/resource; no annotation or mandatory native port required.
1.0.7705/transactor/src-clj/clojure/core/async/impl/channels.clj	exact-bundled-dependency	only-in-this-artifact	-	exact-dependency-or-resource	-	datomic_pro_docs/00_start_here/00_introduction.atomic.md	Exact attributed dependency/resource; no annotation or mandatory native port required.
1.0.7705/transactor/src-clj/clojure/core/async/impl/dispatch.clj	exact-bundled-dependency	only-in-this-artifact	-	exact-dependency-or-resource	-	datomic_pro_docs/00_start_here/00_introduction.atomic.md	Exact attributed dependency/resource; no annotation or mandatory native port required.
1.0.7705/transactor/src-clj/clojure/core/async/impl/go.clj	exact-bundled-dependency	only-in-this-artifact	-	exact-dependency-or-resource	-	datomic_pro_docs/00_start_here/00_introduction.atomic.md	Exact attributed dependency/resource; no annotation or mandatory native port required.
1.0.7705/transactor/src-clj/clojure/core/async/impl/ioc_macros.clj	exact-bundled-dependency	only-in-this-artifact	-	exact-dependency-or-resource	-	datomic_pro_docs/00_start_here/00_introduction.atomic.md	Exact attributed dependency/resource; no annotation or mandatory native port required.
1.0.7705/transactor/src-clj/clojure/core/async/impl/mutex.clj	exact-bundled-dependency	only-in-this-artifact	-	exact-dependency-or-resource	-	datomic_pro_docs/00_start_here/00_introduction.atomic.md	Exact attributed dependency/resource; no annotation or mandatory native port required.
1.0.7705/transactor/src-clj/clojure/core/async/impl/protocols.clj	exact-bundled-dependency	only-in-this-artifact	-	exact-dependency-or-resource	-	datomic_pro_docs/00_start_here/00_introduction.atomic.md	Exact attributed dependency/resource; no annotation or mandatory native port required.
1.0.7705/transactor/src-clj/clojure/core/async/impl/timers.clj	exact-bundled-dependency	only-in-this-artifact	-	exact-dependency-or-resource	-	datomic_pro_docs/00_start_here/00_introduction.atomic.md	Exact attributed dependency/resource; no annotation or mandatory native port required.
1.0.7705/transactor/src-clj/clojure/core/cache.clj	exact-bundled-dependency	only-in-this-artifact	-	exact-dependency-or-resource	-	datomic_pro_docs/00_start_here/00_introduction.atomic.md	Exact attributed dependency/resource; no annotation or mandatory native port required.
1.0.7705/transactor/src-clj/clojure/core/memoize.clj	exact-bundled-dependency	only-in-this-artifact	-	exact-dependency-or-resource	-	datomic_pro_docs/00_start_here/00_introduction.atomic.md	Exact attributed dependency/resource; no annotation or mandatory native port required.
1.0.7705/transactor/src-clj/clojure/data/csv.clj	exact-bundled-dependency	only-in-this-artifact	-	exact-dependency-or-resource	-	datomic_pro_docs/00_start_here/00_introduction.atomic.md	Exact attributed dependency/resource; no annotation or mandatory native port required.
1.0.7705/transactor/src-clj/clojure/data/json.clj	exact-bundled-dependency	only-in-this-artifact	-	exact-dependency-or-resource	-	datomic_pro_docs/00_start_here/00_introduction.atomic.md	Exact attributed dependency/resource; no annotation or mandatory native port required.
1.0.7705/transactor/src-clj/clojure/data/priority_map.clj	exact-bundled-dependency	only-in-this-artifact	-	exact-dependency-or-resource	-	datomic_pro_docs/00_start_here/00_introduction.atomic.md	Exact attributed dependency/resource; no annotation or mandatory native port required.
1.0.7705/transactor/src-clj/clojure/java/jmx.clj	exact-bundled-dependency	only-in-this-artifact	-	exact-dependency-or-resource	-	datomic_pro_docs/00_start_here/00_introduction.atomic.md	Exact attributed dependency/resource; no annotation or mandatory native port required.
1.0.7705/transactor/src-clj/clojure/tools/analyzer.clj	exact-bundled-dependency	only-in-this-artifact	-	exact-dependency-or-resource	-	datomic_pro_docs/00_start_here/00_introduction.atomic.md	Exact attributed dependency/resource; no annotation or mandatory native port required.
1.0.7705/transactor/src-clj/clojure/tools/analyzer/ast.clj	exact-bundled-dependency	only-in-this-artifact	-	exact-dependency-or-resource	-	datomic_pro_docs/00_start_here/00_introduction.atomic.md	Exact attributed dependency/resource; no annotation or mandatory native port required.
1.0.7705/transactor/src-clj/clojure/tools/analyzer/env.clj	exact-bundled-dependency	only-in-this-artifact	-	exact-dependency-or-resource	-	datomic_pro_docs/00_start_here/00_introduction.atomic.md	Exact attributed dependency/resource; no annotation or mandatory native port required.
1.0.7705/transactor/src-clj/clojure/tools/analyzer/jvm.clj	exact-bundled-dependency	only-in-this-artifact	-	exact-dependency-or-resource	-	datomic_pro_docs/00_start_here/00_introduction.atomic.md	Exact attributed dependency/resource; no annotation or mandatory native port required.
1.0.7705/transactor/src-clj/clojure/tools/analyzer/jvm/utils.clj	exact-bundled-dependency	only-in-this-artifact	-	exact-dependency-or-resource	-	datomic_pro_docs/00_start_here/00_introduction.atomic.md	Exact attributed dependency/resource; no annotation or mandatory native port required.
1.0.7705/transactor/src-clj/clojure/tools/analyzer/passes.clj	exact-bundled-dependency	only-in-this-artifact	-	exact-dependency-or-resource	-	datomic_pro_docs/00_start_here/00_introduction.atomic.md	Exact attributed dependency/resource; no annotation or mandatory native port required.
1.0.7705/transactor/src-clj/clojure/tools/analyzer/passes/add_binding_atom.clj	exact-bundled-dependency	only-in-this-artifact	-	exact-dependency-or-resource	-	datomic_pro_docs/00_start_here/00_introduction.atomic.md	Exact attributed dependency/resource; no annotation or mandatory native port required.
1.0.7705/transactor/src-clj/clojure/tools/analyzer/passes/cleanup.clj	exact-bundled-dependency	only-in-this-artifact	-	exact-dependency-or-resource	-	datomic_pro_docs/00_start_here/00_introduction.atomic.md	Exact attributed dependency/resource; no annotation or mandatory native port required.
1.0.7705/transactor/src-clj/clojure/tools/analyzer/passes/constant_lifter.clj	exact-bundled-dependency	only-in-this-artifact	-	exact-dependency-or-resource	-	datomic_pro_docs/00_start_here/00_introduction.atomic.md	Exact attributed dependency/resource; no annotation or mandatory native port required.
1.0.7705/transactor/src-clj/clojure/tools/analyzer/passes/elide_meta.clj	exact-bundled-dependency	only-in-this-artifact	-	exact-dependency-or-resource	-	datomic_pro_docs/00_start_here/00_introduction.atomic.md	Exact attributed dependency/resource; no annotation or mandatory native port required.
1.0.7705/transactor/src-clj/clojure/tools/analyzer/passes/emit_form.clj	exact-bundled-dependency	only-in-this-artifact	-	exact-dependency-or-resource	-	datomic_pro_docs/00_start_here/00_introduction.atomic.md	Exact attributed dependency/resource; no annotation or mandatory native port required.
1.0.7705/transactor/src-clj/clojure/tools/analyzer/passes/jvm/analyze_host_expr.clj	exact-bundled-dependency	only-in-this-artifact	-	exact-dependency-or-resource	-	datomic_pro_docs/00_start_here/00_introduction.atomic.md	Exact attributed dependency/resource; no annotation or mandatory native port required.
1.0.7705/transactor/src-clj/clojure/tools/analyzer/passes/jvm/annotate_host_info.clj	exact-bundled-dependency	only-in-this-artifact	-	exact-dependency-or-resource	-	datomic_pro_docs/00_start_here/00_introduction.atomic.md	Exact attributed dependency/resource; no annotation or mandatory native port required.
1.0.7705/transactor/src-clj/clojure/tools/analyzer/passes/jvm/annotate_loops.clj	exact-bundled-dependency	only-in-this-artifact	-	exact-dependency-or-resource	-	datomic_pro_docs/00_start_here/00_introduction.atomic.md	Exact attributed dependency/resource; no annotation or mandatory native port required.
1.0.7705/transactor/src-clj/clojure/tools/analyzer/passes/jvm/annotate_tag.clj	exact-bundled-dependency	only-in-this-artifact	-	exact-dependency-or-resource	-	datomic_pro_docs/00_start_here/00_introduction.atomic.md	Exact attributed dependency/resource; no annotation or mandatory native port required.
1.0.7705/transactor/src-clj/clojure/tools/analyzer/passes/jvm/box.clj	exact-bundled-dependency	only-in-this-artifact	-	exact-dependency-or-resource	-	datomic_pro_docs/00_start_here/00_introduction.atomic.md	Exact attributed dependency/resource; no annotation or mandatory native port required.
1.0.7705/transactor/src-clj/clojure/tools/analyzer/passes/jvm/classify_invoke.clj	exact-bundled-dependency	only-in-this-artifact	-	exact-dependency-or-resource	-	datomic_pro_docs/00_start_here/00_introduction.atomic.md	Exact attributed dependency/resource; no annotation or mandatory native port required.
1.0.7705/transactor/src-clj/clojure/tools/analyzer/passes/jvm/constant_lifter.clj	exact-bundled-dependency	only-in-this-artifact	-	exact-dependency-or-resource	-	datomic_pro_docs/00_start_here/00_introduction.atomic.md	Exact attributed dependency/resource; no annotation or mandatory native port required.
1.0.7705/transactor/src-clj/clojure/tools/analyzer/passes/jvm/emit_form.clj	exact-bundled-dependency	only-in-this-artifact	-	exact-dependency-or-resource	-	datomic_pro_docs/00_start_here/00_introduction.atomic.md	Exact attributed dependency/resource; no annotation or mandatory native port required.
1.0.7705/transactor/src-clj/clojure/tools/analyzer/passes/jvm/fix_case_test.clj	exact-bundled-dependency	only-in-this-artifact	-	exact-dependency-or-resource	-	datomic_pro_docs/00_start_here/00_introduction.atomic.md	Exact attributed dependency/resource; no annotation or mandatory native port required.
1.0.7705/transactor/src-clj/clojure/tools/analyzer/passes/jvm/infer_tag.clj	exact-bundled-dependency	only-in-this-artifact	-	exact-dependency-or-resource	-	datomic_pro_docs/00_start_here/00_introduction.atomic.md	Exact attributed dependency/resource; no annotation or mandatory native port required.
1.0.7705/transactor/src-clj/clojure/tools/analyzer/passes/jvm/validate.clj	exact-bundled-dependency	only-in-this-artifact	-	exact-dependency-or-resource	-	datomic_pro_docs/00_start_here/00_introduction.atomic.md	Exact attributed dependency/resource; no annotation or mandatory native port required.
1.0.7705/transactor/src-clj/clojure/tools/analyzer/passes/jvm/validate_loop_locals.clj	exact-bundled-dependency	only-in-this-artifact	-	exact-dependency-or-resource	-	datomic_pro_docs/00_start_here/00_introduction.atomic.md	Exact attributed dependency/resource; no annotation or mandatory native port required.
1.0.7705/transactor/src-clj/clojure/tools/analyzer/passes/jvm/validate_recur.clj	exact-bundled-dependency	only-in-this-artifact	-	exact-dependency-or-resource	-	datomic_pro_docs/00_start_here/00_introduction.atomic.md	Exact attributed dependency/resource; no annotation or mandatory native port required.
1.0.7705/transactor/src-clj/clojure/tools/analyzer/passes/jvm/warn_on_reflection.clj	exact-bundled-dependency	only-in-this-artifact	-	exact-dependency-or-resource	-	datomic_pro_docs/00_start_here/00_introduction.atomic.md	Exact attributed dependency/resource; no annotation or mandatory native port required.
1.0.7705/transactor/src-clj/clojure/tools/analyzer/passes/source_info.clj	exact-bundled-dependency	only-in-this-artifact	-	exact-dependency-or-resource	-	datomic_pro_docs/00_start_here/00_introduction.atomic.md	Exact attributed dependency/resource; no annotation or mandatory native port required.
1.0.7705/transactor/src-clj/clojure/tools/analyzer/passes/trim.clj	exact-bundled-dependency	only-in-this-artifact	-	exact-dependency-or-resource	-	datomic_pro_docs/00_start_here/00_introduction.atomic.md	Exact attributed dependency/resource; no annotation or mandatory native port required.
1.0.7705/transactor/src-clj/clojure/tools/analyzer/passes/uniquify.clj	exact-bundled-dependency	only-in-this-artifact	-	exact-dependency-or-resource	-	datomic_pro_docs/00_start_here/00_introduction.atomic.md	Exact attributed dependency/resource; no annotation or mandatory native port required.
1.0.7705/transactor/src-clj/clojure/tools/analyzer/passes/warn_earmuff.clj	exact-bundled-dependency	only-in-this-artifact	-	exact-dependency-or-resource	-	datomic_pro_docs/00_start_here/00_introduction.atomic.md	Exact attributed dependency/resource; no annotation or mandatory native port required.
1.0.7705/transactor/src-clj/clojure/tools/analyzer/utils.clj	exact-bundled-dependency	only-in-this-artifact	-	exact-dependency-or-resource	-	datomic_pro_docs/00_start_here/00_introduction.atomic.md	Exact attributed dependency/resource; no annotation or mandatory native port required.
1.0.7705/transactor/src-clj/clojure/tools/cli.cljc	exact-bundled-dependency	only-in-this-artifact	-	exact-dependency-or-resource	-	datomic_pro_docs/00_start_here/00_introduction.atomic.md	Exact attributed dependency/resource; no annotation or mandatory native port required.
1.0.7705/transactor/src-clj/clojure/tools/reader.clj	exact-bundled-dependency	only-in-this-artifact	-	exact-dependency-or-resource	-	datomic_pro_docs/00_start_here/00_introduction.atomic.md	Exact attributed dependency/resource; no annotation or mandatory native port required.
1.0.7705/transactor/src-clj/clojure/tools/reader/default_data_readers.clj	exact-bundled-dependency	only-in-this-artifact	-	exact-dependency-or-resource	-	datomic_pro_docs/00_start_here/00_introduction.atomic.md	Exact attributed dependency/resource; no annotation or mandatory native port required.
1.0.7705/transactor/src-clj/clojure/tools/reader/impl/commons.clj	exact-bundled-dependency	only-in-this-artifact	-	exact-dependency-or-resource	-	datomic_pro_docs/00_start_here/00_introduction.atomic.md	Exact attributed dependency/resource; no annotation or mandatory native port required.
1.0.7705/transactor/src-clj/clojure/tools/reader/impl/errors.clj	exact-bundled-dependency	only-in-this-artifact	-	exact-dependency-or-resource	-	datomic_pro_docs/00_start_here/00_introduction.atomic.md	Exact attributed dependency/resource; no annotation or mandatory native port required.
1.0.7705/transactor/src-clj/clojure/tools/reader/impl/inspect.clj	exact-bundled-dependency	only-in-this-artifact	-	exact-dependency-or-resource	-	datomic_pro_docs/00_start_here/00_introduction.atomic.md	Exact attributed dependency/resource; no annotation or mandatory native port required.
1.0.7705/transactor/src-clj/clojure/tools/reader/impl/utils.clj	exact-bundled-dependency	only-in-this-artifact	-	exact-dependency-or-resource	-	datomic_pro_docs/00_start_here/00_introduction.atomic.md	Exact attributed dependency/resource; no annotation or mandatory native port required.
1.0.7705/transactor/src-clj/clojure/tools/reader/reader_types.clj	exact-bundled-dependency	only-in-this-artifact	-	exact-dependency-or-resource	-	datomic_pro_docs/00_start_here/00_introduction.atomic.md	Exact attributed dependency/resource; no annotation or mandatory native port required.
1.0.7705/transactor/src-clj/cognitect/anomalies.clj	exact-bundled-dependency	only-in-this-artifact	-	exact-dependency-or-resource	-	datomic_pro_docs/00_start_here/00_introduction.atomic.md	Exact attributed dependency/resource; no annotation or mandatory native port required.
1.0.7705/transactor/src-clj/cognitect/hmac_authn.clj	exact-bundled-dependency	only-in-this-artifact	-	exact-dependency-or-resource	-	datomic_pro_docs/00_start_here/00_introduction.atomic.md	Exact attributed dependency/resource; no annotation or mandatory native port required.
1.0.7705/transactor/src-clj/cognitect/http_client.clj	exact-bundled-dependency	only-in-this-artifact	-	exact-dependency-or-resource	-	datomic_pro_docs/00_start_here/00_introduction.atomic.md	Exact attributed dependency/resource; no annotation or mandatory native port required.
1.0.7705/transactor/src-clj/cognitect/http_client/specs.clj	exact-bundled-dependency	only-in-this-artifact	-	exact-dependency-or-resource	-	datomic_pro_docs/00_start_here/00_introduction.atomic.md	Exact attributed dependency/resource; no annotation or mandatory native port required.
1.0.7705/transactor/src-clj/cognitect/nano_impl.clj	exact-bundled-dependency	only-in-this-artifact	-	exact-dependency-or-resource	-	datomic_pro_docs/00_start_here/00_introduction.atomic.md	Exact attributed dependency/resource; no annotation or mandatory native port required.
1.0.7705/transactor/src-clj/cognitect/nano_impl/aws_detect.clj	exact-bundled-dependency	only-in-this-artifact	-	exact-dependency-or-resource	-	datomic_pro_docs/00_start_here/00_introduction.atomic.md	Exact attributed dependency/resource; no annotation or mandatory native port required.
1.0.7705/transactor/src-clj/cognitect/nano_impl/marshaling.clj	exact-bundled-dependency	only-in-this-artifact	-	exact-dependency-or-resource	-	datomic_pro_docs/00_start_here/00_introduction.atomic.md	Exact attributed dependency/resource; no annotation or mandatory native port required.
1.0.7705/transactor/src-clj/cognitect/nano_impl/registration.clj	exact-bundled-dependency	only-in-this-artifact	-	exact-dependency-or-resource	-	datomic_pro_docs/00_start_here/00_introduction.atomic.md	Exact attributed dependency/resource; no annotation or mandatory native port required.
1.0.7705/transactor/src-clj/cognitect/nano_impl/server.clj	exact-bundled-dependency	only-in-this-artifact	-	exact-dependency-or-resource	-	datomic_pro_docs/00_start_here/00_introduction.atomic.md	Exact attributed dependency/resource; no annotation or mandatory native port required.
1.0.7705/transactor/src-clj/cognitect/transit.clj	exact-bundled-dependency	only-in-this-artifact	-	exact-dependency-or-resource	-	datomic_pro_docs/00_start_here/00_introduction.atomic.md	Exact attributed dependency/resource; no annotation or mandatory native port required.
1.0.7705/transactor/src-clj/datomic/adopter.clj	recovered-datomic-initializer	byte-identical	1.0.7705/peer/src-clj/datomic/adopter.clj	peer-observation	src/peer/live.rs	datomic_pro_docs/07_peer_api/00_clojure/00_datomic_api.atomic.md	Captured values and advancing observation; no URI-global cache or reader-pin compatibility. Exact baseline pair shares one mechanism; no duplicate port or redundant annotation required.
1.0.7705/transactor/src-clj/datomic/aggregation.clj	recovered-datomic-initializer	same-path-not-byte-identical	1.0.7705/peer/src-clj/datomic/aggregation.clj	query-and-diagnostics	src/query/mod.rs	datomic_pro_docs/05_query_and_pull/02_query_reference.atomic.md	Native relational/result/control owner; qtune is optional diagnostic policy, not runtime scheduling parity. Nonidentical artifact copy: family mapping does not assert whole-file equivalence.
1.0.7705/transactor/src-clj/datomic/api.clj	recovered-datomic-initializer	same-path-not-byte-identical	1.0.7705/peer/src-clj/datomic/api.clj	application-completion-errors	src/application/mod.rs	datomic_pro_docs/07_peer_api/00_clojure/00_datomic_api.atomic.md	Shared API/completion family; native bounded executor and typed errors replace JVM adapters. Nonidentical artifact copy: family mapping does not assert whole-file equivalence.
1.0.7705/transactor/src-clj/datomic/artemis_client.clj	recovered-datomic-initializer	same-path-not-byte-identical	1.0.7705/peer/src-clj/datomic/artemis_client.clj	peer-transport	src/application/transport/mod.rs	datomic_pro_docs/07_peer_api/00_clojure/00_datomic_api.atomic.md	Source broker notification/submission adapter; native local/TLS transport uses stable identity and receipts, not Artemis protocol. Nonidentical artifact copy: family mapping does not assert whole-file equivalence.
1.0.7705/transactor/src-clj/datomic/artemis_server.clj	recovered-datomic-initializer	only-in-this-artifact	-	peer-transport	src/application/transport/mod.rs	datomic_pro_docs/07_peer_api/00_clojure/00_datomic_api.atomic.md	Source broker notification/submission adapter; native local/TLS transport uses stable identity and receipts, not Artemis protocol.
1.0.7705/transactor/src-clj/datomic/assert.clj	recovered-datomic-initializer	same-path-not-byte-identical	1.0.7705/peer/src-clj/datomic/assert.clj	transaction-admission	src/transaction/mod.rs	datomic_pro_docs/04_transactions/02_transaction_data.atomic.md	Native shared transaction admission/assessment; generated assertion expansion is not a separate engine. Nonidentical artifact copy: family mapping does not assert whole-file equivalence.
1.0.7705/transactor/src-clj/datomic/async.clj	recovered-datomic-initializer	same-path-not-byte-identical	1.0.7705/peer/src-clj/datomic/async.clj	application-completion-errors	src/application/mod.rs	datomic_pro_docs/07_peer_api/00_clojure/00_datomic_api.atomic.md	Shared API/completion family; native bounded executor and typed errors replace JVM adapters. Nonidentical artifact copy: family mapping does not assert whole-file equivalence.
1.0.7705/transactor/src-clj/datomic/aws_detect.clj	recovered-datomic-initializer	byte-identical	1.0.7705/peer/src-clj/datomic/aws_detect.clj	non-target-provider	-	datomic_pro_docs/08_operations/00_architecture_and_storage/00_storage_services.atomic.md	Non-target backend/vendor integration; no unsupported native provider is advertised. Exact baseline pair shares one mechanism; no duplicate port or redundant annotation required.
1.0.7705/transactor/src-clj/datomic/aws_monitor.clj	recovered-datomic-initializer	same-path-not-byte-identical	1.0.7705/peer/src-clj/datomic/aws_monitor.clj	non-target-provider	-	datomic_pro_docs/08_operations/00_architecture_and_storage/00_storage_services.atomic.md	Non-target backend/vendor integration; no unsupported native provider is advertised. Nonidentical artifact copy: family mapping does not assert whole-file equivalence.
1.0.7705/transactor/src-clj/datomic/backup.clj	recovered-datomic-initializer	same-path-not-byte-identical	1.0.7705/peer/src-clj/datomic/backup.clj	backup-and-restore	src/backup/mod.rs	datomic_pro_docs/08_operations/01_capacity_and_reliability/02_backup_and_restore.atomic.md	Native coherent point/capture/offline reader/verification/restore; not source repository-format compatibility. Nonidentical artifact copy: family mapping does not assert whole-file equivalence.
1.0.7705/transactor/src-clj/datomic/backup_cli.clj	recovered-datomic-initializer	only-in-this-artifact	-	backup-and-restore	src/backup/mod.rs	datomic_pro_docs/08_operations/01_capacity_and_reliability/02_backup_and_restore.atomic.md	Native coherent point/capture/offline reader/verification/restore; not source repository-format compatibility.
1.0.7705/transactor/src-clj/datomic/btset.clj	recovered-datomic-initializer	same-path-not-byte-identical	1.0.7705/peer/src-clj/datomic/btset.clj	ordered-structures	src/index/mod.rs	datomic_pro_docs/06_indexes/01_index_model.atomic.md	Shared immutable trees, sorted traversal and bounded build; source representation differs from native codec. Nonidentical artifact copy: family mapping does not assert whole-file equivalence.
1.0.7705/transactor/src-clj/datomic/builtins.clj	recovered-datomic-initializer	same-path-not-byte-identical	1.0.7705/peer/src-clj/datomic/builtins.clj	model-schema-value	src/model/mod.rs	datomic_pro_docs/03_schema/03_identity_and_uniqueness.atomic.md	Shared native value/schema/identity contracts; db also has transaction and temporal owners traced by companions. Nonidentical artifact copy: family mapping does not assert whole-file equivalence.
1.0.7705/transactor/src-clj/datomic/cache.clj	recovered-datomic-initializer	same-path-not-byte-identical	1.0.7705/peer/src-clj/datomic/cache.clj	cache-composition	src/index/tree/cache.rs	datomic_pro_docs/08_operations/02_observability_and_tuning/01_memory_and_caching.atomic.md	Shared immutable object/cache policy family; sizing estimates and Caffeine internals are not native RSS or eviction equivalence. Nonidentical artifact copy: family mapping does not assert whole-file equivalence.
1.0.7705/transactor/src-clj/datomic/cache/caffeine.clj	recovered-datomic-initializer	same-path-not-byte-identical	1.0.7705/peer/src-clj/datomic/cache/caffeine.clj	cache-composition	src/index/tree/cache.rs	datomic_pro_docs/08_operations/02_observability_and_tuning/01_memory_and_caching.atomic.md	Shared immutable object/cache policy family; sizing estimates and Caffeine internals are not native RSS or eviction equivalence. Nonidentical artifact copy: family mapping does not assert whole-file equivalence.
1.0.7705/transactor/src-clj/datomic/cache/impl.clj	recovered-datomic-initializer	same-path-not-byte-identical	1.0.7705/peer/src-clj/datomic/cache/impl.clj	cache-composition	src/index/tree/cache.rs	datomic_pro_docs/08_operations/02_observability_and_tuning/01_memory_and_caching.atomic.md	Shared immutable object/cache policy family; sizing estimates and Caffeine internals are not native RSS or eviction equivalence. Nonidentical artifact copy: family mapping does not assert whole-file equivalence.
1.0.7705/transactor/src-clj/datomic/callback.clj	recovered-datomic-initializer	same-path-not-byte-identical	1.0.7705/peer/src-clj/datomic/callback.clj	application-completion-errors	src/application/mod.rs	datomic_pro_docs/07_peer_api/00_clojure/00_datomic_api.atomic.md	Shared API/completion family; native bounded executor and typed errors replace JVM adapters. Nonidentical artifact copy: family mapping does not assert whole-file equivalence.
1.0.7705/transactor/src-clj/datomic/cassandra.clj	recovered-datomic-initializer	same-path-not-byte-identical	1.0.7705/peer/src-clj/datomic/cassandra.clj	non-target-provider	-	datomic_pro_docs/08_operations/00_architecture_and_storage/00_storage_services.atomic.md	Non-target backend/vendor integration; no unsupported native provider is advertised. Nonidentical artifact copy: family mapping does not assert whole-file equivalence.
1.0.7705/transactor/src-clj/datomic/cassandra_v4.clj	recovered-datomic-initializer	same-path-not-byte-identical	1.0.7705/peer/src-clj/datomic/cassandra_v4.clj	non-target-provider	-	datomic_pro_docs/08_operations/00_architecture_and_storage/00_storage_services.atomic.md	Non-target backend/vendor integration; no unsupported native provider is advertised. Nonidentical artifact copy: family mapping does not assert whole-file equivalence.
1.0.7705/transactor/src-clj/datomic/cassandra_values.clj	recovered-datomic-initializer	same-path-not-byte-identical	1.0.7705/peer/src-clj/datomic/cassandra_values.clj	non-target-provider	-	datomic_pro_docs/08_operations/00_architecture_and_storage/00_storage_services.atomic.md	Non-target backend/vendor integration; no unsupported native provider is advertised. Nonidentical artifact copy: family mapping does not assert whole-file equivalence.
1.0.7705/transactor/src-clj/datomic/cassandra_values_v4.clj	recovered-datomic-initializer	same-path-not-byte-identical	1.0.7705/peer/src-clj/datomic/cassandra_values_v4.clj	non-target-provider	-	datomic_pro_docs/08_operations/00_architecture_and_storage/00_storage_services.atomic.md	Non-target backend/vendor integration; no unsupported native provider is advertised. Nonidentical artifact copy: family mapping does not assert whole-file equivalence.
1.0.7705/transactor/src-clj/datomic/cast2slf4j.clj	recovered-datomic-initializer	same-path-not-byte-identical	1.0.7705/peer/src-clj/datomic/cast2slf4j.clj	non-target-client-server	-	datomic_pro_docs/09_optional/00_pro_client/03_client_library_reference.atomic.md	Non-target HTTP/Cloud/JVM service integration; native peer-local APIs are traced separately. Nonidentical artifact copy: family mapping does not assert whole-file equivalence.
1.0.7705/transactor/src-clj/datomic/cast2slf4j/peer_server.clj	recovered-datomic-initializer	only-in-this-artifact	-	non-target-client-server	-	datomic_pro_docs/09_optional/00_pro_client/03_client_library_reference.atomic.md	Non-target HTTP/Cloud/JVM service integration; native peer-local APIs are traced separately.
1.0.7705/transactor/src-clj/datomic/catalog.clj	recovered-datomic-initializer	same-path-not-byte-identical	1.0.7705/peer/src-clj/datomic/catalog.clj	storage-catalog	src/storage/mod.rs	datomic_pro_docs/08_operations/00_architecture_and_storage/00_storage_services.atomic.md	Opaque objects/conditional references and shared catalog; provider/backend-specific behavior is not native parity. Nonidentical artifact copy: family mapping does not assert whole-file equivalence.
1.0.7705/transactor/src-clj/datomic/cleanup.clj	recovered-datomic-initializer	same-path-not-byte-identical	1.0.7705/peer/src-clj/datomic/cleanup.clj	host-operations-support	src/operations/mod.rs	datomic_pro_docs/08_operations/00_architecture_and_storage/02_datomic_deployment.atomic.md	Coherent host/config/diagnostic support family; native explicit configuration/operations replace JVM supervision and presentation helpers. Nonidentical artifact copy: family mapping does not assert whole-file equivalence.
1.0.7705/transactor/src-clj/datomic/cli.clj	recovered-datomic-initializer	same-path-not-byte-identical	1.0.7705/peer/src-clj/datomic/cli.clj	host-operations-support	src/operations/mod.rs	datomic_pro_docs/08_operations/00_architecture_and_storage/02_datomic_deployment.atomic.md	Coherent host/config/diagnostic support family; native explicit configuration/operations replace JVM supervision and presentation helpers. Nonidentical artifact copy: family mapping does not assert whole-file equivalence.
1.0.7705/transactor/src-clj/datomic/client_server/auth.clj	recovered-datomic-initializer	only-in-this-artifact	-	non-target-client-server	-	datomic_pro_docs/09_optional/00_pro_client/03_client_library_reference.atomic.md	Non-target HTTP/Cloud/JVM service integration; native peer-local APIs are traced separately.
1.0.7705/transactor/src-clj/datomic/client_server/marshaling.clj	recovered-datomic-initializer	only-in-this-artifact	-	non-target-client-server	-	datomic_pro_docs/09_optional/00_pro_client/03_client_library_reference.atomic.md	Non-target HTTP/Cloud/JVM service integration; native peer-local APIs are traced separately.
1.0.7705/transactor/src-clj/datomic/client_server/spi_support.clj	recovered-datomic-initializer	only-in-this-artifact	-	non-target-client-server	-	datomic_pro_docs/09_optional/00_pro_client/03_client_library_reference.atomic.md	Non-target HTTP/Cloud/JVM service integration; native peer-local APIs are traced separately.
1.0.7705/transactor/src-clj/datomic/cloudwatch.clj	recovered-datomic-initializer	same-path-not-byte-identical	1.0.7705/peer/src-clj/datomic/cloudwatch.clj	non-target-provider	-	datomic_pro_docs/08_operations/00_architecture_and_storage/00_storage_services.atomic.md	AWS monitoring integration; no native CloudWatch contract. Nonidentical artifact copy: family mapping does not assert whole-file equivalence.
1.0.7705/transactor/src-clj/datomic/cluster.clj	recovered-datomic-initializer	same-path-not-byte-identical	1.0.7705/peer/src-clj/datomic/cluster.clj	storage-catalog	src/storage/mod.rs	datomic_pro_docs/08_operations/00_architecture_and_storage/00_storage_services.atomic.md	Opaque objects/conditional references and shared catalog; provider/backend-specific behavior is not native parity. Nonidentical artifact copy: family mapping does not assert whole-file equivalence.
1.0.7705/transactor/src-clj/datomic/cluster_stack.clj	recovered-datomic-initializer	same-path-not-byte-identical	1.0.7705/peer/src-clj/datomic/cluster_stack.clj	storage-catalog	src/storage/mod.rs	datomic_pro_docs/08_operations/00_architecture_and_storage/00_storage_services.atomic.md	Opaque objects/conditional references and shared catalog; provider/backend-specific behavior is not native parity. Nonidentical artifact copy: family mapping does not assert whole-file equivalence.
1.0.7705/transactor/src-clj/datomic/clusterfs.clj	recovered-datomic-initializer	same-path-not-byte-identical	1.0.7705/peer/src-clj/datomic/clusterfs.clj	storage-catalog	src/storage/mod.rs	datomic_pro_docs/08_operations/00_architecture_and_storage/00_storage_services.atomic.md	Opaque objects/conditional references and shared catalog; provider/backend-specific behavior is not native parity. Nonidentical artifact copy: family mapping does not assert whole-file equivalence.
1.0.7705/transactor/src-clj/datomic/codec.clj	recovered-datomic-initializer	byte-identical	1.0.7705/peer/src-clj/datomic/codec.clj	encoding-and-host-primitives	src/storage/codec.rs	datomic_pro_docs/02_core_concepts/01_programming_with_data_and_edn.atomic.md	Native exact values/codecs; Fressian tags, JVM buffer/hash/random helpers are not format compatibility. Exact baseline pair shares one mechanism; no duplicate port or redundant annotation required.
1.0.7705/transactor/src-clj/datomic/combined_cluster.clj	recovered-datomic-initializer	byte-identical	1.0.7705/peer/src-clj/datomic/combined_cluster.clj	storage-catalog	src/storage/mod.rs	datomic_pro_docs/08_operations/00_architecture_and_storage/00_storage_services.atomic.md	Opaque objects/conditional references and shared catalog; provider/backend-specific behavior is not native parity. Exact baseline pair shares one mechanism; no duplicate port or redundant annotation required.
1.0.7705/transactor/src-clj/datomic/common.clj	recovered-datomic-initializer	same-path-not-byte-identical	1.0.7705/peer/src-clj/datomic/common.clj	model-schema-value	src/model/mod.rs	datomic_pro_docs/03_schema/03_identity_and_uniqueness.atomic.md	Shared native value/schema/identity contracts; db also has transaction and temporal owners traced by companions. Nonidentical artifact copy: family mapping does not assert whole-file equivalence.
1.0.7705/transactor/src-clj/datomic/config.clj	recovered-datomic-initializer	same-path-not-byte-identical	1.0.7705/peer/src-clj/datomic/config.clj	host-operations-support	src/operations/mod.rs	datomic_pro_docs/08_operations/00_architecture_and_storage/02_datomic_deployment.atomic.md	Coherent host/config/diagnostic support family; native explicit configuration/operations replace JVM supervision and presentation helpers. Nonidentical artifact copy: family mapping does not assert whole-file equivalence.
1.0.7705/transactor/src-clj/datomic/config_ext.clj	recovered-datomic-initializer	same-path-not-byte-identical	1.0.7705/peer/src-clj/datomic/config_ext.clj	host-operations-support	src/operations/mod.rs	datomic_pro_docs/08_operations/00_architecture_and_storage/02_datomic_deployment.atomic.md	Coherent host/config/diagnostic support family; native explicit configuration/operations replace JVM supervision and presentation helpers. Nonidentical artifact copy: family mapping does not assert whole-file equivalence.
1.0.7705/transactor/src-clj/datomic/connector.clj	recovered-datomic-initializer	same-path-not-byte-identical	1.0.7705/peer/src-clj/datomic/connector.clj	peer-transport	src/application/transport/mod.rs	datomic_pro_docs/07_peer_api/00_clojure/00_datomic_api.atomic.md	Source broker notification/submission adapter; native local/TLS transport uses stable identity and receipts, not Artemis protocol. Nonidentical artifact copy: family mapping does not assert whole-file equivalence.
1.0.7705/transactor/src-clj/datomic/coordination.clj	recovered-datomic-initializer	same-path-not-byte-identical	1.0.7705/peer/src-clj/datomic/coordination.clj	writer-lifecycle	src/transactor/mod.rs	datomic_pro_docs/08_operations/01_capacity_and_reliability/01_high_availability.atomic.md	Native authority and observation fences; source deployment/pipeline adaptations are explicit. Nonidentical artifact copy: family mapping does not assert whole-file equivalence.
1.0.7705/transactor/src-clj/datomic/coordination_ext.clj	recovered-datomic-initializer	same-path-not-byte-identical	1.0.7705/peer/src-clj/datomic/coordination_ext.clj	writer-lifecycle	src/transactor/mod.rs	datomic_pro_docs/08_operations/01_capacity_and_reliability/01_high_availability.atomic.md	Native authority and observation fences; source deployment/pipeline adaptations are explicit. Nonidentical artifact copy: family mapping does not assert whole-file equivalence.
1.0.7705/transactor/src-clj/datomic/crypto.clj	recovered-datomic-initializer	same-path-not-byte-identical	1.0.7705/peer/src-clj/datomic/crypto.clj	encoding-and-host-primitives	src/storage/codec.rs	datomic_pro_docs/02_core_concepts/01_programming_with_data_and_edn.atomic.md	Native exact values/codecs; Fressian tags, JVM buffer/hash/random helpers are not format compatibility. Nonidentical artifact copy: family mapping does not assert whole-file equivalence.
1.0.7705/transactor/src-clj/datomic/data.clj	recovered-datomic-initializer	byte-identical	1.0.7705/peer/src-clj/datomic/data.clj	encoding-and-host-primitives	src/storage/codec.rs	datomic_pro_docs/02_core_concepts/01_programming_with_data_and_edn.atomic.md	Native exact values/codecs; Fressian tags, JVM buffer/hash/random helpers are not format compatibility. Exact baseline pair shares one mechanism; no duplicate port or redundant annotation required.
1.0.7705/transactor/src-clj/datomic/datafy.clj	recovered-datomic-initializer	same-path-not-byte-identical	1.0.7705/peer/src-clj/datomic/datafy.clj	host-operations-support	src/operations/mod.rs	datomic_pro_docs/08_operations/00_architecture_and_storage/02_datomic_deployment.atomic.md	Coherent host/config/diagnostic support family; native explicit configuration/operations replace JVM supervision and presentation helpers. Nonidentical artifact copy: family mapping does not assert whole-file equivalence.
1.0.7705/transactor/src-clj/datomic/datalog.clj	recovered-datomic-initializer	same-path-not-byte-identical	1.0.7705/peer/src-clj/datomic/datalog.clj	query-and-diagnostics	src/query/mod.rs	datomic_pro_docs/05_query_and_pull/02_query_reference.atomic.md	Native relational/result/control owner; qtune is optional diagnostic policy, not runtime scheduling parity. Nonidentical artifact copy: family mapping does not assert whole-file equivalence.
1.0.7705/transactor/src-clj/datomic/db.clj	recovered-datomic-initializer	same-path-not-byte-identical	1.0.7705/peer/src-clj/datomic/db.clj	model-schema-value	src/model/mod.rs	datomic_pro_docs/03_schema/03_identity_and_uniqueness.atomic.md	Shared native value/schema/identity contracts; db also has transaction and temporal owners traced by companions. Nonidentical artifact copy: family mapping does not assert whole-file equivalence.
1.0.7705/transactor/src-clj/datomic/db/specs.clj	recovered-datomic-initializer	only-in-this-artifact	-	model-schema-value	src/model/mod.rs	datomic_pro_docs/03_schema/03_identity_and_uniqueness.atomic.md	Shared native value/schema/identity contracts; db also has transaction and temporal owners traced by companions.
1.0.7705/transactor/src-clj/datomic/db_io.clj	recovered-datomic-initializer	same-path-not-byte-identical	1.0.7705/peer/src-clj/datomic/db_io.clj	peer-observation	src/peer/live.rs	datomic_pro_docs/07_peer_api/00_clojure/00_datomic_api.atomic.md	Captured values and advancing observation; no URI-global cache or reader-pin compatibility. Nonidentical artifact copy: family mapping does not assert whole-file equivalence.
1.0.7705/transactor/src-clj/datomic/ddb.clj	recovered-datomic-initializer	same-path-not-byte-identical	1.0.7705/peer/src-clj/datomic/ddb.clj	non-target-provider	-	datomic_pro_docs/08_operations/00_architecture_and_storage/00_storage_services.atomic.md	Non-target backend/vendor integration; no unsupported native provider is advertised. Nonidentical artifact copy: family mapping does not assert whole-file equivalence.
1.0.7705/transactor/src-clj/datomic/ddb_cluster.clj	recovered-datomic-initializer	same-path-not-byte-identical	1.0.7705/peer/src-clj/datomic/ddb_cluster.clj	non-target-provider	-	datomic_pro_docs/08_operations/00_architecture_and_storage/00_storage_services.atomic.md	Non-target backend/vendor integration; no unsupported native provider is advertised. Nonidentical artifact copy: family mapping does not assert whole-file equivalence.
1.0.7705/transactor/src-clj/datomic/ddb_s3_cluster.clj	recovered-datomic-initializer	same-path-not-byte-identical	1.0.7705/peer/src-clj/datomic/ddb_s3_cluster.clj	non-target-provider	-	datomic_pro_docs/08_operations/00_architecture_and_storage/00_storage_services.atomic.md	Non-target backend/vendor integration; no unsupported native provider is advertised. Nonidentical artifact copy: family mapping does not assert whole-file equivalence.
1.0.7705/transactor/src-clj/datomic/ddb_values.clj	recovered-datomic-initializer	same-path-not-byte-identical	1.0.7705/peer/src-clj/datomic/ddb_values.clj	non-target-provider	-	datomic_pro_docs/08_operations/00_architecture_and_storage/00_storage_services.atomic.md	Non-target backend/vendor integration; no unsupported native provider is advertised. Nonidentical artifact copy: family mapping does not assert whole-file equivalence.
1.0.7705/transactor/src-clj/datomic/domain.clj	recovered-datomic-initializer	same-path-not-byte-identical	1.0.7705/peer/src-clj/datomic/domain.clj	cache-composition	src/index/tree/cache.rs	datomic_pro_docs/08_operations/02_observability_and_tuning/01_memory_and_caching.atomic.md	Shared immutable object/cache policy family; sizing estimates and Caffeine internals are not native RSS or eviction equivalence. Nonidentical artifact copy: family mapping does not assert whole-file equivalence.
1.0.7705/transactor/src-clj/datomic/ec2.clj	recovered-datomic-initializer	only-in-this-artifact	-	non-target-provider	-	datomic_pro_docs/08_operations/00_architecture_and_storage/00_storage_services.atomic.md	Non-target backend/vendor integration; no unsupported native provider is advertised.
1.0.7705/transactor/src-clj/datomic/error.clj	recovered-datomic-initializer	same-path-not-byte-identical	1.0.7705/peer/src-clj/datomic/error.clj	application-completion-errors	src/application/mod.rs	datomic_pro_docs/07_peer_api/00_clojure/00_datomic_api.atomic.md	Shared API/completion family; native bounded executor and typed errors replace JVM adapters. Nonidentical artifact copy: family mapping does not assert whole-file equivalence.
1.0.7705/transactor/src-clj/datomic/excise.clj	recovered-datomic-initializer	same-path-not-byte-identical	1.0.7705/peer/src-clj/datomic/excise.clj	excision-reclamation	src/operations/reclamation.rs	datomic_pro_docs/09_optional/02_specialized_operations/02_excision.atomic.md	Native logical removal and retirement/protection epochs; no held-reader pin. Nonidentical artifact copy: family mapping does not assert whole-file equivalence.
1.0.7705/transactor/src-clj/datomic/extension_resolver.clj	recovered-datomic-initializer	same-path-not-byte-identical	1.0.7705/peer/src-clj/datomic/extension_resolver.clj	pull-and-entity	src/pull/mod.rs	datomic_pro_docs/05_query_and_pull/03_pull.atomic.md	Native navigation and explicit transform registration; JVM namespace loading is not required. Nonidentical artifact copy: family mapping does not assert whole-file equivalence.
1.0.7705/transactor/src-clj/datomic/extensions.clj	recovered-datomic-initializer	same-path-not-byte-identical	1.0.7705/peer/src-clj/datomic/extensions.clj	query-and-diagnostics	src/query/mod.rs	datomic_pro_docs/05_query_and_pull/02_query_reference.atomic.md	Native relational/result/control owner; qtune is optional diagnostic policy, not runtime scheduling parity. Nonidentical artifact copy: family mapping does not assert whole-file equivalence.
1.0.7705/transactor/src-clj/datomic/external_sort.clj	recovered-datomic-initializer	same-path-not-byte-identical	1.0.7705/peer/src-clj/datomic/external_sort.clj	ordered-structures	src/index/mod.rs	datomic_pro_docs/06_indexes/01_index_model.atomic.md	Shared immutable trees, sorted traversal and bounded build; source representation differs from native codec. Nonidentical artifact copy: family mapping does not assert whole-file equivalence.
1.0.7705/transactor/src-clj/datomic/external_sort_datoms.clj	recovered-datomic-initializer	same-path-not-byte-identical	1.0.7705/peer/src-clj/datomic/external_sort_datoms.clj	ordered-structures	src/index/mod.rs	datomic_pro_docs/06_indexes/01_index_model.atomic.md	Shared immutable trees, sorted traversal and bounded build; source representation differs from native codec. Nonidentical artifact copy: family mapping does not assert whole-file equivalence.
1.0.7705/transactor/src-clj/datomic/fressian.clj	recovered-datomic-initializer	same-path-not-byte-identical	1.0.7705/peer/src-clj/datomic/fressian.clj	encoding-and-host-primitives	src/storage/codec.rs	datomic_pro_docs/02_core_concepts/01_programming_with_data_and_edn.atomic.md	Native exact values/codecs; Fressian tags, JVM buffer/hash/random helpers are not format compatibility. Nonidentical artifact copy: family mapping does not assert whole-file equivalence.
1.0.7705/transactor/src-clj/datomic/fsbackup.clj	recovered-datomic-initializer	same-path-not-byte-identical	1.0.7705/peer/src-clj/datomic/fsbackup.clj	backup-and-restore	src/backup/mod.rs	datomic_pro_docs/08_operations/01_capacity_and_reliability/02_backup_and_restore.atomic.md	Native coherent point/capture/offline reader/verification/restore; not source repository-format compatibility. Nonidentical artifact copy: family mapping does not assert whole-file equivalence.
1.0.7705/transactor/src-clj/datomic/fulltext.clj	recovered-datomic-initializer	same-path-not-byte-identical	1.0.7705/peer/src-clj/datomic/fulltext.clj	fulltext	src/fulltext/mod.rs	datomic_pro_docs/05_query_and_pull/02_query_reference.fulltext.atomic.md	Native immutable search projection and bounded recent completion; Lucene adapters are not native wire/score parity. Nonidentical artifact copy: family mapping does not assert whole-file equivalence.
1.0.7705/transactor/src-clj/datomic/fulltext_index.clj	recovered-datomic-initializer	same-path-not-byte-identical	1.0.7705/peer/src-clj/datomic/fulltext_index.clj	fulltext	src/fulltext/mod.rs	datomic_pro_docs/05_query_and_pull/02_query_reference.fulltext.atomic.md	Native immutable search projection and bounded recent completion; Lucene adapters are not native wire/score parity. Nonidentical artifact copy: family mapping does not assert whole-file equivalence.
1.0.7705/transactor/src-clj/datomic/function.clj	recovered-datomic-initializer	same-path-not-byte-identical	1.0.7705/peer/src-clj/datomic/function.clj	application-computation	src/database_value/invoke.rs	datomic_pro_docs/07_peer_api/00_clojure/00_datomic_api.atomic.md	Native explicit callbacks/persisted programs; generated fixed-arity interfaces and JVM compiler have no standalone native counterpart. Nonidentical artifact copy: family mapping does not assert whole-file equivalence.
1.0.7705/transactor/src-clj/datomic/future.clj	recovered-datomic-initializer	same-path-not-byte-identical	1.0.7705/peer/src-clj/datomic/future.clj	application-completion-errors	src/application/mod.rs	datomic_pro_docs/07_peer_api/00_clojure/00_datomic_api.atomic.md	Shared API/completion family; native bounded executor and typed errors replace JVM adapters. Nonidentical artifact copy: family mapping does not assert whole-file equivalence.
1.0.7705/transactor/src-clj/datomic/garbage.clj	recovered-datomic-initializer	same-path-not-byte-identical	1.0.7705/peer/src-clj/datomic/garbage.clj	excision-reclamation	src/operations/reclamation.rs	datomic_pro_docs/09_optional/02_specialized_operations/02_excision.atomic.md	Native logical removal and retirement/protection epochs; no held-reader pin. Nonidentical artifact copy: family mapping does not assert whole-file equivalence.
1.0.7705/transactor/src-clj/datomic/garbage/fressian.clj	recovered-datomic-initializer	same-path-not-byte-identical	1.0.7705/peer/src-clj/datomic/garbage/fressian.clj	excision-reclamation	src/operations/reclamation.rs	datomic_pro_docs/09_optional/02_specialized_operations/02_excision.atomic.md	Native logical removal and retirement/protection epochs; no held-reader pin. Nonidentical artifact copy: family mapping does not assert whole-file equivalence.
1.0.7705/transactor/src-clj/datomic/garbage/pod.clj	recovered-datomic-initializer	same-path-not-byte-identical	1.0.7705/peer/src-clj/datomic/garbage/pod.clj	excision-reclamation	src/operations/reclamation.rs	datomic_pro_docs/09_optional/02_specialized_operations/02_excision.atomic.md	Native logical removal and retirement/protection epochs; no held-reader pin. Nonidentical artifact copy: family mapping does not assert whole-file equivalence.
1.0.7705/transactor/src-clj/datomic/h2.clj	recovered-datomic-initializer	same-path-not-byte-identical	1.0.7705/peer/src-clj/datomic/h2.clj	non-target-provider	-	datomic_pro_docs/08_operations/00_architecture_and_storage/00_storage_services.atomic.md	Non-target backend/vendor integration; no unsupported native provider is advertised. Nonidentical artifact copy: family mapping does not assert whole-file equivalence.
1.0.7705/transactor/src-clj/datomic/iam.clj	recovered-datomic-initializer	only-in-this-artifact	-	non-target-provider	-	datomic_pro_docs/08_operations/00_architecture_and_storage/00_storage_services.atomic.md	Non-target backend/vendor integration; no unsupported native provider is advertised.
1.0.7705/transactor/src-clj/datomic/index.clj	recovered-datomic-initializer	same-path-not-byte-identical	1.0.7705/peer/src-clj/datomic/index.clj	ordered-structures	src/index/mod.rs	datomic_pro_docs/06_indexes/01_index_model.atomic.md	Shared immutable trees, sorted traversal and bounded build; source representation differs from native codec. Nonidentical artifact copy: family mapping does not assert whole-file equivalence.
1.0.7705/transactor/src-clj/datomic/index_direct_metrics.clj	recovered-datomic-initializer	same-path-not-byte-identical	1.0.7705/peer/src-clj/datomic/index_direct_metrics.clj	ordered-structures	src/index/mod.rs	datomic_pro_docs/06_indexes/01_index_model.atomic.md	Shared immutable trees, sorted traversal and bounded build; source representation differs from native codec. Nonidentical artifact copy: family mapping does not assert whole-file equivalence.
1.0.7705/transactor/src-clj/datomic/indexer.clj	recovered-datomic-initializer	only-in-this-artifact	-	background-indexing	src/transactor/indexing.rs	datomic_pro_docs/08_operations/01_capacity_and_reliability/00_capacity_planning.atomic.md	Native target-specific work and bounded lanes; source scheduling heuristics are not throughput guarantees.
1.0.7705/transactor/src-clj/datomic/integrity.clj	recovered-datomic-initializer	same-path-not-byte-identical	1.0.7705/peer/src-clj/datomic/integrity.clj	host-operations-support	src/operations/mod.rs	datomic_pro_docs/08_operations/00_architecture_and_storage/02_datomic_deployment.atomic.md	Coherent host/config/diagnostic support family; native explicit configuration/operations replace JVM supervision and presentation helpers. Nonidentical artifact copy: family mapping does not assert whole-file equivalence.
1.0.7705/transactor/src-clj/datomic/io.clj	recovered-datomic-initializer	same-path-not-byte-identical	1.0.7705/peer/src-clj/datomic/io.clj	encoding-and-host-primitives	src/storage/codec.rs	datomic_pro_docs/02_core_concepts/01_programming_with_data_and_edn.atomic.md	Native exact values/codecs; Fressian tags, JVM buffer/hash/random helpers are not format compatibility. Nonidentical artifact copy: family mapping does not assert whole-file equivalence.
1.0.7705/transactor/src-clj/datomic/iter.clj	recovered-datomic-initializer	same-path-not-byte-identical	1.0.7705/peer/src-clj/datomic/iter.clj	ordered-structures	src/index/mod.rs	datomic_pro_docs/06_indexes/01_index_model.atomic.md	Shared immutable trees, sorted traversal and bounded build; source representation differs from native codec. Nonidentical artifact copy: family mapping does not assert whole-file equivalence.
1.0.7705/transactor/src-clj/datomic/janino.clj	recovered-datomic-initializer	same-path-not-byte-identical	1.0.7705/peer/src-clj/datomic/janino.clj	application-computation	src/database_value/invoke.rs	datomic_pro_docs/07_peer_api/00_clojure/00_datomic_api.atomic.md	Native explicit callbacks/persisted programs; generated fixed-arity interfaces and JVM compiler have no standalone native counterpart. Nonidentical artifact copy: family mapping does not assert whole-file equivalence.
1.0.7705/transactor/src-clj/datomic/jar.clj	recovered-datomic-initializer	only-in-this-artifact	-	host-operations-support	src/operations/mod.rs	datomic_pro_docs/08_operations/00_architecture_and_storage/02_datomic_deployment.atomic.md	Coherent host/config/diagnostic support family; native explicit configuration/operations replace JVM supervision and presentation helpers.
1.0.7705/transactor/src-clj/datomic/jetty.clj	recovered-datomic-initializer	only-in-this-artifact	-	non-target-client-server	-	datomic_pro_docs/09_optional/00_pro_client/03_client_library_reference.atomic.md	Non-target HTTP/Cloud/JVM service integration; native peer-local APIs are traced separately.
1.0.7705/transactor/src-clj/datomic/kv_cache.clj	recovered-datomic-initializer	same-path-not-byte-identical	1.0.7705/peer/src-clj/datomic/kv_cache.clj	optional-cache	src/ssd_cache.rs	datomic_pro_docs/09_optional/02_specialized_operations/00_read_only_connections.atomic.md	Native local cache counterpart; source Valcache/Memcached layout and protocol are non-target integrations. Nonidentical artifact copy: family mapping does not assert whole-file equivalence.
1.0.7705/transactor/src-clj/datomic/kv_cassandra.clj	recovered-datomic-initializer	same-path-not-byte-identical	1.0.7705/peer/src-clj/datomic/kv_cassandra.clj	non-target-provider	-	datomic_pro_docs/08_operations/00_architecture_and_storage/00_storage_services.atomic.md	Non-target backend/vendor integration; no unsupported native provider is advertised. Nonidentical artifact copy: family mapping does not assert whole-file equivalence.
1.0.7705/transactor/src-clj/datomic/kv_cassandra2.clj	recovered-datomic-initializer	same-path-not-byte-identical	1.0.7705/peer/src-clj/datomic/kv_cassandra2.clj	non-target-provider	-	datomic_pro_docs/08_operations/00_architecture_and_storage/00_storage_services.atomic.md	Non-target backend/vendor integration; no unsupported native provider is advertised. Nonidentical artifact copy: family mapping does not assert whole-file equivalence.
1.0.7705/transactor/src-clj/datomic/kv_cassandra3.clj	recovered-datomic-initializer	same-path-not-byte-identical	1.0.7705/peer/src-clj/datomic/kv_cassandra3.clj	non-target-provider	-	datomic_pro_docs/08_operations/00_architecture_and_storage/00_storage_services.atomic.md	Non-target backend/vendor integration; no unsupported native provider is advertised. Nonidentical artifact copy: family mapping does not assert whole-file equivalence.
1.0.7705/transactor/src-clj/datomic/kv_cluster.clj	recovered-datomic-initializer	same-path-not-byte-identical	1.0.7705/peer/src-clj/datomic/kv_cluster.clj	storage-catalog	src/storage/mod.rs	datomic_pro_docs/08_operations/00_architecture_and_storage/00_storage_services.atomic.md	Opaque objects/conditional references and shared catalog; provider/backend-specific behavior is not native parity. Nonidentical artifact copy: family mapping does not assert whole-file equivalence.
1.0.7705/transactor/src-clj/datomic/kv_dynamo.clj	recovered-datomic-initializer	same-path-not-byte-identical	1.0.7705/peer/src-clj/datomic/kv_dynamo.clj	non-target-provider	-	datomic_pro_docs/08_operations/00_architecture_and_storage/00_storage_services.atomic.md	Non-target backend/vendor integration; no unsupported native provider is advertised. Nonidentical artifact copy: family mapping does not assert whole-file equivalence.
1.0.7705/transactor/src-clj/datomic/kv_hotrod.clj	recovered-datomic-initializer	same-path-not-byte-identical	1.0.7705/peer/src-clj/datomic/kv_hotrod.clj	non-target-provider	-	datomic_pro_docs/08_operations/00_architecture_and_storage/00_storage_services.atomic.md	Non-target backend/vendor integration; no unsupported native provider is advertised. Nonidentical artifact copy: family mapping does not assert whole-file equivalence.
1.0.7705/transactor/src-clj/datomic/kv_mem.clj	recovered-datomic-initializer	same-path-not-byte-identical	1.0.7705/peer/src-clj/datomic/kv_mem.clj	non-target-provider	-	datomic_pro_docs/08_operations/00_architecture_and_storage/00_storage_services.atomic.md	Non-target backend/vendor integration; no unsupported native provider is advertised. Nonidentical artifact copy: family mapping does not assert whole-file equivalence.
1.0.7705/transactor/src-clj/datomic/kv_sql.clj	recovered-datomic-initializer	same-path-not-byte-identical	1.0.7705/peer/src-clj/datomic/kv_sql.clj	storage-catalog	src/storage/mod.rs	datomic_pro_docs/08_operations/00_architecture_and_storage/00_storage_services.atomic.md	Opaque objects/conditional references and shared catalog; provider/backend-specific behavior is not native parity. Nonidentical artifact copy: family mapping does not assert whole-file equivalence.
1.0.7705/transactor/src-clj/datomic/kv_sql_ext.clj	recovered-datomic-initializer	same-path-not-byte-identical	1.0.7705/peer/src-clj/datomic/kv_sql_ext.clj	storage-catalog	src/storage/mod.rs	datomic_pro_docs/08_operations/00_architecture_and_storage/00_storage_services.atomic.md	Opaque objects/conditional references and shared catalog; provider/backend-specific behavior is not native parity. Nonidentical artifact copy: family mapping does not assert whole-file equivalence.
1.0.7705/transactor/src-clj/datomic/kv_store.clj	recovered-datomic-initializer	same-path-not-byte-identical	1.0.7705/peer/src-clj/datomic/kv_store.clj	storage-catalog	src/storage/mod.rs	datomic_pro_docs/08_operations/00_architecture_and_storage/00_storage_services.atomic.md	Opaque objects/conditional references and shared catalog; provider/backend-specific behavior is not native parity. Nonidentical artifact copy: family mapping does not assert whole-file equivalence.
1.0.7705/transactor/src-clj/datomic/launcher.clj	recovered-datomic-initializer	only-in-this-artifact	-	host-operations-support	src/operations/mod.rs	datomic_pro_docs/08_operations/00_architecture_and_storage/02_datomic_deployment.atomic.md	Coherent host/config/diagnostic support family; native explicit configuration/operations replace JVM supervision and presentation helpers.
1.0.7705/transactor/src-clj/datomic/lifecycle.clj	recovered-datomic-initializer	only-in-this-artifact	-	writer-lifecycle	src/transactor/mod.rs	datomic_pro_docs/08_operations/01_capacity_and_reliability/01_high_availability.atomic.md	Native authority and observation fences; source deployment/pipeline adaptations are explicit.
1.0.7705/transactor/src-clj/datomic/lifecycle_ext.clj	recovered-datomic-initializer	only-in-this-artifact	-	writer-lifecycle	src/transactor/mod.rs	datomic_pro_docs/08_operations/01_capacity_and_reliability/01_high_availability.atomic.md	Native authority and observation fences; source deployment/pipeline adaptations are explicit.
1.0.7705/transactor/src-clj/datomic/log.clj	recovered-datomic-initializer	same-path-not-byte-identical	1.0.7705/peer/src-clj/datomic/log.clj	log-value-and-publication	src/database_value/log.rs	datomic_pro_docs/07_peer_api/02_shared_reference/00_log_api.atomic.md	Shared captured log API; publication/authority also traced by ACID companion. Nonidentical artifact copy: family mapping does not assert whole-file equivalence.
1.0.7705/transactor/src-clj/datomic/log/specs.clj	recovered-datomic-initializer	only-in-this-artifact	-	log-value-and-publication	src/database_value/log.rs	datomic_pro_docs/07_peer_api/02_shared_reference/00_log_api.atomic.md	Shared captured log API; publication/authority also traced by ACID companion.
1.0.7705/transactor/src-clj/datomic/log_gc.clj	recovered-datomic-initializer	only-in-this-artifact	-	excision-reclamation	src/operations/reclamation.rs	datomic_pro_docs/09_optional/02_specialized_operations/02_excision.atomic.md	Native logical removal and retirement/protection epochs; no held-reader pin.
1.0.7705/transactor/src-clj/datomic/logrotate.clj	recovered-datomic-initializer	only-in-this-artifact	-	host-operations-support	src/operations/mod.rs	datomic_pro_docs/08_operations/00_architecture_and_storage/02_datomic_deployment.atomic.md	Coherent host/config/diagnostic support family; native explicit configuration/operations replace JVM supervision and presentation helpers.
1.0.7705/transactor/src-clj/datomic/lucene.clj	recovered-datomic-initializer	same-path-not-byte-identical	1.0.7705/peer/src-clj/datomic/lucene.clj	fulltext	src/fulltext/mod.rs	datomic_pro_docs/05_query_and_pull/02_query_reference.fulltext.atomic.md	Native immutable search projection and bounded recent completion; Lucene adapters are not native wire/score parity. Nonidentical artifact copy: family mapping does not assert whole-file equivalence.
1.0.7705/transactor/src-clj/datomic/math.clj	recovered-datomic-initializer	same-path-not-byte-identical	1.0.7705/peer/src-clj/datomic/math.clj	query-and-diagnostics	src/query/mod.rs	datomic_pro_docs/05_query_and_pull/02_query_reference.atomic.md	Native relational/result/control owner; qtune is optional diagnostic policy, not runtime scheduling parity. Nonidentical artifact copy: family mapping does not assert whole-file equivalence.
1.0.7705/transactor/src-clj/datomic/memcached.clj	recovered-datomic-initializer	same-path-not-byte-identical	1.0.7705/peer/src-clj/datomic/memcached.clj	optional-cache	src/ssd_cache.rs	datomic_pro_docs/09_optional/02_specialized_operations/00_read_only_connections.atomic.md	Native local cache counterpart; source Valcache/Memcached layout and protocol are non-target integrations. Nonidentical artifact copy: family mapping does not assert whole-file equivalence.
1.0.7705/transactor/src-clj/datomic/memory.clj	recovered-datomic-initializer	byte-identical	1.0.7705/peer/src-clj/datomic/memory.clj	host-operations-support	src/operations/mod.rs	datomic_pro_docs/08_operations/00_architecture_and_storage/02_datomic_deployment.atomic.md	Coherent host/config/diagnostic support family; native explicit configuration/operations replace JVM supervision and presentation helpers. Exact baseline pair shares one mechanism; no duplicate port or redundant annotation required.
1.0.7705/transactor/src-clj/datomic/memory_size.clj	recovered-datomic-initializer	same-path-not-byte-identical	1.0.7705/peer/src-clj/datomic/memory_size.clj	cache-composition	src/index/tree/cache.rs	datomic_pro_docs/08_operations/02_observability_and_tuning/01_memory_and_caching.atomic.md	Shared immutable object/cache policy family; sizing estimates and Caffeine internals are not native RSS or eviction equivalence. Nonidentical artifact copy: family mapping does not assert whole-file equivalence.
1.0.7705/transactor/src-clj/datomic/monitor.clj	recovered-datomic-initializer	same-path-not-byte-identical	1.0.7705/peer/src-clj/datomic/monitor.clj	host-operations-support	src/operations/mod.rs	datomic_pro_docs/08_operations/00_architecture_and_storage/02_datomic_deployment.atomic.md	Coherent host/config/diagnostic support family; native explicit configuration/operations replace JVM supervision and presentation helpers. Nonidentical artifact copy: family mapping does not assert whole-file equivalence.
1.0.7705/transactor/src-clj/datomic/peer.clj	recovered-datomic-initializer	same-path-not-byte-identical	1.0.7705/peer/src-clj/datomic/peer.clj	peer-observation	src/peer/live.rs	datomic_pro_docs/07_peer_api/00_clojure/00_datomic_api.atomic.md	Captured values and advancing observation; no URI-global cache or reader-pin compatibility. Nonidentical artifact copy: family mapping does not assert whole-file equivalence.
1.0.7705/transactor/src-clj/datomic/peer_client.clj	recovered-datomic-initializer	only-in-this-artifact	-	non-target-client-server	-	datomic_pro_docs/09_optional/00_pro_client/03_client_library_reference.atomic.md	Non-target HTTP/Cloud/JVM service integration; native peer-local APIs are traced separately.
1.0.7705/transactor/src-clj/datomic/peer_server.clj	recovered-datomic-initializer	only-in-this-artifact	-	non-target-client-server	-	datomic_pro_docs/09_optional/00_pro_client/03_client_library_reference.atomic.md	Non-target HTTP/Cloud/JVM service integration; native peer-local APIs are traced separately.
1.0.7705/transactor/src-clj/datomic/process.clj	recovered-datomic-initializer	same-path-not-byte-identical	1.0.7705/peer/src-clj/datomic/process.clj	host-operations-support	src/operations/mod.rs	datomic_pro_docs/08_operations/00_architecture_and_storage/02_datomic_deployment.atomic.md	Coherent host/config/diagnostic support family; native explicit configuration/operations replace JVM supervision and presentation helpers. Nonidentical artifact copy: family mapping does not assert whole-file equivalence.
1.0.7705/transactor/src-clj/datomic/process/events.clj	recovered-datomic-initializer	same-path-not-byte-identical	1.0.7705/peer/src-clj/datomic/process/events.clj	host-operations-support	src/operations/mod.rs	datomic_pro_docs/08_operations/00_architecture_and_storage/02_datomic_deployment.atomic.md	Coherent host/config/diagnostic support family; native explicit configuration/operations replace JVM supervision and presentation helpers. Nonidentical artifact copy: family mapping does not assert whole-file equivalence.
1.0.7705/transactor/src-clj/datomic/process_monitor.clj	recovered-datomic-initializer	same-path-not-byte-identical	1.0.7705/peer/src-clj/datomic/process_monitor.clj	host-operations-support	src/operations/mod.rs	datomic_pro_docs/08_operations/00_architecture_and_storage/02_datomic_deployment.atomic.md	Coherent host/config/diagnostic support family; native explicit configuration/operations replace JVM supervision and presentation helpers. Nonidentical artifact copy: family mapping does not assert whole-file equivalence.
1.0.7705/transactor/src-clj/datomic/promise.clj	recovered-datomic-initializer	same-path-not-byte-identical	1.0.7705/peer/src-clj/datomic/promise.clj	application-completion-errors	src/application/mod.rs	datomic_pro_docs/07_peer_api/00_clojure/00_datomic_api.atomic.md	Shared API/completion family; native bounded executor and typed errors replace JVM adapters. Nonidentical artifact copy: family mapping does not assert whole-file equivalence.
1.0.7705/transactor/src-clj/datomic/provisioning/aws.clj	recovered-datomic-initializer	only-in-this-artifact	-	non-target-provider	-	datomic_pro_docs/08_operations/00_architecture_and_storage/00_storage_services.atomic.md	Non-target backend/vendor integration; no unsupported native provider is advertised.
1.0.7705/transactor/src-clj/datomic/pull.clj	recovered-datomic-initializer	same-path-not-byte-identical	1.0.7705/peer/src-clj/datomic/pull.clj	pull-and-entity	src/pull/mod.rs	datomic_pro_docs/05_query_and_pull/03_pull.atomic.md	Native navigation and explicit transform registration; JVM namespace loading is not required. Nonidentical artifact copy: family mapping does not assert whole-file equivalence.
1.0.7705/transactor/src-clj/datomic/qtune.clj	recovered-datomic-initializer	same-path-not-byte-identical	1.0.7705/peer/src-clj/datomic/qtune.clj	query-and-diagnostics	src/query/mod.rs	datomic_pro_docs/05_query_and_pull/02_query_reference.atomic.md	Native relational/result/control owner; qtune is optional diagnostic policy, not runtime scheduling parity. Nonidentical artifact copy: family mapping does not assert whole-file equivalence.
1.0.7705/transactor/src-clj/datomic/query.clj	recovered-datomic-initializer	same-path-not-byte-identical	1.0.7705/peer/src-clj/datomic/query.clj	query-and-diagnostics	src/query/mod.rs	datomic_pro_docs/05_query_and_pull/02_query_reference.atomic.md	Native relational/result/control owner; qtune is optional diagnostic policy, not runtime scheduling parity. Nonidentical artifact copy: family mapping does not assert whole-file equivalence.
1.0.7705/transactor/src-clj/datomic/query/support.clj	exact-datomic-dependency	same-path-not-byte-identical	1.0.7705/peer/src-clj/datomic/query/support.clj	exact-dependency-or-resource	-	datomic_pro_docs/00_start_here/00_introduction.atomic.md	Exact attributed dependency/resource; no annotation or mandatory native port required. Nonidentical artifact copy: family mapping does not assert whole-file equivalence.
1.0.7705/transactor/src-clj/datomic/queue.clj	recovered-datomic-initializer	same-path-not-byte-identical	1.0.7705/peer/src-clj/datomic/queue.clj	application-queue-admission	src/runtime/executor/mod.rs	datomic_pro_docs/07_peer_api/00_clojure/00_datomic_api.atomic.md	Blocking source put differs from offer; native bounded Busy admission is deliberate. Nonidentical artifact copy: family mapping does not assert whole-file equivalence.
1.0.7705/transactor/src-clj/datomic/reconnector2.clj	recovered-datomic-initializer	same-path-not-byte-identical	1.0.7705/peer/src-clj/datomic/reconnector2.clj	application-completion-errors	src/application/mod.rs	datomic_pro_docs/07_peer_api/00_clojure/00_datomic_api.atomic.md	Shared API/completion family; native bounded executor and typed errors replace JVM adapters. Nonidentical artifact copy: family mapping does not assert whole-file equivalence.
1.0.7705/transactor/src-clj/datomic/require.clj	recovered-datomic-initializer	same-path-not-byte-identical	1.0.7705/peer/src-clj/datomic/require.clj	host-operations-support	src/operations/mod.rs	datomic_pro_docs/08_operations/00_architecture_and_storage/02_datomic_deployment.atomic.md	Coherent host/config/diagnostic support family; native explicit configuration/operations replace JVM supervision and presentation helpers. Nonidentical artifact copy: family mapping does not assert whole-file equivalence.
1.0.7705/transactor/src-clj/datomic/rest.clj	recovered-datomic-initializer	only-in-this-artifact	-	non-target-client-server	-	datomic_pro_docs/09_optional/00_pro_client/03_client_library_reference.atomic.md	Non-target HTTP/Cloud/JVM service integration; native peer-local APIs are traced separately.
1.0.7705/transactor/src-clj/datomic/s3.clj	recovered-datomic-initializer	same-path-not-byte-identical	1.0.7705/peer/src-clj/datomic/s3.clj	non-target-provider	-	datomic_pro_docs/08_operations/00_architecture_and_storage/00_storage_services.atomic.md	Non-target backend/vendor integration; no unsupported native provider is advertised. Nonidentical artifact copy: family mapping does not assert whole-file equivalence.
1.0.7705/transactor/src-clj/datomic/s3_api.clj	recovered-datomic-initializer	same-path-not-byte-identical	1.0.7705/peer/src-clj/datomic/s3_api.clj	non-target-provider	-	datomic_pro_docs/08_operations/00_architecture_and_storage/00_storage_services.atomic.md	Non-target backend/vendor integration; no unsupported native provider is advertised. Nonidentical artifact copy: family mapping does not assert whole-file equivalence.
1.0.7705/transactor/src-clj/datomic/s3_kv.clj	recovered-datomic-initializer	same-path-not-byte-identical	1.0.7705/peer/src-clj/datomic/s3_kv.clj	non-target-provider	-	datomic_pro_docs/08_operations/00_architecture_and_storage/00_storage_services.atomic.md	Non-target backend/vendor integration; no unsupported native provider is advertised. Nonidentical artifact copy: family mapping does not assert whole-file equivalence.
1.0.7705/transactor/src-clj/datomic/s3backup.clj	recovered-datomic-initializer	same-path-not-byte-identical	1.0.7705/peer/src-clj/datomic/s3backup.clj	non-target-provider	-	datomic_pro_docs/08_operations/00_architecture_and_storage/00_storage_services.atomic.md	Non-target backend/vendor integration; no unsupported native provider is advertised. Nonidentical artifact copy: family mapping does not assert whole-file equivalence.
1.0.7705/transactor/src-clj/datomic/simple_kv.clj	recovered-datomic-initializer	byte-identical	1.0.7705/peer/src-clj/datomic/simple_kv.clj	storage-catalog	src/storage/mod.rs	datomic_pro_docs/08_operations/00_architecture_and_storage/00_storage_services.atomic.md	Opaque objects/conditional references and shared catalog; provider/backend-specific behavior is not native parity. Exact baseline pair shares one mechanism; no duplicate port or redundant annotation required.
1.0.7705/transactor/src-clj/datomic/slf4j.clj	recovered-datomic-initializer	same-path-not-byte-identical	1.0.7705/peer/src-clj/datomic/slf4j.clj	host-operations-support	src/operations/mod.rs	datomic_pro_docs/08_operations/00_architecture_and_storage/02_datomic_deployment.atomic.md	Coherent host/config/diagnostic support family; native explicit configuration/operations replace JVM supervision and presentation helpers. Nonidentical artifact copy: family mapping does not assert whole-file equivalence.
1.0.7705/transactor/src-clj/datomic/slf4j/bridge.clj	recovered-datomic-initializer	only-in-this-artifact	-	host-operations-support	src/operations/mod.rs	datomic_pro_docs/08_operations/00_architecture_and_storage/02_datomic_deployment.atomic.md	Coherent host/config/diagnostic support family; native explicit configuration/operations replace JVM supervision and presentation helpers.
1.0.7705/transactor/src-clj/datomic/spec.clj	recovered-datomic-initializer	only-in-this-artifact	-	host-operations-support	src/operations/mod.rs	datomic_pro_docs/08_operations/00_architecture_and_storage/02_datomic_deployment.atomic.md	Coherent host/config/diagnostic support family; native explicit configuration/operations replace JVM supervision and presentation helpers.
1.0.7705/transactor/src-clj/datomic/specs.clj	exact-datomic-dependency	only-in-this-artifact	-	exact-dependency-or-resource	-	datomic_pro_docs/00_start_here/00_introduction.atomic.md	Exact attributed dependency/resource; no annotation or mandatory native port required.
1.0.7705/transactor/src-clj/datomic/sql.clj	recovered-datomic-initializer	same-path-not-byte-identical	1.0.7705/peer/src-clj/datomic/sql.clj	storage-catalog	src/storage/mod.rs	datomic_pro_docs/08_operations/00_architecture_and_storage/00_storage_services.atomic.md	Opaque objects/conditional references and shared catalog; provider/backend-specific behavior is not native parity. Nonidentical artifact copy: family mapping does not assert whole-file equivalence.
1.0.7705/transactor/src-clj/datomic/stats.clj	recovered-datomic-initializer	same-path-not-byte-identical	1.0.7705/peer/src-clj/datomic/stats.clj	host-operations-support	src/operations/mod.rs	datomic_pro_docs/08_operations/00_architecture_and_storage/02_datomic_deployment.atomic.md	Coherent host/config/diagnostic support family; native explicit configuration/operations replace JVM supervision and presentation helpers. Nonidentical artifact copy: family mapping does not assert whole-file equivalence.
1.0.7705/transactor/src-clj/datomic/summary.clj	recovered-datomic-initializer	same-path-not-byte-identical	1.0.7705/peer/src-clj/datomic/summary.clj	host-operations-support	src/operations/mod.rs	datomic_pro_docs/08_operations/00_architecture_and_storage/02_datomic_deployment.atomic.md	Coherent host/config/diagnostic support family; native explicit configuration/operations replace JVM supervision and presentation helpers. Nonidentical artifact copy: family mapping does not assert whole-file equivalence.
1.0.7705/transactor/src-clj/datomic/tools.clj	recovered-datomic-initializer	same-path-not-byte-identical	1.0.7705/peer/src-clj/datomic/tools.clj	host-operations-support	src/operations/mod.rs	datomic_pro_docs/08_operations/00_architecture_and_storage/02_datomic_deployment.atomic.md	Coherent host/config/diagnostic support family; native explicit configuration/operations replace JVM supervision and presentation helpers. Nonidentical artifact copy: family mapping does not assert whole-file equivalence.
1.0.7705/transactor/src-clj/datomic/tools/detect_865.clj	recovered-datomic-initializer	only-in-this-artifact	-	version-specific-repair-tool	-	datomic_pro_docs/00_start_here/00_introduction.atomic.md	Source-version-specific repair utility; not an advertised native compatibility or migration path.
1.0.7705/transactor/src-clj/datomic/tools/detect_ch197761.clj	recovered-datomic-initializer	only-in-this-artifact	-	version-specific-repair-tool	-	datomic_pro_docs/00_start_here/00_introduction.atomic.md	Source-version-specific repair utility; not an advertised native compatibility or migration path.
1.0.7705/transactor/src-clj/datomic/tools/excise_history.clj	recovered-datomic-initializer	only-in-this-artifact	-	host-operations-support	src/operations/mod.rs	datomic_pro_docs/08_operations/00_architecture_and_storage/02_datomic_deployment.atomic.md	Coherent host/config/diagnostic support family; native explicit configuration/operations replace JVM supervision and presentation helpers.
1.0.7705/transactor/src-clj/datomic/tools/filter_index.clj	recovered-datomic-initializer	only-in-this-artifact	-	host-operations-support	src/operations/mod.rs	datomic_pro_docs/08_operations/00_architecture_and_storage/02_datomic_deployment.atomic.md	Coherent host/config/diagnostic support family; native explicit configuration/operations replace JVM supervision and presentation helpers.
1.0.7705/transactor/src-clj/datomic/tools/gc_db.clj	recovered-datomic-initializer	only-in-this-artifact	-	host-operations-support	src/operations/mod.rs	datomic_pro_docs/08_operations/00_architecture_and_storage/02_datomic_deployment.atomic.md	Coherent host/config/diagnostic support family; native explicit configuration/operations replace JVM supervision and presentation helpers.
1.0.7705/transactor/src-clj/datomic/tools/index_checks.clj	recovered-datomic-initializer	same-path-not-byte-identical	1.0.7705/peer/src-clj/datomic/tools/index_checks.clj	host-operations-support	src/operations/mod.rs	datomic_pro_docs/08_operations/00_architecture_and_storage/02_datomic_deployment.atomic.md	Coherent host/config/diagnostic support family; native explicit configuration/operations replace JVM supervision and presentation helpers. Nonidentical artifact copy: family mapping does not assert whole-file equivalence.
1.0.7705/transactor/src-clj/datomic/tools/index_stats.clj	recovered-datomic-initializer	only-in-this-artifact	-	host-operations-support	src/operations/mod.rs	datomic_pro_docs/08_operations/00_architecture_and_storage/02_datomic_deployment.atomic.md	Coherent host/config/diagnostic support family; native explicit configuration/operations replace JVM supervision and presentation helpers.
1.0.7705/transactor/src-clj/datomic/tools/locate_transactor.clj	recovered-datomic-initializer	only-in-this-artifact	-	host-operations-support	src/operations/mod.rs	datomic_pro_docs/08_operations/00_architecture_and_storage/02_datomic_deployment.atomic.md	Coherent host/config/diagnostic support family; native explicit configuration/operations replace JVM supervision and presentation helpers.
1.0.7705/transactor/src-clj/datomic/tools/log_tools.clj	recovered-datomic-initializer	only-in-this-artifact	-	host-operations-support	src/operations/mod.rs	datomic_pro_docs/08_operations/00_architecture_and_storage/02_datomic_deployment.atomic.md	Coherent host/config/diagnostic support family; native explicit configuration/operations replace JVM supervision and presentation helpers.
1.0.7705/transactor/src-clj/datomic/tools/postdiag_865.clj	recovered-datomic-initializer	only-in-this-artifact	-	version-specific-repair-tool	-	datomic_pro_docs/00_start_here/00_introduction.atomic.md	Source-version-specific repair utility; not an advertised native compatibility or migration path.
1.0.7705/transactor/src-clj/datomic/tools/read_segment.clj	recovered-datomic-initializer	only-in-this-artifact	-	host-operations-support	src/operations/mod.rs	datomic_pro_docs/08_operations/00_architecture_and_storage/02_datomic_deployment.atomic.md	Coherent host/config/diagnostic support family; native explicit configuration/operations replace JVM supervision and presentation helpers.
1.0.7705/transactor/src-clj/datomic/tools/rebuild_index.clj	recovered-datomic-initializer	only-in-this-artifact	-	version-specific-repair-tool	-	datomic_pro_docs/00_start_here/00_introduction.atomic.md	Source-version-specific repair utility; not an advertised native compatibility or migration path.
1.0.7705/transactor/src-clj/datomic/tools/rebuild_log_leaf.clj	recovered-datomic-initializer	only-in-this-artifact	-	version-specific-repair-tool	-	datomic_pro_docs/00_start_here/00_introduction.atomic.md	Source-version-specific repair utility; not an advertised native compatibility or migration path.
1.0.7705/transactor/src-clj/datomic/tools/rebuild_log_root.clj	recovered-datomic-initializer	only-in-this-artifact	-	version-specific-repair-tool	-	datomic_pro_docs/00_start_here/00_introduction.atomic.md	Source-version-specific repair utility; not an advertised native compatibility or migration path.
1.0.7705/transactor/src-clj/datomic/tools/repair_1455.clj	recovered-datomic-initializer	only-in-this-artifact	-	version-specific-repair-tool	-	datomic_pro_docs/00_start_here/00_introduction.atomic.md	Source-version-specific repair utility; not an advertised native compatibility or migration path.
1.0.7705/transactor/src-clj/datomic/tools/repair_865.clj	recovered-datomic-initializer	only-in-this-artifact	-	version-specific-repair-tool	-	datomic_pro_docs/00_start_here/00_introduction.atomic.md	Source-version-specific repair utility; not an advertised native compatibility or migration path.
1.0.7705/transactor/src-clj/datomic/tools/repair_ch197761.clj	recovered-datomic-initializer	only-in-this-artifact	-	version-specific-repair-tool	-	datomic_pro_docs/00_start_here/00_introduction.atomic.md	Source-version-specific repair utility; not an advertised native compatibility or migration path.
1.0.7705/transactor/src-clj/datomic/tools/restore_log_root.clj	recovered-datomic-initializer	only-in-this-artifact	-	version-specific-repair-tool	-	datomic_pro_docs/00_start_here/00_introduction.atomic.md	Source-version-specific repair utility; not an advertised native compatibility or migration path.
1.0.7705/transactor/src-clj/datomic/transaction.clj	recovered-datomic-initializer	same-path-not-byte-identical	1.0.7705/peer/src-clj/datomic/transaction.clj	transaction-admission	src/transaction/mod.rs	datomic_pro_docs/04_transactions/02_transaction_data.atomic.md	Native shared transaction admission/assessment; generated assertion expansion is not a separate engine. Nonidentical artifact copy: family mapping does not assert whole-file equivalence.
1.0.7705/transactor/src-clj/datomic/transactor.clj	recovered-datomic-initializer	only-in-this-artifact	-	writer-lifecycle	src/transactor/mod.rs	datomic_pro_docs/08_operations/01_capacity_and_reliability/01_high_availability.atomic.md	Native authority and observation fences; source deployment/pipeline adaptations are explicit.
1.0.7705/transactor/src-clj/datomic/transactor_ext.clj	recovered-datomic-initializer	only-in-this-artifact	-	writer-lifecycle	src/transactor/mod.rs	datomic_pro_docs/08_operations/01_capacity_and_reliability/01_high_availability.atomic.md	Native authority and observation fences; source deployment/pipeline adaptations are explicit.
1.0.7705/transactor/src-clj/datomic/treewalk.clj	recovered-datomic-initializer	same-path-not-byte-identical	1.0.7705/peer/src-clj/datomic/treewalk.clj	ordered-structures	src/index/mod.rs	datomic_pro_docs/06_indexes/01_index_model.atomic.md	Shared immutable trees, sorted traversal and bounded build; source representation differs from native codec. Nonidentical artifact copy: family mapping does not assert whole-file equivalence.
1.0.7705/transactor/src-clj/datomic/update.clj	recovered-datomic-initializer	only-in-this-artifact	-	writer-lifecycle	src/transactor/mod.rs	datomic_pro_docs/08_operations/01_capacity_and_reliability/01_high_availability.atomic.md	Native authority and observation fences; source deployment/pipeline adaptations are explicit.
1.0.7705/transactor/src-clj/datomic/uri.clj	recovered-datomic-initializer	same-path-not-byte-identical	1.0.7705/peer/src-clj/datomic/uri.clj	host-operations-support	src/operations/mod.rs	datomic_pro_docs/08_operations/00_architecture_and_storage/02_datomic_deployment.atomic.md	Coherent host/config/diagnostic support family; native explicit configuration/operations replace JVM supervision and presentation helpers. Nonidentical artifact copy: family mapping does not assert whole-file equivalence.
1.0.7705/transactor/src-clj/datomic/val_cluster.clj	recovered-datomic-initializer	same-path-not-byte-identical	1.0.7705/peer/src-clj/datomic/val_cluster.clj	storage-catalog	src/storage/mod.rs	datomic_pro_docs/08_operations/00_architecture_and_storage/00_storage_services.atomic.md	Opaque objects/conditional references and shared catalog; provider/backend-specific behavior is not native parity. Nonidentical artifact copy: family mapping does not assert whole-file equivalence.
1.0.7705/transactor/src-clj/datomic/valcache.clj	recovered-datomic-initializer	same-path-not-byte-identical	1.0.7705/peer/src-clj/datomic/valcache.clj	optional-cache	src/ssd_cache.rs	datomic_pro_docs/09_optional/02_specialized_operations/00_read_only_connections.atomic.md	Native local cache counterpart; source Valcache/Memcached layout and protocol are non-target integrations. Nonidentical artifact copy: family mapping does not assert whole-file equivalence.
1.0.7705/transactor/src-clj/datomic/valcache/puts_pool.clj	recovered-datomic-initializer	same-path-not-byte-identical	1.0.7705/peer/src-clj/datomic/valcache/puts_pool.clj	optional-cache	src/ssd_cache.rs	datomic_pro_docs/09_optional/02_specialized_operations/00_read_only_connections.atomic.md	Native local cache counterpart; source Valcache/Memcached layout and protocol are non-target integrations. Nonidentical artifact copy: family mapping does not assert whole-file equivalence.
1.0.7705/transactor/src-clj/datomic/valcache/puts_pool_impl.clj	recovered-datomic-initializer	same-path-not-byte-identical	1.0.7705/peer/src-clj/datomic/valcache/puts_pool_impl.clj	optional-cache	src/ssd_cache.rs	datomic_pro_docs/09_optional/02_specialized_operations/00_read_only_connections.atomic.md	Native local cache counterpart; source Valcache/Memcached layout and protocol are non-target integrations. Nonidentical artifact copy: family mapping does not assert whole-file equivalence.
1.0.7705/transactor/src-clj/datomic/valcache_direct.clj	recovered-datomic-initializer	same-path-not-byte-identical	1.0.7705/peer/src-clj/datomic/valcache_direct.clj	optional-cache	src/ssd_cache.rs	datomic_pro_docs/09_optional/02_specialized_operations/00_read_only_connections.atomic.md	Native local cache counterpart; source Valcache/Memcached layout and protocol are non-target integrations. Nonidentical artifact copy: family mapping does not assert whole-file equivalence.
1.0.7705/transactor/src-clj/datomic/validators.clj	recovered-datomic-initializer	byte-identical	1.0.7705/peer/src-clj/datomic/validators.clj	model-schema-value	src/model/mod.rs	datomic_pro_docs/03_schema/03_identity_and_uniqueness.atomic.md	Shared native value/schema/identity contracts; db also has transaction and temporal owners traced by companions. Exact baseline pair shares one mechanism; no duplicate port or redundant annotation required.
1.0.7705/transactor/src-clj/hiccup/compiler.clj	exact-bundled-dependency	only-in-this-artifact	-	exact-dependency-or-resource	-	datomic_pro_docs/00_start_here/00_introduction.atomic.md	Exact attributed dependency/resource; no annotation or mandatory native port required.
1.0.7705/transactor/src-clj/hiccup/core.clj	exact-bundled-dependency	only-in-this-artifact	-	exact-dependency-or-resource	-	datomic_pro_docs/00_start_here/00_introduction.atomic.md	Exact attributed dependency/resource; no annotation or mandatory native port required.
1.0.7705/transactor/src-clj/hiccup/def.clj	exact-bundled-dependency	only-in-this-artifact	-	exact-dependency-or-resource	-	datomic_pro_docs/00_start_here/00_introduction.atomic.md	Exact attributed dependency/resource; no annotation or mandatory native port required.
1.0.7705/transactor/src-clj/hiccup/form.clj	exact-bundled-dependency	only-in-this-artifact	-	exact-dependency-or-resource	-	datomic_pro_docs/00_start_here/00_introduction.atomic.md	Exact attributed dependency/resource; no annotation or mandatory native port required.
1.0.7705/transactor/src-clj/hiccup/page.clj	exact-bundled-dependency	only-in-this-artifact	-	exact-dependency-or-resource	-	datomic_pro_docs/00_start_here/00_introduction.atomic.md	Exact attributed dependency/resource; no annotation or mandatory native port required.
1.0.7705/transactor/src-clj/hiccup/util.clj	exact-bundled-dependency	only-in-this-artifact	-	exact-dependency-or-resource	-	datomic_pro_docs/00_start_here/00_introduction.atomic.md	Exact attributed dependency/resource; no annotation or mandatory native port required.
1.0.7705/transactor/src-clj/liberator/conneg.clj	exact-bundled-dependency	only-in-this-artifact	-	exact-dependency-or-resource	-	datomic_pro_docs/00_start_here/00_introduction.atomic.md	Exact attributed dependency/resource; no annotation or mandatory native port required.
1.0.7705/transactor/src-clj/liberator/core.clj	exact-bundled-dependency	only-in-this-artifact	-	exact-dependency-or-resource	-	datomic_pro_docs/00_start_here/00_introduction.atomic.md	Exact attributed dependency/resource; no annotation or mandatory native port required.
1.0.7705/transactor/src-clj/liberator/representation.clj	exact-bundled-dependency	only-in-this-artifact	-	exact-dependency-or-resource	-	datomic_pro_docs/00_start_here/00_introduction.atomic.md	Exact attributed dependency/resource; no annotation or mandatory native port required.
1.0.7705/transactor/src-clj/liberator/util.clj	exact-bundled-dependency	only-in-this-artifact	-	exact-dependency-or-resource	-	datomic_pro_docs/00_start_here/00_introduction.atomic.md	Exact attributed dependency/resource; no annotation or mandatory native port required.
1.0.7705/transactor/src-clj/net/cgrand/moustache.clj	exact-bundled-dependency	only-in-this-artifact	-	exact-dependency-or-resource	-	datomic_pro_docs/00_start_here/00_introduction.atomic.md	Exact attributed dependency/resource; no annotation or mandatory native port required.
1.0.7705/transactor/src-clj/ring/core/protocols.clj	exact-bundled-dependency	only-in-this-artifact	-	exact-dependency-or-resource	-	datomic_pro_docs/00_start_here/00_introduction.atomic.md	Exact attributed dependency/resource; no annotation or mandatory native port required.
1.0.7705/transactor/src-clj/ring/middleware/keyword_params.clj	exact-bundled-dependency	only-in-this-artifact	-	exact-dependency-or-resource	-	datomic_pro_docs/00_start_here/00_introduction.atomic.md	Exact attributed dependency/resource; no annotation or mandatory native port required.
1.0.7705/transactor/src-clj/ring/middleware/params.clj	exact-bundled-dependency	only-in-this-artifact	-	exact-dependency-or-resource	-	datomic_pro_docs/00_start_here/00_introduction.atomic.md	Exact attributed dependency/resource; no annotation or mandatory native port required.
1.0.7705/transactor/src-clj/ring/util/codec.clj	exact-bundled-dependency	only-in-this-artifact	-	exact-dependency-or-resource	-	datomic_pro_docs/00_start_here/00_introduction.atomic.md	Exact attributed dependency/resource; no annotation or mandatory native port required.
1.0.7705/transactor/src-clj/ring/util/io.clj	exact-bundled-dependency	only-in-this-artifact	-	exact-dependency-or-resource	-	datomic_pro_docs/00_start_here/00_introduction.atomic.md	Exact attributed dependency/resource; no annotation or mandatory native port required.
1.0.7705/transactor/src-clj/ring/util/parsing.clj	exact-bundled-dependency	only-in-this-artifact	-	exact-dependency-or-resource	-	datomic_pro_docs/00_start_here/00_introduction.atomic.md	Exact attributed dependency/resource; no annotation or mandatory native port required.
1.0.7705/transactor/src-clj/ring/util/request.clj	exact-bundled-dependency	only-in-this-artifact	-	exact-dependency-or-resource	-	datomic_pro_docs/00_start_here/00_introduction.atomic.md	Exact attributed dependency/resource; no annotation or mandatory native port required.
1.0.7705/transactor/src-clj/ring/util/response.clj	exact-bundled-dependency	only-in-this-artifact	-	exact-dependency-or-resource	-	datomic_pro_docs/00_start_here/00_introduction.atomic.md	Exact attributed dependency/resource; no annotation or mandatory native port required.
1.0.7705/transactor/src-clj/ring/util/servlet.clj	exact-bundled-dependency	only-in-this-artifact	-	exact-dependency-or-resource	-	datomic_pro_docs/00_start_here/00_introduction.atomic.md	Exact attributed dependency/resource; no annotation or mandatory native port required.
1.0.7705/transactor/src-clj/ring/util/time.clj	exact-bundled-dependency	only-in-this-artifact	-	exact-dependency-or-resource	-	datomic_pro_docs/00_start_here/00_introduction.atomic.md	Exact attributed dependency/resource; no annotation or mandatory native port required.
1.0.7705/transactor/src-java/com/datomic/impl/peer/ActiveMQInputStream.java	recovered-java-origin	byte-identical	1.0.7705/peer/src-java/com/datomic/impl/peer/ActiveMQInputStream.java	peer-transport	src/application/transport/mod.rs	datomic_pro_docs/07_peer_api/00_clojure/00_datomic_api.atomic.md	Source broker notification/submission adapter; native local/TLS transport uses stable identity and receipts, not Artemis protocol. Exact baseline pair shares one mechanism; no duplicate port or redundant annotation required.
1.0.7705/transactor/src-java/com/datomic/lucene/store/DatomicThunk.java	recovered-java-origin	byte-identical	1.0.7705/peer/src-java/com/datomic/lucene/store/DatomicThunk.java	fulltext	src/fulltext/mod.rs	datomic_pro_docs/05_query_and_pull/02_query_reference.fulltext.atomic.md	Native immutable search projection and bounded recent completion; Lucene adapters are not native wire/score parity. Exact baseline pair shares one mechanism; no duplicate port or redundant annotation required.
1.0.7705/transactor/src-java/datomic/Attribute.java	recovered-java-origin	byte-identical	1.0.7705/peer/src-java/datomic/Attribute.java	model-schema-value	src/model/mod.rs	datomic_pro_docs/03_schema/03_identity_and_uniqueness.atomic.md	Shared native value/schema/identity contracts; db also has transaction and temporal owners traced by companions. Exact baseline pair shares one mechanism; no duplicate port or redundant annotation required.
1.0.7705/transactor/src-java/datomic/Connection.java	recovered-java-origin	byte-identical	1.0.7705/peer/src-java/datomic/Connection.java	application-completion-errors	src/application/mod.rs	datomic_pro_docs/07_peer_api/00_clojure/00_datomic_api.atomic.md	Shared API/completion family; native bounded executor and typed errors replace JVM adapters. Exact baseline pair shares one mechanism; no duplicate port or redundant annotation required.
1.0.7705/transactor/src-java/datomic/Database.java	recovered-java-origin	byte-identical	1.0.7705/peer/src-java/datomic/Database.java	model-schema-value	src/model/mod.rs	datomic_pro_docs/03_schema/03_identity_and_uniqueness.atomic.md	Shared native value/schema/identity contracts; db also has transaction and temporal owners traced by companions. Exact baseline pair shares one mechanism; no duplicate port or redundant annotation required.
1.0.7705/transactor/src-java/datomic/Datom.java	recovered-java-origin	byte-identical	1.0.7705/peer/src-java/datomic/Datom.java	model-schema-value	src/model/mod.rs	datomic_pro_docs/03_schema/03_identity_and_uniqueness.atomic.md	Shared native value/schema/identity contracts; db also has transaction and temporal owners traced by companions. Exact baseline pair shares one mechanism; no duplicate port or redundant annotation required.
1.0.7705/transactor/src-java/datomic/Entity.java	recovered-java-origin	byte-identical	1.0.7705/peer/src-java/datomic/Entity.java	pull-and-entity	src/pull/mod.rs	datomic_pro_docs/05_query_and_pull/03_pull.atomic.md	Native navigation and explicit transform registration; JVM namespace loading is not required. Exact baseline pair shares one mechanism; no duplicate port or redundant annotation required.
1.0.7705/transactor/src-java/datomic/ListenableFuture.java	recovered-java-origin	byte-identical	1.0.7705/peer/src-java/datomic/ListenableFuture.java	application-completion-errors	src/application/mod.rs	datomic_pro_docs/07_peer_api/00_clojure/00_datomic_api.atomic.md	Shared API/completion family; native bounded executor and typed errors replace JVM adapters. Exact baseline pair shares one mechanism; no duplicate port or redundant annotation required.
1.0.7705/transactor/src-java/datomic/Log.java	recovered-java-origin	byte-identical	1.0.7705/peer/src-java/datomic/Log.java	log-value-and-publication	src/database_value/log.rs	datomic_pro_docs/07_peer_api/02_shared_reference/00_log_api.atomic.md	Shared captured log API; publication/authority also traced by ACID companion. Exact baseline pair shares one mechanism; no duplicate port or redundant annotation required.
1.0.7705/transactor/src-java/datomic/Peer.java	recovered-java-origin	byte-identical	1.0.7705/peer/src-java/datomic/Peer.java	application-completion-errors	src/application/mod.rs	datomic_pro_docs/07_peer_api/00_clojure/00_datomic_api.atomic.md	Shared API/completion family; native bounded executor and typed errors replace JVM adapters. Exact baseline pair shares one mechanism; no duplicate port or redundant annotation required.
1.0.7705/transactor/src-java/datomic/QueryRequest.java	recovered-java-origin	byte-identical	1.0.7705/peer/src-java/datomic/QueryRequest.java	application-completion-errors	src/application/mod.rs	datomic_pro_docs/07_peer_api/00_clojure/00_datomic_api.atomic.md	Shared API/completion family; native bounded executor and typed errors replace JVM adapters. Exact baseline pair shares one mechanism; no duplicate port or redundant annotation required.
1.0.7705/transactor/src-java/datomic/Util.java	recovered-java-origin	byte-identical	1.0.7705/peer/src-java/datomic/Util.java	application-completion-errors	src/application/mod.rs	datomic_pro_docs/07_peer_api/00_clojure/00_datomic_api.atomic.md	Shared API/completion family; native bounded executor and typed errors replace JVM adapters. Exact baseline pair shares one mechanism; no duplicate port or redundant annotation required.
1.0.7705/transactor/src-java/datomic/functions/Fn.java	recovered-java-origin	byte-identical	1.0.7705/peer/src-java/datomic/functions/Fn.java	application-computation	src/database_value/invoke.rs	datomic_pro_docs/07_peer_api/00_clojure/00_datomic_api.atomic.md	Native explicit callbacks/persisted programs; generated fixed-arity interfaces and JVM compiler have no standalone native counterpart. Exact baseline pair shares one mechanism; no duplicate port or redundant annotation required.
1.0.7705/transactor/src-java/datomic/functions/Fn0.java	recovered-java-origin	byte-identical	1.0.7705/peer/src-java/datomic/functions/Fn0.java	application-computation	src/database_value/invoke.rs	datomic_pro_docs/07_peer_api/00_clojure/00_datomic_api.atomic.md	Native explicit callbacks/persisted programs; generated fixed-arity interfaces and JVM compiler have no standalone native counterpart. Exact baseline pair shares one mechanism; no duplicate port or redundant annotation required.
1.0.7705/transactor/src-java/datomic/functions/Fn1.java	recovered-java-origin	byte-identical	1.0.7705/peer/src-java/datomic/functions/Fn1.java	application-computation	src/database_value/invoke.rs	datomic_pro_docs/07_peer_api/00_clojure/00_datomic_api.atomic.md	Native explicit callbacks/persisted programs; generated fixed-arity interfaces and JVM compiler have no standalone native counterpart. Exact baseline pair shares one mechanism; no duplicate port or redundant annotation required.
1.0.7705/transactor/src-java/datomic/functions/Fn10.java	recovered-java-origin	byte-identical	1.0.7705/peer/src-java/datomic/functions/Fn10.java	application-computation	src/database_value/invoke.rs	datomic_pro_docs/07_peer_api/00_clojure/00_datomic_api.atomic.md	Native explicit callbacks/persisted programs; generated fixed-arity interfaces and JVM compiler have no standalone native counterpart. Exact baseline pair shares one mechanism; no duplicate port or redundant annotation required.
1.0.7705/transactor/src-java/datomic/functions/Fn2.java	recovered-java-origin	byte-identical	1.0.7705/peer/src-java/datomic/functions/Fn2.java	application-computation	src/database_value/invoke.rs	datomic_pro_docs/07_peer_api/00_clojure/00_datomic_api.atomic.md	Native explicit callbacks/persisted programs; generated fixed-arity interfaces and JVM compiler have no standalone native counterpart. Exact baseline pair shares one mechanism; no duplicate port or redundant annotation required.
1.0.7705/transactor/src-java/datomic/functions/Fn3.java	recovered-java-origin	byte-identical	1.0.7705/peer/src-java/datomic/functions/Fn3.java	application-computation	src/database_value/invoke.rs	datomic_pro_docs/07_peer_api/00_clojure/00_datomic_api.atomic.md	Native explicit callbacks/persisted programs; generated fixed-arity interfaces and JVM compiler have no standalone native counterpart. Exact baseline pair shares one mechanism; no duplicate port or redundant annotation required.
1.0.7705/transactor/src-java/datomic/functions/Fn4.java	recovered-java-origin	byte-identical	1.0.7705/peer/src-java/datomic/functions/Fn4.java	application-computation	src/database_value/invoke.rs	datomic_pro_docs/07_peer_api/00_clojure/00_datomic_api.atomic.md	Native explicit callbacks/persisted programs; generated fixed-arity interfaces and JVM compiler have no standalone native counterpart. Exact baseline pair shares one mechanism; no duplicate port or redundant annotation required.
1.0.7705/transactor/src-java/datomic/functions/Fn5.java	recovered-java-origin	byte-identical	1.0.7705/peer/src-java/datomic/functions/Fn5.java	application-computation	src/database_value/invoke.rs	datomic_pro_docs/07_peer_api/00_clojure/00_datomic_api.atomic.md	Native explicit callbacks/persisted programs; generated fixed-arity interfaces and JVM compiler have no standalone native counterpart. Exact baseline pair shares one mechanism; no duplicate port or redundant annotation required.
1.0.7705/transactor/src-java/datomic/functions/Fn6.java	recovered-java-origin	byte-identical	1.0.7705/peer/src-java/datomic/functions/Fn6.java	application-computation	src/database_value/invoke.rs	datomic_pro_docs/07_peer_api/00_clojure/00_datomic_api.atomic.md	Native explicit callbacks/persisted programs; generated fixed-arity interfaces and JVM compiler have no standalone native counterpart. Exact baseline pair shares one mechanism; no duplicate port or redundant annotation required.
1.0.7705/transactor/src-java/datomic/functions/Fn7.java	recovered-java-origin	byte-identical	1.0.7705/peer/src-java/datomic/functions/Fn7.java	application-computation	src/database_value/invoke.rs	datomic_pro_docs/07_peer_api/00_clojure/00_datomic_api.atomic.md	Native explicit callbacks/persisted programs; generated fixed-arity interfaces and JVM compiler have no standalone native counterpart. Exact baseline pair shares one mechanism; no duplicate port or redundant annotation required.
1.0.7705/transactor/src-java/datomic/functions/Fn8.java	recovered-java-origin	byte-identical	1.0.7705/peer/src-java/datomic/functions/Fn8.java	application-computation	src/database_value/invoke.rs	datomic_pro_docs/07_peer_api/00_clojure/00_datomic_api.atomic.md	Native explicit callbacks/persisted programs; generated fixed-arity interfaces and JVM compiler have no standalone native counterpart. Exact baseline pair shares one mechanism; no duplicate port or redundant annotation required.
1.0.7705/transactor/src-java/datomic/functions/Fn9.java	recovered-java-origin	byte-identical	1.0.7705/peer/src-java/datomic/functions/Fn9.java	application-computation	src/database_value/invoke.rs	datomic_pro_docs/07_peer_api/00_clojure/00_datomic_api.atomic.md	Native explicit callbacks/persisted programs; generated fixed-arity interfaces and JVM compiler have no standalone native counterpart. Exact baseline pair shares one mechanism; no duplicate port or redundant annotation required.
1.0.7705/transactor/src-java/datomic/impl/Circular.java	recovered-java-origin	byte-identical	1.0.7705/peer/src-java/datomic/impl/Circular.java	host-operations-support	src/operations/mod.rs	datomic_pro_docs/08_operations/00_architecture_and_storage/02_datomic_deployment.atomic.md	Coherent host/config/diagnostic support family; native explicit configuration/operations replace JVM supervision and presentation helpers. Exact baseline pair shares one mechanism; no duplicate port or redundant annotation required.
1.0.7705/transactor/src-java/datomic/impl/Config.java	recovered-java-origin	byte-identical	1.0.7705/peer/src-java/datomic/impl/Config.java	host-operations-support	src/operations/mod.rs	datomic_pro_docs/08_operations/00_architecture_and_storage/02_datomic_deployment.atomic.md	Coherent host/config/diagnostic support family; native explicit configuration/operations replace JVM supervision and presentation helpers. Exact baseline pair shares one mechanism; no duplicate port or redundant annotation required.
1.0.7705/transactor/src-java/datomic/impl/Exceptions.java	recovered-java-origin	byte-identical	1.0.7705/peer/src-java/datomic/impl/Exceptions.java	application-completion-errors	src/application/mod.rs	datomic_pro_docs/07_peer_api/00_clojure/00_datomic_api.atomic.md	Shared API/completion family; native bounded executor and typed errors replace JVM adapters. Exact baseline pair shares one mechanism; no duplicate port or redundant annotation required.
1.0.7705/transactor/src-java/datomic/impl/FnCacheLoader.java	recovered-java-origin	byte-identical	1.0.7705/peer/src-java/datomic/impl/FnCacheLoader.java	application-computation	src/database_value/invoke.rs	datomic_pro_docs/07_peer_api/00_clojure/00_datomic_api.atomic.md	Native explicit callbacks/persisted programs; generated fixed-arity interfaces and JVM compiler have no standalone native counterpart. Exact baseline pair shares one mechanism; no duplicate port or redundant annotation required.
1.0.7705/transactor/src-java/datomic/impl/JavaByteUtil.java	recovered-java-origin	byte-identical	1.0.7705/peer/src-java/datomic/impl/JavaByteUtil.java	encoding-and-host-primitives	src/storage/codec.rs	datomic_pro_docs/02_core_concepts/01_programming_with_data_and_edn.atomic.md	Native exact values/codecs; Fressian tags, JVM buffer/hash/random helpers are not format compatibility. Exact baseline pair shares one mechanism; no duplicate port or redundant annotation required.
1.0.7705/transactor/src-java/datomic/impl/LoggedOutputStream.java	recovered-java-origin	byte-identical	1.0.7705/peer/src-java/datomic/impl/LoggedOutputStream.java	host-operations-support	src/operations/mod.rs	datomic_pro_docs/08_operations/00_architecture_and_storage/02_datomic_deployment.atomic.md	Coherent host/config/diagnostic support family; native explicit configuration/operations replace JVM supervision and presentation helpers. Exact baseline pair shares one mechanism; no duplicate port or redundant annotation required.
1.0.7705/transactor/src-java/datomic/impl/MersenneTwisterFast.java	recovered-java-origin	same-path-not-byte-identical	1.0.7705/peer/src-java/datomic/impl/MersenneTwisterFast.java	encoding-and-host-primitives	src/storage/codec.rs	datomic_pro_docs/02_core_concepts/01_programming_with_data_and_edn.atomic.md	Native exact values/codecs; Fressian tags, JVM buffer/hash/random helpers are not format compatibility. Nonidentical artifact copy: family mapping does not assert whole-file equivalence.
1.0.7705/transactor/src-java/datomic/impl/ModifiedFNVHash.java	recovered-java-origin	byte-identical	1.0.7705/peer/src-java/datomic/impl/ModifiedFNVHash.java	encoding-and-host-primitives	src/storage/codec.rs	datomic_pro_docs/02_core_concepts/01_programming_with_data_and_edn.atomic.md	Native exact values/codecs; Fressian tags, JVM buffer/hash/random helpers are not format compatibility. Exact baseline pair shares one mechanism; no duplicate port or redundant annotation required.
1.0.7705/transactor/src-java/datomic/impl/MurmurHash.java	recovered-java-origin	byte-identical	1.0.7705/peer/src-java/datomic/impl/MurmurHash.java	encoding-and-host-primitives	src/storage/codec.rs	datomic_pro_docs/02_core_concepts/01_programming_with_data_and_edn.atomic.md	Native exact values/codecs; Fressian tags, JVM buffer/hash/random helpers are not format compatibility. Exact baseline pair shares one mechanism; no duplicate port or redundant annotation required.
1.0.7705/transactor/src-java/datomic/impl/PriorityExecutor.java	recovered-java-origin	byte-identical	1.0.7705/peer/src-java/datomic/impl/PriorityExecutor.java	application-completion-errors	src/application/mod.rs	datomic_pro_docs/07_peer_api/00_clojure/00_datomic_api.atomic.md	Shared API/completion family; native bounded executor and typed errors replace JVM adapters. Exact baseline pair shares one mechanism; no duplicate port or redundant annotation required.
1.0.7705/transactor/src-java/datomic/impl/Shell.java	recovered-java-origin	byte-identical	1.0.7705/peer/src-java/datomic/impl/Shell.java	host-operations-support	src/operations/mod.rs	datomic_pro_docs/08_operations/00_architecture_and_storage/02_datomic_deployment.atomic.md	Coherent host/config/diagnostic support family; native explicit configuration/operations replace JVM supervision and presentation helpers. Exact baseline pair shares one mechanism; no duplicate port or redundant annotation required.
1.0.7705/transactor/src-java/datomic/impl/clusterfs/Closed.java	recovered-java-origin	byte-identical	1.0.7705/peer/src-java/datomic/impl/clusterfs/Closed.java	storage-catalog	src/storage/mod.rs	datomic_pro_docs/08_operations/00_architecture_and_storage/00_storage_services.atomic.md	Opaque objects/conditional references and shared catalog; provider/backend-specific behavior is not native parity. Exact baseline pair shares one mechanism; no duplicate port or redundant annotation required.
1.0.7705/transactor/src-java/datomic/impl/clusterfs/IClusterFS.java	recovered-java-origin	byte-identical	1.0.7705/peer/src-java/datomic/impl/clusterfs/IClusterFS.java	storage-catalog	src/storage/mod.rs	datomic_pro_docs/08_operations/00_architecture_and_storage/00_storage_services.atomic.md	Opaque objects/conditional references and shared catalog; provider/backend-specific behavior is not native parity. Exact baseline pair shares one mechanism; no duplicate port or redundant annotation required.
1.0.7705/transactor/src-java/datomic/impl/db/IDatum.java	recovered-java-origin	byte-identical	1.0.7705/peer/src-java/datomic/impl/db/IDatum.java	model-schema-value	src/model/mod.rs	datomic_pro_docs/03_schema/03_identity_and_uniqueness.atomic.md	Shared native value/schema/identity contracts; db also has transaction and temporal owners traced by companions. Exact baseline pair shares one mechanism; no duplicate port or redundant annotation required.
1.0.7705/transactor/src-java/datomic/impl/lucene/ClusterDirectory.java	recovered-java-origin	byte-identical	1.0.7705/peer/src-java/datomic/impl/lucene/ClusterDirectory.java	fulltext	src/fulltext/mod.rs	datomic_pro_docs/05_query_and_pull/02_query_reference.fulltext.atomic.md	Native immutable search projection and bounded recent completion; Lucene adapters are not native wire/score parity. Exact baseline pair shares one mechanism; no duplicate port or redundant annotation required.
1.0.7705/transactor/src-java/datomic/impl/lucene/ClusterIndexInput.java	recovered-java-origin	byte-identical	1.0.7705/peer/src-java/datomic/impl/lucene/ClusterIndexInput.java	fulltext	src/fulltext/mod.rs	datomic_pro_docs/05_query_and_pull/02_query_reference.fulltext.atomic.md	Native immutable search projection and bounded recent completion; Lucene adapters are not native wire/score parity. Exact baseline pair shares one mechanism; no duplicate port or redundant annotation required.
1.0.7705/transactor/src-java/datomic/impl/lucene/DirectoryRef.java	recovered-java-origin	byte-identical	1.0.7705/peer/src-java/datomic/impl/lucene/DirectoryRef.java	fulltext	src/fulltext/mod.rs	datomic_pro_docs/05_query_and_pull/02_query_reference.fulltext.atomic.md	Native immutable search projection and bounded recent completion; Lucene adapters are not native wire/score parity. Exact baseline pair shares one mechanism; no duplicate port or redundant annotation required.
1.0.7705/transactor/src-java/datomic/impl/lucene/EmptyIndexInput.java	recovered-java-origin	byte-identical	1.0.7705/peer/src-java/datomic/impl/lucene/EmptyIndexInput.java	fulltext	src/fulltext/mod.rs	datomic_pro_docs/05_query_and_pull/02_query_reference.fulltext.atomic.md	Native immutable search projection and bounded recent completion; Lucene adapters are not native wire/score parity. Exact baseline pair shares one mechanism; no duplicate port or redundant annotation required.
1.0.7705/transactor/src-java/datomic/impl/lucene/HybridDirectory.java	recovered-java-origin	byte-identical	1.0.7705/peer/src-java/datomic/impl/lucene/HybridDirectory.java	fulltext	src/fulltext/mod.rs	datomic_pro_docs/05_query_and_pull/02_query_reference.fulltext.atomic.md	Native immutable search projection and bounded recent completion; Lucene adapters are not native wire/score parity. Exact baseline pair shares one mechanism; no duplicate port or redundant annotation required.
1.0.7705/transactor/src-java/datomic_jetty/impl/ProxyHandler.java	recovered-java-origin	only-in-this-artifact	-	non-target-client-server	-	datomic_pro_docs/09_optional/00_pro_client/03_client_library_reference.atomic.md	Non-target HTTP/Cloud/JVM service integration; native peer-local APIs are traced separately.
1.0.7705/transactor/src-java/org/eclipse/jetty/servlets/EventSource.java	recovered-java-origin	only-in-this-artifact	-	non-target-client-server	-	datomic_pro_docs/09_optional/00_pro_client/03_client_library_reference.atomic.md	Jetty server-sent-event adapter; native transaction endpoint does not implement this HTTP protocol.
1.0.7705/transactor/src-java/org/eclipse/jetty/servlets/EventSourceServlet.java	recovered-java-origin	only-in-this-artifact	-	non-target-client-server	-	datomic_pro_docs/09_optional/00_pro_client/03_client_library_reference.atomic.md	Jetty server-sent-event adapter; native transaction endpoint does not implement this HTTP protocol.
