internal_name	transactor_sha256	peer_sha256	byte_identical
com/datomic/impl/peer/ActiveMQInputStream	a9575d126befc8e62ed705549d933b021cbd88804d7542b251a98d10efd6f7e2	a9575d126befc8e62ed705549d933b021cbd88804d7542b251a98d10efd6f7e2	true
com/datomic/lucene/store/DatomicThunk	c5b8e3581cae41da4bd94b262bf0fb1ff1a2f2f1843224fe1046a9a3cac3b704	c5b8e3581cae41da4bd94b262bf0fb1ff1a2f2f1843224fe1046a9a3cac3b704	true
datomic/Attribute	6e7b65ec262fbab6a4c93d74fb6269a437a282a3050fc67e6669dd70d38f8bca	6e7b65ec262fbab6a4c93d74fb6269a437a282a3050fc67e6669dd70d38f8bca	true
datomic/Connection	5d1fb3d04d4c84419438a3ce3cab6708be19517c65a4c79f090a47b26ec83c79	5d1fb3d04d4c84419438a3ce3cab6708be19517c65a4c79f090a47b26ec83c79	true
datomic/Database	a24a53bc2fb0fa7a1dccfc1d0baac0b20f3bb28cbddcbf09b30e3bc3ec24b07f	a24a53bc2fb0fa7a1dccfc1d0baac0b20f3bb28cbddcbf09b30e3bc3ec24b07f	true
datomic/Database$Predicate	910f8bae22a87c9c6683740faec4e9b3902292443c0529199ae9275ae5613eb3	910f8bae22a87c9c6683740faec4e9b3902292443c0529199ae9275ae5613eb3	true
datomic/Datom	bfc17e38e2ff183755604e8ff5eaf7ee524b440bba9d825c13f354653cd56dfe	bfc17e38e2ff183755604e8ff5eaf7ee524b440bba9d825c13f354653cd56dfe	true
datomic/Entity	6ce21635cbcc427d8c470363977d8d9ec60ffa6641bd0d2861b921dfd6d9ddf2	6ce21635cbcc427d8c470363977d8d9ec60ffa6641bd0d2861b921dfd6d9ddf2	true
datomic/ListenableFuture	beca6dd421f388e663bfc9eb44f124cfbeff629c6c6159668c6182bc7eee17b1	beca6dd421f388e663bfc9eb44f124cfbeff629c6c6159668c6182bc7eee17b1	true
datomic/Log	26040906bd610f4d95b3a0870aa1444a4c7150bd212022a96b56c01ed2c868a2	26040906bd610f4d95b3a0870aa1444a4c7150bd212022a96b56c01ed2c868a2	true
datomic/Peer	3f99e19b3a7e32192ddb7d8eda3a7814938a344f33472f9a3075507956ff9312	3f99e19b3a7e32192ddb7d8eda3a7814938a344f33472f9a3075507956ff9312	true
datomic/QueryRequest	70c4030e69c2c1d6e8003f6ca9e9c729babae369d50ce397758c672a682e303c	70c4030e69c2c1d6e8003f6ca9e9c729babae369d50ce397758c672a682e303c	true
datomic/Util	cc71c0361f2002159471a9c57a67ba80733002bd588a34b12662aa3d51910e3c	cc71c0361f2002159471a9c57a67ba80733002bd588a34b12662aa3d51910e3c	true
datomic/adopter$adopt_index	22bb1a9b43d9a083ae76762af80da146ec4ae5b43af87b1a46468559b68e21f8	d536f0dce143dd5298449d64b07ee1df0df204f83bba1b109804c20fc46d1514	false
datomic/adopter__init	a2baab834db3d5974724cae58a568decdd1b7987a025181c7df0cac8bda586da	fa8747dcdd3ff946b9acf5e2e2a25cb062820bc7b5f75983c6aec23087701a94	false
datomic/aggregation$avg	dad5221a57c432bc9a20d2fb5d955fbfa5f08513dfc11fc703b3cc0d58c0784f	0a2dcf007d26aa7ffd11f9adca05974fd7d17801bd977c86efab813c41e0d3fc	false
datomic/aggregation$count	9c3604539cf6ee5ea911dee14c1836b7c1f8bd90d5f19023792b77c2b74466ee	68b80fd88d4398a976cce0eb4c7b7a2eb012efc3e2f4bf5d1b8992c8784d4271	false
datomic/aggregation$count_distinct	0778c9156ee673a45ab8d3c65935014dc326b4c7c1612d7bab28f0efbe5c26e8	70fe4d0f55fb0e826d6f3c9e95cb8f4fdd9bb2d937c4aebba53e3a793a58254e	false
datomic/aggregation$distinct	fbb151741f6fea74a475809859406d4b5e4d6e10eb812cc9ef127eee60877b3c	33feb04b67eda2f7c8fb11ab3948ecf99d64c0f73bb48423fbcb8eb440864fc8	false
datomic/aggregation$max	7c0b3b6740034f02722f9dc47ef00b44553ab7f4b16c0ca13b51d1b339264784	d11e7d491c1e3cae9d6eb646b362e34826a4acbdc2e81073fa9bceb439acae8f	false
datomic/aggregation$median	12096d489d944e5b5244a6905f8ec3f1ada90dfad1f4e86e651debda6e28dfee	a137c4e171ebfc3c24eeae3e92715083c2c0eccdff8d4104cacffb31d370f8e1	false
datomic/aggregation$min	e1c71523b822c1336fe18053e708add5e102cc7183e926d075a4cb756350fae6	72d9e6c8429bbb44a88864cf0ead761d3183eacf947286ea69bd5034052ac73b	false
datomic/aggregation$rand	ac83e90db3c212ed5e167f5c18a2dfc0177ccb4718bfc5ea0ee9643646511c06	b419f29a106b9b562e4d0af3ffbda892ed9f06397eb79833ebcbf50b4dbe4dfc	false
datomic/aggregation$sample	87d6a6a165b17d871f0fb5f34ece61f6c2cc0ceba91aa16db15fc24a4a2e8045	3786e6ae02a1d129f68a26e605f8b79177d1de939ce1c72d7248fe3e0fdf1d50	false
datomic/aggregation$stddev	42049f6972140bb82565acda4ef6849c2881fd727ab9ba329ccfdb5e2670049d	dd22069da92dd1ea45725e51b024ac1535e22e9272d4c41af777a15f7fc9aa96	false
datomic/aggregation$sum	fe3ea8e6792dac9d33377c1a01e198d3c7666201e13c5cf802e69553beadf6d7	9f0eac58825d067f2d3dfbf14b5bdd3ab13ed5a6cbaee966d8095ec45ca104f0	false
datomic/aggregation$variance	5e5de762f5d8d79bbeeff4b2633da1e0e5d46b8e62b5403b5ec93903d6c66892	251f12097303b5f19b459de16a3f1b5d31004929a27e204c1f1ce95ca45105d1	false
datomic/aggregation__init	55a31558ca09660bd9131c60143958103df45bc5ad2a0bec97804e64feacf7d4	5a8d68ad64e711670bf7a7b0e5b5de237e6d80416921d153b9326bfa1498cb46	false
datomic/api$add_listener	f5e051aef5f1ad1a54c3f553119b0fa4fd5134be63a46cb2d846d7defca44f34	a438a64090abe210a262e783bb278c6cd43eb660588e7a054374bc6dd719be6a	false
datomic/api$administer_system	d1b4b89d048835c1e5e77c3d221d59c0d927ca33c90df15b151c4de7f4f35492	893734e98d3d3bd5f284dbc455d0ad6ca1e98f3a4a534698c3d03b144fba02d6	false
datomic/api$as_of	eeb837d435ba609296e51e1505277e1bb62f0488e88463289e1e38bea8aab50d	3c7304c4eb56f4ea33879d778360190f372fc2344e3a6c0996b3702f84d5585b	false
datomic/api$as_of_t	f9be2b854b182484d76f683540eab7c98dc1ca3429df1ca92ef452e269016fd6	53246de104b42720c423be53e69df26ffee646391e3963b4cd65d84675697a9d	false
datomic/api$attribute	2a0dccfa086d62b501337a49470b7eee4e2b102c1b457637219b59008bc518b9	3c7d2f7f6cc492ff473cbd0138d6e5d7d124b18355d961ece6bb724ce34240e5	false
datomic/api$basis_t	ed1caf9dccd814d9065e39dec4585f7ba49e2b51e92bbf5e6cd8525d15ff9794	2788949377ca93cfa2028e261c135ba7819690c29e70de680667b019ea6d7241	false
datomic/api$cancel	7cc49ee469a1e4780285b4fd2abf14bb7014b97b6f22ee7950eb621b21e3cbaa	45da2f7cf009406d350e57c287f046f0ad548cf3e0e93fec5312db5c47aa2cef	false
datomic/api$connect	82e03eeb8f12c0d2bf020d3b406ed3fab3d25707eedb98670f0cc7d13103fe70	ec5b28dc9fe4210635fa91b3c73133abca8f8fee82ef963a8b596d504aa86e51	false
datomic/api$create_database	9a1bb8643193ce846dcfdd6dae44abb94392f1126ca39f27ffe3e9cccf7cf784	b7f0d78fa1a204049c6bcd5c6218b1de698608fa88e8a8306d82b34a5c46d4c1	false
datomic/api$datoms	a8912f037cffc2a5ca947c853e9a269de7272d90baa32b0cfc01ddf9113db668	28cc0393e127b67499d33603dfbbb1548a6accb133b8210823b69fb4280c2920	false
datomic/api$db	aff19bf8f9f8110f771daeb57168834d3cb25f3748c45c199cc14a28ad307af9	5512c974cb314e16577e44a914db5250296d3a4e7da5f7522b2bbfc1c6c8f0b7	false
datomic/api$db_stats	e155adcebbed2c206559227c4963d24e97aa28f52eba8812f536003c1176d3ba	05efd2c362f903840d1d4fbffa859c207c99bbac7c63984e353e2f12ceaf1996	false
datomic/api$delete_database	829afc975736964dcd4f4f06a05be055d35bd4b4ec63a05f5d7b76658dde462e	168594e190a1ff449069fbf7504e4dccf1b15c1c449ba3009e6baa38e73be157	false
datomic/api$entid	6a8d7209bf6b8b3f7852d5268c4a3c4ddc5b863d83579399b1c71d570dcddbe8	9bdd736b8949570c2d8b440a8245835c9465d7fabd446baf4e77b66254fb91f6	false
datomic/api$entid_at	d2a5d9f91281ea2a076de81a2a826b193b21880c9f68a0ffa4f1ac132f3a0361	1ca3abe796290e27e4503073f3e8dd1070e0bedbb3d2f075bdfeeff0cece38e4	false
datomic/api$entity	bd457dbdb1baceca3c9c71fb0446f0d9a6c44401e017265c6b22f53db22e8d94	b5c6a3c5692b5d80345a7a40c23e142381330e339f58a076f5b4bf1426643a15	false
datomic/api$entity_db	119f1b39fc422a3405acf5e8f77d6811602ed91bf4930e533c743b40cfccb34e	b2a9eb5ffd93c0437f35d299b91ddf31f2e0807b3a0952fbcd4a2bb943c8ad9c	false
datomic/api$filter	24075a188071abff917ee12f410cea0723384d2ff4823c39a10d01f2e3283790	7bbe145dfff9394892531368c1fc75d32cdad41f0edae8d84295d43de968b993	false
datomic/api$function	59cf1392852572a4ebc7df0941f4ffee4639c17df891ce5241115bbeaf67651e	058dd27a0ac8cf62056fb3cc377b081af0f2118762e68d7ab1f4d722e97a2d06	false
datomic/api$gc_storage	cf6305535e11a711f6475eb8f9a51ff1259e4894ce67ed7c7678e9ddba84041f	12a0060a3216cce6216730ab9e42196b7fb073603ce0e4cf326429c76e033768	false
datomic/api$get_database_names	32e9adda9284fbde007b207f0bf7d59a91a19d6c13061257b793903ba52f1890	752aa9ba4adc7dd46b165ae62dcbda88af65bf92a5dda93622766ce96dcf70c8	false
datomic/api$history	872cb2e5e9601b240ccb902ca6c94d92c1226f83e26a928f30102607fdd160b1	e7b8efb3b8d0efda4ab620ae2b83b9ab4b413c0e1eb27faba61f7489e7542267	false
datomic/api$ident	c78d489bab2f3df62418a7560809c9abebd6b36cadcc989c87a5e933dbcddd7e	bc2681f20617a089788c6c248b8f8245090a6b1c9302bca81fb9e87b7f71776c	false
datomic/api$implicit_part	2f30203890e40521ff87be1824f9d496afb454b121626f80cba380cc23fb31e9	4fdfa3fc394088608e3b2b36ffa2b1b2e8348afb755f4209d99536b9ea59cb68	false
datomic/api$implicit_part_id	cd65301d4d913e37a4ef5eefeac5c965c3052639de10fe9a355bf565ee5000ef	0f7792695f0c08fe83bf9b734e07f54cbb68ecfa9613dff9ff609d85cb51d54d	false
datomic/api$index_pull	e8910e9a34c62eeb9c43d38b783995daa74b0555cb545ec071aaffd8e9f87681	722d889f08a23f1cb005fde23f82059c025f8eb17a25ad0ad8190b9bf984e0b3	false
datomic/api$index_range	7b322498c44bf8e480d94105e0926e64632f12eff66a17f5b391592ae7e5c03b	9d0192eae7eb9261c9d80ef5e1249325996a6d30a52bad75e09b64275bd2205d	false
datomic/api$invoke	0778c1cf8860c308311c8b1fc6a13e771211dafbfaa0eaeee3669fa3ecced9d3	3b00df5c3660590474362b9d5a1cc60c086441c21c4a9aa4f8f85f0ebf1dedd5	false
datomic/api$is_filtered	ba1fac2dcb59d7ff06ec23ea4f4d722f6429ed92cdf3d18003f0555518e9cf49	a2b332f594ac93c0346058b8f159c9a7e18a61bb87695da3a9d793709cf1acee	false
datomic/api$is_history	4237fa227baf58692f453f7d165276729dd39cbb8789345c83c7e7658b06f4ce	03f74303774855308786608763550902ffd0baaaff5bc773ea734ab1092ed4a9	false
datomic/api$log	a1759945d10bccd1b42a4a685314a38a668ce3afdeb9393693074f44b0f3c701	cdf34e23d405c3d1eab9570460612f5975a148218f1875fcb5e9d4ad6b5a457e	false
datomic/api$next_t	e8ff4719f13d424b15f39eab5425ab9404f79442001efeedd6e04ecceb12a46d	7a974d080d7e6e8b7c3f581353a87e78b95b2d153aa6313bff8f1f8a62719262	false
datomic/api$part	f676041e760a098a1adc3411b210824f0d787e881104c4b00a9c33e262724739	f91fdda454689fe313efac24e4779d19cdc041be225e69c7a4a5fd9db25732aa	false
datomic/api$pull	27dc57c5e17b883d0ebbb8335d196dac1f884579a4715249ba7dab1e3ff62ac7	c1ac99da8a325ef574d31d8aa05a29cc61aa15d5b8415e5101c85158b3889442	false
datomic/api$pull_many	009851fe9d1d1396e72ae4357807a10329d0facddc2a1837e4b9db0209b058af	9fe0ddbac3282a507310417dea088ad350c8efb6f1127abc4fcbfdde0cdb8d57	false
datomic/api$q	94cd777bc5202aae2e85ad0de19ebd7498880712cb4d4adb13dfb36ba6e8f6e9	b1b2dcc0145571325c6cfa9700d9f1de998077ab9b34d6e6a10dfe9f6e5b5fba	false
datomic/api$qseq	af1c11fa6980567483d4c05ddd7dfc1e1a1687f5447142a6a219c2eea4c26168	3b5a2daeebd025047a2822950ca0c202da77c09213370818d70945f7ba641b8e	false
datomic/api$query	21f59d48db03190301051c922d1c9cf66efcee11fca6139938212c4038adb61a	760f979d73242446544e56eb241d3cbbf4a26ac06dffa668e1f44ffa92ec6b75	false
datomic/api$release	017114399ba4d850195ed0d5f872bd2ec291270d100b9279a7076520a199e752	766213731041fe03f7a1d2e21e6b54d002bff4b4fcf79d5a19a21f4c90e06638	false
datomic/api$remove_tx_report_queue	af2f1f1571c1935b1d6a2830ff560753343e2db31c9af92745e817583bfa036c	1ff2758b518e377fe382c5679d499bd84e49d1936a3c75b9beb86e5ecc895083	false
datomic/api$rename_database	b0f53c1ddc86a9e6f1bf97b42ec169c7e2b29e7b179a32ae2377821699516fab	14ee528f2e3af034f37c6e73f54a5bf0954d5143844ad41702d61fb87e542937	false
datomic/api$request_index	59b73a1d25bb7aed20203f9bd84ca49efb0f23682804a22d8a5c28709eaed786	6fc11ba89bc692860c8548687927f8b10192a8e40256fa747b7605b86e1f78fa	false
datomic/api$resolve_tempid	66125cde82fb28ffc1110b8271c3cd4a348aced70e9f60237ca10080355434b2	84b4b792fec69da851721ce7b7e3f6e6028a68869e3173bcc41b5fbdb63509c1	false
datomic/api$seek_datoms	981d8c4daaa43e35556d3e408462c0dc2b87bd28406642e305499e4664089f9e	f4c6d22ccff4c005a1a73d5bce4effe68dae7a355563707e7ed62cb1d5f8cda6	false
datomic/api$shutdown	b91973e8725fe36f315acf6d82c95f3b54d7ff8e9cf579e49bb27a2459f4b250	b1a6454ed6d8cf19cf7af362b04503d952ed024c310c68b3b9ed0b04c8fcc79e	false
datomic/api$since	bd81be03ef95200d536cfab93624883dbbc8cd1911acb662019641ee471948c8	0f89e2b34cc8da6aab3cdd42a5fe5296dd8a283010d40e73603cee2fb80918de	false
datomic/api$since_t	19190b5b8022f88059c306f63c347264176fb7bbc2dac9b46a5faeae69d146cd	b81f0184e89d7406b91795d61978e0335fbc9ce88563c94bed82291330d3bbcf	false
datomic/api$squuid	0324cf824fca8f67d446eb4c89055e9e0e25a132c798f02f3cdad2707f3943dc	a3b91063d975caedf2e48a0cc6d206b2e2ef3d5a238389f73b4ad9cd2046744c	false
datomic/api$squuid_time_millis	1d181ac752356098cc79b750bc3e2189dea67906ba3b579a87d19506df1e6f19	a9a40d1cee5dc30812c64405a28942dcc5360a5d533dd725dd6d82e562940f56	false
datomic/api$sync	37e61c5c9691cb8a40fb50b0f529cd80ecee6544cb2a86941ed7b8527beda9ff	0d878c99633663d096b3bb244b2cfbefe88c58dba6949349c149b9fb8077e468	false
datomic/api$sync_excise	6390b75f915814c581cb69c89b7ae71910412770feb83d00011a33d4a72b8317	62aa82c5719dece373fe32abc6aee8658661f4bce13b7cf3249efdf40cfec87e	false
datomic/api$sync_index	3c46b618079576092c0693c79d9f1140c444b49a04277c492ea1fe93bd0abd5f	38ce76fdca2e2f1783a914335ce0914659b8c2c64ddff2859fe131cad9ae46d0	false
datomic/api$sync_schema	1e82d04d77e28a644d7d5bd8df6d78dad424b3c27e77d9cd0e723f6f66db88d2	cfba45195b8d1382794dec5d50ddfd9cb62800b3a3c51e09295e00d40246217d	false
datomic/api$t__GT_tx	0d387c0a32cbc007f54db69e96ccb3ba25e0798d2f67f94283be4b665e17b1f4	2c0f31fd17287d4b2ed2474229d917ee42ff364b51a2e78b4c10b1e42e9da2fa	false
datomic/api$tempid	d571acfb7a9474fd71b1682887fddf59dd844d3397df2c436df90e951c8b0c21	d4180047f07c28e9990131cb1181cf6b7365f7fb3129d2a4796173cb52cd317d	false
datomic/api$touch	3f0c334634e8e7f3c1c0182e2893c105f1361866640f9df4d96c21c4bd12c04b	c7259d746dfdadc23c6ba44c7c1d24f217d002a6c07d8e2349a20790e8ec8c27	false
datomic/api$transact	c6c1c7ecddb86d83eed9007cae73624069b2cf526fbe3cb9a2224b795f525d5c	b85fa53e440ca5a7341025ac6a4238aa34bb8c88a7fec313354cd585954d9fd7	false
datomic/api$transact_async	b4ed58c7e4b10a70e176d577e3f19511ed54d3c27d9d6974ff7625ac5b8bb2e4	9be55f2ba39a2ed173e098e2df768ca57e2a9278506cd0959b97adc199a1d8bd	false
datomic/api$tx__GT_t	644627d72323e2dda4c16cb71e91ed2bb3c80886ba41871bcec896b2b5290a5d	c6fda1c4e3a6ee3e8e6eb3e1ab98af3938cd125d4e55e537aa6840bbb06cfc6f	false
datomic/api$tx_range	c8cd23380f77f31db778ce7973304bf336ec92900db7ac902b72362024c7f0bd	e5cb58ae29ccf34c061e1b551e6ee84db28d908e23e6ac562d9ac8e441e51eba	false
datomic/api$tx_report_queue	34685f21e673d7d99ca7dd98c8a63a340aa3ddd1618b41dba325d3cda3836a44	bf5bea722e7bd246006d94a4381048148526b25a3fc930b15b05918b342e267f	false
datomic/api$with	5dbba2d4c92d1f2c14428d68d75437d86f3e48541cc16918c7899c750bcbba25	57f2f3b1f6d3bf59c780955bbfa51528dad19307e8c43a18fd952531cde0c33a	false
datomic/api__init	334c8c9c29df7bb1ff0ee402472e8a973cf8d7672a1a03a677e4f836fe0159d1	8160df617061556ae306d1dbb467dd5ba1bd78a139aaa08da30dc157a71c5c6a	false
datomic/artemis_client$create_connector	71b1a1ebbd9303ed7a146a4ded83b6ca0c58ac3085217e0d0a2b7cf5ee6f9d0e	a60e6659cfed171bd1c3f0b7788c0a94a2a3fb4c7dc5ba709d2348dbcc7387d0	false
datomic/artemis_client$create_consumer	5cb1d83a01efffc671e89776d5cc7db160cec8ffcec1ee2476458a2ea946f1ac	56810a7afcb9d296259a17e733231edf14ce2c4b9b368b116c8b07ad9957fab0	false
datomic/artemis_client$create_deserializer	75df2ce0ee7d41055534056f0717771e0611d727703e5816906586d6657e6dfd	0a717e5c08d9933047aee08f6d46e0ed9219f5f1693cbe0017a70f425710d7fc	false
datomic/artemis_client$create_fressian_message	bfe51d6016887e7fd8b1dc9f585cd7156b3a99de63e5fa074d9863ee1023ba57	4a9586e28dfd971af3399c83781375357934ff21b9feeaa626da1f192dfbcb7a	false
datomic/artemis_client$create_message	bb3adc07665309b15c8660d735c093a803c420197c110ccb462fb12971001167	1ec38613a8244ac7d0f1a71976820e2a2d82ce9c48704f95da8ffe348c88d7ea	false
datomic/artemis_client$create_producer	c1b427e9b0cc76d506721996ffa902bcb0d4f919011deb6f0171701c6fb9412a	1d1aa14cfa826277dc29e9c9db5ccca5865c7abdb79e7fadad0f5413f29ce8c3	false
datomic/artemis_client$create_rpc_client	cc2f4a70c879f74124c79c1f6df0a10db7e7814287df438e0f13c3d8a297d6de	e769e02480cd273059c8933d9f781b15c82ffc592b066190a5cd53225e39c363	false
datomic/artemis_client$create_rpc_server	5aa6d15fefc473f767602cefe53fdfbbc469aa12aa5bc12ac6b0a3f26df1f68c	a470cd230befa3ff5d71611e3ca5cb55bf0d3e61fc4c66757a4d8ca40c20e33f	false
datomic/artemis_client$create_serializer	1b3213758efd03933d0b08dacc0b932c1c2b9a4e6ec61e4da3d452eb6aafa8fe	b773b6bfb0d50128824d36a7910c2dfe8430492f7ad402db386af09a1547c110	false
datomic/artemis_client$create_server_locator	c11c71e403a706927742225a504c60275c6db6da62a15010c3057a9a251f0fbf	efed5b8f14643992e22414b212bba76afb266ad4dac12f768c473a5ce0c28be3	false
datomic/artemis_client$create_session_factory	19dd9dd6af91c4725194a00dbfa9ee0d95d115ba1b66185a951297e70a97a06a	52a1910753347ea3614c214bfc7151b6ebd5d4cd2b6072cc5f967cc93bebd9a9	false
datomic/artemis_client$create_temporary_queue	4612001ad64753df5cb0177653ba50f4c8576d823c254e9c1751978d617dac6f	50a0107dd2ff4f8675cc857664d28bbb77eaf90d2a518c5dc214d0953536e068	false
datomic/artemis_client$create_transport	ebbe08e51382ea8d7359cc20c7740cc8f68be1f712d280ecbe18a6e521a76bfd	ce80f8fcbce412c509d1437b21a79a0f78b7d25b00f33415a8833e075cd1d4dc	false
datomic/artemis_client$delete_queue	7838cb23ba4cbb67f3cb469965a162cdca27eeac946a8eb564e8cd083641900b	394857d4fce1d6809055630ce5867675ab7e265c200712cad5abefb3b13a98a0	false
datomic/artemis_client$fressian_producer	f61d08ebf1990f154d1c52e29be96b55707f71c478bc5bff02895e7b0e5f11d5	660fd8b439ba2186358417701b95c8275a66ac38f4c1598d5f9ac3fa9d3fc4dd	false
datomic/artemis_client$input_stream	3cdf340b258b924608cc7208f48afaf5d1bc1adcbae87ef0f3d5fd273fda61aa	ed72e34d666829f23c06bade1cbbe2c3116186e235a25f063096de9e1f0f613c	false
datomic/artemis_client$output_stream	58bb9f6c299ab3e0f6f141cf5856815ac5012bf0175bcab40437aee73cd71224	d1e51bf963bc3ada3ddc1aeb4692348dbd83ee00e54cac3de6d67d54e8deff88	false
datomic/artemis_client$read_batch	67b910679e60763261052ec3176c1c4a0b14b925d66b235560c31428bcb22763	220b9b5bcc5b299521aeead67f136224d5ac3b697a506e0511ec103069e855df	false
datomic/artemis_client$rpc_request	b5adb973239d471d3d084f9b8429d0852c6a814ed6a8554afce22e7dca5edd12	d95c0dc6f1f3f2362a7d4f4d5397355f13ad18c42d53b287c334394ec9aeaae1	false
datomic/artemis_client$set_handler	132d1457de05a975bc61da14cd5b5c72f4be500f64f365cb4ce3c3cfeca5fcbd	e1c25b74c4847fc14ceb24bb55e8be78e4cce5eef23b3d73eb4c06a5fae0f96e	false
datomic/artemis_client$start_session	dcc7d6240aad5bd338b9613090842b3466488b68487913f0becd1e09a929c59b	7ba46774057c82f715b14b15248c0f025a98c68ed51d843af8528964a937c59c	false
datomic/artemis_client$wrap_as_failure_listener	d0efa5837fd24973a2acd50840dde3c3e05ce8fca6c5683f4f4b8fe3afb5ce33	6c83cb2dcdd5dfc5b0dde8518076fb11b0aba660cdc67ec737ad64ad1929e912	false
datomic/artemis_client/HornetImpl	af665523b9ea3827b2af307271c6a7518c0e5a2cadb63e9fd76bdf7f531c6370	795a753e874dd0f21cf238bb14073ab5e7c98b0e973159cbb0e3774009b9a342	false
datomic/artemis_client/RpcClient	a39147ccc0e2a74511560faf19ab6b76f8dd93a24b264fa1564763f89f817dae	2b47df18f41b4adbbc33319d8ec6ee3915c3544d5c367805d68c0a4706b3f969	false
datomic/artemis_client/RpcServer	3ab3582594e98e98fc24d7764fdef122fc3483266fc23666fa4eeed4b3bbc6ad	011a9464094493a1b77e910ec74c49a3b02550e055e1c9b56d7bc394d13a79a4	false
datomic/artemis_client/SessionFactoryBundle	5d3627ceab8636d28045f0ec84ac2d4de38315f91d0eff5a171d11f9b9389546	606d3dd78326f8249850aaa53205aec27e14da945647c2964b2bea9316ccb285	false
datomic/artemis_client/proxy$java/io/OutputStream$ff19274a	52087949d19c80bf1df59189d0a561deaf301a07642410be8f062816e6812ccb	94c63821ea8bda63f00716bab80c6fbfcc2edeb7df3a350f06d945b5e54417af	false
datomic/artemis_client__init	9e9e71764d0db644b008dec4affc6a51cd749063cb6fa6fe99a8dc1770989549	09c92dcffc5a69211fce401e07f58f2dfcdb7f35fc5f7ad431104091771b9467	false
datomic/assert$assert	7e2d82345cde4d31abe08fdce5414aee2f0f53e10a43be8520de1444cf8becf2	f180cb42e4bece6bddaec62abaf5f9db353cc68b9f8be34bf3018914a9a29ec1	false
datomic/assert$assertion_repl	31a386685dd21e466dd87e5b64cba997f4d70b0201f3b7baa64ef31407e232f0	c53e600c9e3c5908c17beb7c221abc3adcb1d718a6235eec7b36f868ee4ef96b	false
datomic/assert$local_bindings	07514360387a33a2827bf778fe20c63c3c201d258a3a64ab03007e572d1791d9	b5e38512b0cd7bec24cb0a2ab7c55467227ab00e62988d22d960a903bbea9e71	false
datomic/assert__init	e5131f7b488956da58503d88b134801e95f0ff7ef93b9a2ef4c0cc9cb2711197	75d33a4bb19894cd075201ca36ead617f172b38e076778eabe3bf3ce692e42c0	false
datomic/async$daemon	0f23627f775f74295eec2cb839253836a3c8b9c89a0b8d5b8daffc3908e43f91	6ad4c0e0367d17a502580e6681b41669d070c601ffe0d226bb986c79e1eb9d3f	false
datomic/async$discard_policy	df3e18ae7a87c1880dbd73da6b8c20f79a15f2b96b387f29c9b39a049e217c5b	f1f1310ccd7fb4e453d15855551b49fa883b8e2856270a7286af169b1f577acd	false
datomic/async/DiscardPolicy	2a6617d529314aa40cd6336a8e13d29cdb93b0d734e72640f14dcd373b2d52fb	c3cba65c8e59ec786850a08922f3f7daba16fe3d22bdb00f684ae8aac08b53b7	false
datomic/async__init	7c88bf1c68dda742dfe48384b4c910d894df2a878943d39e3d90d43da6eed76d	9791497cd1782b2140e76fcbcffb66b04d6f21b1a2e4f4795bd93ba86628aa61	false
datomic/aws$aws_access_key_id_QMARK_	94f2e6248c653bc7ea43c56131fa4c0958c14f8b2948e5960b6088e9fa42ea4a	f1581579f2a33cd3b035f5249dc8d3065370d133f8f97460548ec65ea53001c6	false
datomic/aws$aws_secret_key_QMARK_	442c48e1d5a6bd78170146d296e69b863a6fc8bd2d7a29db6b9a0afae36b6cc5	fd63d60c892da0d27c4c6ecae2a4e4f220d7fb1f693c5ef04df7e969699f8535	false
datomic/aws$client_config	f7b63f3af0434a7426f49f05c062235964f65d7c609ce2c10f298ea8c66b1871	27a41cc26aca53f2fa86621fd2bd3d03c36897f1b08b08e28e65596c3a23536e	false
datomic/aws$credentials	8aacc55d2124916a0afeb5a1fac180926defdea7f04f004d54a289e2800dc6c0	1a141636e673de65ca8ebab08c8e10faf36742b1a4e2f1f3129262ce3039744f	false
datomic/aws$credentials_QMARK_	99227cc5ad0bf2d4dce3cd23ceb9125e56a302b0e75133728db3572477e854fb	159ee2272a827e345f9da540e9d5c656a7cbada943233b9bfaea7f50843e10a2	false
datomic/aws$defclient	75fd2afa963deb7bec77d25c20bb7a9fa638b948a2062aac338079a1bb965c79	b2c3407354e3148b2896804d8aae208cdad5eabc17005898ac5865c30bdebc4a	false
datomic/aws$endpoint_for	afcc358766443ad9a046c19a8735caccb215538544b8f1f3795bd6134121ec01	361be5b88d27a2ad940ccf89ad77811848b1cd3d68b20dde36bed7a0a1a8eb42	false
datomic/aws$newclient	bfae964b09a6802f46a8a3ca7913d32ca244ca8313e8a11e7250f50920e0206e	fa3369e67daae7aa57c9aadde4cb73e22844d9c748b7a4ae3486162f18ba9f31	false
datomic/aws$set_endpoint	06a77c6702cb22e662e231e6a6d0ac87bae294d94390fe98e544d79fbea6286d	593d4f1f81de0513695ce43a0fe26515ccd9a96daea761b62f5556db75564c07	false
datomic/aws__init	03d111a914cb4dec3e8a399d70f3c407cd136c2136b868bb4f11dc1bc8968b95	8f91870156096e1a198a15ac4428f79c22bb2dc7d0ac6553688bac74356d32fd	false
datomic/aws_detect$get_ec2_private_ip	2b1cdde4ef58d0a13d8f4683fdaa2997a7f7967609cf2e2cb6c32ab5d0ad406c	b3f140cdfa84a45f403252f0112a904b33817b92883db9d6541a217df26e6c46	false
datomic/aws_detect$get_ec2_public_ip	fbe126aa034c94c4c11565c67bbfd667ccf22d1cc8c749f46fbc11aaa6e6adf4	1aeabb33a8801110c1ecc5334cb1cec0f09a95a75a907ded68e31aedc0b908ce	false
datomic/aws_detect$quickstream	8d14ecb8314d0b20830d868b8f680696ad30bf7fd4560ff998058183471b2a9e	b738d8bd952acf29462c1e6cb924c21c5ad69c04e2fd9e3f0689adffb7c63576	false
datomic/aws_detect$running_in_ec2_QMARK_	1089a6fce0a119e678c960da1530e0b6f54fc9af95d957abce8af8d3c7a58179	d5e282cce8d30f443f02c3f0bd193e90ad48b4a72c837255870039066cfc85f5	false
datomic/aws_detect__init	3bf1cf30023e8d2293708014699e1071bf2288dc7503e663ac8a204649402d35	c5c6a40a6d2a56321fe008f081a5edf4ccb490ea3e6cfbca107073cc5e470053	false
datomic/aws_monitor$cloudwatch_reporter	bc0ebda80bd649a3ce1b74d8cea663d6103a8d64d782115b613f6782a895716f	7471571f8662df029d00f68c14c502119ccc2cebe58e6e4bb9732fe290bfc4bf	false
datomic/aws_monitor$create_cloudwatch_reporter	5e6538d564459746c3650e16806aaeadb86db0bbdb9085ac2f122b295f3ffe9b	efa128c57459b4df889c25a47c260d90e38ff6473200804ab144aa69eaebc12a	false
datomic/aws_monitor$create_request_map	3ef460be26a052baaf96533e75cd4ee7d5c6f2e26b5b43e364fa0fbead223990	8ec593a7ee0e610877e0e2dc58ce5506b6cfddabcc871fabffef2e3c26df6e85	false
datomic/aws_monitor$partitioned_metrics_requests	8186e126c3c609dcb71814ee5d5f96317fead25e9bb021354268675f5b7d77c4	9e1455c7e79d4499df6403247226506694accb93375e0c59867c48a35eceded9	false
datomic/aws_monitor$report_metrics	ce928e143b7ab80c617d5f7dd5bf09c5725a9e718103ae4908edeab6729a8f05	a6c99a0421600be94e30b8f1cd4747762406e35d485aa07cdfff5d94d78d5d50	false
datomic/aws_monitor$to_metric_data	67d75db60b5e2fc16a48849dc6b068e2f30d3bde7f99af894cf3d20008179d96	4eca254af3335b4da8661aa83514e29a95ae61409ad1828d960ede475b0ff7f1	false
datomic/aws_monitor/Qn	d2130d9e748c27827d64ededf7d29efaa34075ba5f3f02d334f0594cf7e70d1b	01c49acf6aebf991491ecc214a1a671179cc060616648c51fbea72c61a45ae45	false
datomic/aws_monitor/ToMetricData	e4f3e40bc42b70acdd50d24b84c510cdfcf44df2ecd6fae99dbd9d518089ff68	27a8deca62339adff326ae360fdfb9171190d7e33a0706eb1a8833b933180da0	false
datomic/aws_monitor__init	bdbac87d25c74ddd9b24e7dc141f447cc449caff589e01015812cea275b8d21d	f4b3e4ee591871ea735cd73beb575288379f392a9f533b7b524627c52d5d3111	false
datomic/backup$add_key_prefix	4891178563632fac7e0afe75e92ce5edf2f62c2f0df25a6a3cf65be0a8b7dd08	22e3332b72ef3c47c778bae9b676e892fd0cac0413e7949a894c4822322c069d	false
datomic/backup$backup	8708437c4a0e26dde199fe890021b392a3b8979230bf19b46d672de92e42e833	653ad44f6cb565ff958efb6bf011ee9445f886fc91875ddef301c55d4e4d0217	false
datomic/backup$backup__GT_mem	2db771edc37a56323bdd7b028063801fe7451af5b57d94811e0cf23ff17e6a11	e3f399e28e0abd3e6e7a5228cab50db9888eab473054853b32910c9546856c30	false
datomic/backup$backup_concurrency	53262f95a8531021687b1396832bf2c1c08ffedc58e0a59aa1a83cf0c4385150	f13bfb730bbfce34c3b1d8acf340d9eb0f009315841de4b9ac0698686d3d4d69	false
datomic/backup$backup_db	9013bf381f2e9405a03c9523b4cfa2e66d8bd5774714be5c18e082cad26be080	6d77247554290a44f39d5b0549ea58fd09d0c891ea80c679030d9543d8f2bc4b	false
datomic/backup$backup_k_factory	790cbbb8bc6c45bdbc60ce3f68237c5252cb3b98ddd17567fe7606620695ade7	b9952dc0b39e5e13187036ebe75344b1095cbd5a78e09efd848684384dd32cc7	false
datomic/backup$backup_key__GT_seg_id	70c787b9354e69cd0491f2ffe72deeb6a6e350bbab7b9b193f3ef5f26eae5c53	b8938d714e0a9764af4eaeda3e419cab58acf33583a5517de84b50df891630d5	false
datomic/backup$backup_roots	f7cd3fec8a794e59e0283d2635e083a1a2cc91d15a4b9853884deefeff6cbbba	ca56177017a2377828f0d8fa480adfb33ec834fe5a1a70577595a7534980d207	false
datomic/backup$backup_seg_ids	9da04211e4c714738bdef26c3bdf216e008ed90c1fe7b9b36fb87ea9fa12cfdf	4133c1e18f4fe6349ed36f32670f244fe9d01697d3369adc0aff28b7201959d4	false
datomic/backup$claim	6759268e3ad51726e356cd689a862bf4957b0ed006e9b4d3e19113d8da660ce3	53ef8cbf281928e12d7e5d08bf40b854cb6f9a7085ca38a3c48a78765f16b294	false
datomic/backup$claimed_by	21635d260876387504d3bafad2f253f4e8fecc7a787154deb3a0738db81bf870	54f74ece963ad67df1fe1883e582c422d1e2e453ae501979fecdbdbe354ffc98	false
datomic/backup$create_backup_job	4bd4013573b61a35507233161c05ee51b971076325f6c4287280620eec97f4bc	34bba725f0bd5392ace5407f04821d5adb9db8a543184ae006e4250de0ddd3b5	false
datomic/backup$create_cluster	6f77166b67f34cc1c25fff3844a6235617bf7cf39cf58711823f5c547baa7f0f	8a927b225ed459d086db2e6b1e043c25375a730df23abdb180f4fa69b0d0a0ff	false
datomic/backup$create_restore_job	4fd2ce0f6be1ee450dc11325d6f573f90b0df9fac35e76d9031562a5bb1c2926	e58a2c90845937c8bec9283c04aa7b4928a1e47bb4b21e3b37abc0a37194e62d	false
datomic/backup$create_restore_target	984b75f74d4594ca0e5c32b281a1343e75eed662a5ac51f810fc5ec9ac51cdd9	ea87330dedcaf9c3992c60a1b6ff360c99ceebe87cb1244630e8639ad7c07c66	false
datomic/backup$create_storage	b12abdb67c2303bd0935a38062bed86558d22acda6e07b7fca2ec50330abd2f2	6adeaceea3a0cb3fb0baee563666bb010a2133f960f604a84c7f77ed6463085d	false
datomic/backup$create_value_backup	2718eecc2d0588407b1d0c02b4eca63f88498e5d0788583809aec2edfe6c40a1	7113f12dc850247a494620b6b4a416ada1b916eafef8a1da871da132a9f5d090	false
datomic/backup$create_value_restore	7ac57a6828419c664530730fb534073f5520167bf82776ac7749a8e75d5d5468	dc22e36f57ace5f8587787e18a41ee35fc508a0d0517402b603179bae672707b	false
datomic/backup$describe_backups	06626cde6afdb719a7bfc945f27ad6ed4eb0f8b059b678d4103030bee89aed60	cee7b99b1ba4f58704c7556d7873ee5b3324f7450d2bef4a0afa70dffd9323d2	false
datomic/backup$ensure_claim	941d5b7778c5d8618eb4954f4e3f01993277687e2873383c686dc468254187ff	49153c329bd55ca0d5784f9a0553525b86639368e68797229cac96859dea5bfb	false
datomic/backup$latest_t	ef8c633064f4f338f76b1bdebba1fd8961f9a03e5c2614986951f31878dd69f7	89c53b4a5f407a71969fff14ba73bd2bf95884c4c6e89a525618af765e74268c	false
datomic/backup$maybe_segset_storage	072a3ebbbab6b5b2c0d63c594f45fa6b74b682fc8efb80e9cd7b65abfab7ce1e	5e28683db95b41238cc9a9720dfa1a87a2d4bec8999688dcd8e5a70e34b0c9de	false
datomic/backup$mem__GT_backup	098f4c982b9e9743dae8b90c42650284fa0820b2934835bd52cab2173955ece3	712435f12844bbee465e2e33183266bdfbe7176ff155667021e911ae4b9a7b99	false
datomic/backup$missing_seg_ids	815e86af156a3d339ad6d0094f20c34ff919f2bbd443c2f65f2e2629e98497bc	6732dda34c5235bbe21ac6967e9fa255203812fe88e258651d0a70c42053fad2	false
datomic/backup$read_roots	3384d736c770f484395c565cd04dae472a9d38e091fa129668d1c1e74b830170	b9cd7a91386baab3889d1c03422ce88bc8ab1b63ebae6507994413fc097eea9c	false
datomic/backup$require_latest_t	3743accfaa51dc80df7eca0f5a8487ee7879d2e834da28a37c44767df2aa77b1	b4d6ef46d4fc46531643dfe23e646e3245dfd4eade8ef9a8f8a02c8d825443c9	false
datomic/backup$restore	2069253d8bd171ec3832eb4cb56812f89cd7418308fb57ce2802722cd4b5d252	923258be470b223e13e58d0f77fa3062152e016a7629bacd0ac4b318da3b46bd	false
datomic/backup$restore_db	82e5fe295c1d26f6d28c551d8ef88b0ae8250c63b668640bc9f266a5bde6d50b	d5208882a8ca1fad82185d91824b5d17feb0650f43c5039a31a64043d690fae7	false
datomic/backup$restore_roots	c980913710fda381e59bec8fe94e6e7c43abacbd28e2a87eafd3e77171a9d6fc	b909c1edcb9598afdd163906783fbcb4f8f09ed222691426b144c17bce1f0188	false
datomic/backup$retry	1341604d5d4f20659c499dad7e1a5ccefe3da4ce588549945c6d1e868c8739c4	8f165b61877e29b695910850ebe4bcb7292f2f8ad9c28f0099fc2f87d3803234	false
datomic/backup$roots_path	491477cb6c799a8b8bf1e9f6e62e7374d6a1e1c73aaeaf21bf17ec006683f6a9	129501cc78007bb0b81051af931aa96cadc91d2708b50028e835e91e56f3ef7b	false
datomic/backup$segset_storage	b9f8647ea7725a6a283167d249324f63dbc4d2a7a805246589b8060e22011232	4f9d2ca256a04b47f888d7a46a3e86c56caa3c6f31c4d5f088a933ab433a33bb	false
datomic/backup$storage_olookup	08ff40efd0e9b6835e192d6a7f70ba891668e43e7e2fa236162a802e7d610792	8106f0b222f5dd310fa3548c8623d0d5b83137ea681b78e74393da31cc493c96	false
datomic/backup$strip_prefix	7be35ba64127910a8feee90f993f34b65a75fbfe296f06e4e8a7a81ed3c4c213	64a550776a61112f22e16cf27f88a88b1f9da8ce9d902e7339b454954dda7508	false
datomic/backup$subkey	b67cc94aa2a4225f790c5774046a6d7431b49493e4e429e786d94b055e6ca511	3808a08458e096423e3e598b7a01589ff6aaed50858be370567d4985622b56fd	false
datomic/backup$substorage	ad5628be15fe0f2df8c6fe787bb202e72ac03dacd36ab02e41189fb4f9373802	1a33f76d4f02b4719090a063ad96aa896aa7c0f103b798119f44ff6ea336f8e8	false
datomic/backup$uncached_storage_lookup	a7f71341d1d75ea675eafaaa810afda7bc0a015a196c66b3e4594ad6aa4d7c54	107f5dd35d2529ba2b51877b26ec2999a1d485e02cfb70afacd9cb30082e1f9a	false
datomic/backup$unreadable_seg_ids	43becec90a83720da47a03a092af1761171972d74fc06e21a857e4f5cb468d70	f70b5c8c4675440c8f86c33be789e71f01aeb920349845cd5b8ad164f88cafd5	false
datomic/backup$verify_backup	9121e67dd313a085c2168843b3f8515c98bf95e2e690607147abdf5f47eaa40c	1371b3f763ac7eb62ca94711cf12d83323ff92de59cae8e4622a3aa078c07ea3	false
datomic/backup/IValueBackup	55bb42629e01f54d30617e95369d42cb81ba18a3965bce120da1c6b9ee5ba78a	f93d07d0f98a46e0da23d8dccca59f63eab4ebeccde5452f7d7f5efe91f9362d	false
datomic/backup/IValueRestore	a0d7fb5ed083bb7e0f03a535fa21e3af07df784cc373980c00088730ee8477af	b95ba7be50cc33cd830f49a6477c52a12764748521d5042c8f0e351fc29a56eb	false
datomic/backup/SegSetStorage	06db56a6375dd00b6026c546c5b56914051d694f38b3d5425605da5f3a79deec	6f6792084184a60860e9d0e899316589164555f7c5a790f7ca39de5b2fd80978	false
datomic/backup/Storage	7affb4b6d4828b0133d78e8416516e48508b987314e96caceda5998e3260a05f	4ef7e8fa64a6dd4f8f698455e0dd0caa3470e1dc8597662dac02ebe148e1740c	false
datomic/backup/Substorage	41fccf518e89bfc4a1565f45be738a84435e3182452035c6d97105f5921e5e76	5ba2dd21dab7d6ca952df1b0db85309dd8cd00bf49b88042530f7ca1f26205e7	false
datomic/backup/ValueBackup	8683cc0d067cfb97d796c4bc886b85602dee68d0a9a40e51eaafdb30979460d3	554d8f15ac226dbdf37e76d1686ab191c2e63c23dc6e28262e3d455a9b935667	false
datomic/backup/ValueRestore	facd37689ea2b2bfb319c585ac8ad47abac5e57eb97956feb8b0857446287f63	1a3f1c24d1f4dcec0668b56e1da28d9147f0b73f5d0dabe124035efd1f9a4eab	false
datomic/backup__init	8f8f4d7ef5a51c6e8298574715430d6679c31a22273ea064a62110df40c75e3c	b8284eb359713c1bc2dd4df26ba65cc66dd752b03ba70fface01e9483ee0eab7	false
datomic/btset$bench	f3a3e717a845631e0720300a277cc5401cf62653b0e26802c60311d4ac5c9abb	be947f983f59e91ee4b119530cd001028ae5273c85eddd1ec9b87e909ceb0ae6	false
datomic/btset$btset	bc6d08e288fb9a51675ac9b977726dbbdbdf90a37b8386e45b9615884dbf26f8	eb8337868814d0d05b4fa222944cf331c86dd351b35855e4c3c372e13287f155	false
datomic/btset$comp	e3aa563a8e927b61be8efae167e10d000270df1b92a133154534f390778afd75	4399b740730bad2b7bb02f1b2444e5c6ca0d8771696612a05249d9b61cc152bc	false
datomic/btset$rseek	de32b2cfb1c3085728d726d4a2f2305b6760a1c40a7aaf6d5c3e5955281507dd	b97363a81d2d758b73426ca08eacba937ad3f43013131dda10d1f2dc8687895a	false
datomic/btset$seek	751f3a96145888c99b1e065a8efdc55cdc6bccd75bf5b0bfe0e0c01c0ac8cad7	41c2e548eda4377a147c2435edb32ce5e1b6cf2869ebe053ac51f9d4885db982	false
datomic/btset$seek_last	becdc6ece3fa268567248487740a7b70d91ef7ecd3626c5206cfc197cf904a09	f401291ab1f890284c746d6609f5f76fa8a9e2b153918cbd37a3777763d05513	false
datomic/btset/BTSet	9ff2808a9037366421cdbc9422ea820e1e50955c13f9193599075905d70168c2	9c31ac7cb986cdea263f1ef2f95605bce196a4832ad8a939ac517e570a88bb18	false
datomic/btset/BTSetBranch	13cf821ffb9b66b5acdd201eeb0f3b280928f6ad50c0e7b08f1151ea04178969	3f1b77bcc93078beb25f3b0457006ae25c29279f565fa6794c1f06b5859f5d70	false
datomic/btset/BTSetIter	e0ab83609283ce2e9664094a4e1373e7f0a2947fcd344a689fdf87f2c5735bb9	f40a2d88853c3163008c235584542d18f355f6bce001bda35d3ab36f202d88d7	false
datomic/btset/BTSetIterLink	de7d1d854e01a88dacec82e2b7a29d3db00d81054fcef2f68bbfd1ec987362ba	fd05a7c86e3a2d5a344be593d2b854412e8ebe2deac1c70d71ef79d53017d352	false
datomic/btset/BTSetLeaf	7d4a0f237d0b204b8a191fd60e8fa015d2675ae5fb78a694faa8af1a8568f9c1	22e15d6b1c69eb7109e965c8840f9bc70193031bf7b7a0622a6694ab998a0eab	false
datomic/btset/BTSetSplit	06d9000f3d6b595820e3c3e08cc807d92379573f3ed57e30185307ff22430662	d778aadd3c5c385b41384321f7fd2827875ac5f848b4085df28cf884f0ed6abc	false
datomic/btset/IBTSet	ead2d5c0ce9b17a96fd06a1570a9af6f96f9e9088bc3ce0160601f9f8fb26693	c62af75052dce0968157215cbf6d28f3f507aca3851c9a0bf81acfad245324a4	false
datomic/btset/IBTSetBranch	7884e9b7fa56fb6e292a9628e4e09ceb54dda850aed179c03c7596e9333bfb54	2c18cf0780d65223d051e0912047eeb57b534bc6037c80529de4bac46e17ae60	false
datomic/btset/IBTSetIterLink	a33baf419219378af77293e6eae5c5d63627a00c2e5d8657a64077a04757d56c	e799684c6d3a16940755081e6b5683556debf066e5713d0ff9101e51908a6036	false
datomic/btset/IBTSetLeaf	c91eba71174b2edd43eddd36a4c1244981df9f9048139cf8010340eb8a2cd787	ff2f52d381884dcdeee64db7a4f3b2fc89b454e368d7f2ddcf5e62b4b7c5eab5	false
datomic/btset/IBTSetNode	fb38c96ae5bca4cbbce64dd10cd5fbb694837c60d3afa6c99324bae6627489c3	147d8333dac7df4001e0ee0f308d427ea688733f95e83b8ac40459a2bac502ef	false
datomic/btset/IDataSet	ceae8b417e717bb0a6230725600687bffb80ba6a07bae44eacee2df98cc25bdb	d99d597263749779ee9903458a7ca61f09c51220b36a05e07dbe0fd6090d6002	false
datomic/btset__init	481f69d4bc624f88ca628c78c099066b41fce232aecd803c74393c64e846eb6b	78d67091ae74efdbb5fed390df3d483aebd312de7efc1b9df1dfd25f1eb9c858	false
datomic/builtins$build_retract_args	6a5e5ed83ff058eff65cc0918361fbf9c1d90ce4c6ed87a642765f9e2e9522ed	77e927828dca0a0a797eb3b078a5619a6c63546bec935e4a6fde3d0d36b2803e	false
datomic/builtins$compare_and_swap	f4ff166837dce060b0b5e70fd87ce6d889a576b10f217212f39d4f20bbecc4ed	f220aeb7d947a7f2d20a511d164f2dda68295f899996458e1fcebaca6bd57703	false
datomic/builtins$component_attr_QMARK_	03b187b9f786d5cc9057e683579ffc5791657d3de50ef7626eb1b78fd11a5a96	e635e5f21133a123e9a52bb2109a5806b0652542eea59731c6435ce49ded52cd	false
datomic/builtins$component_es_set	a437254f4d910ae83c79df887aac0c138781d80639b7d00e7f00c9b03dc7c3e4	f6ccf50e3972a11b16955304781b3e29cbe23c22050e8b7c56879204b81a64fa	false
datomic/builtins__init	e694ac33bcd74c7ea7c51b9dd0d9eb9b053218df0fc8fd37e3f66af261038107	5b2a31c8d5b1c4e4c2ab8c0fdd68ffa9a5978e329c6f6c085e1df73421ea18ee	false
datomic/cache$double_lookup	5af154f9b283a9f39ecf95a3a93c52906a6588b2dab8728b29642a44713f283a	4aca1dfc3087c3da222ff761a5a9e456f919338888afda70ae79945ef47b706a	false
datomic/cache$fn__GT_lookup	01a7498b8575a628221f5ba628f4c267a7c1187ae3726477262856811b77201f	23af7d2d84d149ff3ded94f2446524f7cb5666fafd2ef08b4bb1e1b35ff897f3	false
datomic/cache$get_from_cache	f99c16b0b8671cc189da091ef4d1794f4990cb636b92e8cc002ee187187b8448	0f8b39aa65a4380a0534cc8b7852482af32ca559bb89ae9e15e2b7fb4308c38f	false
datomic/cache$get_uncached	d2a1feba7e3f46f96db18f8526e98559a85301f083df6bc7910a1be311a44266	e509001159ba84f1cf8fd69a31f58af91d74d883c19f194dd9d1dfcddd1d3881	false
datomic/cache$getx_uncached	cd104ce8bc932fd05d9fee29429609ccbdfcdf2e6fc843492efa2e0daccb025a	d3c1f487f08d3c9ab62d50fc501373d4ccb77f23e676e2554694bcb6815161bb	false
datomic/cache$lookup_cache	0096d5232f50d9f19a527da3d6fa9237cacdc6a5a8a0ea9b28ba08b3396566fe	3d2f65e66df3ffc3d528baeb9a834186dd349e5ed4fb6ee92015aab499d83378	false
datomic/cache$lookup_transformer	eb84195922329e2a71ea1f7dd94fc238c7a069f4ea2fe4e8421928591a76a2d9	de2cac50da7a902c1f517039d5c0c8d0c5f4063e1324144c888414bd5aaf729f	false
datomic/cache$lookup_with_inflight_cache	8600bc9941a87c703911c3cc9cba0b5511354af206e54e99268b32356919111d	803e4c9d242dea546b803b6a4d210e470f490cdcf8030f5ec02d7b112f63da12	false
datomic/cache$read_ahead	cabbb06b226bb18fa9c40b3ce6e66d595c27ff9fbf7bc8c98a37efd4d5fa12df	a77132568b399028aec3acc82228e3117469e7bf84020c7a6255de51e01c9bbf	false
datomic/cache$repairing_cache_stack	d12fcc0b3c6b3dfad92cbdc1248626b5f7f3476b22eb451295fa637b58eca420	5ca2f360cd0d71b88a8521f84650c0c0f6a34afad5f92a3c4c9e16abad930040	false
datomic/cache$report_val_fn_fail	8de9f0613105412c071b9dfa406f717cc278d428e42cca4f2f7bcfafbf9f0289	e523dd26ad796ab8d7b9e9946c742716de401d933e49b7fd4c0d0bdf0af7f5cf	false
datomic/cache$safe_lookup_transformer	77880cacef2323679433216e955a718b8e9e29e48b9c61f02b2e40586185ac05	78e1f5765d76b756e7b4111da6f22a4cd7f7c10ef97eb2ebe56d114d3bb45a82	false
datomic/cache/ICachedLookup	24f09d9798280217a2c0d556ef2a11216337bf9bdf14bcf80bcfdfe47b6a29fb	6edcde18af450eced5ba078cd4164d56a888b95529e25c3474538e90366ea3e2	false
datomic/cache/caffeine$adapt_caffeine_cache	4c710eba8fa9105d2ab4fd66366c4195a090592444728eb5349a4eb3ab5747f8	14f4eb4c874fe2ead3a965aeb132a0f0b6430de960f6b49a8b6f34c7375bb5d7	false
datomic/cache/caffeine$create_computing	18efc95e26dd79d5d1447ca3bddf258bc6d10014f96de6592c0a9e503c993586	0e75e188a2bd0499d0605d0656c7671b22469f872fe71638ddb8329c1c645208	false
datomic/cache/caffeine$create_limited	b887b0013136c9d4b4ca7e575b73f15a685558381474ad60f34d475ec568acf3	e71c98302a1ea4688eedd246fe3659be7c0b50f948e59d02f6d4d672dd193bde	false
datomic/cache/caffeine$create_response_map	460c5baf1f7c36e7ead981694a58f6ac51b74c4506fd1bc57b8279ac23468bb9	7c9aeaeceac41068e9c2d8b127a93513fcf91e47bb7ffa8d3f1e81a9bd6d7837	false
datomic/cache/caffeine$create_scaled_weight_limited	941c6949b6b41d8ff3a4de9f699f862548604e6e40e1c7ba205c04edfdb60d48	1ec02db0bb715e55ee7aa161f61c2dcabd98be52084bc69d4e9604faed26fb62	false
datomic/cache/caffeine$create_soft_limited	d00a0966d28cda063ed405a2a48f7a213fed2c81818a9de9c86657ff2afce1ef	63b2d939a35297b080aa91d1c589a98efa1dd37bf30540d162fef161a34a5dc3	false
datomic/cache/caffeine$create_weight_limited	1777ee656fa08899a8fcfded09718211574db01f181bf3161591e2c01ab3c276	4dedf5a1e34fe7e2a86eb0a011293817eb029175898a1a76345fb89fd286fa22	false
datomic/cache/caffeine$create_write_limited	09fcde2dfd9c7f2d9957e3f5858cba8b0f62e6c46b06647b66ecd6d1410212f3	aa4fa3467cdb83fa1e839c7c698904f4c7321bc15f852a185c16ac5865d4bf1f	false
datomic/cache/caffeine/CacheGet	cddbd9c0b02634af4273b15f323004edcf1ec8c3c9f44d4da2f9021d0cfa1df8	672bac9d731e68e214f5a760ec4ae70be7b435a91123fb48d8fb500c824021a9	false
datomic/cache/caffeine/WrappedCCache	da29e824f1a46c1d453fdfb343758806542c82d72640531a1d2162ed3caa575c	3d41b893adfe6c066eb6184dcbda00ccd19ac76d5c92bdd6dad9b3875867fc34	false
datomic/cache/caffeine__init	3cc79e141fe5031a8b193dfc68a49aaa74cf9d06a1c8d483d7514bca28a6cd6a	7b86cf7a77fe7a3e1fa9e002c2e835042768d72b063d92c8bb06f022dc189c2a	false
datomic/cache/impl/CacheKeys	9dc9efc283f0d3856be2483713bcf27cfa104b1b638bbf7f06829033aeccf77b	957b861160fad774a3213d1ecab4064d3c65037818cec64cc0f4adbd28d643ed	false
datomic/cache/impl/CachePut	34673c12e06621e19b97c0a8e70fb37a960419017f09d64bc83a6d7adbb539a8	eaff483b69d3a2b4724f8956b86d96767f8e3a13f081c90dd50fc482d28e3dec	false
datomic/cache/impl/CacheRemove	1d28258f258c738aa74f90fd7fc7d2c3227fd31b1b0efc756051b65dac930ec4	7bcb26a09d4ce9cd2a157952dc57147aefdb681ad4a4a78e1c52f7167364c19b	false
datomic/cache/impl/FastCount	812879d238b3869a8cd6e5d1ce9590fe69b210e5cbe03d69d4611c13b5804d8e	b0d4bb399617dceca54cc4c70b8f8b7e351231eb17bcad751e895a3376d6edde	false
datomic/cache/impl__init	1f8b837bba78bb86424e33cebbdadcf9463f023177eed901112e9d1bdb681780	45dbdfe6ee75523d1a006ab771c43fcd6a57c6e897eb360ae270584338e7ca4d	false
datomic/cache__init	f39e69190378cddba5c717f00da465f2cff70cfe80d48de713691067f51305a0	76be029761891f37b5f71b3a4034de4a5782a54b17c285d2a390bd2626990e04	false
datomic/callback$compile_static_method_callback	34336dc7a080068cbaeb24991ddf89153713c139881918b68482636d88b20a20	a7d68a33142f8b2ad7f5b02ec54280b4347c4cc687a07f211259de69d35f793c	false
datomic/callback$create_callback	3f11aeed9a367bbb8d01fed5d46c9aa48fe62cdfb0224672c49c1f4864e08334	6b97e98122f7292b62d3281c0d30b26628237454bb15b67f24f4c6dc3f67baf0	false
datomic/callback$has_callback_signature_QMARK_	d6eb0bd02111c2eddc4d41517a7e05c06ad73e92dc6a39e65f31d93d72565472	cfb66c2bddc0768f1caa28fd79eecfe87ff6f18d1dbf9dfc7d4e0f2f1d670002	false
datomic/callback__init	f27578d5b1d8125c4478c40794cf10888dda7cc7d69f4fadbe5507fd0083d005	b41b7a7924059e889fb3959e892406cd5d6137287d20bb19864d26c381f5904a	false
datomic/cassandra$cluster_from_callback	3970413ccd9400a2fdacd9306ae7c48dba4889d923b4cfd24e93392a32e7b85d	97ae28c53ea65b5c17be47e1f9507626fbc0004085e0db72452563f98186bde5	false
datomic/cassandra$cql_delete	49c4ce55d22d2e23e4c4b081acb02e07a03788056a238d8042c63077582885c3	1cf9d87604b2ce07212989f69e7e0ed5b346b0274659625500b133eed16ef01f	false
datomic/cassandra$cql_insert	169f61b868a3b23672f481ef145b7e1660fec0fd97b222e4812c355e6c6006d5	f3dad7d09302c97a40a3e67a88e9e6e087b8725333dce4a6b7ff787f7ec7a4c7	false
datomic/cassandra$cql_select	73168cc86806f9bc642646aa7dcb9794f8f41ab87aa8e27b4814b2ef824e9fe8	2226ff51d9ba102abfec57b754083ba4570b27b59ec5bcf9317441f5c49d4127	false
datomic/cassandra$cql_update	8629d890efa83008b1fb591c11c62e249a532911eb5490fe6ebf6eef9be08f5a	bc2de248e8c74e7ddbd0ff0526dec69e6c956cfb35b0c569678cd3d5ff1833e6	false
datomic/cassandra$delete_stmt_STAR_	673bd898d18e71eed203c5d5b1371bdb81d09e9dde81597b670005a2c53872ed	1ee9766dde5d7fe3174871f21a09564e49e38f87d68c7de3755f76265aa37048	false
datomic/cassandra$insert_stmt_STAR_	8c65d4ebf4fbe3b851d1bd729882ad34c9e3d22dc78f314e74a42b3f3fd2365b	6a567930cb6cdb1c50439e0a96fb2a1bea18b1411020a9e06fa931a2317d650d	false
datomic/cassandra$retry_policy	f579e014cf0037cf2a1027dc942557df2a5c4d4fae2732a8f112bfb64e21f3f7	20381dce7446bebb0aae36eaadcc50dea60b96af61cea6c31959f3fbb73ce197	false
datomic/cassandra$row__GT_map	5c21af6c7ed21e65fb817201f9703ce274d5ef58f35c3e8dccf8659e28d89f4a	4d8522934462fac2dfba69c868f2983eaae0b6ff6ecaa266a2b54f043639b3a0	false
datomic/cassandra$select_stmt_STAR_	ec7e80d7f4c7eb63aa6b0634862e44916356e5b34492458ae9943b7a8f245667	584e6e31ccc204b3f0bd57b24bf77393f20594083d497ea793e0f4b07450c8df	false
datomic/cassandra$select_string	b0e1b332c32c4d9d6268b40d174106444439b3d887868431739075f50d6a8d83	4f4cf24962499f99ee0817f128bea80176f60930e0248d4f4ebced394f9474c7	false
datomic/cassandra$select_with_consistency	53b5734c07a30c36a52996dad854a760a84ce9bbdbfe5b0d9e335d1563c1ee29	2e1ca3b2c7b53ad746b6d2fd60bc0e8c620d2662b69f9f3c597470e5ee1e5175	false
datomic/cassandra$update_stmt_STAR_	061b04e4b0778293aaf69303aa9a547d9b3a74a60ee6197de52fdcb2f7fa2543	366f905e2f69a830738335d905cdd8e4708c8d1435da2945cef181b36579e80a	false
datomic/cassandra$updated_QMARK_	9a02692ad1e215e6e550f282c83d4533c1b77ffbb1acbcd8a6ee3b1ac1abcbcb	c1ecf02443f64d5e84f50e2b8091e55738a00198c0f02fd3641b6a311efa2240	false
datomic/cassandra__init	80117502ef511b8f62489e8f4bc2167c4e87d844dca60727223c451a1aa79a84	63f35e2649f3ee5f22b1c6c768fd3f9f9d7bb94a872b1e93863232cec5489d3e	false
datomic/cassandra_v4$cql_delete	a99cd8dafc0ddd083bf04d05c3a25459e3db0d5ddabe197c2980d458fe6aa31c	0998b1510a54c13841737c4e66d2bed84960de1c819029372d0bf934f134e455	false
datomic/cassandra_v4$cql_insert	4ea8b764c6e1bc3434b79cd7a2b4ad9d32e53f4f7800107e865330137cb15849	166ce981ca6c37dc5b60aed39d33b65c05dc2e3328d648d58265c30751c485c0	false
datomic/cassandra_v4$cql_select	208643d4073595747dec2faabb9361aace8c0581f869a18e9f28edc92abbd586	da152e8eaaae73ffe5a8890a440a0a383acbe0d92319f006d885e0936657a750	false
datomic/cassandra_v4$cql_update	8c0eb055ce1f248a8d71875ee3e12645c68ff2f6f7315f78b6c3efcd22805f49	0decf04bbe31ff3d9798c3523db355678079f826b6764e3770bacc54b2557ea4	false
datomic/cassandra_v4$delete_stmt_STAR_	bfee1e39b57b776b011f9af1ee8b2d8f1d747f246e3383a38c73d1159f42b2b5	72957183a186c847e633042d978535b33eb159b915b22556d6101f867879db6d	false
datomic/cassandra_v4$insert_stmt_STAR_	d855f7e308cdbb0e32e99edbdb2ec6677c8e330ba4eb3869bde4e869d9b661d7	22b095da4536dc8060082efb913a21e0d864135f0e450fe5800b616f64e032ef	false
datomic/cassandra_v4$row__GT_map	6d4dfdab00aace5440419d1af1e178ef8558d5663721791dfc4e824928eea6db	87e967c96e7ea4a3e0ffb312944af384d1cb4f0c9907e913c362532bcc0d65b3	false
datomic/cassandra_v4$select_stmt_STAR_	d74aff7fae0837fbdef7d39052803a8b83097afa51a3d16db350e64ca68a87aa	96aa8774f9b2fbf8a2df6ccf8f56aac6e0fac58f80544e2e534f8b3f453e2776	false
datomic/cassandra_v4$select_string	384aea2c461000a111521b76df1ecde1c196a0939796a43423adcce76b32fc88	4fdf4d4f3bd0327e241121260f843f3c93dca4992b5d60a43cff871fc5cb48c6	false
datomic/cassandra_v4$select_with_consistency	17867a4fc46e085e0ba6c76d2e6b888dc6924859ade3f74d71186151c93b2fc7	156d18afc9c9a1fef658ffe14cc5947ec1331a6c585bb3dd1ad6c8656491234d	false
datomic/cassandra_v4$session_from_callback	e7a2c9e74e00f7003f6394ac5c2c9726b36996b6b3918d881465508f64701cf8	837b00e865908f374c5041e8167f8eb059160d43079e4c9a2e65819da95e6f63	false
datomic/cassandra_v4$update_stmt_STAR_	89360e1c42a4230916433bb10823175b42853043b73958e1d2b691e9d84239e3	f0b4a194245983a323dd79208a6b3f3a8e05788e8922a4418530be9b44540d83	false
datomic/cassandra_v4$updated_QMARK_	1cbe3183db0519c5d8f09d119f30178e1129bc35b7fb2115f1299a1765d9bfa6	e03ce42af6159f2521ab73b7b02e0e1a05bdcc4c810b565b28787eefdeb2411e	false
datomic/cassandra_v4__init	bd7ce80f8dbbe40e1ef4a96a14aa278aeee3f52f968f5a80a224a4215bd82cb4	35f18a7099334b506ed4c9e9c4c112476472662f4c20a54b6d25a9614c6a05f5	false
datomic/cassandra_values$chunk_key	2a15417276c7f63c55c7e8ab5f4cd6a87aac305b78ed534ddce6db51bc4e913d	61f60db2c0843b640b60d99d5da90a89b61160f0e83ba6f920c4f7a95f2ad86c	false
datomic/cassandra_values$delete_value	e40d0ab6c4268d94880aa654b5f9cea8324e1224a39e942076704c13afc69a45	6fda297dffca4ed513aee28db44cb196334909fbe51703e0d48781958c293dad	false
datomic/cassandra_values$get_value	51527dbbbfe923f55c53f37024eeb4a11219110cb86d263db7eb4adb9d5fe783	95125f2591bbe16e11600e73e6b3be85d64d61ab4643a2a365ab683b2ac2061e	false
datomic/cassandra_values$put_value	8619f480a759f581c89564d64e20e4e72d13cd7e7f551487fc31e65222722fba	85325756e4bba5f95ee8155882495d470f00e4869f5cf873ce76bfde71177820	false
datomic/cassandra_values__init	2107e11a489e9c02820905026967d0fef91f95495ef00947cdd9a6a5b7e2f44d	912bbd7b2804e2b8651764791d4a56bb43961c93a5d9f9de435db40d7915273b	false
datomic/cassandra_values_v4$chunk_key	cfe3a2349fdf218af61b0a4b38077930400d852f2359b4b5a82cbfc4be5a0e52	15a0ef29e0a770ecb558595f1ed77b444cef64be238068105ed57047ca4dd21b	false
datomic/cassandra_values_v4$delete_value	68488e93a8a52e1a4753fec970f0be4938b0ee2232bc366468522d34dd1f50f9	3df85e05dd97e6f07030569a44e65a3667f59df9a494d3041ec6946aa2e6c5e9	false
datomic/cassandra_values_v4$get_value	816ecb5b225822f47c9302cef94338d8902ab2971722b7a29fdce2e8b8813d1a	7630b2187cb24e66bb0e2d313ecea2266151cfd70c73f673049abf202c26259e	false
datomic/cassandra_values_v4$put_value	189168db4c7b90f5789474d581765795c656621c4a6daf525a4c09df4112f849	5415d89e8860d528795c4513ed1f7acfdcd20825cf6ed628118f3b88f6a1e72c	false
datomic/cassandra_values_v4__init	6b53ca25daca4fd1acfe6cb8b6239c4b8b44272c30289b0777925f119f7f1c22	d65a31a062b8b12b8c4e44de30405a66e697b5d3c73dd68574c541e51ecb2f31	false
datomic/cast2slf4j$redirect	cbfa176159e224646fc512be8a179b99c879c8c3af1eeea1c48e952494c69c32	96319f0248028334dd754db8758a102e5bbfa73ca0bc81a759ecf83532312b3c	false
datomic/cast2slf4j__init	dea9c24ebae4ffa1c868b4b15f5bf14c9755b6c9824c3ef6851656f8feac8af8	e06f2507ffad14af08730692bd4f9db91941d21537b1a086b7e1a4b5c0c3e590	false
datomic/catalog$add_database	fda0ad9c8a99467186f30aa27b46bf6ea337ef44c843d29f3e157abbbc307442	79071dd0872154ce77a8ec70cb0dcb5c1bd3e736c0b67069c6f746d383a17092	false
datomic/catalog$conflict_check_fn	566dffe6b58d8fb7384e1a35f244b40d070cb46c3d3767b7c095ee4c547ce9b7	4168e85bf66f0b8bfe7c1d4acf98785ebdaec30d6a7a38c9b0a9912e238f2cc1	false
datomic/catalog$create_database	545145bd64b16971546f987125c8cc15b9687891e6389deee5e5157be556daa8	b2a4bda3dec4a194952a313ef3b075095da584f6ec875e1386d5c2d3c03b041a	false
datomic/catalog$create_database_STAR_	b2ad76a46b5f11c047bcd8c0cdcc6d505720c4e1b01ebf3dd43f682a08964b74	e9c2cb07cd7630733d78bead78e307d90ab293825a5ff2f085c59b8739d08728	false
datomic/catalog$db_id__GT_db_name	73ba3b3c0c0e20ac28725f7be1bc815b8f73f7780ce225855342cd39003a9638	9a341812906b0b8a344697d5a51f6787b08649f5f599d4d89dad85e6d8f09e99	false
datomic/catalog$db_ids	9f59b90c4b3fd4254fc6c4ac19ca08cbd4980aed19728615c720e10f7e279916	2fab260ecef12b6d7f2b902e70fd44ff7c47d79d3c975eaf43fb5ffcbcf1c942	false
datomic/catalog$db_name__GT_db_id	b432c2e72139d569de4250ec206c7e040d925f8adba214d5211444155aa9d2fb	9a75b97dc26aec14ac0b80b9c5f6357d652e0759252aa4eea85ba22ef11e7a41	false
datomic/catalog$db_names	f27e9c31af83535cb95ad50013fb85c2ba57d683dd0044ae148c4e3978261b5b	08c3a2055efc8f89cbfe8ca3d36faa920ae6ca3072f40c1ed5463f322a273d53	false
datomic/catalog$delete	9fa3d5d5272eec7abd43e428d4b9eafee4b52390e65f94899fe3c8d6f5a910e6	3a4cebd72b304f312f50ff7320d3b17519afc5da593c6ed6c661225bad3ea900	false
datomic/catalog$delete_database	94d09f6d06b63971e09a709423a87fadf20a2cc0c81b627ef64b68c1dbb9cf9f	67ee4ac4d90d4ea0eba7543afa18b6ca6546bd86e1ec2bfb51592b7b75568fbe	false
datomic/catalog$deleted_QMARK_	0946eb059794648d7e6e70b71ae71fc205ffcae8ffcd202e98983d6d7644af08	29715067ee57aacd78d54cf8fa875ab0db907e95376cfd0819e36da10f6a099e	false
datomic/catalog$deleted_database_id_QMARK_	a348e276f508d070e8ec45c130cd4a544973aef59b03dbcb4c5f85f5c29030dc	b2e0a884267a2262beaa2b7b7a50e5cffb659505ea14df740187e9bc642ed876	false
datomic/catalog$get_catalog	563392937df62f7b64a07a56d627e64be83306b12cc953043ef6dc8b3a59aa3d	46a7f996e60f70c2a0edaab68a0d0f0335188cb868ae2ad5c9a794285354ac68	false
datomic/catalog$get_database_names	a438ffb159dc7233b0caa422fb7a3c46701c1715458a49999aac206db5753b8c	6e5f3b33ff38251d1ebde2c28e7e5af12d38887e16dad0ca0dcfd8fd45d282c9	false
datomic/catalog$parse_db_conf	fb1309ad0ae29ae1c0e889417fee192a7fea0962984aa10bfa36d5ba6290e11f	c532797ace8c8eff5be1bb0aeff60b5fbec9aa9dce1b71ba9bd9b6b8d326c3ce	false
datomic/catalog$pod__GT_catalog	c57e917474d7c6cfe724cd1724e0e31ceb1f67abe30223ab01a604cbf81086b5	4e641672c5c382843e788392484a2fac31e0e43dc40cd1dda76ab5a6bb33cefa	false
datomic/catalog$put_catalog	6ff1cf368f0cd32fa1da525286f51632d9456aa1b41bc1f62585546260661d2a	85afb0d9953d9f48bb4091ebc01a8f30295f6db2a672cecd9dd25ad9df21c6bf	false
datomic/catalog$remove_deleted	c782ed0d908a4c2d0f5850e04e879abe1667093c3d8db8f80b21de2e7a45ff47	954d1ad5974aa838547196007d87410385d8c8cf4caa2ebbda3e288aa7082896	false
datomic/catalog$remove_deleted_database	09b4ca151153004087554581d46f2c3ca80bf4074a1916eda3f48b4b9951a7de	1961c1604cdc40de43257b96d91d9e670b7dad3797bb2d57fe4ac5927319817c	false
datomic/catalog$rename	ef3e7c98ac7e9a21559fa0bb8f990a06d674fa8a1b53216c0031c27b4e3fa256	89e9e5c79c4d627175a983269aef4a5ca7100fe46984a5254308a5c489db5226	false
datomic/catalog$rename_database	10ed3403aa6ee64699ff10987826dc2166d05d7ea3da40bdd35525c62bf481ca	620d79aae6984620f4c9674c5e36a987d2fc6505657afeabe3049ce66cb883d2	false
datomic/catalog$undelete_database	99112762025ea0768c08904f4f86e5e8ac4fa0d4c70dc70bb8ececbb8d654c13	a82c8e336c3d5d92ca3d5aa8ba6826734b38e0728a1990ea4f1e188b9ff78c5d	false
datomic/catalog$update_catalog	69c34f46515cef60884da1f241eae3bba1c30c80172e53900f519b7084cbd3ae	3f458d319f166fa4e576ae39a66bdaadba4d1de02759e3546c78916c49c0749f	false
datomic/catalog$update_succeeded_QMARK_	11ad8aac97c1b78525840cfdb660cc43f0f5a6d49248a009e742133842df0404	158f137470cbdec131202f435aa5f07b582fe9bbd2ef62c1d096025af351d2ab	false
datomic/catalog$valid_db_name_QMARK_	3c90c01a282083f111d1abfc059d45f498d5ae3b3644ab4fe86b7d2d2cff4e27	7b465ac3b762fb5ae548591aa0788a014aff52a1de5a8020e223deb2faf664dc	false
datomic/catalog$with_retry	f915568f9f24d66a22042f15737a44eae66f32a9917ec8e92f5ad2d60d6f47ba	1f834b2ae90afc2e512909aa36a52e863b3879b682ab6ea88c5f1f62f85c59fe	false
datomic/catalog__init	8e07fd4500466bd586772449d65cd61216bc0da0fcd433ad75280ffe99bcf696	da01c3e08ff85331675c750c1d58c6305bb8b61b394ea88237b6929af3bda9a0	false
datomic/cleanup$create_manager	84bab029556fc11d93ac1169bef7d825a86bac5ba3870ab7e813ef943cc6d20a	17346f4a75642298782978c471e8420c7d5b932a2fc08c486f5601ee59ed0ba8	false
datomic/cleanup$register_cleanup	0b9fe2b7cddc5f6ab86ac4f69e94d1adb7adc98c2f98a380f238cc9a25628c65	a4b2a3f107c25d95002882058aabf69dc9eb2df88d0957a3e6a9b27bba7f145e	false
datomic/cleanup$run_queue_loop	f27fcacaba3b86dee889a48d474d1b24a84a32041fbf652d44326259a598ea73	ad8fae9a3a2703e3f4ab7c971e3d68aac8af8423984802c61a71eba135beac87	false
datomic/cleanup/Manager	cd73d6bd91f1cbd88f8ea4681ee9d301db5ae0026d38627727360e1bfc03e340	20026170e6c24abed3e61db20622d358a0e87a99a1c0d9c724c617f82cc79ee4	false
datomic/cleanup__init	6faa7325e50daf0b015a7578b4bf95cc17c3457100b711e3305e8ea8390f2c15	b889f2d4d6721c713b9366de7b7bcbbcf4c463792306fba4667d33f2774d88e2	false
datomic/cli$apply_defaults	97baedadbff36e8fd4ad9ba980937e6ba994c075d7ba19be97825162d5a3d866	21b8e891b66c7a8a507720da4b3f067a55527ab1a634340941492194dc1f1abf	false
datomic/cli$cli__GT_map	4840163c7512affe5a0752a57ad4676a371f051bf0e040039b18457a8887a091	6f388240260d706fff4a34af5155093a4f318489b9c614792791d9f6a9f5e36c	false
datomic/cli$coerce_vals	b60a7dd34e67c1fb96c14221dac6f062a7bd5947109bcccc1ce81a9cb5887720	74d83102901c009c4c8f5cd583f2c30b04cc6c96a61b83b2c1e6642c888ba579	false
datomic/cli$development_version	0babe14b52e5a62d1035b800cd6246a475e0eb3849fcc1a2c4bd0bb7b59b08c9	2ef3fcc2f17f06877247b20d8ee33e3f7696a319094c313367da90825e908c66	false
datomic/cli$expand_short_names	9e3edfdbd9fab1fb923628a803c638f3dd175412503fba841d9ef0aee5d99418	5e4a83fe5622aa2a710e222db9b247d78df7d7f5dd47865e045f56f76d4fd559	false
datomic/cli$fail	32985f35e41017bdc8e158aa8405c864757091f278f3d47b7fa0101361b3111e	cb98958b409d93a0965c84fe0655a4fb21c1ffd02d44a8e7c2b57b6b4a172ebd	false
datomic/cli$missing_values	6a238acd36d73636b19a14ef0c9bab304ddb603bc49f603084289c95e648150d	9566717654b2b6f929f5404be8689b11c1adec0be86489aef247c8bb505db671	false
datomic/cli$parse_or_exit_BANG_	31f52f98849d9af8e981ee550e1379cf35cd15c2ad01425f475262def2a8deee	252ac4e51d087910711b43133ace3efcf502d00252b7f0790700f3dd650c9865	false
datomic/cli$print_help	74677b61576753949495329aad9a17a99ae6116f636d266acb41a0cb832f011c	4adb055706efc7c064fccaa29c1f4b8283c3f4a98e453f1f49f5e8239a8c6674	false
datomic/cli$shell	1df1670c821b6738e5061eb6f44be88fafc8e3c7502132e29e5f2d9b28c00a37	fdc0e68b8e4a338a8a6126925af6928490971d5050ecb9b7f1b755e7a5496acb	false
datomic/cli$unique_index	0282833933a3ed49cba8fe1c9a1c06e185b27f35fab98784700d511d57df8b38	1e078c350dff2f771f5886f87bd965d3b39b846326e7a98f9a1798b23ce675b4	false
datomic/cli__init	154ccd0eb18c1e4f077301a1bfbec1f87a77395d716dbac10dc4f5b51103615a	e771f812cdbb5927cc73673fdc02f3a75b35761f9abe6650417d2a67330bb941	false
datomic/cloudwatch$client	c3b493c9e41cf30bf093e768c8a7f353f5753cc124453f67916c50ad9c0b94cb	82c2ebddb80aae9e21b4b1d2274c53d4558426c5f3f7d232de037da65f3192a5	false
datomic/cloudwatch$describe_alarms	707d7e778c7ccf760f7709d3e58f508d9c7534448f2a8e53e02cd4cb4da151a1	8360e2170861ab972c08d1b9caab9af53b5500a5c5c58d3233670a3560be1da8	false
datomic/cloudwatch$get_metric_statistics	d80b7be00a5ec995b00dda25e4fe2e9b42f9ec375ea4df933bf2781ddbebe166	f43a0955162b1e0f6e1c0efcdfbec815f12a4525ad94dc485435286e98f6cf63	false
datomic/cloudwatch$list_metrics	ae267546138a2041af378f9fc6ffcfa72c75aff1c34c79e79ff2afacee69bc7c	c8ea38a750f8f683ab15f708ecd7324bfaf1847f3a17bbc3be0c0407d789e345	false
datomic/cloudwatch$put_metrics	2570933ce4d376ebb7c265db206a2367a010f2b1bb28e9771488536df0856406	b6ff0ee7c7c815fa9f54d2f83452017f2d8a8a1561327b988203d09376bb8920	false
datomic/cloudwatch__init	9e09b223f3216de8a5e961f3346843d8ace4085281584bcdb8228ad877034d99	b7a380a65aa362b50767b18799c56b633a8b5a0586628b2820c50cb04646153b	false
datomic/cluster$claim_pod	97b18838156051a38bb275fba508ae569215376f0dfbc86eb6e6c8a84f4513ba	95f8300afcaf31fa31da8ab5890505d2713cbf7e8464a92d787720a253769c26	false
datomic/cluster$clone_pod	96ce8fcb5e3588d80869bee7aaa6d05eb5eb959a64e90f22a34c0980c28cb6ee	cf2d321d9d273585b220bc4fa17c32b5e3fca6a716c61a1fc2324eac366520c8	false
datomic/cluster$clone_ref	ce99e9059047556466f9b23c7f9dd0af53edf4457a046e039e2aab6d7fe4d183	8045e5a5fea76c5f125fe875c96d2c458e64da54a16537e2f8ab3b470b71d912	false
datomic/cluster$close	570263a4f330cef16055b66f62ee08be600706ea6a2f7cea82bd56ef2b9d6660	50ac22060f889df8e6be7b8755a6e31353b108ecc2bed04a92b9439915dc5e32	false
datomic/cluster$get_ref_store	9db96c98dda08b40c6dfcfac35013d0cd593a6a8a356d589e8f2e75ed7a86c24	1c825e14f591a7a671f67638845302624b50c803d84fabd638cd970af2314994	false
datomic/cluster$new_pod_key	e145fe7eb469ab488ababd3c0f067770f8f9db4251c84709c0736fee6f81aac3	7bb78046b7557ba7f60918f10a9636b94356806d08872e8fc723ea31a186f66c	false
datomic/cluster$new_ref_key	582e870eee829be41e8da7eefebcf329c3dec374472852100677ebe884bcefda	e5dc31ecbbead6d207b1c76994fd6604023e54ca230babe44bda141b418011fb	false
datomic/cluster$new_val_key	a2cd4173212a26e202772dec314bd6c10eab44139d591cabceb44cfa8f72b578	fe2aef69cb07169288354da050897b3baee0eb6bce1f8dde268c02610d27c09c	false
datomic/cluster$path	8f06501495fb786bbb81a05047521f0fb56a1b8119519c68f2558c3ca3c9fa46	937760dc55c412118c56becf617a60afb050a8e8b32c6e9dfcf330aa5bb88497	false
datomic/cluster$pod_key__GT_uuid	167d5896799c74eb5c3ab63a0005c565c544d8bb58b56c94af6ffd6228caaea4	23b5ce7da3f9a22066a26e3a487188be3a8061298559dcd0d3e02e35469f9d6f	false
datomic/cluster$queueing_writer	fbb3808464b3ee2e6d4612895da12e2820d3dfef5612d39f4944b1fd468fa74e	6f2c713269d0a814374904b392551ead51d2e8cd076e537407c8e4b825e0762a	false
datomic/cluster$reset_pod	17936a976b8dff0e2a11e73cfdc1ca525a62392c9fcca6241f3c52542f75fb92	ef8b7975a3a178f430ed53a9003fbbe4016266adb56202e309e615c7cb300a26	false
datomic/cluster$reset_ref	45b81b5e71d318b7ba5dcbb4cde305cf07d4ae502e5f541ed3630536d5435c17	522c6f737735553affde76a3ab0628424bbcb5dd97b222f7515989f6138b4349	false
datomic/cluster$touch_pod	043be685b2424f5140c7708dddcb73983bb71f5275e3dbdcca4fd5a72a64d56b	f2b4b8837f9cf163c73b8185656341b6b2f0f7bfaaa98ad0e480f9ea08725a23	false
datomic/cluster$touch_ref	ebe5fa4d82c578d514238fffc399fe632938a217baa92792350c8b9ad322d213	797c30053751c47c93030cd1a214cb12dab293b1c50a4f08cd19f0f29b3fc07f	false
datomic/cluster$uncached_val_lookup	4cc2acdc1ea483519af5933585571bf09aeb33dd823e98362d6783676995a32d	783f45dce70f4e4ffe9a09eb31e41b6c75ad6175d9cff8a7012556b8f1a7900c	false
datomic/cluster$update_pod	2d1438af232a27e59bc60e85476fcf41260c75ad1878acb97c84c5899652d46f	ef5f5c85be98e24aab3a93318971a5602795e0a5b084baedfe5f93c89804db3f	false
datomic/cluster$uuid__GT_pod_key	ca18e95ddce2eb7955c509e0ef569fecafed818da69fa8b28e1b592c574ebc9c	74e150b1e38ebb3183b7c57c6d438ca80e4bb64b7b8766104eb442d6756f0556	false
datomic/cluster$uuid__GT_val_key	acc15fd41ee824ff2ac0df7de6b11f772d62c1e2dc322612bc79b366a02b88e8	7d14748c309ff46d2d8a888d0b352903839964f7d3a18fb0addd3c50b61717b6	false
datomic/cluster$val_key__GT_uuid	c95e92a8d2770ab2e67a0c150c0b5d6d4aa3773c2b42b2e491c7073214769cd1	e6819ea6072bd7ea1b6273a35bfaa9290f79207e4afb04a18f07832d29fec911	false
datomic/cluster$write_vals	8f7224112688dacbf04f592abb42368dab886555b620dae0f3baa4dd7ba98714	bd04a20a9783aaf1f21174a93140463d8b33b615238d1bca13aff7661a515a73	false
datomic/cluster$write_vals_STAR_	84ea06fae8786152a463bb7a547e54717c6f00556f47cbe8e2dd1eab9fa9bfab	a61e3d10ac7dd24c0e37f59739dbbde6827483fcd23a9bec9db1ac7c6a70034a	false
datomic/cluster/AsyncWriter	ae461e2cfb54e5f66194e9af76b4b699117af02fabb6feec0daa5dda1831eda9	5c6129be13b2819b62ac1098e43aba90ad1476938e171393859cb47303f7e966	false
datomic/cluster/ClusteredStore	77ef27c1bc90e011a24bcd3c757b64cb4f55a1590ec2e1191902dfaac35fc887	270fcd257a0f068961778f28cd65b4f160345fde52f3e39d6faf1a02aea624b4	false
datomic/cluster/Dbid	c0194057e8aa02b50f9acb680b087fa18e51e1fe257ee5fbcbdac052a239d350	5343b277d3cb56670d24ecdb964df51bc4b3d81915ac159ab871062a75920bcd	false
datomic/cluster/Get2	38f041263ee92b471d8a351bd7cf9525a72ddc56c044b7c7670151b229fcb527	2a1392549599cee226c31f5d7a2c81b0fe68a6abf03e70b2416758c63361b187	false
datomic/cluster/QueueingWriter	406b6ce409a8a264960a71d13754646497b07e996a832bf987526702c67afc2a	d4903aa75f1cfbbcc4657b5d76c8c64c49d81e1b7dca77731c0f7095430b515b	false
datomic/cluster/RefClusterStore	e897984f241f760dd8def5ec7dbcdc09f87ed7f19316a61bf7808b6a806d9764	54d74776d0e3eb6f1da07f6af900d98977e18b87323cb62ac74fe436c8d2b4ef	false
datomic/cluster__init	7fef82c55f68a580db9d705dfa8e67b8069b7006d992fe415654e08734895b60	a7df83d5831e261b210c1722626874f9b431ba5ebabad91cebc765db7a1a4ea3	false
datomic/cluster_stack$cluster_with_cache	0a1f7a69198f8b4695cb43fc1ffb46543805059dec29a910327633314711701e	941f6324294bf4fe01a9190d6d4724d12f0c320576e4387f791873d082c3ba51	false
datomic/cluster_stack$result__GT_anom	27d3b1885f8e2b8b3031117c1dabfccc27594fa2ea970e3dc9d81f7c026b0b8c	e5273cd14ffc3b1470ed07650073b0eec0bd995d7a9a40ec542c77fc55528637	false
datomic/cluster_stack$start_kv_cache	276fcf55b9f174cab4aa4329782d30e1be7b7f7584cd6c45bc51a49434492b87	bd042e3067fb5a51d7c8eb43c407d5ab225a8f4f5e0edf8ba26d1923f71e0050	false
datomic/cluster_stack$val_store_on_cluster	65bf35aa1c202b9ed080659affccf89c3247962bfc3cf1c250a7ae428ecf26b1	be71f2f835deb2fe286535f0b1c3e51e8d13e9fac9c1befb2b1a7f018a3c31b3	false
datomic/cluster_stack$val_store_on_kv_cache	c9a9b5ebb0323955226c7458959199f0dcef703d2b25586a8d87f63acc0db89c	cb4c1774737f0f4aad1775fbd9b2e10525d92d4a159bf2dca79246cdd431796b	false
datomic/cluster_stack$val_store_with_close	2358333f906a4b22311b1fb88e9e4bde5c4c084ea7ebf984599a7ebad3197f30	0b70c05003af705906c30b8455d0c0009c9770360a21d954f1a454f0f8f923bf	false
datomic/cluster_stack/ValStoreOnCluster	8fc272e0035da9d38a05e059206fe5b6a1d66408183d9160a6cf7c2f8d4d04a0	3c6c201611c2f3267ab58d8c1097c629593b8f6fcc657e5f74ad2bbdf6cdf0d6	false
datomic/cluster_stack/ValStoreOnKvCache	903e991094f1afd2bc4e43eeb7102182db9c02b6018f8f397906478f9575a939	767dbcfda0a0a1c3803606097e1b86b64ebbac0c3d2a08d17d2b9560d30c2391	false
datomic/cluster_stack/ValStoreWithClose	5db0ffce9ab87c9b4845a232b4d65c1a892df114906ca1db3c7b611d99dbc4af	c3ac2069fed0d03dff4d3548be799f288e66a1f3b0ea3e24224add8fe8087fa4	false
datomic/cluster_stack__init	d6953304f30b7000c3a13cb649df5e85aadeead76bb94a834c49767a4678c22f	a80aca4efa1d18f86719c7340e33a4b6a938c0adccdb62e1c143a07c46527cb0	false
datomic/clusterfs$all_keys	e5a6059272462227dab2aeec261ca678f88b481ef6c0d5663db17ae9ab7d61d2	cf3355d1d38e03d8e1bdefa0c8bfc7b220c5ad21e2ee82d970e085ace9b21b14	false
datomic/clusterfs$ceil	6ffd04d92042f784bcb9d657101246480f3aea7aa3fbcb198345612f16f29265	c2555abf2ec1ef92118664e79cfe0db09ca137f6bbad0f02db14bbe1f2c6200d	false
datomic/clusterfs$chunk_keys	8fff28529ff8c17c5ab2a018a6614f80fed5c3cc315ca01ba4316cb598b6449a	43266603b3b99cc3d2679cc7eaf78280d510f84045e65b74f6b2b4213dc9ff3b	false
datomic/clusterfs$chunk_path	dc316062cf1c379fa36ae273142a0ff36c34d6264e79f0456613e1774123d2c5	36eebc6b243357d8aff268526cc8816dfdcc1355504f1ecb2ed0e0c005c049ce	false
datomic/clusterfs$create_file	55b385c6b03c5cb1aebd4d9ac6d16730115d2ceb3837784cec64bc6a1f4e285d	f97a9759a4fc890b80819f601fd143c640283b9d15f43fcf455274f0d2f15606	false
datomic/clusterfs$create_files	5b5510a508a039f4be831ef6b67a57a412fa9feb2866fa48a4746b8223229736	39e492c8c05e65fa8dca69c641c225aeaaf9840699886ea01c89910d160ca7de	false
datomic/clusterfs$create_fs	2b00bb35354402557125fb2aa069e0dbce5aa50c4eac9ef64a09562bc64c04be	4f5f377e02916905ebd54f01dea37f658ecdf30a307eafd71bbb0843ecb5bdbf	false
datomic/clusterfs$describe	0546061ea921db967991304e62001ab4a51bae1ede24a8c1fa7e28b07e461e38	5409070b18c0b6a5e32d43ab217a5bd4a139c255290c79fd662006bb46e47ffe	false
datomic/clusterfs$file_chunk_keys	c26e170854bffaa78127690741d4ea80e2c2397aa7a7e3e9184fe09cba92f2b1	3d01b00880e84036b3712d9a94f28f5f39f2a309d8a59c40990cf11fff0b21f5	false
datomic/clusterfs$files	137454bf0e04b5004cafb8b3d666c93083aecb2afda5f78cf8f0aeb0664f6367	5897f9da17ddeb25c7b55bcf95c55258715f79207499c2d7b3ead4a320ad4d8f	false
datomic/clusterfs$floor	fc7fd0498b1ba43427e9a829615652dd14d8b027806ef6ec352e057f754e8454	38a118d66789241297b78df2860d7fdcdbf547b5d23b1e5bba36df3a4e4e8a90	false
datomic/clusterfs$fressian_chunk_from_channel	07692bee9879e1106cf7218bd1705511c64d6e64f3a8dc8bd6a57ae3cce6408c	f9409f1e73338e77299e7a400c36693559e289aba48a8ce7d57bb7ff035bd61b	false
datomic/clusterfs/Chunk	8b49789ea09bb60f8d950932a21d26ac21383b7fbce3425b128a96196ab27432	fc8a9e4084f4ca6f08a08ca091dd866965dfbd1cc1a7e93e79cdfbb615263ee2	false
datomic/clusterfs/ClusterFS	61b695ce22e165b0e2a7dd72c3f22a7c51380a4f4579a5c8c90da5506202ca12	c659b64a42321277a6bde463766178861f98e295443475ff95a909d7202ca83f	false
datomic/clusterfs__init	61c73d46280edd7a71de5f4aafac39d73b66dd0f9d43da52da42d30d3756e3b1	3f3d7d6be95825c1d400c7425043fffec4a5937ff2f14e5afe53d23cf9283b9a	false
datomic/codec$base_64_literal	9adba8ad430112602b97aacf2b79ecbda22fc60c0396c38eaf63c5a9c7fdcb69	c1b88eee08fd20a738c279399faab00fdf9679bfb7b8c618f07ab800ce57710c	false
datomic/codec$bytes__GT_string	b4bf4dd88af43442402bdcb0f5457023f663de80c8ab5060da7b7b9411afe2a8	a24a48587b3251caf0257d1a6ade60e5b6978f9f5e7cd193189b30da92f1cdb8	false
datomic/codec$decode_64	b176ad7b7efbbc9acfc0a96701850465070d77a00e5af5f0917947a8a3f10fa3	c1001fd52e1806e715a634a4e2de996a50884b462cd74883885465d741c90525	false
datomic/codec$encode_64	414f5a5b589541b118d61189edfdaf3280fc26edd75ec7d1c9c25fc8ae6e847d	8ffc832d9c356a768ff38141fa1c41cae0adfd303d07676cbeef7755426a99c6	false
datomic/codec$string__GT_bytes	caee6d7a43b171b462c87b718f68e7ebb4c83e6fbdb63b1092d7eba8f4042d1f	02c5a77c07274c9ac9dcc20707e3074a9fe0d03d3d3cb2785cea2975043a5115	false
datomic/codec__init	8f78c2b09998d6f3fafb0f2e6b5b460fddce5bba52eaf3501c3247a5c3461486	b4aa1859e8d43960a1bb89d6aadc145eac9ea7b8bbeb8b246e323dd67ae72dd4	false
datomic/combined_cluster$combined_cluster	9c442cb556f25801ab00bd46f872cfd6f4a9abe36ec73aec2d9424db6a7e4d33	7fc645b9a50338a5155d7078f2e7a1ffcc36073a89a48d17490a4f874a6755ea	false
datomic/combined_cluster/CombinedCluster	0b971153bd016335006380301244ff020b0a027cde48ef354a91478201dabd81	e086b9305ca7f832c7ad686d9836d160a0296826928373d2989dfeecd8da89fd	false
datomic/combined_cluster__init	d7d839b5a72e4279a1c54235e7c24f7ff2f7a7a953def6ef25440a5b882000c0	511d099ae8217412c49690b5e58840207501329ba3f4b43bf271187fedc63f96	false
datomic/common$_GT__SINGLEQUOTE_	442871068497e3c5fe880ce96cb081024ddafddc02f46d54e2a94188c1d224f1	b6249eed43181526a0e1fa363fdf23207f6ff4117bcfbf47d573eaf6c5e0ec43	false
datomic/common$_LT__SINGLEQUOTE_	fb145125a1744ef9423e998c009ec92de5ed1b1db9f3ac749d31a90a94522904	481ea4a8d956f9e8d239abdbc65a81d6f106bdb45469ef2f5bdca4121f973f83	false
datomic/common$array_cat	e1a3828255f154a983132fe0eb31feb2672cd5714accda5ba0780ccb17acf41a	02dc90c524218f2cfc3d9998c201670f09e329004076d0e40ebb9dc9c746d782	false
datomic/common$assert_all	826f840696432767584c5ce73bacb27eff647ceaace4cf38cc8c173bf2235371	803dc5f99969588779f36573682b6cec4b1bc403aff33142a9a1bf6089d53587	false
datomic/common$await_derefs	373875c8e07d2136f6bc30a9d3b54b439c4a8f12b4709b71c1d3526eb183b37e	a735c92b1efb0112ff397b7465abf60fdee74f7dad2bd596a3fa6d2128aebdf9	false
datomic/common$bean_setters	5752d154029c53511c19ed268f30fc9c57d9ab4c88280859de8ea6331ec5e34b	aa55ee23533071fd23c84b72d3d852017be65132f1d6efb5ee11e5b369a4f69d	false
datomic/common$bounded_deref	cbe717b9584a691e9606a123a2a7700ef1bdda96661db3fb889551a5c95aaebe	daac2563b1804af6f3fae9dacffcd891aaf36d3caf1697e7b810ef4864bb72e0	false
datomic/common$cc	035d970cbadb7da98f41e1df1c70e02328c45ad4b901059f82bc9d2e6cda4fc2	a08ce88093021b929bdd1a534cacaebe72b59c8de3ee39d8740665260848b8ac	false
datomic/common$cl	52096b3ab40f622c0c1184cf2a34e3bf8773ccba4eb0bd3604a4202a2e4813df	36ad3869231de0920fdf187e0f7603d440bcc0e67af79477c29232864f67187e	false
datomic/common$clj_key__GT_env_key	4590872991db1c59e83ffeef477b84932205a4dc0d135b9d9460ccd801ca762b	69eff17f236f04a7d69fed738f35653a9f7d1293f1794345739f073a61c3e188	false
datomic/common$closing_watch	6672bf65aef0913a37781267f5f4a0563e746bf5b76135f26dc555b255c0dd20	6da81f216ec02968d7c7a0c694592317105107e662ad9d10dab33273a31856d7	false
datomic/common$coerce_args	1003c83a684d62180bc8bd25949719b10bf43582be467cb74a0ef6052c6f922f	fccf13f6e065fd4ba9385b1dba7f98d95d58c02d9910f170ac3334e80052cdf5	false
datomic/common$coll_compare	60264bfa1167d96ee7f5c49ee819b7c52d7713b51ce8b45cced37cd6e1a333be	3f06ce5136f998054a6d8a127637911d0f32079788570b2bdca613262e8a3e90	false
datomic/common$compare	22f9738abbb72723c897e939467a33c3022ad76a2a4acd0ccecaee52a46e40a2	2e24dfe9a39a1120494eb6045243a96ceb901e8df8f9ea57b9b9dde199f69b3e	false
datomic/common$compare_byte_arrays	23e34d076e57e17dce2947ffa8a20b000cfe888d55cc512ee7059f95bab9f4fe	078107584eeaa7f199fe03094ded1ccb0da4c54425dcca65c8bdab93b37df7bd	false
datomic/common$compare_ex	3543f958b8d87315c14dacef6df129e75ca6113762450c51b3dbfe3ac4280e10	30d99745a9dd4dcdbfe83b56c271984b48560eb130bbbd791338416340440435	false
datomic/common$create_temp_directory	a7e0e32dfe388ff3acda9a45a8a8f63411d173ed8cc4a141b01aa0452100c86d	bebf4acd17c924ab7eb92d9eaf34ade4af71cf30bf29713a6ac63af9b0db1296	false
datomic/common$cx	fa1b16a0ff1f74b0f0bf60c6458572d084dd083d58c17f4f0d176fa048299173	f7667b2336941ea00d4c9b01f3b3fe96a8a0ff62c04d1f8a0fc1fb97eb2e3d6a	false
datomic/common$delete_file_recursively	b075b3b84838c288dbd84309de71a78dbddd2218dda7dc8ee92ded5c9edd6704	a3d5ad61283c886a799d8c9e0bc754fd7abc9c7266488fe2a07decd813995fdc	false
datomic/common$distinct_by	749e3d6aeb2b06bccfc5dbc2896f978a541cfe70e43f9332c3c297d82240a6dd	24d363bcc44836ca50fc7594c2c7d91944e5892b32cd72ac66b82580585d4b8f	false
datomic/common$endpoint_QMARK_	bb043e103520c8f48fbaf3f6a889931de89a4bba6045b45f1f4bd12abc232d1a	95544b56b9df8443e3f81347ee4df772975e112cdd23d9c7cf4436f7dca7024f	false
datomic/common$ensure_vector	32aad5f4be477d4389d78f327ea51f0abb0f0fa38ae4f041a607beb93b25c12a	955b558e186f21edc16ef379c00ab846307809b51bc844c7678c0e7fe2ce5658	false
datomic/common$ensure_vectors_in_array	7312c491576f16d389798bad91187412d83dce15f61a10d98f75ac04bd39fa45	eb8251276f32b5eece09acff594f32893cd22280f3e8e611dd2841aa1071d5fc	false
datomic/common$env_key__GT_clj_key	644f2cf237bc24b88af6d38115bb63b4662eb4748b834c37fa337b8c84e223a5	f5b9b339b9a38c9b2db61f94975b38bb00a89afb90e410decb62b7991cfa1466	false
datomic/common$equals_with_strict_scale	540528eda13b2993ffe045f6481dfef9826d15c37e532128bb6ef26d81c7fce1	a22e048f60b7f3bffece543d7e726f272d52f714ce6eddada39c89c61757726a	false
datomic/common$find_free_port	3e677ec765e0a3fe733e0e94a2cd2f9636d0be9c8b2135e3ac5511e6235fca22	08c5b15072fdd92ca3690cf29e5d9e5567665130e2cc45e1f5666f7abb5d2d7e	false
datomic/common$fire	3ffc9befa0550bb096c381e1a98c30191464c87a58e29bd245c349558e24a456	1b65736e72266af951c039b2658db55cbbea04ffc804c6a35d33ef06d43a1f6a	false
datomic/common$force_keyword	2dbd3d0cf30813f833caeaa3dabf6fd857f42fc24c83d9af4a2382ff366f9dc3	3c65048ee92df6b7335c7137c0563cd97f84d5121c2b5d86dfe251b4d10cd2f8	false
datomic/common$force_map_keywords	053fa4833a6292e31068fbc11083a42f538ef6beaa575e3d661c382255636fb3	a3f679ec68ca9275697f20d7254abb4834a67aca753bc49f886d14893269b5f9	false
datomic/common$getx	a4eb51af80091f629dfd745dd6f6b4de6e48b1022219559be5018180f79b26c4	41f72281265e12e19827b0403ef8abd20cfbc504a677f25b9674aa2f2ea99acf	false
datomic/common$getx_in	22eee81c0b2b3ef5464fcc97016c09bbb11e1ba58282bef403168a122fa08666	5b6db5d36f8b60e55908bf9f92cb649c162ef673f527f7963c707d80b41cd240	false
datomic/common$into_bean	cb9c39f75b0b27f0d2235837489ee23075aa5f8e73ffe638645efa33e17692e2	d931476c6aa0f57d002635f5894be7f2b74925bd41e935c6b09cc72c75d52a68	false
datomic/common$key_comparator	66c73d1b46e3aab644d2c09b3148c4ee99681c9a03e59ea46ccab2b1993a210a	cc36b5920fb91788b996542bad1edbab848bdf29b3948e238b881a9f5bd0326b	false
datomic/common$load_properties	de9c144ccad6b3e20a85ac9ab6fc444cea79940040eba6a34b27066ca2fd1367	d4c1369455bbca1ef1647103fed2586179c8ff109e81d74716103f4bec4e5995	false
datomic/common$log_and_print	8507b7151b0c460a4e6b8501cfbf858e3dcaff5c4be4ce16bb084daf741843d9	7cbd0ab6c4c614d7e1bf17a9e33cc7f68fc54554f2245e6c9dd5c6db2d420637	false
datomic/common$log_retry	cb95e9907bf89c795ba38179508f1d8d4588bdfc9d698e7242c16b6d91bc1a12	3581526b5eb47389b47bafe6c229a0865d611550483a2d9e5b684aae89d27de1	false
datomic/common$map__GT_env	982b54aee967fd015d83c698f312cf3d2198ac716713c74ab7814fef717848b2	ff6736d11f75df5cf30743c825c17d06afe4ff83eb3f4e48e1dc78e21eae6224	false
datomic/common$map__GT_props	21116e686f6ec820ff736cf73652cece1704b42db0e0d7e74df929d77fda9b1f	4185eedf851f3a0964084c25068602f9b3724a1b436f26a9f5323bd6d329b4e3	false
datomic/common$map_from_env	e0199fb7bdf063cfd6c4baa55f369aadd80768f9d56c0d7a4772c90775a54989	a9176e9b0d5334beffa89355667fa4f6a33e1420e9dc82c76cd1f0a970da4e3e	false
datomic/common$mapk	72b0bd77f28e2bedc475a1df97dbaf6da7b3fc73949b41c7b2376e0009f651a1	d27b311be8f1d03637fdaabfe1fe9dd391367014717e595624b79e8d2edfde70	false
datomic/common$maybe_class	84f726d2cd78de4af74c5516178eb63544b1eee7f29d700a99d50c143521f752	ec1818a267630d97c3137b373ded4df4e5a62213efbf569c0cf7d33d3f7bc601	false
datomic/common$maybe_deref	9741f17896866337c68be0b89ed1627e633f92b562840585a20e6739d7ec9b72	8f89e1cded62c753c026d8f172586a6a56125d49ff4cc8437d28a318b5d2f1f2	false
datomic/common$maybe_require	96ff950688cbbd0e226cffeb7e2eea0e7365fd3cdfd8511da232fba05a8f03fc	a93a4556ef11d92af13196d081caff3c1d13cfad36419e36ce1f7a5438bb5060	false
datomic/common$pfuture	d1a0501acb8b9fb71409a78d55c4b8282bd9b317539ab492f38c47a483652801	1fb199052d386849b287f3d5f8291aff6a0070e6d596e7b3d39cd8b72143bdb3	false
datomic/common$pooled_mapv	f7ec8bd152a3c673e2b08a5660e703f771de07db95d1201c8b62ee868a5d90fc	2a830159f7b2a72309af584b1afcbed691b78c20be326f27761756501c0a8016	false
datomic/common$pop_atom_BANG_	ca34c6efc0e5cfdb8f9b70932fcdb1a614b0fa81e6b06e4b8fdfc553ed05e682	6633d35d2c87ebc78f7a0f42ad6d288faa0a7260d0c1d1a88a3ea51c3b2b0fa5	false
datomic/common$props__GT_map	92946b798c1de29685face57c9745f52beaf8b46fec40e6ae4d974111fd3bf8e	fb43eb25d072ca4b055f2b776eb89535184774f4bee10b69c08219c0d12aca60	false
datomic/common$qualified_name	c216abbe8361ef3ce720bf1e71b0bb5284c8097b4b87779265190fc52f45f477	47676f8ba8d56362669230ca208c5314ae63b723cc5d903f643b0768f8c6b02a	false
datomic/common$qualified_symbol_QMARK_	d44d331e3e7fd667769d82156de69041ffe860d17f7e565377f4bcc78365d4b8	ee84de78e0eeaad3dd1e3ede1587cb88ced5627b0a2d63cf169ff8d2d683261c	false
datomic/common$rand_uuid	fdfc981bfd2df2d19be18a6b5319bb2dc3e1d65a5454c757e2d5ebb82b72f754	ea9e58b9da978bd565a4da120c2c38ad414dc9b65ae41c5da2577196bb22ef90	false
datomic/common$require_keys	b5eb56091fb148c11466553373a0df77bfd112a01b5ea1d498229662d5bc780a	c47a9c04604e47999c217bca9831a973a1781f595124beead241ca9e2c151e01	false
datomic/common$requiring_resolve_BANG_	d27454530444018e8246c9d1f3e1b10596ed6749c9e235732dd1f8b62284ede7	68d59a3f2504cc3183bf53ed0eb8c325c20a6dc19127002b41dd99fec023e568	false
datomic/common$result_count	1d8784e9be891a375247284b607b9c322b36d38ca2db0541e302452041275340	e36dcfe19f2947c2a16fcaea8c76a8fff29fc231a5b1b8982c6740ad14eb4912	false
datomic/common$result_xform	90ed287f2f5516a9c5acfa0c6545af427bbd45d672c19574d593fd59d74a225d	8a4abc330bfe2455c6680c1578e02811ec12d312919c669150f49a2caa96fa8d	false
datomic/common$retry_fn	9128062a372d2873fe646087b642dbf8aacd66f1d40edb73675547c160b6cb96	a7b9b68915dfaa780a9b2803b791f46379996a53cd28b9aaebdc61e610f7d57f	false
datomic/common$return_or_throw	2067c514d65944027be0a3164c50cfc21821b7f9d0aaf70afff10ebf22104b31	329cc351123d4038ae9a747908c88ab5d93347c572cae23097b7f44feee9fbfc	false
datomic/common$returning_throwable	c6e016406631739483b254ce3610082c06e90f25d8f7b490e9d144b8e65e98ea	625aa4f0daef60415121a692fdf6aba9eadbc5b93d44432faa67fa317bc662a4	false
datomic/common$root_cause	1af4afd0356c1746f296ad7c57525c1d359f9e5b5d203dbdec9b218aac4e2f89	3bf66b4f23777df6562cbaa6513b6ac13513be4bfca95a994ef52a6ae9367960	false
datomic/common$schedule	bc9a43e2ce26697d45b1ecc55757cd3336287b8ad3bcaa3a22352d26cb7b4f5a	34a41445040a2c00f9817eab8d0bd1a0f2ce58080e4392aab9abaed56770f948	false
datomic/common$split_filter	1e0c8c19ae97bbed4c5ad258b18cf5a95c2906cc43ec1bbcf340479fdd2c653c	e8d17df4e0fdac01895891505544b4da1dc442924de6a922c08611502d4c9507	false
datomic/common$squuid	097344572b46875d4b93b8f5fb576f4115257fd65719eac00c06e3caf276b7fb	d45995a0d01e279b3b7bcf0f269f4f89d386c197567ebc4381dfe7db0b9a8636	false
datomic/common$squuid_time_ms	5b54fc223890b1798c916496c0234ad66a7333810b434a4a35baebef61be10f0	a17558f4035f2199ec7b098bc10ca922895a048372aa40d1cdf44e04fb17b381	false
datomic/common$store_properties	bb0a1afd77b392c1e9e400c05e22fae42b998c4c58e1c2a97024724a89996493	a09ee64f9663ebabc8872e55010c0ee4c352221b5f60ac6267f5739af46e9847	false
datomic/common$sync_shutdown	3274d6ea8267ac3d2931391213a771ac595fe121499ffbde41ab7cfbcda6c22f	9f348d4b054b136c7f581f466a8cf613cbae02fc71e0db443031ca128359e286	false
datomic/common$throw_anom	455561b90bd1978c10a73bb9337e30c2798266cce5b2d2ffc618c8ca57f2e0b7	9759a1a81015a5b78269d81511ac36a3108b178136d3305193d5cbbb89e652ee	false
datomic/common$with_nano_time	662104cd016d10a064634896e27ee3234992aea6b6dc7fedc5e32278dfe16d1e	e6969805a98cf6f5a14674017d746698b1661f878298bb2c04870fb04ed0b7a3	false
datomic/common$with_shutdown	6d1646756451f9446f74aa29d0c9e34e1fbc6464605b5bf99c9577647cc75bef	9978a179cdcccee639f74c8b3ca290e85845f7130dc0a579d485595c7fd51331	false
datomic/common/AsyncShutdown	278e03d677f14d528e146143a482e7c85779c9d93ec1cd3197b60e05f0a46aff	6fdb32b99131ee243c1f46d2e5199c8f44f3b0912798d4bd4202808249837bb6	false
datomic/common/proxy$java/util/TimerTask$ff19274a	f66422edc1a62539c99cc13c22387a1e0b719d2bfef6f3f7d0d4d0e9110d150e	9862cd39e1eacadd2daebc5147c9f5acdc12db9a96df9896afc6603d33b1c7a7	false
datomic/common__init	e4ea04ff4e3c3455f3272fdaca6c6784e6abaac88f59184cba9afb789f17f978	57db30622f45e49d3b7ceeb03bd0af7bde6595ae2f14e1b94c531505a64b9251	false
datomic/config$at_least	913fa8df632909cedc0e22453979280d0898713daf5e8e8bc542002a2b226c7e	92e42663549179bbffae503a2b7b391abe9da5109911f5dc56a28e1b189e4c78	false
datomic/config$bool_QMARK_	9b1bf7498f0f447f1b8160c2080d32bf47dbd4fb7f4ea027d7005331277a6a3d	d7e14e88b6f19a8beb55c21ab29cc0322c35edb9c49a606f9b83a50892106a7e	false
datomic/config$ddb_client_args	30898317809f3cb07f4dc47b09ffe96b3d677d47fbb1f47bb0ead3b427bd3256	b5330b8abb75ca30cdc9ebf3c7b443df6478b50bb6973853c1e34b3619ce602e	false
datomic/config$folsom_QMARK_	6485c86698a6d2d7bbffa9c5eb5990d303e350e1414b7bd78d7e5ca14043368e	c4b0534c290084d3ff07fd01825850e786bc367d9ac6a39f38a1a5a7d0bfb6b1	false
datomic/config$in_range	25c4b97d78e0e22cfcd4c5de15055ad8936033242c9fd986f1a223e2e98e6dd9	0b374e7e006566eebd3705854a6adbf39d67b035513919f22b291688f66a9784	false
datomic/config$limited_edition_QMARK_	5badd9ba0482b27cdadb06e2e38b29c831883253fd2a64e8b24dee66c6164768	f07b34a93d2bc7de1d7ba164afd16bc0e493193370ef39033cabd0c159424629	false
datomic/config$local_memcached_args	ad97e75d5e5d96b76a34b8753e08808d81d259c499cf9b9cb159ff2140128c37	82abb2c46802691472d5d40790ddf2cde4798a7ba10e3fe5ed06e0d36502094d	false
datomic/config$local_valcache_enabled_QMARK_	16a61f38165699a77110199e740870d8b876f333de020bbdfa48d34621cf110d	8bf2485ad007516ddb2cbd3f5e00a1d0c70171dc527581c508fe473f4576cc58	false
datomic/config$max_gb__GT_eviction_threshold_mb	9ae90927bf893a4ad1117cfc1040eb286a1ac05393bdb112afa79b7302b64ab0	f41c88a5cad56607dd0df9cc3c24cbf02b23be9282fdd88434f0a929bba4d402	false
datomic/config$memcached_args	b1d07ec0c38394fd2374c9f16833da6c6b895bcfdaf5e00a119129fb7538392e	0da628cfe7cdbdaa0ad30eba5b52fccc97103544a62a9587fc3324b8c6ee7b25	false
datomic/config$parse_memory_string	6ec9163f620be508c38ddf9cfde5ee07ec490a6a2af84f430f085d6b494b0c10	566596ffb189d41253b73f42038f8a800ef6b0a5898cb3c79b2accf728532d69	false
datomic/config$prefetch_enabled_QMARK_	93a56228dbe94b3df5d0ce35797d22a29ef74b737f66ab7a48c4bf985c42f6bc	9e44e7ed32809b73370dd60d03e18e4f6779b7d9591e4efcc6868dcc8e9b9c21	false
datomic/config$pro_QMARK_	ae0b1123ea02db5e070662310dcbf230b56d53b83157183909842aa10278603b	c0dec0d55131e18d7b31783b1b20eb46b4b2f99bf86d9c574b42ff266b241f5e	false
datomic/config$property	f2d8044433c7c314b234754b89f0e42fb91184011a1c288a3257669c8c3037f4	8d338b3b568a79eccf7ed8572138738596a39172fb2af09bffcf4e4a34ddb194	false
datomic/config$property_map	f978f2682b6e2b803ffe1d4bf486d981bb0f80fa2e803ea90e76349b26dc2b60	1da019d0ce4f2f0439308a2e7e25724136535a7177351d6f552bc0b905586c18	false
datomic/config$protocol_supports_ha_QMARK_	f068f62dca431df40de9b4de1e2e558ecf4b633500d905047346c8752d29ea35	45d3eb9d55f3d84aa21a9db08912931d9206af90a59513e487172549ad9d8f77	false
datomic/config$read_revision	f90f75c55c5413a0c1ea1e28dcd49757872256d5db646d26b40c3bbc39cc71a0	2bc023ca167fc0dae0b530054558b69577b6c742dd7d50fb8a45b5c004ed76ea	false
datomic/config$read_system_property	418552e200ff6712b866eee20275d7a382c5b70761cceab83f6b0ae54286e856	e926597864c91bcf8294914f41a9447c265be0dfbe5d52d644ded8cd96fb81b4	false
datomic/config$reset_BANG_	196c58fe08de4a62fdb72216ee92d9adda9ef7d817b8944f13721e897e93e4af	70c2163821c4135b12cdece9815a195f941b3ad01f723a0f0ce0246fb024cbfd	false
datomic/config$s3_client_args	75df25dc945a7a7f2b48a0a18cb0838da3d136ea156ce55e53045eacc626c1c2	b0065b661d129c57efbd6e92dcb1aed910812dcc3863efd0d787312f2d656ef9	false
datomic/config$set_pro	0d4b7cadd6b5aff0f10dc7110b0c9dfcd6abd265d5196363c0d90a3bc9f948b1	6129aaa2dc6175c0905ab0aeab87c7663124a46795e9ce12e7317dce4e1f4a10	false
datomic/config$valcache_args	2c39992217dddb2545d621e76e346b37b3d418a12da18a0ab8f92ba2003ac074	448597854826b20eaa7e82d5e6062dec8d7971e6cac37cfebae663c368f856cc	false
datomic/config$validate_properties	a3640fca4b93a6be63d6c447593d43b173c8dd9d2b8b482c45309feba0e7681e	43f9de4ea66b7744c988571497d805be19708fdc66e90e5230e679709686e39f	false
datomic/config$version	3e683a5a50d08acfc06b81eeb1ef44f082903a56a610c7961e8453553d9c822e	0c50a3d5cd02cf54fff6d190412ec5610c3ae95fb51d57a3ef8b1a4d1a856632	false
datomic/config$version_unique	24df0055031d9eb7d607a114e7c328a0e2bba55e7217ecc607b7536e41f1d65e	44d856e5d5f8031b7c9b3b725d4f2e4a79f17796fc4ab586a2263033fd22664a	false
datomic/config$warn_deprecations	c4f2c156fe19330fe1c5711b42e1961aa43bd9e25a2856ba1180c6b07a21f7cd	6c8a594403122965991e8d2f02598880e276e07a64d4acd03b741a7f8291b887	false
datomic/config/Symbolish	52d9ba04c431b22134423f7ef724220edc65c8c7f35bfc46f2cbb0d5805b927f	3b7e48bed48108be492df67b3abd0d28f21aa5f02a3b685b308539443e8e2312	false
datomic/config__init	28106128372e6c4c192ca41e6490cb97585bfc843813abb37ff176966e936bbd	b01a0672ee37d4d39e9940760fef0e415f156bf90d11369a8a7ffff3ed7ba693	false
datomic/config_ext__init	fd30156595cbe14da686eebade2cbf65f022197110d4222d240125855b5dd27a	31e8e4202ee95e9cf751dd83d3d00e6f9d91a7dd28dd9448a91233b0e347c6ac	false
datomic/connector$admin_request	d49870cdc1e8f9f50313fe6f02139a5a43e6e2c3300d1c35e47928fe758a389a	855be9cf7020178955d28bca311ea14c56c10483d17b589e94000cf0b3be3ba7	false
datomic/connector$create_hornet_factory	cd5ec1c6b5a7e63da01f4e8f0c5daa4e17ea24f8df0beec81ae4d3fd5d638f9f	aea272c24fae713b2c64e6a9e7bcb70cb3e35c73f7c6ab3f2dd9b69f2a5c9cc1	false
datomic/connector$create_hornet_notifier	8cf0704648e3a0fd07dddc00dad65ab4178fbb0a8c98c671ec1f1eafc71d25d0	1f0a24f1047318b4374cdb331af4026e857d9d2c78dc287e6a8839bbea9a7afa	false
datomic/connector$create_transactor_hornet_connector	bd26ffff777177f01cb9c778b76f4457b626970a6d0e0bb32d2aeaa24561683c	2d82368c0377db01e2912346196f268c5b1e9b0cfdbeb8bf5f844b2f57b9d8ae	false
datomic/connector$endpoint_error	a7674ae347c707c5a2b1cbe3032948ea2120b087d6a823106c48ac76ce67296a	0102425e5092e9d56cf4fd84d1287d7690da1696d5d83a7815e9bd0793f6820d	false
datomic/connector$host_order	50308904052105d50b81c4a83c277e834c775c8683a88c27abcf30324488790d	99c87aaa85b9639dee20b06d62304d7b035787a9aad0edcc67229e895f2120c7	false
datomic/connector$stop_all_connectors	7ac4c629a0c4ce08b6820580de0e7a2d70838f836616c15b4ebb0758c109017e	98b52fd976ee25900dcb374490d0d72524b221c8160bfa6e8050702b7d1bd654	false
datomic/connector$try_hornet_connect	682052d83bedbb3856354ef435be2ad5c744203e26b4efe61b15db6127d77988	2c23214bd0a7f3491325c19b7e91586cd725201f42cdc5b7926df977acafe3f2	false
datomic/connector/HornetNotifier	7bca2c0b2732e102c3297a45247b7b4189aa8d810542706378c609450757a785	c84a3408aa22143efcb2e149befd75a02e55847b3aa2f61569edc9918380d0ae	false
datomic/connector/NotificationHandler	86cab6da4a4fe67b4a98fefb303ba80dcda9e78cbeed4bfac3018f1e905578ef	2e4a0d390792b5f5c9cc64ebd19c95061a579810a929ce3d7e994a8f15f70ff2	false
datomic/connector/Startable	3acf43e333f45a36b17f82ca7b020c7623199b83e25af0179edc59ddbb836578	411b057e5d2d4e379109f5377b4085032bbaf82ea7b8e9835d8728af464ed61d	false
datomic/connector/TransactorConnector	ad939abb6c403ef472285ae0206ec3ea07540792b6c5fecdc7ce72d761e66044	93f5c9183ec7aa121ec8c5d5a693d387c7515f746f3aeb4fd09ee26fdca9bd23	false
datomic/connector/TransactorHornetConnector	b786428a5e6bdc50a1aafb34a01e6ea86026d1f6446b7215a89b70ecf5b2458f	39fb28581e56e8b5d1c2343cec51fb8bcbd560fda2ccd8c2203479750593fbfe	false
datomic/connector__init	243897521544450e1fdb3f9ee48fa1078faca982031644b6d8ff199b57e445fd	94277348fd2397849d0aeba3511731b2892e214cde63da7956526882cb49937d	false
datomic/coordination$allowed_valcache_client_QMARK_	0b87a403c3e3cc60cc0a166e4a6fa1cbf96b9431dfb2d3b1d2c8c7461e76349a	03706458418913504737642d209323bee1912c7bc8cacbd4f994e162f69cf2a3	false
datomic/coordination$check_peer_version	2b4bea522eb203816f911e7a9edc57f610fd9045e5383315e4bd18a7736eb4af	44af325d3fb39807745173fc543bdcd1eb5f0e9ad9a74b13b333a58bee5ff998	false
datomic/coordination$cluster_conf__GT_resolved_conf	815cb7bd794bb9671688efed00dbd430d218dc8d21783e08d78d7fac82d154a1	9e09bf6877f757bc5a65472986cf1ff86ab777cb853d32598dd9b0595e9d8290	false
datomic/coordination$create_db_cluster	0e8972f6dd581497f0d8bd4cbc96a063a2f156bdffecb3e0967123b2906d0cad	a80cee2dcb3788146caf111fc9983e53bc62a2aa1440f5db61aeece6651481e3	false
datomic/coordination$create_dev_cluster	fdf183135c7ec3b46fe2c63c4401aeb8852f255b3c40bee93efdb90f1b89575a	184e483983aedbde7811aa0478e754d3d10dc866a235067806b5e92dffc008e0	false
datomic/coordination$create_heartbeat	c1ef0c484cb2567087d7844a21dabcfb02c14397a71def7edf0c55361fa142bf	08aea418ef958eb97976bb3458fc3246424ceb39467c8a5a15fff87e9338dbb9	false
datomic/coordination$create_system_cluster	809f96b426b5cd822682e4bd8845c3e0a628ce48923545415ad6f4244b242cdd	026fd0875b832eb788c0037799a42c9fff9948436920d48fce104ee8569f6cc1	false
datomic/coordination$endpoint__GT_server_spec	ede8b37c6a2952f3240ab39045e9667a2fd0428c9ab3f1dd68f021915cb3f2bc	e8a61a2e9c2c0ceb3f8cbb8ee2da9bb7b5bc5f111c550c0c92091e2222d0201d	false
datomic/coordination$heartbeat__GT_endpoint	8ad4765a30a3b38c9adfccc2a1adfa41ebcdb2edc3e87f4af01b09afae610866	ada26a0dad08b532f20e8cacf9bb8c6098354ecfbafc71a0ae2f5d87554fcf53	false
datomic/coordination$init_dev	8349d64f43dc781daa00dfe7dd0c82033f72e712a03ad047fd0aea0cf402253a	80fb2d4d54e183d99c552cf5a20150ea8b71d2ac97790d9abe7df1a1b7d3684c	false
datomic/coordination$lookup_compatible_transactor_endpoint	18a7b66c4e145171f84facfb3a281f80d4dfae9c407c88aa3ab0274b2859ba92	bb47543e40dc29f49e747f7e8c09d61047c7e441ad5b5fe8df74f8ed0e18c09b	false
datomic/coordination$lookup_endpoint	3be2f98c6c1684769b9c926d1e73252dbd272f5cb9d90b0bebb42f02da8694c0	b450852834a4a87e09cde8b6db499681c035d24117ad438d367d23b47d1eb46c	false
datomic/coordination$lookup_transactor_endpoint	96608c12ac20c279c9f31cd248234ef32a028e8d7c17a56b90fe457b62bc3223	3881c1c4c9b4562455fd4d5e232f8832a1612e5cafc5444c5ad6bdd6d2150377	false
datomic/coordination$resolve_db_name	fd584973e524f0e83e46ee4c7b130df4f737b6bd7f47c1661bd1ad399fd19a66	1b17fe3532347edcee2b8d39984430a694edcd0fc178abca871dad2251e22c20	false
datomic/coordination$vc_password	c18f15f98dfa50e1f5c62595a2ae3515a82d8f6939c07febb82c85e652648b15	8dd7c494a2c03d39a5e31ef3531b2ab8bb51ae7153f66409a38a0e0bbbd13bd9	false
datomic/coordination__init	9fa153c5f7f304c34f707caf0a35bd0efa5c8f2164a74a8bc80dce0635c89a25	62d995d5c4259aa32bc54ec4140a1fbbc564dfe776b476fac9a6b244190fafed	false
datomic/coordination_ext__init	7db64019cd221d783f4affe6a17cb2feff47f11e956f26d2396fe1abcc02fcf0	eb8e4321d3bd4b880775ac2002c6570327466ff4a980b5e492becc028068e10a	false
datomic/crypto$append_hmac	a41dc686203fd39836b3c267163c32b6c7bba57e6742d2e4ab54e80473e4864e	7c756b9c434d3bd288056f048247e6a0568aa1ea4f0b9e6e77462a8607c93711	false
datomic/crypto$calc_hmac	b8f89c95361c625949985aefeab56e6ba5bea52a7ddcb010a46e3c2f04fe1755	f48fb2deafb775aa8689f365259a83b6b11c82429dcf1acc5474dc45bdefeb71	false
datomic/crypto$cipher	9bd20dd086073995851a96f0eb7ba3f3df12cb00e1e2c0c5db38c1bb4d6047b7	17c01091f1ff4244906249a89a3fd17139340bd67972d63f669a029c834e3da8	false
datomic/crypto$combine_fragments	be9c2f68da3a9358a75727f6dbaf88a9aa5c91d14ee07178c0beec83054ebbfe	a23ef38de16b0d9ccb3d608b12259a0534c1f61eecffb718160654be0aedec45	false
datomic/crypto$crypt_bbuf	68c753b64e211d20db293c35aad6812b7f30df917fc76701b793aeec3a8193e1	73ae4569954a271dda724c73e64f20ab1ae5d13f0fede3d9708901357eafb429	false
datomic/crypto$decrypt	4ac7f88bbbd68f70649d5c80cd5ee7b9e730607a6912762492cc7e8b420d48a0	5b487f191a4a0706356cf7e10b85d6656caea5a00d95487d95eb36c756b1b973	false
datomic/crypto$decrypt_pk	6c920a9d827cb951ae8b7ce85de79f3c04b10ab91d0560e22a98f020bd9f4b9e	a8df81982123c5e4812161328584dd274e4539bbaaffee78f36dace00b9ea26c	false
datomic/crypto$deser_key	01688e1bacdd2cf99e91d3a48e3863344bd4670c56540de30e3473d044496f3e	69475512a905780cef9cea9e9e46c66dccbbf510cb058a984b8c8e6749ce01dc	false
datomic/crypto$encrypt	bc4adfcef4bd475c569892f1a9eb24c176c7394f00e886d31f07bf3ca33ad2c5	a7009699b8cabff73c9e39d77630ecc23b650dd102bef3d5f8f7ad63f02141f5	false
datomic/crypto$encrypt_pk	cb37b8a61e90536c39b54ac126c0db5339a8ed5347e64e2df68de6b35615dcd1	920c8e72d0d9afb290edc195ad831e6088e874089608a9d8e4edaa3a7d308441	false
datomic/crypto$genkey	bc9a72d09e0052ef4a308c30ed551fd7e40c8fe4c0b7a3cdabf4fb5be9f22d35	61747945a9e11b6ae36a2a4e1fd80816b7eef9f58ce92872a51f1255df0294fc	false
datomic/crypto$keystore	349d53a6b574d449b46bfc5359cd59d196d5d50a29fb844e6b342e793a111c08	41b94d1780304235e806e1925b62bc257ff25d70c1afd61421b972792e2ec4c6	false
datomic/crypto$load_private_key	799875c914030e208b64afd137f0a37d80dde0577d14a12d60902bdee90f179e	f93048a628a235e62621371f3fda6672106fbd3141d5b5bfef3bca8cb47d20f3	false
datomic/crypto$load_public_key	422673cfb051473827003a0b711348bd4af5089c8c5e5303912af335aee4b4fe	22e40934b708277073dc18bf03ec3274055a9c5d22e7600aa3931de3d3619200	false
datomic/crypto$mac	2d4b8a69c89616b602fbe3c191017ad604b4308275964e957b9dfdb894f232e1	a5780ca60557ef0b6e86d810b5a1904dd1d3a8cdb51146eb2b08d72badac56d1	false
datomic/crypto$random_bytes	4399943a00aa841b4a541636973ca7f19bcf4fdef84202e9626795930d21c8a5	0958aa1c801b17fc173865cb0755a9f11dad916c9a5265a2bc8b105a37a11e95	false
datomic/crypto$random_string	4516ca159175d5183c3b2dc7130c0d941e652b8fde69b9d359c8cce85c7f9bda	d26f2bf5ca0cb0cb1293b6a8e17aa42740c85e93f912895e8af99b419c64d1ab	false
datomic/crypto$read_n	c4c4f6caeb098ef18446e1806e5ed88758501a14e7e93eeee0e6ed210b1a4792	588bfbc256256dc365c8f64af209e23ba08cb71ca36618bf488e6efc1313bc87	false
datomic/crypto$ser_key	2ab85ced6893c5c402c906d8d30974a2be04e8ea9608db044c081312733e95f8	8686417dac2898ea30578ba3ad21e030c39e063132fe8fc7d585f8c76b89f434	false
datomic/crypto$sign	f51996a0cd147162e20a9bac7f8174aba57e71298bda8e1b485115ba89fc6c2e	64063565efb99c03fed1f639e6cba6e73cdbcaa3842137a0f14fe5a914664908	false
datomic/crypto$spec__GT_public_key	be643a365ed02744364d4506c0773a441e0063bd1476cb8e9d15dca0d38b3769	d0e270b9d6c96eb96794c49019b3443800d4d33bb2defbd835d5d152ed1985a3	false
datomic/crypto$split_array	eb1d162c93e2e0394803bfe1a38f3b6355a6c6542a76c6d36f88f6d0ff5a50c6	fd302f2f2702e4cbc820ad5f27156cc334ef67986a794b513106f2cf6e842fd6	false
datomic/crypto$split_key	15eba1b7aeb0bb5e91d8481f7c75f188e43d2e53a11be80f199f25c6f0d5a21d	fdb2715f94024e5e2f66c222681a971d7b4d9cdf96b754889d0521d83661358d	false
datomic/crypto$validate_hmac	430f11ea1dbbb4327fe0e319ecdab9ef67193b05a4fe4921c82c30d8595b4e11	9719e3fec527e37bd7ab0f6dc9b30ccf66bfeedaff422600ffd5d79a50104483	false
datomic/crypto$verify	490ab5594f1dc6680d9861fcb7789262e59ae91de9032d716e0205d8333ec13d	9c27ee353c04af18b3e8d5d0f24a41ab89ca416e22fa8d65b239de3b6a7ad9da	false
datomic/crypto$xor_arrays	2e0646ba96fb42d55760a63e8f5cfc8b68e21fe6980b8729df8c198878354668	d84a4c526ffea177e8c4233eebb77347f42cd79a7292dada43cfd6ec3123be8b	false
datomic/crypto__init	d4ed420213ded133ed1db8c4cd86c4bf7d092edf6cdf1a917b770b7f7ef8c51e	9beca052ff422fb8efb7ea18fabf8539dc4a14c413447984bdd77e0fc96991c6	false
datomic/data__init	d68db0fa70ad9c30ee30a645461499de41a5738aacdfe4e6a09e3ec5fe80163c	5633b47186af1db09e103fbbb9a2a4baadb5d1061de1eeaa85e65220b6bc6de9	false
datomic/datafy$can_data_to_object_QMARK_	bcbccb5e3e1717b81900b40f8c67a4c09a47d2cdb2c3f57c53f5827ade818837	d064f6c58244566139bb7031540d905585e7277c2edadebd8bea16897ca3d186	false
datomic/datafy$define_data_to_object	80798379ef4d069e89b4665d3c6e4897c4cac020ece8d6b0779719243589c693	83c132c08933dde6a1256911043e735dfc3ab918e2d292703952834bf74d6f39	false
datomic/datafy$define_data_to_object_for	b0a7b0bbe9d1e8111108dd30923f8d2a4d18a929f778d21a60018cbc94702655	d7585302a6b3ecf856ff8bed371df84b55d32d752761d6cf639da9601ef14fd9	false
datomic/datafy$define_list_valued_property_to_object	a32541612b111278ea7a8f8af015115539bcd150c7f4dd6234d7e91d1cd11cf6	647aec0094bafb152cabcb5522f51162462526dd81a69397da84382efb852f2b	false
datomic/datafy$define_list_valued_property_to_object_for	37e0d35b7180d6f5cf46c6b2deb275b2986209a6d2d5801b6997a874d6855c1e	3bd0b10e3883522ec04db004f09676b686d372cd8611ece19064a689557b1b17	false
datomic/datafy$define_map_valued_property_to_object	cedeaf2da76cb9177489f2d0d6600fcd553900074d89a10386d15691b585464f	44eb462a9c23c3085783c972a9c8cccb38fe4e7b874fb51ab10c5491a1b52e81	false
datomic/datafy$define_map_valued_property_to_object_for	b72855f1d9d50f81e84a1e05b56e996f678e8ebd9eda0c52108de293d2e36645	b25444a4224186f5a05e46665ca3a071bbcec626e5ac6bca5cd9b6d0e6b3fa98	false
datomic/datafy$define_method_to_fn	c78af4711b9fc833173cb105497cebc3d5d3e19fb3b91ce62ad4603f0f63d02a	44b193674e25dfd39d804df2bef19fa420bd9cd54f2bcd5a7722a5f9807502ac	false
datomic/datafy$define_object_to_data	80e240f0e80dee72639cac86d4927c3cab13d009c6589cd069073709acb3a41d	438b067bfdeb4414799673ff5bfb6b7a67fd2dd83cc0b175f1f291851f33f69c	false
datomic/datafy$define_object_to_data_for	df6c1cbdf052f4f3f86746832645a0b035f0757874513f6967dd667255f9b6a5	d48961bd3c88faea5ac116927ccdbed6dde770f0e98ac1af84d0849afa773fed	false
datomic/datafy$define_object_to_functions_for	e0ed6e1efef1a068de90157197ad08839e22b6e58c46192695a194f71c7b296f	3f809486cf7c638bfef47f4d7c2c6db76e3dec7abb0f4b55aaddb8bca6fd64a4	false
datomic/datafy$filter_overlapped_setters	8b1e29ee037b3c40b91de6c6912d552d82549b60f5bf748a92f97780a9105cff	2169f104eaf7ebd8b4c88c3e61ecd9950e368296b31f7a477d0866acb1cc9aad	false
datomic/datafy$get_java_method	1101eff3a8aecc4415dbbb38537bee519db9bbcf2964c62c059fe5b714005310	f325baa999e528d2a6d55d2b8af22e7ed074249a04b41cdb7b1e55c0af7c995a	false
datomic/datafy$getter_QMARK_	f7912bd9d0d294559b7081d208b50d9645d979bf90b339179d02141e619476f8	15f8c71f4170a0ad190b9abebdee73f724edde4e4dd6e091c7e32d8fba5fd886	false
datomic/datafy$getters	d20f39d77ed2ee071daadf73ea9e0b13d4418980c868b539e2f7497289ad7e57	cd63bc70c1963b003ab3001ecc9faff4d165b7129afb13ff804f8ecb4bf3b4c0	false
datomic/datafy$invoke_getter	d7267812b34b0190cf36dac7c6f5de0831010005f7f1a319a141c5e3fddd43e5	9344034b9d539b9f03cc40356c7738b1982175d9c040c3560497e89bfd9cab16	false
datomic/datafy$invoke_setter	0bad8a5d0530cf2fb95a0f70dc104ed129828c7eef78ad47adfeae2d458fee13	83559e3cbe8bcd2123cd742a28b09373685e45865bf346d8d0a789d41e029a4c	false
datomic/datafy$method_input_classes	8b119f7d00c1252c8e3edcefd83afdc7cf0980215c3dec7edd1b7fe09ad50283	15bd8a3c9bcca18fc4540d5b788c59adba8e7bc13a28148770c31f21ec217277	false
datomic/datafy$object_to_data_wrapper	04cb4943c4f4bec95936f7b5e02c4b93476f4f2228b3e4ad5cafad2dafdf4e0b	89de68bae0968c13f083b7c8ed99ee0e2b127ca566cc7568f09ba06f34c9f63c	false
datomic/datafy$setter_name__GT_keyword	af94b70b842596e0e3050aedf9e4fd03496634f94eab06b39acb45ca6a303c65	7b3d2b89f789fc69dc9f82aa3df80a59ec8ce21148414c95fadb4155c754ff5c	false
datomic/datafy$setters	cb536067ebae404647f02fe4995a78e373742e4309e5b430b4fb9c923a5298de	7df36535d1e1baf11bbb2293dff3d04e4ea4bb6832d8b180c17eecc49b17ea07	false
datomic/datafy$type_descriptor_category	3ee19af297b2d39675f3c639cb06c3023e230b85069a6e8125cc7d003e7810f1	54ceef7d330b0befff3998bec4c3024b208108a466b2e461ac0df66882e21784	false
datomic/datafy$type_docstring	4a467564cd61e2f508775bb6563c7d9a447dee2e0b80c934196d48ebc7ecef00	3fbe3d73103924bc52b26d321c56fa756c2d48998e5df0e41c76ef6d28a9ea88	false
datomic/datafy$val_setters	add3d820e3aecaa0c5bcc03709433dee9f0db7f1496c28d97200790e283d619f	a0525bb0090dbd1b05acdca93589d9b6354976a592fc1b2ce5878913447f2344	false
datomic/datafy$vals_to_bean	d053b385edceb7ab79a64dbb748f36b0c91304c1f0940ecb959b7fa80a47506d	94e4905097d35a5c003c5a3ee59e1788a1d715c5389f386ee86e89898c886fc9	false
datomic/datafy$vals_to_data	2364bd62d28a444a8599db2c1a40f516a81edebcd581db5672df98a6423b3378	21624c20c2991fcecda3fda912774d73b2f04703f5eb77004b6b432b111753c0	false
datomic/datafy/ObjectToData	95d34cf23cd2e2d7a4351120f0c38292670389ef8a58e40f00385a98fd5c9a6a	1d8676a41ca4cf828e96d585b9b16b9d8866df82ceac7939ccb1f4dc3e836a82	false
datomic/datafy__init	1f3465511f95d0c8a093c0a7ace328b08f25b0bdedcd795942d94963a9463e71	7e2be0f7f5805f19ffbd3459859b21b83d7344f3f1ea8438fd5fb71ba2a03276	false
datomic/datalog$add_rule	be45590c985c28c1db574e84f899069d378ee4fb9791b750ed95be77b352aeeb	c4a6d0c2c2112daa49494e5951adcc48f676e6cadecc2b54a30fcb5d2b9b0ef0	false
datomic/datalog$adorned_pred	834db9c489caa3b7fb1306b5e7e849734835b8a0b895e9001df7dfcce2ca247e	828146016a6dd06258224888fc59ab6d633d16fb225b856593ff31d3d4575022	false
datomic/datalog$all_pred	4c4b546a2872b03a22d95159396597b65bd80c4b288556efa4e12c1ec6c4c038	2196ce42872be3918a5bd4caf7131d1ff44063c39ba06b4117d0642a2be15abf	false
datomic/datalog$attr_QMARK_	a054d76b8a0462a67588eefd069f97f198f3f37637b079e1ba5e7f5ef3034e9e	1b1920edf094e11253a33415c1b48713dc3aa16abf6319c68daf21a09dd65faa	false
datomic/datalog$binding_type	d1484bed746feaef79c033caf0c51cb4e93409023a1c72d7b7561682a2721057	9ecf6b76bca7b013732b6d57634947deadd16e9e1453a51dc6342c4388d100be	false
datomic/datalog$bound_consts	758baab2e1e1821990a235e83ab244b0e4fb58ec21fcdde1d2f6c992af5da328	aca4ea179152fec5cdeeac2ab6b8512ab780cff30a372469b3bd2c74c53896bc	false
datomic/datalog$callees	e49a08a12c2cc406a239796475034c7cb15ac8994ab20b9b1dfba3ce918d5953	3fbccf8908a1b8de6745bbb82aebc2d8914d22720e2bc23389e0ea710b75c2c5	false
datomic/datalog$compile_expr_clause	ffa402eb66bfad9ce81e90cfe292bbdd542a6984f59cddbff258bf5c10dc0cae	cbc0ce559b50f540049bff3a96c29dcf5139e530e71e908fee817dc1fed0875e	false
datomic/datalog$create_join_maps	c6430509c9607fb888a6a601bf80c51bc6027070e5616ccc6a181e4a1346a59b	97ae21a722b4a950644624fea285d67bbb34d652a030a0c7c43f19649d7b3979	false
datomic/datalog$dbrel	61d8e9cd11fff6de332b18a8ec9cb3f5b41f22b9a72469f833c26298151ec798	9c3a82e71d770cffcc2ddb67b75d6aa7860f1aeebd779c93941586da1d601800	false
datomic/datalog$eval_clause	b89e0a355fa10366374e4ed2bde4462f8d6d24afb85c50e501cab2d7798e5098	52f7a2d0b7adb1545259e9277fd543a705df31ae6581ba7e8f0cf4f298061b0f	false
datomic/datalog$eval_not_join	3bceea80dfb2928ac2a64ce5be9c1b6f1f543276ba5982c7adf655294fc674be	a25e6331fe306fac2415c5e35991e0044ff73ae2f2a2efe0431d3b99d2849656	false
datomic/datalog$eval_query	0f1c4b6f46c3013ed9c26bf482b0366fdf125be5681a66ceb160efd37640137c	345e52aa532e3f9e36a40b5946afec91bd0da2260d7d4cdb486f0c9457ef7354	false
datomic/datalog$eval_rule	e77ca0c16c77f07adb6cf788ad8c8d2ef0bd71043a52924a1dd089764612c36d	4f130cfa92973b979a3b7068858071e2d7fae5716714d6443415a795a4e6bb9f	false
datomic/datalog$expr_clause	d1ef8c36ca5af374af62ddd603d2ff2687765c0507441c4ea15f774889212fdf	62068d6e39cde98e6a2dc56088afb2383c94120aeb8269a716264106c10bf892	false
datomic/datalog$extensional_QMARK_	94d79ffdf955b0661ff04803e46126b809e5409249536f4fabd3831e40af8e1c	e8a5ebd48f87a505d2fc365f12e2d5f7cd6638853bc1255aa608a8a5ce7c68db	false
datomic/datalog$extrel_coll	53630ab98a7f77fa836c4a6e9e6a185798eaf6d7854d3ede904f4df1ae38c7c6	6b53cefde66707812348480d3546b990a7c9e65673dc50a2e468a001d93c66d6	false
datomic/datalog$fnrel	06eb518cf8966bcab18584e024be84928642a044ba7135e5731449c6e6f6e099	4c0e2dffa7a5984771b8e60380538e187dea1ac27b1f5b1cfe55283ad402d828	false
datomic/datalog$free_var_QMARK_	8ee7644545a434b99351e276a29ea86dc3c5a7169e16b3480657a63dbffcb9dd	718a97347c17c757df7c84983a41c83c5b93ea0664e664bf0a98e7147bec2626	false
datomic/datalog$free_vars	15f08174668b13200a430b038fe8512ee7120f31de20337505cce8bab71f8acd	20e6fe43a756b955543c88fdb2bc075edc9f0c16f9cbd3ec1e932c0ba292153f	false
datomic/datalog$hashxf	76ed0822788e1679b698a2fcef3593ec84c577e909c2090b1d846d5cfe672d5c	2a4fd925e5b0c325f8a23c2b45465139194b562bd28e7e1babe1816fd92b6756	false
datomic/datalog$hashyf	e6432b1b2bcf7ededa98179e0ceb5b19faee1b96d1c19f9baa87f6367e3adbcb	4fdec142078dda56c971491679afa4d2e08df77811027ebf70b6e43f195d636c	false
datomic/datalog$iterator	746c9dd5b0e9f8151b81ee8423abdb5602919d4c5f307bd8929b28a711e0b0a8	04c99ee28cf5759d5b6721e3849a8367fd09b32fef8b07c58ee480b2d91fcb7e	false
datomic/datalog$join_project_coll	239c014b76807cbe8698fc462cad17fbcdac055b91cdbbb2cfe20b6bca8915cb	30f2d63649f38cd4f32648eb0b31e9e1550c9d976e45a1465d9d509542d7df92	false
datomic/datalog$join_project_coll_with	88e85aa969f4403126f2530a8d09dcaab4793fce9853ffc582229b20b88b4e4f	d8e665a278500996c1b1e7231edfa29979c9063c32f444c9da0457ae0608c11c	false
datomic/datalog$lift_consts_from_preds	dc94e9a81c79dc798e20e0b348582f2026e937ae839ebe80d7878146cadbae46	a7f540be5210678e8b32abdff3a29589d78c45437c7eeca0ca05595eaa4bfc8b	false
datomic/datalog$matchf	1742c6ccbee482c066429f85d8da127664c8bf62fa94825ee1e9f381cb85084a	261b755929c089b14e2f7ae967c9100a03ac67edbaa1acca7433cedd3ef339c2	false
datomic/datalog$maybe_cancel	58f47b80b41baa967066afa8f5bc35a78c1ce7e1b41a14570845e8d22539d4bd	f8648e2324ebf111886539bdea9c1eac7a5c9710d79bc2a2efea9da68991355c	false
datomic/datalog$normalize_or_join	281a3f012d10570bea406b6de58513b9f8b6f8f88cc8660b00058e5f16cee4c0	e15b7acaafaa68ba55e558003e5fc4411bc519915bbffe21034955ad6f2dc8a0	false
datomic/datalog$not_join_clause_QMARK_	9c23d26f2de298010c3604a9dd455308e0eb67e6ebbb6792158836e21badc60b	718df497d2b0060ba3fdef9c6555ada71aece32aedc56dfb1afcaebf8c4a7b5e	false
datomic/datalog$not_or__GT_not_or_join	b72212de4f4c9fa3d84b98412a68c3b3c84033a71eed74157cfbcf16be7375bb	4e3d1466302768fe76a9dd9d401bf1791a7b3b03c3186b67fe42e29044786093	false
datomic/datalog$not_or_all_pred	82b8d4c31dfa126f5a5ad2d7fde8c226ec841e6a084d260edde1020f72157b76	6adc329745ac8c40a0481b5ced1e7ff8079f5f4de432d6efbcda02780734f066	false
datomic/datalog$on_query_thread_QMARK_	358c1ab312e2dfbd51131ac734ddfb6e174d8092b8b9fbeb33c910439e56abd6	bb3964676a387ed79b29076bfb63256c7356f2b388c4730b1d9b02e00e8af537	false
datomic/datalog$or_join__GT_rule_preds	eba3952fc2712c354c71511bdd80a5acded4fd637153b547043b2fe690762116	33c453fb01704584858ea57c15c486fe427c8ef24c7a3d6f648d18bb6fe79464	false
datomic/datalog$partv	8a7d14f89ebd6fcc180c1b609b71821b165b13e0b765593bae369cd6e4483338	1fda2b376482178230bce27868ffa31dacb7e9a87b0d1382139a03b099704312	false
datomic/datalog$predrel	f0027d863dc7c37d6b1b0e280d630c0305d95059498c621c2cd68b5e69cc2e25	42b275eb20185dc7de12073b9352ebddfe9185d25586d00e8979779a37a64b10	false
datomic/datalog$prep_clauses	a547eb7da10ce6d75f7828dee9073ae64e9d15825dc6ec3b1d066fe4614e0f9b	be9e988836fd491e404b78905d2eeff97970953de819c28e92cf2add0687245e	false
datomic/datalog$project	f5370095a195f4cced011e2e50c68e0ee45d2b589acac9d41be5d31f40144a24	71c9ca6648ce7d42ad40df1f090eb1269009b37e31e1df04023a5838fca4c4d7	false
datomic/datalog$push_preds	54e761e859abdd972da56e7648e2738ba4c020e312f46ab0e991ef4aec4064ed	5a8fb136b979dc9e69f9b234a467b6b8bcb1fc7b1faff658be3b383bcd8465b2	false
datomic/datalog$qmapv	ede437c3349d3d1771e658e58b4aae240ff4ec96bec73256a138af20e5990416	d08390b02fe9999eb83b92370edcbb38d581f97028ffbdd041994846dae9585d	false
datomic/datalog$qsqr	2cf09313c6b214908d4976f3d3d92fa433880d43c3961c40e5cb8ccf46925044	0fc2db093829f544369769c4ba5fec557405cd783c903ccf17e238f7cb7e10a5	false
datomic/datalog$ranges	e873c339cba818735dd51ecff26a1e56d366eff6f34058bb0580dc2471308d1e	c252bc160501c85efc8282a54f2da2189956e91b9c2aa9a0a0864ad0a37c43ef	false
datomic/datalog$recursive_QMARK_	51da2db7df14f724a9a616a1a785296d95f3893c336c66b86f5bf09eeb02e711	7e54fa7d528c5aa5f120534c92c7608693eaf5894f622364719e6ad90a528809	false
datomic/datalog$rel_fn	17e9551a0449bb468fda584bbdbb32e38982b75f08e64d11876e620970cba19c	0231aa6c44260973bfe7b0cf75a351d5c418d32b082d2e49ee620cbbf7eb2079	false
datomic/datalog$rel_pred	eb3b23663104486b48919981074e658dd56899a8dd5f873a992fad4720d2ba0d	1711f76203fe22ec43e98206454a263c6ceac8a51357ef27e576ae117e68f870	false
datomic/datalog$remap_bounds	aa9afcd332f71e7bad9e013a659e8023867fbdb82b77e91ff3654c0eed3b591e	2b867eefd4dfe2658036430182152421bd1db3cec5edea4f74e2f73b58442210	false
datomic/datalog$resolve_id	e64271845fc0562afba767b1142e6ba8c766bf85175222a57bb2010526232aef	306cfec6e27375519f25dc329edc7b27aba9a4ffbc6a5daef4ebb0d166687a55	false
datomic/datalog$rule_map	c11afe7cd3945b06ad51a7d579e4da030e81e6d19816b003ad23b6cc132f859c	bcae365adc2dbaaaaa95c93c4372bcd3107010b581222bba2621d09ae5567112	false
datomic/datalog$rules_QMARK_	b4ef328c2fac80325af2a22058302cd299141d391f5b59652c581566d3fd5127	f9c15d0a6609ce6dd2477240f30e756783ee9bae4168ab075e3ab01278625e40	false
datomic/datalog$scalar__GT_rel	abb7398262ff5e12723013482552e289669811527e517d1df8a081143a7c3d00	948f66dfa68207c433f6e6b2bdbef6e60e724ff49ff01b6caf7043f02f64777c	false
datomic/datalog$sched_in_order	70ba860006b99bb7ac96169a63ffb65d17377ae1139748acfe0cd8d3c81f54f4	e9b463f8b9b12d94a8e9ff8cc0fd69e0c64fef6948b4a3b46afc1f1bc2ff5b45	false
datomic/datalog$source_QMARK_	c39b479eb5d7dfc044bba1bd11611009454120d7fb1a68abe7437fd4d901193f	8d59030ffe1239284e3d21fa767c20326683b18d7e215086a524dd67e00c71b2	false
datomic/datalog$to_pred	a473dafda01c5f56891ddd0a9248a90eb964b61362fbdf5dd34f768e4c71d7be	f94483eb7918299afb61270ef50183a2c16caab1a95d82243022e8dd51dd9421	false
datomic/datalog$truep	596d59fc29c09460bba717b3e7502c9f8c3f7a0b8450a2779fb1bae586213670	b27c9edc2266b7b64e412d29b071634b43611f82109de0eb22c1e5f2c18865ac	false
datomic/datalog$tuple	712643a809913a3d1e158d85368f7069b5ab08311fed8b5ae199e944f3ea3475	376fdf2e1442715fd3b4d4d2a441738c4f65f8cb2b238edebf8385efc0c701ce	false
datomic/datalog$tuple__GT_rel	e44c8a0195f92d021a192cc3ee51fc06ec94ba0cc0433619dc33f8cf7f49bc4e	edf572e433274bb840b20a92f9114038aede8ab7bf15d3fd17eb6b6f03c9e621	false
datomic/datalog$unifying_var_set	e01a2bfab872e525f8f4b2ac15711a9237064a4e16600ed8133088ca1f8ffcad	5781cd4a3aaaaf959bdb7f40d4c0c73e66e4ab1f6b3cafeadbfb6c3a3c9eee87	false
datomic/datalog$unifying_vars	c3468ce9c9fed5a78a7df6f8e6856a9f0ba5307316d5f2f9caeec12371ea212a	53c9d2295597bbee96e2a8f9db5d8b22b0b8d3fb013737c6104fbad086e0408f	false
datomic/datalog$used_srcs	84b354384237414f62c2aec542610b6b32959d9756d1cc9fcf6c99f4d30822d2	2ef61431e2d8d09d959e87a8cc35912cb8efb1a9a38163cf85c785244ab5282d	false
datomic/datalog$variable_QMARK_	b210aa7a2031df964b1e5dce575d9b8ac9e6a19b76f05c58148798d3b4ca46ca	3d120c62ad06464fe27da456479ccb34acc7f6160ec1352051f0f11ce7972d15	false
datomic/datalog$variable_or_blank_QMARK_	6d79f1c97ac5e17b816f6c70288ad0d91e3cdd558126f2a2f684862beb1c7b34	0202d961d00fa45b73782ca581f0870337e954c3ef8123a33d3086f8a4ec4649	false
datomic/datalog/DbRel	c0dac6ea75085e73ef6419a3f4b659acdc55bccbac958502140a5baf7c38722f	1483592c345de01f7746c76c4bcea96905309fee1362e1a61aef566d3b1792e2	false
datomic/datalog/ExtRel	a9975948c91f2b47fbb93213a77c5e16424bfa46eb9b3b5c3fd5ceecd8db26bf	cd51a25a5f88191590936fa7cbef8e4b86fb4228a8b0ae4244cc8e66b6a9a4ae	false
datomic/datalog/FnRel	16c422b8dc1aed78602dd500ce962976041133cd82a03c9e11992e6b91fd2f8e	a9fabd7634cb0293883efd73b323c8bf800f9d00de6702b6ceec7867a4da427c	false
datomic/datalog/IJoin	3cdb535b1d9f157f5279a7a41ba48c65716ac255a8cd02a9f01d150fb827bdd4	095aa94afbd88d915055385d53039f94d5195e70565d4ea4ab48268beb0c9fad	false
datomic/datalog/PredRel	116486546a4b5944a15cd278d51afa34922ef0eaa88198284fba3048d0813348	4669565d69721de645c93f242392d67669d6b6eb48046680b32885fc9213be8e	false
datomic/datalog__init	ee8faba4f5ea7527c23461ab946ae7a681cd48ef41d8e3c0f9cd93d5b046e167	f33653c39ad0679e76892d0e7fef732014e7873b8fbb8e60b680e28feca3ff94	false
datomic/db$accept_data_no_check	d9b298b4ce1b58226893459656fd3eb77531f44d9fd8869bcb1da52cc0b6262b	99f4910cb687c80e4056fb860837cb43afde8d4301c5ea2680a1d2d84f2778d8	false
datomic/db$accept_index	b1531e97642d3cc558479560dd8796e5dd68c4bfc7a3fed0e7ad65e8109bc8d4	4b7c6dfd743d7007896075da95c69ae87f9b5b3a5747f2c77620dad0a53430df	false
datomic/db$accept_txes	0f9fe12e5e03667f391af4fa4a4216ad1bcee164aaecc64b32c5e4f7d564deb4	f4f30f8cdea7df01bdf26386d9dce2d5fae59cd1873796b52b1c9acb93af0cd9	false
datomic/db$add_avet	d56341b547c73c7a560d1aa49d8e088165f9c1be8655961f59c761f297f14d47	f43ea883e9fc3c4776a2be7c831bb890a4913bfc2ac94965c625df61920fa1ee	false
datomic/db$add_constituents	4d2db53f145f5604321b0f3485d43394db710c7cdac1a59326d11e07f77348b5	de8ac69443a13ec6a2ad08d106cbf0c7ee3cb6e99e33680ad7352dd9a8b3d234	false
datomic/db$add_ensured_data	531d51c0b403873604f894b37291d1bb688c831ba3418993444b1fbbc36736f5	99256e2782112adb3d85ebaeea7b13ba2306adb8af060db79c0f274df15a9d69	false
datomic/db$add_fulltext	c102efe56329890305bfc02cbd47b27a83c4c4f0c573b131f1ad873bb7d40be2	01a153f471e2c544a25512922be801585269d5c1d8f58502b44f222a046e0b3b	false
datomic/db$add_hook	523e9b3c0b6eef926efd6b8469849e4af8afd1ae322c3b9a8edd921c83535e9b	ef143d557d9be58724d575cde19cd842ab6031eeaaffe48029c04e32607288c5	false
datomic/db$add_log	55740c4ce78463bcca60a70ee9b8f431af8e994c3a06ec37491ea650887b72f0	3c348adf16b7bd015532e3dacdb477b30a958547b770c36807f6779694203890	false
datomic/db$add_system_eids	49ea3be2319b729be07732ec2b3f1980102afa0bc7ea08a0645dddcc124f482a	2af7dbd8873909a265ea508a71aab0e87bbdf15b94dd493c233527caa72efda0	false
datomic/db$add_tempids_to_errors	dd9aa18f27bb5cd2bea13f3de721906ea7da3ea03b6e7e5447358219ff52c5f3	5559af79a4c336d641e243b461a354474479967d1e851e9dbb93fc7aacffd9a5	false
datomic/db$add_unique	9d15637ecece99738ec5bbbe84235caaf9869bf3c2f4566596a0db2603a48fea	ca48d78cf202db7bdc494c303e4e4e3de4909f5a5cda06c5828adbf89675454c	false
datomic/db$add_upgrade_data	ea16f407bcd25dc592419063d42cdbe8f7834c1262ab541537e3190a0ddf1ffb	bc37499e36011bffdea1018e266056dd1ac78b9ed188aecd2502b3bf6338285b	false
datomic/db$alter_attribute	16a75ff97c056393eb397c2a53aba4c6ac44afa7da3f7ff7e4ee7a36e91f8b90	3123118506d17d21f613c6d7a344dfbeaa93a6d52fe89531880377d573783315	false
datomic/db$alter_attribute_hook	9ed48e86fde41fe5406e0c2a012991c78c67945fd947f921b89c84a7c8e8baa7	eff87a86025b2354062a4d79d5b7e3805e4469036db44e4a002d3581242514f9	false
datomic/db$as_of_t	57e24b4791f6dd163edbbff5e66fb0d46ec065663482564e1ca6d9bc88b5597c	36827a1ac00f542a0a0672f4c451e532c228a8683f01df1fe192627e34127473	false
datomic/db$asserting_datum	221a6473a5b34ff8a2314c23b8e6224b88f551952111b4bfe21b88467d50f4a0	e511fae2f5719870704f064c7d5df116e977999419f0ef88ae1ac60c3b1701c6	false
datomic/db$assertion_QMARK_	32430ac28308110038d80e4f1e857e87dc4c0ca1e4c6a586542715b6b7d52e3d	7b1e01f82d88072eaa8d8668a8c3b5c31f1012d75f344418fa99cbf6d24a21b9	false
datomic/db$assertion_policy_compare	ed9003dfcecf99d5a66a908a6444137a8529ff1728e0d99b2207f6b68eb57b64	d57d6709f73f345a05e96482bc04fd78780ee173541d91b02f96169bf56dde11	false
datomic/db$attr_hook_attr_ids	d2be7ae2dfdbf3061fb57d2a83ece2b1ffb6002616676aae85b9a6c41eccc10e	2bb9b7ddf703b1f516f0bddfd91100c0fe7a7cdd26950d82529da2e3a420cc43	false
datomic/db$attr_index_range	d97574411dbdece218b784c796b242777a578e4030c112a1a8b330bd01aa73ee	42b9c4174606a43d7d8615d74b8590bcad0bc952aab6c22df3fd0767c8d180cc	false
datomic/db$attr_info	20c091b2861182302a6cf6038daf16e5894f7539e50ccd56dd7108ef70979a0d	0baf38714ff65efb83adbe3e539a8772f746d013395202e166d346a30020996e	false
datomic/db$attr_tuple_attrs	c522bb072ef78d739cdbf61f8478f6f3eb48bd99a203fdf7346d67c63f4db63c	fb88b8d1e176a91993ddf44e9043b4ea3bfca9169f0597d86c2b9d89f1d36f65	false
datomic/db$attribute	9d82e1b66218e04f3e779ccb08870c7ddc4093ef65cd82d411de3afa1958db79	7057155b1694a9cb4d4a41642f94e55df5e3bb3a18d6e5ad86202b41c3540cf1	false
datomic/db$attribute_seq	ec337a676ff0f65458190cc982d8bb0ee957f254509a94148fef4d2ba8b2a389	9477ff24f5f457703da48ec346836bd03ee078bd713f2ca243c003e5fccec65f	false
datomic/db$attrs_missing_hooks	dba614340e94a0a906d6da76efd1f757e62d8ecd8a5f1d18a7c38152f7c726e8	ebf83cee9ee7f2435ba4837d7476c48621f235b1850a3a9e5329f6f0e4005883	false
datomic/db$bootstrap_db	a5a20faeb297613938e55fc742d84ef4e973570c6b53aef3c74f807e181c14e2	415911b703cb9953ba1112947099b832639678bf608d616d35f546db1dfebc4a	false
datomic/db$bootstrap_db_STAR_	dfb44a5fed4d8d06dcff1595cc04cfe6492a19d4288fa9990e5218cd89ceb295	3f41040d0486f97399083220bb7f3979edd727bd93353ac5b6ce5c764ccc3e69	false
datomic/db$bootstrap_maybe_resolve	e526b39cfaa6ce34b4f5639e3e594a689c3d83cdab3f083880089e71e01f0645	1f05f8549c5b794ec6ea897e67723f98533d7a88ad67d882c6337e1bf9319838	false
datomic/db$calc_tempids	60d7d1ba42715ada51581c892bbafb19196de677939be6374cfe778875bbdde6	a7bec53ca20acacc069946515785e5eba0a21520ce0f97bf0a468b6b0a8a5091	false
datomic/db$can_immediately_toggle_storage_has_avet_QMARK_	6d57e6dff0e01040b1f5d3e7de42f67d6fbcc7981ababc268a350028af77c1bc	aea202d2664bc4d400250543642c8eef3babccbddbcfe508042c1e6a3d8fbbd8	false
datomic/db$canonicalize_v	ea2402646a00bab12973bbbf757004e298305c0edfe089306ea2d38ab42d263a	9eaa0241a0d0d23cc802b1cadd07281cf0837f6024c2f598a59b11ca33d7d628	false
datomic/db$card_many__GT_card_one	d5942696dfc7b48dc8f83518f61919abeeaaa7622330a806ffc12b14d01c1fc5	882c228b6fc0f3ecddafc976c96237250fb0744c99ae8c09e620170f56c12a90	false
datomic/db$card_one__GT_card_many	0d2ff431f67b943f363db5b7422effd9ae40d9e1b3e40d599dfe22d1c9f46746	6f5632908fae530d07a42faf625f5accf4dfa4096c37aa0500759ba3f700ac0e	false
datomic/db$card_one_violator	6348f6eb922169f349bf2e3667a45b2a5a11531706bda3e91c26a597d9ce67ec	d3462015ed39e73005fe26930f37d231c9d166833302dd67006239af9d94f895	false
datomic/db$cloud_compat_validator	24e75c5efcdab074e813fa937635acd4c1820eb7ab7558802adfa82a4d6478d8	1b37008a1cb0a1f1b8cf7486a37ac36cda94ae94abe175228ef697f1df1a111a	false
datomic/db$coerce_tuple	65a3346d56efcab45581dc29ea5544c11b31ce3cb4ba145e95d0aa08eb7909a3	b318b62925c0a45b6292125306933e16b78273266f33eef41a5b1902ff9d9983	false
datomic/db$complete_indexing	9c98d66a5089492c7bec290b62aaeae41d7d5808db3fde218c42265ce0575721	849f1be46b38b5a038f3acd53543b4aeaa972bdb4eb4fb4131fc5cce46aaae83	false
datomic/db$composites_prefetcher	bd5422a9d34209f80a69d5e3d9640f30febaba557bfa1c1c6e03ef520ad63690	99b0c66e46e670f997195cdfb567ab5f3eefe8411ab36352f691283c60d8edf2	false
datomic/db$constituent_of	3a0bfc10375b9bdb815e0fd3a1aa257fcb3016769d1dc87ffb24dfb1895a5c7d	b8ad685274ec526461eced7b9a90a7daafd7c20db9d06b3db7001be2ef551ef9	false
datomic/db$create_attr_pred	27dd7e1b76e246166a720546b95945be63735b3d6b6cf717e6ffbd9ef249d0ee	f5387793c4555199362dd9a1477d4bf9db06be361ddec1cff7618922e78c7ca2	false
datomic/db$create_attribute	0a1663ece177d3f14a7d37254430002df837470772c596dbdafa04a4b110c761	36583cce6f2b67d4199e867ffbb62756fd9614af3cc431b13ed878ad044e793e	false
datomic/db$create_card_one_validator	46977f5f9748a49b550a01d5895c20e3b3331782532dadd04b2744073b498481	d13ac8582fe1d9a13e308fff1ed1b3823618861916f0a113a01cfcd7623ae21b	false
datomic/db$create_cloud_compat_validator	2a024ba0668d3f3dcc23e151a29b6353e44f53185e5b120db5b20c615e2165d5	7eb13cd7af4ab8efa81a0a513fa9f67b26d2043c61c6476ebcfe0a449f3a7ce4	false
datomic/db$create_composite	7d89b41bb734ea67a8dbaecc0a19ff655413b6ef10d547a1dab558f402bbd158	3a331f1649492242c4023eb8be47b50d9e47d8517fdc8edd8ca037e863cafab8	false
datomic/db$create_deduper	07806e7bba3f8d08691339a819c293873765cc79b1d638d2be995dda078cd80d	e1623a415b468e2f46ce61da2a44f300ccbdd2b64102c353de75a0d5f209a9ac	false
datomic/db$create_op_validator	44de4bb93e22f4239d9d18022f99366167d822d0e75679c4a35df42f368c0922	d7068520e046fc79e9eaf1dbb4e9f1f1e6c17e93d408f70c8d671bbfc3e1e02c	false
datomic/db$create_schema_validator	a3fe2160afa858ea911b03fb20c7565f4b68e919d77908489df427b946a39cc5	9bee1a6ed3c33e4cdae54e09f142d6e1afa8c3285bbe1bbb6445f93b383ec988	false
datomic/db$create_simple_alter	95f2d521ed68868dec2942af44e66da5290072129f6c53825c378a41e025deb0	b9898cddabf90e850c5029af71b84dd52aebf0157eec8a395d9f13ecc059aa44	false
datomic/db$create_unique_value_validator	86d15c777096427d72275b17dadb09460b0ef1ba909f7bb72cfdcadc6c8492d5	4b31674fcdbe292e1f470346b9536f4151996c939744cbf261dfc5b96c6a5e87	false
datomic/db$data_needs_index_QMARK_	cdeec1395559db029eddff630b5a474c4e0da2c10d6fd517553338bb8a17907c	9764d8eae2c4da4a8057b160890e12d33ce10baa5c983261ec4a50b6791a3cf5	false
datomic/db$datom_error_desc	cbfef305ffea82b3d27f66b44e8d66a6d8bbf4d16c6c89c020ed075967093d70	83c4f6addc55ce817ab74c3068c28e44fc21c3e1fd68e8a25f7f87c1d4097e97	false
datomic/db$datom_tuple_attrs	3cb58adf160685114cbb0e660b5aea3d61d03031de58419cdfd3e7d8019c442d	3dbdc6525b1ab4971c25e269012c5bea82b3d23e0d650423c906825c923f433c	false
datomic/db$datoms	9bf0af3200e9a3fa9eb70dfc4b8971b1723fb33caeb16b1a619f35a963e9bab5	e1fed0333caf87a21d6f74de889684de7a606a547bd8e2ddfc36117c1ab0465a	false
datomic/db$datoms_conflict	4760cfd3bfa6b9ced800cf604ba14706f8c023e5e5def60e1fa098964bc0594e	4d3657006f607e4a5bcf134d47467c899648d166118ac60874eba87337599610	false
datomic/db$datum	91f2b887923e1b01b3ac6bf468db15a2f64bbb7c4ce15f2546e1db832ff9897c	ae5f4e509f33da84ef076cdad957ae8e3f55cd8e302da508c2066fbcf8ed9813	false
datomic/db$db	9097cb73a66096172a54905a185865e7628a07351aeec29b1cb0dd2084e3f42c	f0cc9d65d9219664763ed931a3f5790a841246ce015908c2acab734d0e088825	false
datomic/db$default_partition	6dbdf2c59e74d007079c286e42f2181e54818e5284b0d49e23935b23074dae1f	d991ff421650af138145ef318d80ad89fb8565231f6df8824fc2b4ee004f2cf8	false
datomic/db$dget	3a1442be8ee276a5ea91ffd6fb644f46ea3b510456702d614e88294f41ebb01c	2d5ec12c7425e500657d2e455d6d11f801e17240acfc6b60813eb8b3235bc821	false
datomic/db$distinct_last_by	ce4dfd6ff803bff24642f4701408c052d31ab9f52a75e0327bb0b95647b5c958	5c06b4d433d54c3880460bb20f1d1f45b521d545b26f600035269f39ef82fefc	false
datomic/db$drop_avet	cbe2f57688329e84cee4d68aaff76a110b1e64f580e33bfbe6a77fb872c86c53	ee0daba8f1b724ced10577ea1dd253b3a35a18f7d43941bc5f00e4a9a36ac7e7	false
datomic/db$drop_unique	f1cf17807358aa94c1674a3ee1d21ed8010ad5a9f37b161848d88b7a9e09e164	ba1aa134de687bbe59a4234a87e9ce4ff5cfb98eebf4f8b8ce947def0b176ba5	false
datomic/db$ea__GT_v	2990642599ffa79c4302d23d88b15371579bb01c7be0cc82e620cdd9be289e67	a99f73325dacad89e6ebbdc281751cd91a54b079098fe55fe969ded2fdf4a661	false
datomic/db$eid__GT_eidx	a665c12606e9473909b1c011f73eac7b28baa24afb80d598e8488ab22ac2b11c	aa82aeba950aaed147ba53a8949bf1f8377003eac360718d6730ae642475c528	false
datomic/db$eid__GT_part	a96cd160ba15a526680c09aa35c6b82d4eb67e358982a39d1db8eac70a28822d	1334de51f44aa3d53d73ab6fc80508d9b049d5585a127befe8810003c542f8be	false
datomic/db$empty_tx_stat_registers	2b5b81e063c1dfc79c7a71a8370d89af1fb53c31cdd61dceb3ff59fb93ec1a87	8349ec5e4a3daff90fc3cac97f9d5a774e095ef173d50a4686017c76a811f85c	false
datomic/db$ensure_datom_QMARK_	8e495e2fb9554769a8deae908cc906e36668419fdb178fe5a60ee2196d5c5126	3fc7edae7f0d2543d84c928ba9bf696d578467e19f24a6b63a7d7e624856da27	false
datomic/db$ensure_entity_BANG_	41e330cacf43b0642141d9199d1007acc3c9e8ec35d60cebfa90ef9db0517368	3954ec1df4e77f58a6fd1bd7106ee7b0d79b3ce7cb9ea0fd74ee9b1481df09fb	false
datomic/db$ensure_pred	ad6af74d5b23bc0573fff6a88a9f3e1643786c1bf62d26a1a2c617babfa5bbb2	88aee034e1837e63d307a57e08f8e5fe36bcda3c3de8072ad50b01aac91856f5	false
datomic/db$ensure_tx	dfee7217bf083c2d6de25b378206a4acb95725365e7d45e7492bd50772f0cf85	c9287b2b33ff4190a6fa5bad89f80c4232fba5ff0587f45ebd31307e035f0d81	false
datomic/db$entid_at	74de0d4f78b5f198647052dcacba7842667227abfc7a786f8a5ab5eef8400091	f69598d4426b76b736eb04ff81458a5ece9540c703330061f18e4acb34ef6a6e	false
datomic/db$entity_error_desc	52c54b7ade5fdc5f6fb4fac3d5549772ab939853033c8b26ff93a4b1fa97360b	ed61646309d689a0f8ee4773f5accff92ba6461b3d77a75304d0a67e87102579	false
datomic/db$expand_map	4eedcff3dac9a777ba91c2139a26097b85595043f3661b933364d931d084e63a	1f54ffbfc1322fbdbc7ac73b2185c0c663c5ed75fd981f4065f61cd349f3d02e	false
datomic/db$expand_submap	16876b24f5914224a3976f89fc1a13f25ebfa51c7b7454c904909e1fd9a44dda	c1fb411b2f4e2981ae6db7c297abd6fa7e9b94ab55634b5af7f0bd324aae384c	false
datomic/db$explicit_partition	b8d09edf22f1ba54a841b95e072ed096116e46736bcff98f3b84c79d844dfc64	fbe4b302a68f20c80995ffb83d361a7dd0c22b7fb051425fd19337887dacb9ab	false
datomic/db$extended_resolve_id	fdb9b64d646624b90dd3ebde10c7aa3ade283c75ee665ef817b1cb14b6eb7feb	431e6ccdd34baa4d3df0fc3407d070be7fc82b8451b9e631768ab272f8ca02e7	false
datomic/db$filter_assess_tx_datoms	e68f79bd317fa601af9fe332b61e7c2b78e59c4314e16fae2a71dae16b4bbbb7	893f8941ee7ce25ce02b71f151cf9f8d08406e32a87bd1bb2655c2107f463aed	false
datomic/db$filter_retractions	23f4d88f427034e1d8744de749c65d1df713f0ca6ae246a652caff9ada648f1d	10c696be18b0ad6c2940d12b5f6fccd1e99983e7511d65806deac24f97dbd22f	false
datomic/db$find_aevt	03014b032ddab36eca34b57d47a547b6cb14c8436e7638da754270c6f01831ea	751fdeadaa0c65121d61051b71a7cfddee7286b8d9cd2271e0e10dfbac7064a2	false
datomic/db$find_alter_fn	9592afd77da63577ad494facef3f5e85d92b1417b2048edbbae8c56980faf1e3	feb666a5989a40d32107dedb7da96c22eaa1adab93df35ed594af9ddd0a6f932	false
datomic/db$find_avet	36be75a9f7cdc5ec32340e69c9c4f9c07f1b705a3dfd49621b93871bf17afe52	fee5a2dce64b8d5de1bfc733aa5b3362f26bf99fc170457976a0bc0a3aaf39d6	false
datomic/db$find_eavt	77715967c2a1824428c7085561df9961247f2c1e7fb37d23a7a7072f474ab893	0bde61f18217fc7036482856f4892c6e9c9ca36eb166afe5100f1def5b97beff	false
datomic/db$find_last_tx	e3fcc66caa9f871c05a304c54700620e6c2a25781a7c8b2f67b7a2c7580ccd19	c45d59b99f087e8263e913b05f497bf2a8eebecae79ddb8ab0293315a572c69a	false
datomic/db$find_raet	e718db179e0dd908722d02ba24bd4ceefd41e27fe79aa5012525b38d71fea12c	873b44a5f9a48c60aa6d0a67f9a02567f424e0a1b220bbecfe1fa9e9c52afebc	false
datomic/db$finish_init	34fbb9ef6c385d415dfcb850c78856d2262e871ae5b476173cdc2cf440dee82d	f53c14a9eac8008592f639b628dc0835a56e2339a439f1d67040fadefab1b8ff	false
datomic/db$for_side_effects	6a9e1a72ce8ee6bb9cd0fd0ff29a16368d9ba0bbd508a5ed2b8f077749202ef9	e02c8e048a942a4246894e359c91e692fbdc194ab320a78d45b6815d5fe23bc2	false
datomic/db$force_map_keywords	1880bcff8be5c461467f4656182e24e96e0f008cff94337e15f5ef27a27924f1	2bfb3868b57ba64db87ef4659b25aa5ea7b1b9815bd2c478dc8dba6bf408d6d8	false
datomic/db$forward_attr	5c2afaff3a204b89ef8aa4d0db4b2f0e512c8b7db3fff7496442db6da6886b91	e627ad0a859120841f3459094cddbd1220644e1d91c765e90ebcb62e966b2685	false
datomic/db$fulltext_QMARK_	0200fd30a2a9841af52fe5e1f708bd0270acbf1a9b6ce23d73dba94a297e9da6	a40ab5d0bd11b5645cd80b8fa9d8a994930c9c1c70e8b1059f48b62bd15c382e	false
datomic/db$fulltext_attrs	0146ed158be589517ad91917ceb8fd7bd5f70fe02eff509afa087ed1661b5b1d	c28ca37aa43dc7730072742c3015474bff7c25290368a07a34813924760a8520	false
datomic/db$functional_attr_ids	c9f2a70431d312b833521539f216c417300754b5f33b0137f2776987775157b5	6544c316a5dd9646c1da9904217fba7b6440daeb7e09856084a344e9461368cf	false
datomic/db$generate_composites	8b03118767c8d216fc1c4ac73a2df89017f4cc31fbb794890e22ef2b4d5c1d6a	10ac5c65371c9cc239deb7e4860c7ece039d17472887c23ae3b6fcfaa6bd2938	false
datomic/db$get_eidx	7101984af4d53b99ecbf815561f9f74cefe2052085ec2f90a7cac458f1e98432	9ec81a24e8eb8506d2b49442a06a9a16ebb06f06d92ebe443e29364ef5387f66	false
datomic/db$get_entity	6939a2cd9b7cf6019c6460fb0a98c16ef29099db05768a00173fe9a3480ce1db	8b37b79a837bf2746b9072e6d0213412fcc1047e222e3a6000176ba3bc523b63	false
datomic/db$get_hook	687240e6a4568eaa54be2ed72a8d56896de5cf7b104514010a5fecf4bdf8b069	a54ea6d0a0e83fb76462544b1ac65f7c5e135ce8d1bd1692c7999c4aa723b215	false
datomic/db$get_ids	1e6d79607a563e486d791080a9a027ff47de0a6c58b979c1f7d049ddaf523e7c	9a91f045a7b0ef9e44c22bbe6c3fbb8a733c47107e61c7f389a5ab2b50fcd3f4	false
datomic/db$get_part	e320ac818d2609451fb7e3fbd36cf5b3c079332512a703b153e1e45bcea482a7	0528999b9a83248aa88b27ccee41959d31190b266738c2fc5f922b24f812a082	false
datomic/db$get_prefetch_dispatcher	8d5d73fa2d0ec439f8e91aaeece5a1a7326738d06b036d8207fbf091a1789996	b3718493969512ef407a50d8c496149d141fd7692f8404606061c2c806ba6d9e	false
datomic/db$growvec	bab7a8e460edec8d8e49b17b9bf545c45c5673d965e86ad0f5cbf950bbd10348	daeda6445d48851a7a8ed9d43ac79ad88584bcae9ced01c847df6ba90309f94d	false
datomic/db$has_background_indexing_QMARK_	3cc51a287fb05d7010c049a98d49b84e69bf31aa4440c5a85c87e2e6fa921cae	b36e9d029ba7e30ed1c744fe19c94ade7e71b1f0628f74adffc66b4601672502	false
datomic/db$has_memory_index_QMARK_	f79aade65a911f3490608379217880bd5402f8d441508f4f00b309605282367b	5ea6617d5aa3d5173e66d8d865f32d97ffa45c36d428138400a58a666b522a65	false
datomic/db$has_tx_inst_QMARK_	5bb60ae0c285c7e9f437ca8b3beafac347260bad8ea5b4d647c2bc95192f985a	400f8bfa028163ca5f8c31aad38e4550ef0962ba7adc198f0b808faf5a028e21	false
datomic/db$has_unique_id_QMARK_	d93a95c06c9016115f0e163e09b2eb338b6a94f3d6aba3b31107fab8fa8d3593	9ce9466efb96b41cb3b6a160e212bdc0695befa4430573c26ec9815bd9779928	false
datomic/db$has_values_QMARK_	550923ec1b213c63781f8e040b1ed655c3c46c6191d29b78cced4df564ef64e5	1592b194e4fdef6bd91b9471fbd9e2c0edf0050fa0131c04a88b5cda2e5092f4	false
datomic/db$id_literal	e22b958473b96cfd820bed249d557ece66d31047c566c0769c45ad2382e9e245	3db6707ab678b50626f5048b2cc94d2ebf32faf457bb9a316c6e16d5836e5844	false
datomic/db$ident_setting_datoms	bf181cffd5bd046541114e6a00facaa881b69c0a885f657d5e772690e81aeb2d	b5a2dc9a264ddf97f2c95b65e794544e18b47230dd54f8de9cd1d9dca0cd46a8	false
datomic/db$implicit_part	1d8ab2854d17d5da55e67883c1bf3eb21db665cbd86c84031a584b37d5857c13	cbf2f6a996b5e7f0e89b4835e00f77a6921b5f6b5ea5e90a1e9172fc9fc48c04	false
datomic/db$implicit_part_id	8325a8357cf1ca93322f846a946408fc1b0fbf13244158c2a397a7d84c80a349	e1a5544329a70be1137940bc2702d579ff4e4fe300bb0860f4f12d2db409624e	false
datomic/db$index_sort__GT_cmp	25fef544bf749618334c55b048fbf5703716bef527a90f9a317c53559e3bff91	165b051e2851f73465f3a6e54df040be4cd16deab4652cdbd903986dadcde32c	false
datomic/db$init_db	19ebdebb4a3330c1b904de044ade64d13c37721955858b912d3c0fe3021bbce4	de6b1beb7562526b9ee5b8a8348f31e466869b1480dc2a13dc73a13d7407ffc6	false
datomic/db$inject_retracts_BANG_	1281bfbac59faf1a1f546562c886a0ce8ab8474bab7467669090bb218ccd82fe	b198b29439796f4e01e26ec2023e4c2d6f6d5fa2427433de3a3b1baaf0bec5ba	false
datomic/db$install_attribute_errors	db2a85b7bdce655cf124cb91679616964bf8622ce869e301fa56ac5a7b82db74	9bfa937c76f694fb5f0af5500b58b0b8ca2f1446c0d542dc529c5e150f938405	false
datomic/db$install_attribute_hook	49b3c3c75b72efdc421beb99f31afa41fc18d25f57ac8e9117814b6a95a3ccd6	31607a843a7bd7b627fad5fe57728bf6d2ae84fbfbb300d8b5327d44009ca596	false
datomic/db$install_function_hook	2035d71c1d19957a84a161ea36f2dcbfe16e00294dc6001177917a56d3d7d777	5036a686a01b1c588dbcca6165066ea713b38a5b816b96a07f8f146f601924c9	false
datomic/db$install_partition_hook	2da3cde08465c041bdb1c43c7897e6a55e089f0a1ac6240b519686cd146430ae	4f04ee4dc4d1ba1a7467dcfd5e034b46fbb704b273b41285c15ced6a9d64158e	false
datomic/db$install_vtype_hook	3989e0d2c043a82ff76b8712217383ae457a8b8a5f33d3e5e77eb24f5099fe6d	0b2d117eeec7b77c07d72c45220ffcdc8256f6a8735d29ffe4ca7b583423c96c	false
datomic/db$installed_attribute_QMARK_	6ee57fa474340798ee4f79450af121572586b2a238ddfea8828aea243bd84b40	3749cc75960b25c677a2d660a3b3b49bc2781474d4efcc26052888f3cea5151d	false
datomic/db$invoke	6ee37b6430db7c60d6dccb93514d1f79758d0d0d6c18cd882f5f168defcdcdbf	81556ddc1e3c2580195483c83eb23786507ffdef18b8017e2aa465a746cad38a	false
datomic/db$is_indexing_QMARK_	f6e5e06eff95bd31440c08ef5883c96e9453ee3f66e7822d7589891d9297b539	8bf83c06dbbf93368bb846c48868cec01b77cdd0a0b3b44d8366ecaa60628294	false
datomic/db$key_hook	5b9f0f318477b5ba8e1cdfe321de0163ae6c2be22d48604aad372048b879e423	17ecb5488134f4b65ccd85854929b33bf2bc0845ea3865fccc3619e12a45199b	false
datomic/db$local_tuple	023cd014b1a98bf72851d1a9b4f1d34ca8db0ba8a8a5238870833cdaee443d20	db2b892734a5dca107d6477e923d3169acf304b4c1219da00871b366d64390b6	false
datomic/db$long_add_BANG_	63d25599ebd3eeaa921c0de011184af479395e8c4a64ce416705f1a952f745a0	fa72bb3bb91f1c1a742e148a7ce709ec782e5de267a921503aab23572311c9be	false
datomic/db$make_child_id	ff3b424d692442201751b0f62b191539324c42e929b1f179d9e6d3656c8c4b56	5e5e5d5b665be3ab9465571d36dc4f6cb8333419a6541e250128d28c8052535f	false
datomic/db$make_eid	aecafce31ef792362d2e1ed7f30805389ac1032edd5d0e8a92a3136cd8e86ae9	6f5ee250cd0b7e0bb376a4af5e7ca58f1292c42f70467ebc4dc8899cfbc93a72	false
datomic/db$make_tempid	ae2f7d4204ef04ae60dde2581b92b5f66c28b96f9e6129e57f437f4c9d614d2f	e152b5939517b1bb85443794da68bf2059e54d9d3889b0f04dd1a0a6a72838ab	false
datomic/db$maybe_require_ids	d9faf3581234cdf12cd54f5d07c6f651a3e02c86bf07fcb42eebff42957ff468	3635d267e1337e6b2949737ac5f168ad5ad1a1e39437374083f4c6dd9f91103d	false
datomic/db$memdb_needs_index_QMARK_	fb4ce7ffc3798e98b0940b4b8dabc62856966543f179b2e26c5d700c776a2f11	e37b16e28d822f3bf331263b946a271f0b486e0d8103e986283dc6739fb0d883	false
datomic/db$memlog	a2db023baf463fc70ef31316216fa97ccf8437956d85ceb289de08c637903fd8	3532f51cba69c2b91c658fd781b87d87cffdbb35d58aa6ad0c84a776a12f036a	false
datomic/db$memlog_txes_since	ca6e514636f4a0027f774a37e6a5497acd1ef620885e2159a802a07775e62a8c	2fcb3a571bd7dfea75f26bfefc034485cc9af220cdcebdd6ed922509ddbfb187	false
datomic/db$memory_db	6c3a97d9aaee0c849d865fdefd29df8af1bfc9c0de9cf1cebc0c0d2819a0cea4	759f0c276a6523da1291151d576900f6c0d19aab61b8b24c5d8651daf6315931	false
datomic/db$missing_attrs	5c66ed991d463392d6fca0648e4d77de24fbc395cb472e79a91ff1c4036b0874	5d113d5226418164ccefa94cb85ae6f07b1b3bb6cd5be4518bb5d6ac0655fd19	false
datomic/db$needs_avet_QMARK_	c13bfd93b1253df111a798ed9062502649c6ae160f0df037a6ba1a9c002ef671	937767e98c468ed015546c4bcd894a27e4abf97a11d532ceaf6d7448ec3cfb49	false
datomic/db$nested_entity_map_QMARK_	00fdb0de8d06be2fa9a0e7b9a6853982cf9caa8e0b5e6518f6daa14ac8df5f5f	4b13c44007eda764794adf8e0e5eb7a0d9325e52f51f0be9385d846b70c6d502	false
datomic/db$new_ents_not_installed	5e220addf87661f25b067e21fecd49d55886a25122d595e81b90e99bc2a5a0b6	82f41d73fc83c89ab68f2e3f4d4444539251279dd5fb68376363b13744504386	false
datomic/db$next_id	8e11f3d9d9d581c17496edf98430a323c0940412863f340c2e2bdff9ff2e587b	e8066e46ca331094f2ee449608a748e3d6dec5943e34b929c6c597a465487ec6	false
datomic/db$next_valid_inst	0e0551f362d370d41d3680023901c8808ea589d169b45cf7c2d2fc0857540d0a	f3f98c5ba2d770df63e5680673c310d3e7daf7520186f6703d2e01f7f0bdcb7b	false
datomic/db$normalize_kw	62fe020db667f768d0ec6e715d70ed79ccca06082777828c8668fc3361084548	99b9e5d4c60b1e75c845d51b4f1e0b91e62e635329b18f257860f678afe19e23	false
datomic/db$normalize_map	755eeb99f1b89c0134fb55bfc9c7af65e0fde28522e9dd5bc0c11bbc175d994e	098b705b3f5ee4c02da844880207040ff1faeb21d5ad3146c65ca3abe4e77ff6	false
datomic/db$on_schema_level	3cb8bb98cbdb86baa4e1c9945614a3478829cb3fa73ced2aac6e84d2fb5069cd	688b05ae64d7d1ac32b48ff94c93396667db536ce7aa56705721d98faa3fcdb7	false
datomic/db$part_requests	7d5a49cf341da0df2cf24ce97b519fc6c108f0c3025d67e324309e9adb36024d	ded804a7afc30651e6d3c1b7c4d5044c2fa5852e4fb7fbb93e39cfcfec9f14da	false
datomic/db$partbits	15d4ded63d0b08caa8749043853ffa7718720126b411957e6aef76012416867a	face42f361aafb06774d7a33b718d96b61d60b284d2dee6eac8e363aa39ec393	false
datomic/db$partition_eid	2be5c8083afcb90245881eee3fe5ceedc26c8883f89264f2405e3709237c3c2e	39207443330cd03dc71efe966f3d74282d8626ad8f9707038f59254f1266f22b	false
datomic/db$pf_close_BANG_	30da9a950e9c5f9c9139e0c6609f69c27f28f983b3af552cb7688ed6e18c0d76	b6e406b8dabdd47467ec011b8f7bc868334225ed3ff74230500ba932de8b6b27	false
datomic/db$prefetch_BANG_	102e3f79449442d17d202ead40a54143f57dc809c337f7f108a10ef2abe20504	ecf6ea26d196b50be35edf05b220d8525ddee38eefcc21008ffeea48ca3473b5	false
datomic/db$prefetch_constituents	122550306ebd2299bb0266b86de50220aaa5e9d5c931603ef51cf58812ef0f8a	630919e51aa03fd9d4b187147803e82e538b6008c51a7e1541790c4f27e1a54e	false
datomic/db$prefetch_identity	f9a15ccbd199a4b27542f52adb0573cfd7571c67d04ee976a62c7432a45bd456	8df71e716474dae51929b88c797ade0a721f9de110e4ff32e9b7990732de69b2	false
datomic/db$prefetch_redundancy_PLUS_uniqueness	6e0c0a0063374a9552e2b84b253da71a97ba8adbae0ef891263d39322f3d722a	2e836621833ad2153112bad69ca0d16a2a846767d08f8c9dfe87a54c5d53766b	false
datomic/db$prepare_for_indexing	27cf203fa5f131904b9532041928effde8d00bc59c16fb9eac85f7a21bdc767c	a06e854d676606156ebb035fdc46e6fb0f52c63df7a55b4e44d41b0b08fc76c8	false
datomic/db$pretty_datum	b94f78ae35f97a22dc7c8377ce24fcc492f9fe8f5285e7eb8ca6bb1a55ac9636	6de1a1e550b3c5de4f03641b81a283a059babf6aee8d9603fec75385b99aa3d0	false
datomic/db$prevent_ident_retarget_BANG_	c7c0733afc552cf8daf0d44e710b7a518364e6bc5c75a9308ea78a2d3a688b21	422eb3d6b84c5d74405e834054cd8cca144d16b02e8cf9fd9d946bc26306b644	false
datomic/db$process_expander	e662a0bfa667d75788fe52c0fb243f8b15872052f460ede4981956dcf9fff8ac	3e45b286dc1f73a5bff05ee5e834f632333fe70f632d8c4ae02ac9ae8eb91479	false
datomic/db$process_force_partition	7cf2f4491002d706ac8e0af5de3906dc53244f0a326ec85473b5539f600249aa	db60da219264b66b584c1ad3ec38b6511ea4020f3db0329fc79ce171ad23b928	false
datomic/db$process_match_partition	eafb2561016df119bb07a6a8ab5af2cc2d3806e85182e32d848cd80456451132	7d7ec02239f0effabd9e1f92081962578f8c14399768ecbf54b74eba4609967c	false
datomic/db$recalc_elements	0a4b3f1ceab3f52fee970cf6364ad34a6157893fda33e9f51051912542081a91	6c9bcda08bc596f0814927606156fe73745d9923b18edcbc19eab3daf0592b88	false
datomic/db$require_attr	b10152c434b1013744c45f8bd0787233c2ce79395c2eeefae6c5d903246d0ae8	66fe42283f410f5218ef582067e0ccf596749e5fa78b30422cea6ef4d8df4d6c	false
datomic/db$require_attrid	65e103733f66ef2f0f5ad209ce1b3249dc2dfc66da12d9a8745de4a3179be07c	db05c9279448224983290566cf2bfbe05dc999b33060de647fffd101be14764e	false
datomic/db$require_id	11ba4e7de002458a9dda1d7c1460275b25eadcf1f04d401d5d41df77d4e606e7	34f8fb94435949524e8ee3187a521c9a7a6ff44747c4e6181a36b6f6585cc1de	false
datomic/db$require_kw	4192b8ead09e5a0877872feba3dbc25bbb34544e94bbdc93ac721a8f7cab7508	33ddbaac674299e005d8c853811b691b9c53fec4b2783d2c88fa7d5862c12502	false
datomic/db$require_tuple_ids	c48b90e1fc209806a12ec20cca31dfa9287cfa7e7d4bd77e22b6f9e0d471fc1c	00d1403689903b4e1806531736fca2a8c77ac6a8b70b2f1c8c40b470d9f8006a	false
datomic/db$reserved_keyword_QMARK_	303eca5bc5e759da8981bc1feaf2af0851f21eace17a311716355ae9ef4dae07	dcd490b8162a4013cc04df66f1187e7a121d95719aee8cd36c6e54f6e855c4d4	false
datomic/db$reserved_partition_QMARK_	90c8f9a271ab1292197ea6f07924f8a3ea2c7224487b735430257c0fde38bf2a	48ce664095f2183e34eba90ae5fda3c3845852d929fd485734572451f7118f96	false
datomic/db$resolve_dbid	7855c4274e75b48f596be0f3d82b019ff4534de7c3b0087be5cab2ed7fdf2686	b29b3c7c76403f88c68a6b3504adc9941e2c547a693a06340dda209eacdecd4c	false
datomic/db$resolve_id	c93df99aecfcc172b99b70d91bc1390e023c46544d09780de351b53acf3a75b1	2516d565ac6f00d9e642309778a50b4ab1968c7ef4ffb4e5bbbe8f609dbcd745	false
datomic/db$resolve_kw	87cceda59a801aa24741030c6e8680f45170d31b8d9c735bb3f46dae4cee8025	6a42f805fe569703f3a69715030619dc8552c55b4158865bc3495fc58ba19265	false
datomic/db$resolve_lookup_ref	a387a03ee5b6527369a106c2e5fa0f15fd7309bef39d87f5ce56db4049cd67b2	5b886f92363e9f3d4bc8af0822b98913b95fcda5bfb6eb7c54a516011c7a85cb	false
datomic/db$resolve_procid	2031f456f3d58a5eb2249d87d8248a81425dca974b4148440fffd2a49cdac003	03398984ebd169cbc6812ebf4b3073f87b6f48bdb30a61c9c3c4c8627eb8f3c9	false
datomic/db$retracting_datum	99254cf4f0c5877a2d58f6142e1da388cbf41383a11a0d399a796444294b36d9	c0049464491d51ec95e588a280f8a8a7d1e7894f54eb4720d486a99f68b1a0e4	false
datomic/db$retracts_QMARK_	95bfb8802526ed2399bea4597c0e4a0f5a9243f8bd84d7731004e2c2b65fda04	15019ad30e509ebea29617be13776272429837e7c5b91a8612238ff02bbad828	false
datomic/db$reverse_comparator	8f54a460227bf37e390888fc6a224458ce18cde02a7bea38b1ae7e5f86c8a6d1	d624f3b71ea7ff0a70cb3d505d8c9119cf98cf5a55f69808e0eddaa39f9811f9	false
datomic/db$reverse_datum_spec	ee2c3c1e3308a940c12f695a52e7176de97f653bc48074e1f69880b3bbe37e1c	110ec6594d8fbb45c9f5b0c1d868fa9df940b2c4c73cd3b8fced27ccfa32d104	false
datomic/db$reverse_key	ec587273bf07fc46012e464d7e4e01fbb87379d948e0d6dad683437e3eeca32b	b23690b8c3f390de87e42de3cd061c21849d38fda558d3a72e03766d352f6792	false
datomic/db$reverse_key_QMARK_	0db11421ef694b254323d253b565699728ac88e70ef43af9582bbb19bf3b261f	23024ebec77db71b9aa70f70b6e8a1a4bf6dfbf51b1e207c81dd1ecd108742df	false
datomic/db$reverse_lookup_QMARK_	9cc67b2c88160a781e2b36a878fe371210ab7e8efcd6d99952852656b31d5df2	81b6ac504a142afeefba10d0281051bdd6b54aed678d0b156c2054da2e518b30	false
datomic/db$rseek_datoms	9e9ff6dca570afd196ee29db049d769f5ecc75b183677199afa8e5d4a1e599fd	3b516a7730dd096289c97779ca22ede36a5b4b1a05a0b0029d1d6712a5b37631	false
datomic/db$rseek_index	678f2ba6d2587d96f090c3c82d9fd8fdc3142ac6b1d369559d0f2b8db58a2fb4	2366ff6deee7517c63b9b7d3f9889d51ab5fa5e2cfe527896ad750f252881320	false
datomic/db$run_hooks	6110327d0b6c631c4875d1e12db3a8177d2475f0fed5b0fcd0ffe8616a12e7d0	49d75fe29c2a3730b9e699171ae8681d15706e45f2b3854c14568edca1e48f80	false
datomic/db$safe_compile_function	080f02e4bb115d932a59a2b2398fd884ae7ad6ea3a06570dd62d0ad4ba4c8278	a8ddad4397d5bb80b3eb6a73d158302ecf2b9eea14618c151fc6c6e8f4e4375c	false
datomic/db$scan_aevt	828e3c11e9dfad4c49727a968ddc17a9446bdd4721ea8be002882c8ffd14cd60	31b1d7924ed595cd794e2caf9b619b8faf2f2af71756f363d71f0a9e57adb871	false
datomic/db$seek_datoms	4f90038c3903778d2cd7a0691a10ff8f749b7b896781d134b5c717fea12f8ee5	e7b01b6db285de6cba4ac070c2b73912d50041a921e272244677f53170a950eb	false
datomic/db$set_element_fields	1f02e8d82a2fa6f1e4bda68b125c264b5a4bca36e9bfcdbf3d0a7846804be6e5	ac28eeb6efbe1c4edb1a537ed2fb44b97fdab498da6af28a601493fe4377ff90	false
datomic/db$string_tempid	38757fe406ef1bba0f6b4f8b2b92d561810c97463463e6b6adcc3855435d001a	da45aae6634de006b5fb45b63476cc52b47d4f415f919c76cbb30b2482d6bb09	false
datomic/db$string_tempid_QMARK_	3692d1e96acf5a1261aae87a7795a52526f9572a425c19fce9d4f05a04f80793	26763c02909959bf4a1fe06c4c95450b1ce0ed0c73e7ed257d15e66e530bd751	false
datomic/db$summarize_tx_stats	65c662d0a919a03bf763d9d49936f42cf60997b92b239909b023d17bd3f59e09	95c0633159c1d68e9ad55a0324661758dfbab82698773df73e3e30a3789f8eb4	false
datomic/db$supports_tuples_QMARK_	fc9f76fac22591b049864df5959719008b80f8783af8a8bd454448b8de4c8967	b8b460dafafcb2d5966ab5592d0d7b6d6d9c31829f352c78f34cfbe8ab54114d	false
datomic/db$system_datom_QMARK_	bb11775c2d2d1dfdd8da13143733225721fb4a1a0394e276308da5ca07859d48	4a98883014ad7f38d6df088b84dc2148e97fabb3a178cde10d1c38ac9065d21e	false
datomic/db$system_eid	64688a1751969149d53ec8b30264ddad462b8476062724b3206fca28af0ebd05	1dcdc843106c454ddae59a4649ca4ac3b89332a580f63463a837a46a18ab4617	false
datomic/db$system_schema_datom_QMARK_	27e6290d8859053b0767ed858e39cfc446c3a099325df974451483f5b5ea44ad	693f52bf782f971c3f17c9cdbbf290a1db285eed1580d92c3cf0206269fa007e	false
datomic/db$system_schema_namespace_QMARK_	7c1261d338c95523ba2f3e11ea0e5ecf392a12c82ee17e2eb38583c51ca03d8e	a40b8b33237b85d245ab92c79eca9b364de0fc34d9851b28b85c1788ba2cad2a	false
datomic/db$system_tx_hook	076ee181d1f0f097d328342e0a010d0fbcf1803ef89c96b58845528b22be201f	b1194ccbd16cbb35c4250717548d25685eae42cbf2379df61acd72dce449097b	false
datomic/db$t__GT_tx	3376ff9f1b37efc91ccde8267e231f350f095f38d5910ad16356f0ade2d5930f	74e1b7a5143bb7ad0c4ac69d76cd54375e0f39946de280619f72eaea87f41788	false
datomic/db$t_at_or_since	d7b7e72d3dd86f7164898e575d64eb1ab7ad3660a70973d7768f6284a4f1512c	6305407a10be2989d2e2240926a9472a59c73a16617db8b584ebf3fb02ffd145	false
datomic/db$t_needing_avet	eb277fe54e91b874bdd161d8756c28a64ac347ce999df3cc32583530bf40df2d	fd48cf9500b725af3262dfff2ff7f1cfde6f900cfc79c8f7c632aedcdec46117	false
datomic/db$t_needing_excise	41d0949fb85367e466e0c0cb9fc82ad7163ffa1519ba9d7e5b6612fd3ea40f0e	e6e42fb2ec7dada9796ff1842ee5aa320fcf5a8ad838d2b2331b6fadeccc31f0	false
datomic/db$t_needing_index_job	a3d5bd7801fea9786f6b2cdd95acbf479dbf1584926ad63ef2d14632b7a07535	e38c5fc69c3ad225a59b3171074e506619eec75f867ef7b4a348ab5f5f91bea4	false
datomic/db$tempid	b118f5b6df89ea3b300054d62c2764698381ef05d1bc2d62681065f8a0f84b7d	d1cd71b2a4d49f424654d74650c72db17b258c7fca3f4565a396e08840fb052d	false
datomic/db$tempid_QMARK_	234a64e82884ef87985740c28c1c61b597aa7f421a69c0b2431d6d5e0cebbaff	9298391adb5d78a0b518f15f72012e2afec04428c71958dab01755b9292f6bdd	false
datomic/db$timed_tx_stat	d75125443ec7ed00250663c5c0170b022226c8afca32ea71e9b804b726a7f836	3325e450aa71c9b69ec8be4414bdeb6920f50adcb3925e599d1f212809c45a1c	false
datomic/db$to_kw	9938578639aa670cc9b75c545b59b690e528c7c1cc34845605dc50d36172028a	b02930f3b81d6c16e0696b581d299dd46b2a3ccfd13c95250c342d8e93db1778	false
datomic/db$trim_log	283f1e7234f626afe513d321bd18b642f2bdf94e86c02eea208f5e9112b8622d	a7b2f3a12fc6b74ade1a8bd269aff9c25baa4039c98ddaf6a512fc074779aa61	false
datomic/db$ts_needing_index	fc77963a712e1221ead8bc2d80392c023f312c8868c6479bdd0b5c7fee079e54	c39e45e1e7bd034422cb5cf50f826ee1043442a8026826770f2dd775e157117b	false
datomic/db$tuple_attr_value_type	f9591cf979eb2940bcd8fba208522b9c37f9e3bd75084293e04385dfe6e9660c	131fda7a355f3bd0e37c4a13e11e7f529227a4f5f3e71803f1526dfb32f6360e	false
datomic/db$tuple_install_errors	38d83881b3fe6a0cbf8256b2d26063c0a6c53b87ad940b038fc2acc13e619b8f	ddd29be14dbce4dcec47310dd7123f8a14d591667d24a703be0ee70209964b82	false
datomic/db$tx_data_for_latest_schema_level	c2a711398950f9139fb698cbaf8f82373ee98cf719d726d8bc57c05f47b56cd5	78f901c7f0e83cc83b68ec9675b0881e958c5bd27fd26d52021f74fbebc0e625	false
datomic/db$unique_violator	9b59d8fd8ae9c8490a0b9d49c0f9972c39e276a77b2df7a906881ee74c2dc41a	b9c09ec2f43f181f9c9241f65aea0b141db17dcfaacdf14d5d616ffc5fd252a9	false
datomic/db$update_schema_level	d3628278204a6f8b3d2314bea014591380603785f3165fa3e1767f8ddc0d14af	c3b2323dd2b524d681a1fe170f00cd20b12f76fc66cc3e871b85112ec6042beb	false
datomic/db$updates_v_QMARK_	2fdc84e5074a509245a6ce0a172c805b6565b48f26ee772ca602e30f8eef15e5	44908be93a89bc905b2fa16127cb60877da68009bb1ff8e8405d3e0d558f9b89	false
datomic/db$use_transactor_tempid_range	049abdc50ebde982217dea25297bd30ccd192d24d34a1cd81fb0056199599264	4f898e69a83120cff951ddad554b9497e05478ea37d287af9308a859807cd6cd	false
datomic/db$user_proc_QMARK_	1a20add08a432338e391a4c60b8a6d7398f3470ac7bb7ad45a29e6df65d4113c	9c1e589ee982dab55bcd3851b417b059ead56937c7dcba842f12433411bd5ad9	false
datomic/db$v_error_desc	fb6269ac9351df7fef8207e50c339d48ffa6addc9fde8448af98b45db8ca5dd7	1c27c24d8fcea794d4de7b3fb80f37eeea652032a57a625a9d42f683acde77cf	false
datomic/db$valid_partbits_QMARK_	14d74513969b6690ab4854a2d781285caea801360a704ff35d74491981c88d55	fbd8de6c9f5f469494fbd65c654490e016b7b749a29482b3c700ae9019573ada	false
datomic/db$valid_tuple_assert_QMARK_	137e924e0ccf5737a8ec2599ebfd31b5e585fcbe2391288b8910b1d1cec755f1	5deeaa7de1ae9a9ace2c9158505e22a7c49b695a5ed4d6eb1648a88ed6f7fc95	false
datomic/db$validate_hook_target	1d33688ba681ca19d5908873da321dfda3e4a4b525250a477c2fe7ec764bc137	91e13ddee49770689e8fcdae6e02fe920843f9a21ba5918198aa4bdd26a26ad4	false
datomic/db$validated_tuple	440a43adfd13278335f30f519ea13236959cf2d61870fdea794e4acee0052d91	f420769301d4996507bbfab0ddd0ddb1b02b344a628af2d9c1e59e558dd885bc	false
datomic/db$validated_v_for_attr	2a274122c244ca21255604ea24d04223250cc5dba1ae30df22d4aadda0080eae	76df9820fb38cca8ca7419834927c7900a3d700fe449720fb6eb9039c21dd522	false
datomic/db$value_type	0c70037dd6bee01e9ad00a04627c63992da0c35d6f623af6c04f13701893c26a	a96a7095487530e98fb02856a2fd391ee340cf1b2c1a486a582bb8d1ca877f4e	false
datomic/db$windowed	5777fcdcb444897962373d24846758e79c44191a235d38f7c3c15f0118b2337b	9d12f4859865ae43d11a41846b4e1498ff82814762cbb152d7f052f58cec69d4	false
datomic/db$with_tx	5bb43227d8d9efa643b8b6a319fe4478098194f03e2ea9fc0b5df5a5fccde6a7	1a1f01c6c50c577fdf516d5af6abd9cc33d7be6bb132203883c0df1180317e43	false
datomic/db$with_tx_PLUS_opts	0cd7c315e659829fbe46d5eda8ff63258a98f36104a842595b0f247730f1b111	2d1ba5e49e10f70fe3859c86de09510434055b59e8731b1429902fb8cd5e575c	false
datomic/db$wrong_type_for_attribute	61579cf8f1f49045746eeb4c77a11965a4e88f156b0b337860aabf2d08a38d75	cc19b2f35950b9dc14538d65e0192280d73991bfb29c89ffd16b28b713cb6fcf	false
datomic/db/AVof	61b9439db2c8b97c5142d2b8f048281c68719c3c5f7601386be04c3d09e73abb	82bf865f1afa7cbcb086c3f689a865df995d1773bc85e73d591c1940b9710a96	false
datomic/db/AssignPartitions	bbcadb8eb0b4d134ce2e0e0d69b97435ff0414c67d8b2296ed5c509213ec3f88	48a7c7eb9001c2af215e7291949ff7b15a0b4544ca326068168234f2a2e60f06	false
datomic/db/AttrInfo	ff9b9228e52df0444f97f50116e5e312fe7d53e12c52791eac1dc0fb23ed2114	1440e535429146c5c3f56d5ea68fb8e2e96fad070fb6d75a7268fab7ae50a1bc	false
datomic/db/Attribute	7b0a161e3218ed087b23a3aca7f2183a6f26cee44c39d8abcaa7a162fdb9f5a4	9b0eb115a0ba43c344dcef751baa35d264046276fc62e36c75e6cf6349d53922	false
datomic/db/CoerceV	6643f0d412ed907be36506eaf072c2afab21dfa4af7ebf48038e05759e6db810	06f92cc0e366943c6ce96e989bd55f508ae28fa6aa0676e75a15d3222eeef95a	false
datomic/db/Datum	990f0e9152bb13a84a0aefc97395ec727822a9b4d6a78ca149ee2254fb22bd25	7751f7f1d35d0fffd63dc5c1a89561a8be5f00aaf2662222940ccd2776fc0181	false
datomic/db/Db	b3cf4bbe4df9403737c7e99f7274a63bb49f41addd04c9d9c639f06916c48e55	83d55e4c54aa379da99edab9692d8133d0b0c0937c1d2264c5959d7cd5af86d6	false
datomic/db/DbId	c2355ad192adbc3d778f67d3206a80dc501ba7bcb773ab4c068439ad405ea9f9	1c82aa10a158f9c1c92c9ab8a505b579221aa04d2599b457eb2ca0a0673f466f	false
datomic/db/EAOpof	08b3ef326d2018e8fa53e5288df5064aee1fd9aaee550d3731f36082831f5816	e37ab34c7b9507e9c9072873db48e6ce895f3593dc7d42ea231a708da02ab95d	false
datomic/db/EAVof	229885a6f9c1cd71f69d136457188e3ecacd2b7f5b6cc5b8c0544b348bed3113	600fce84840b1814183b81b4d749884dfc6ef7d009ff65723d21795c8e02f508	false
datomic/db/Function	65d260593eeee18397f930f28aae688e294b5001caf97d84a8d52ab6157b71b0	30945c651bdffef205deb664aa6c088ee4dbc8a10af74c472f64e50bc948090a	false
datomic/db/GetPartition	2a19c428276f3b5e0d2be1c50690edff74b36deb9e1259a194fe6aff0b67fe86	a91f1f551dbadab373ec7ee52ec51f9ebe4dac84188315647b71864bc62320d7	false
datomic/db/IAttributeImpl	c04068659f9ddff88caccecd64d13492d7ddbddbaaea382fe826c39391f5cd48	9c0c905357c1745b70dcded52eca3deb9e3b4aed4c2e845597842df42d52f2a1	false
datomic/db/IDatumImpl	a6c2057230c0c5ff685c2cf993d8b498ee55e244166e332e48696385e792fdd1	e042650f953b0f2f38d2a830c47ace030c901a645d89265fd2de7e81bc034fdd	false
datomic/db/IDb	8527b0b8a10ee551b0415835f12bfbf527746dc4e557fc7a046d385c7628d97d	d4e38285da48c5bd83da54b20f03e22e93d998080f88c27181ea9822079184b6	false
datomic/db/IDbImpl	51b7e88412311bbc77d93407f29266a41216454d98dcd3edc744b064fdc9e0d6	a7e49820caabd5d8a7aa0dccbb12363617c304594bc3e655607d3d6462302347	false
datomic/db/IElementImpl	09e68b6b183607dfa850c6e1e104e9f58e43e2253e9ed7d8ec61aa27ba84843d	2f0ada41e15ce4f0c648781c61f5b209644c9e85c8417f78cb7ab1638deae8f2	false
datomic/db/IProcess	9df63e37b03f94d019fe8ab55a2810d947e1d9b4d516b9abb8ae377c03a7bd45	42c991d15bca7fe75d0a7bb134f57b5ccbc485369d68ebd71a295cc6f78c6021	false
datomic/db/IProcessExpander	36b1589fb047b63286e0527d1530fe2a164ac338d555e4a20044a2e05dd44431	ec66459c752b6e550c5b4b93e6ae52e365becba1f13bc0c1ad3a60e99a1800ca	false
datomic/db/IndexSet	333fe688cace1ca1f5fd31e1323a7619770e66077bfdf6827e3313f07e765155	4e74f42abb88ab59c31ab781351166052d3b718f28188453e41eeba4b1c4e0f0	false
datomic/db/LocalDb	f707c371a60c79571957d5e1408eedc80ce7e1cfb0b0a73cc3e062f4b471e687	d3a45873a0fc79254f3313da0f069febf48eabdcd199141af0b5109778075576	false
datomic/db/LocalizeTempid	0816cfe9ab9c6ef6ad8f03e6f0927868f69ee01e3d2fb9a7def5d7decfcf3a3f	8d2d34a261e7a114b746dd2c562833af3e13a523320146c8c0b6fa87776412c1	false
datomic/db/MemLog	7c4c4325dd4b4cc379995f3163c09643bd92deeb13b81024ab7c670e95eaba4c	46f1137004232fea513011d76d6a6040509ab03d817db78f95acba74095756b7	false
datomic/db/Partition	ae21d593e534e7ef846cdc147f25e53dc98f788ab70710e7144d319e905303b8	70eea0e16d5ba5ffc43cb67da0d66c33ec25efdfadfb6297dcb045a724622ebb	false
datomic/db/PartitionRequests	53a6ba1e1e7840079afbe6cf494b8901523bc4a7da0d63b948389f10606a92c3	103bb7d4103f072e56ebecf82589a7406f5393ffe9762e7c54576f24ad6d967e	false
datomic/db/PrefetchDispatcher	9a788246f11d766fe5f661dfc9f40d07501ec188e2ec70605b31d1e7270f1b61	1be21cd32da70883a8812adc310ecb0e3a2939db0bd757385d274aaaadec00a8	false
datomic/db/ProcessCollector	5d900d3d4d5ce4ceda7683512ecd2c0f6f5e6608a7ccf96e01f553c4189b5a26	980c8213f11cd37754e91a827fcaed01e23f3a9da3e364c7e650430483bb267a	false
datomic/db/ProcessExpander	46d17c69c75d72fc6b99386ee00564f99dd9dec0b9b215c6459bb6503023f86f	4ed91d4a2eb2e2d6cbccab67e6071bbb76806070e487c38408e3a5b0cd47332e	false
datomic/db/ProcessInpoint	4b246c8a68ce8768439927e970facb3e7524226982ee3afcca1e64539b7f9861	e8fdbdc2014ff971da19c6c04093e302e5d1052c95d2d2264c6d6fc1129c4b5d	false
datomic/db/Symbolish	cc5956b0eb94e7bd19425698de0daa5253c86e4e6832e60580167582643743e2	8f5a75ce49d8eddb9200cd974c98182ee7954d4c6530f28bf77eda513f021f19	false
datomic/db/TupleElem	e596efa45703b73d7f382f3e73ec2aef4e218801e9f6ab85e048358a88b69acc	07871ef892975e1a759dfdb9a1b5c79142b7334470b95cfb7ea1a6ad0db8c991	false
datomic/db/ValueType	d37b23adbbc8b4e1e6cd3703914596df7b83c0db4bc452fd6b2748c966d07bd4	02d6fa7491c63e0b7ff4cdd52b2ab54096d03ef31f212948ab394423861e6ca9	false
datomic/db__init	e59822e61d6ea86e0bb11ddd7cc2050d49d67a06682d15182d89a5a79dda2e9c	7e532d47b6ddd394b00e3f3af842a03b78e6050647e5ca63a507f457f154257c	false
datomic/db_io$db_resources	96684df346f3d9cf469f650d0bb42f5d27d68d723fb205c3d9e88672dbe51d6f	b492fd98f59498652782f2c96d0ef61568359ecfeb089bbcb6d7db0e93761ae4	false
datomic/db_io$index_db	f27fe454a17ca8e9508c07b6199d42451eba169376f8ddd905a372aa98f1a903	f740102b3f29671e243e50789d182ea73d1e79c5c141c43e0768fdab92427723	false
datomic/db_io$index_includes_some_log_tail_QMARK_	3222891c461916ea73e8f58cbc5818bb0a4f827d1d09d8927e208b99f626d4dc	a277da1c24a8621b9e5cad992021c52e9b692aa297ca85f3b43762421faf8e4b	false
datomic/db_io$load_db_from_basis	2465b666b0b042b715717e27574fb560e8edf4dd78bcf1f968865393ae86f934	a5a881da39ec1aeeb54e03947adc4eb2157a39836d8c83533c7c4dac032f3342	false
datomic/db_io$log	a32f17973ddb8b3e231981853af5c95cf67a020cac6999e815784007b58948ce	7cbc9bd0d23a26bad6da6f201612a57398c3de94063cb0229b6829de51913e82	false
datomic/db_io$most_current_db	8ad39908b0e003ebe2841a1bac9dd8af5f643b8dcc5f6b10fad9de2046280a6b	f85dda8101aed4e8a26a3bd66df4e4ad0e0b3a2dbc6d26c7e29fe5fa913d3905	false
datomic/db_io$storage_resources	c0dd8edc4e49ace97d982918720bef5a92d5d52f11c768f032ebf33c62887ae5	8a3df0d32091af9c2237a55b2aed57766c54d600fb5d015f4b69f4eb3e9b0454	false
datomic/db_io__init	663f5fc1fc7a624af96752779be1a58b0c2aafae40e52466f4b7e7817f3ee971	a004d8247200c68d229f190a562973508eff0ed3da5d0900c1ed04313928f255	false
datomic/ddb$client	191d023da01d50d764756882e7b7d34fc1b9360afc6489ae1878539f836e3b8b	cea18d8f9b74df46f4423938cd80b1dd06b9f82f9b680f8cae4047a8ce990f0b	false
datomic/ddb$create_item	cc278a17372ea764adcdee0af6e3d0ae709df479d1545e486b2bd90a9e4ba822	94b8d5fb102dafe5f99b9b87dda39fab80160ca12cb51585b59c59480333c7de	false
datomic/ddb$create_key	db12ef7c2aec40a98a1f39679376ceb22ce1f5ede8fd5080c43902f355ab7b62	430fda29bf87c7f01370f221d73a380ce10fcf79e59c1eb0f1db857c0ea95422	false
datomic/ddb$create_table	5c6a56f497fe0ac8331ec58b253565041781b973899ea8e4eb6f2fa9b01daa7d	781722f47355a4d4713ce64756729232bb307e4d235ee280b3a244139cde3d0d	false
datomic/ddb$deattr	b8e794463b3bfc133bd01f65ceab3271bcbe13e27435a4b13c4b734bc7f1eb1b	1d7a52c1e82b23ee286c98b6c3690b81009c9f14a029d52c38cb4306f686ac09	false
datomic/ddb$deitem	52b4a75451b36588f4da51af2eb187d0dc01a14b54d109fc718dc3c4e2e4bf60	1584b44140b8a5c5d1160d77af611a9fd9890e40a1b81de46d41427af5d4d62d	false
datomic/ddb$delete_item	e4a51c5f6c81e1005c2d7be8f193d6df1c922a1081725e1b36ab035f342e9b61	cce615a2f48a12d33de4cc786a0c889de376ef4079b3aa5e9028a37232b93000	false
datomic/ddb$delete_table	ac91ec878e166aa8b8d4d14d1e6782cb44f834a6c5c0978568f80eb02995f2ba	43a4727956c7a639e8a85747a8fcff11efed6d469d11d414018d683583c728c7	false
datomic/ddb$describe_table	d19a565d17fbe9bfb94a6dbca28db8ba6b5cd5f002c50411358f41ca35dfc11f	4e941fefa87b2ca69b0a281de1bb1c37d995f89ade6031d1965f12449a9592ba	false
datomic/ddb$fullname	caacb78a76bf5e5f6cfc316c215151679e97783ac3ba6965f33218328b7f72a8	82fd9102bcca56972e46d45506f7b01cdc000c9e0acbaa3ed61808541026d35b	false
datomic/ddb$get_item	03f031f97cdcb96468df9d367fdce88bbf0a52aad9b338167c5d648482ff9936	99c307997978cef75d6ec479e5f9d854e797bf3550d0a7a2d7f47e6897bec4d8	false
datomic/ddb$get_item_STAR_	557df03fd85b3a1d32bd027932451948f5f0ee62c0b0cec507cee4d250ac2915	6c64451bf0767b83da9e73a2fa74abc85ae8e64d2af7deceb934cde6cadab4d8	false
datomic/ddb$list_tables	9d43ff96a6e7265d1496e54d6fdd07aba25ff6ea8b060947c9c463a75ceee468	192c283b3be42ee4778abff7b8dc29eaa4343b83e38ba4cdae8b0c5bc2034bdc	false
datomic/ddb$log_errors	f54ff7612a5deb0e2ffd931b4f75cd879b4c623d09b1fd5e63bbfb6d700755a3	94b876c246a364ee47037a14ec14f0b7b82849645186b623cd8a6201394a401d	false
datomic/ddb$put_item	0c7ffc1bc7c584519215b2ac92f6c159aa05b9ee1d8d1b57610b7dbadc4ef924	6937ee1bcbb1e622741a1878b4d5f4ef4cf11591999285a95b568494a44297c2	false
datomic/ddb$put_item_STAR_	fa02d3f442aec1b7c8a8c079bda091deadf9a022d87a277139996c4bfebef0e4	a3b36edfb62b0d1c65a8fa56c55ce83e37cd9ea2c9ee6315ccb7ecebf5d19de1	false
datomic/ddb$update_table	e43672013af02cf49c9ce3c31fe9e8b05cb6196c4c4d721b7d71ea6a1ef128e6	869ff36af133c322984203863f8f72615ce1f1426d22bb063994d525c7ca98fb	false
datomic/ddb__init	5cf0049f91f9214455e9557a9d65a9ee47f4710ab6d68f340b425a4b35e78247	45294775f6a24b510f9f727f6392adc1a99e60fa9facbef096a0a44afeb624d6	false
datomic/ddb_cluster$create_connection	ce89a520f54e88a0ecb13eff4003aea532a338aafc67044c54c4a6cec24b82f6	1f9cf939d53d178a8596e5c12f3295ed8c67a0fc0e3a5b52534261bd694ee502	false
datomic/ddb_cluster$key_path	5945df31a3e9f801ad78c21ca705f408d728ce09e2654670e6489291e0ca2625	04e8d00174a0566356627f418e8428e193fa13670360c4b0889eaf1b15d12871	false
datomic/ddb_cluster__init	7a8d451b2641fc9264334337ace7820ec48fe68bb44b677110167a076d151fbb	195326c2cb556e9b84d177d1020a7e3572507ed426f537af88791a7712a312d6	false
datomic/ddb_s3_cluster$create_connection	20dba8b3d5f9ed5c6a4f4629cf82a32be1ecfef653dc627d91e8ba65187c0841	7f1789514d517fbce107846081ecc84ca90086dcd564a4b010f9c2cb97d0dcc7	false
datomic/ddb_s3_cluster$create_connection_with_efs	f9a8c2f0de6c2b5930eeb7551715e19494e89e6e7679572eaae182ca52884e23	efb3c3dc68a983314271e9e075fb9a66303827e91b60976d58eb5128303226ac	false
datomic/ddb_s3_cluster$create_connection_without_efs	5d2470a7fbe2cab5489fb9134df6d6592ed330f964e8c4fdee61d8d5a0c1aabd	6a209bb4d70259bd3748e0b2042331d05f04921e0766cb205cf32f1f86a3fb26	false
datomic/ddb_s3_cluster$create_s3_store	24b9707a5196e2ca9a5947ce40bd641580edb0fb138ed038c2ae494ddfb3405b	3dd32413b331707d81e3aacc5b211bd637d16ee67fead7b4dbf6c6b5fb1e94ae	false
datomic/ddb_s3_cluster$ensure_config	d76f30a31d3a586cdfd6c701a39d67575c6200a4de18a5ceebf90dc598d8bdec	e4d8c10239e1442eda17fc779b3d83f753268fcda7577b64cba7564521cad5a6	false
datomic/ddb_s3_cluster$ensure_system	4feef8065ac99557068bab649f037012ecef6fa51f0df992a2106914b77c6ee2	67fadc26a4e92f9585b436c4e0f762e0f4990c69a6c444d0ca6d1df824048575	false
datomic/ddb_s3_cluster$get_config_refval	17f6410b6c702c70f177b14f6d247a2b671dc503cd98326e77878f1ad3b7140e	df3eb93fcef133a1cbba54b4b1ab63d04fa9e5fd52b9bdb615661e0eac1f6dfb	false
datomic/ddb_s3_cluster$get_valid_config_BANG_	031192428e4d989d21f2817d3fe7546c31957ee7e0f4cfde709b57ea6b184986	b9662e9264bd4861df94abfb82eea76e0ea16c7c0d2481d96f3ec4e366eac2aa	false
datomic/ddb_s3_cluster$storage_path	3447fc2e3c714be290a9e7cc8c7f6ee1bca8808b7a0323e50706bf640698bb37	136852bce77d795e926b43d002a3d78c96aded06c1d801dad9614965b1a66a4d	false
datomic/ddb_s3_cluster__init	20a9b209919748f40bd037dc994f438e6f42bcb922ef0488ec3c5d04e5afb484	208042fa68e2d5fa3c2a6b15f4ed5632487acb2ca447f274ba90bfcd5fff75b4	false
datomic/ddb_values$chunk	4a569a0ac221f3bc3a914d387a576055f36c7848724f094ebb1196b3e36c5601	7dde45b2813bc4a947ad53451e2cb04c55cf476fcad8ed2a962862de377a0544	false
datomic/ddb_values$chunk_key	595c899b584bd65d6c1ad645a9eae8eea7a4a0fe1fb01d17d76678dc3fd0042c	a069c33b803f91ce475b595a606b955ea10df3ff050b1252d05db9c37238c221	false
datomic/ddb_values$delete_value	c066f6f9bb4a4bc664a7e8bcecbc2f8c5acba46eb7a4a22a37a28b8a627ded32	1b2b23ef97a623f181c70e3483b7c422db7b31a3b4b24f40bafe255f6cc63bf7	false
datomic/ddb_values$get_deitem	fb2df53c75ea3718859adc506bd48e3da867fecd01d7691fb89c38c5d59b9830	860c57245f9b0c23044a1642d168d5a53dcc0176a2bc34bdd72a08203466cb1b	false
datomic/ddb_values$get_value	20d678e33b8bac2da50aedc5a9ac4cd6b0c7875e1ea2349b213b04f8d73081ee	37314fbf8b431ab2686638370d696df4d0e175de9594e4c77b6df2d990d14ab4	false
datomic/ddb_values$put_value	3fa183253f0591cafaa5fd17b1c50495746116185f7b16f8e758f1414e79236f	0ede1d509e67447321b2c4b8eb9d61a923c958fa17c1aaabe8e5b78316ceab16	false
datomic/ddb_values$split_map_keys_with	5ade64166034f5a6dca1751998a79fad8810a9d7851faf070873cb009824cff4	9305f33dd44d8c88c04fe47f56829538f63358fe7a4b477d14e55e017d429c84	false
datomic/ddb_values$unchunk	0c591461b8d97cc9f0766b9a5aceefe882881c09b65abd8b0a16a8dfd0799901	7632dfaf7c37bad60a3d316e8acd86fbf3951a6a4c34130cfed861d2751be349	false
datomic/ddb_values__init	89e94b84671cbb25d172de911b3a7c8881b85dbfe47421b0e81a12300c416348	186458f299301219f410927cefe6334ab012f7adc31856b88811867d6f7a4186	false
datomic/domain$create_object_cache	ee7fa3bc7c582e414815d223b94d44872d4c0f97c5812d1cf7e3b3d138a46c5d	36ea8212e78209e5ad026ce31c153f91ced5ae1b11ff59dab81a556ce7358f9b	false
datomic/domain$deserialize	d525abd82594e0b7695cddac7cce1b78ea8cedde7cb4b0a0e55dc82c57592b08	01b6b7188e7c88faf5e7688c2976cfc657c67628dc996ebea8677f541f0fd57e	false
datomic/domain$deserializing_repairing_lookup	0120f6ddb5beccc092081a44767b052e2bc77a8f7c74ed7703a442f67e801df8	49d458ae053eca932c10d2432548cff6668f6781d4d65945384876b200386746	false
datomic/domain$lookup_with_object_cache	1371ff7bc4889fc6a94fd018a3907fe4d2570ee296082ef22f165dff830145a9	ca403547842e78eff0171595458e73320cda619b9c4176398654a84d27fad3e0	false
datomic/domain$peer_object_lookup	d14ea6fef1d0d9898d0bfd52e86f31d943aa9d297c2739da6eec5e6c2d319688	b4148f4e24840ab6943f17ec8b8cd9f15a1cfdac628d78c7ab4622fa465cc714	false
datomic/domain$preload_extension_resolver_BANG_	d63bd61d768d6ffb3c4c361e1f04292324890b86dec2085e1ed17b67c4650c60	eeba59d2c9deb08361147333fbdb4c6fb121cc21b6a0384f5006dc136a48b264	false
datomic/domain$system_cache	c671fdf6d25c45a71f5430b93bb3ac8f36f9adc01f4a969d8391d28c851fd9ed	defe82a05d0a423eefd431670200dcd79789e1e50b0d8b4b97694c6595b40825	false
datomic/domain$system_cache_olookup	10c441a1b974046e773540ebadc9b92bce46902e2d4b461a1040b5f254bc457e	c2151a3a2334269237850b0e385cf17bae4f94a562363ede20a83d4889bd99e6	false
datomic/domain$uncached_lookup_factory	15395968dd3ab2275f77fb36b3af91cb3335d910b12bd680d78038a991aa14f4	8a7c66873517d0bef7ad688d472f632df18cb4c64421d256858860cad66c5419	false
datomic/domain/DeserializingRepairingLookup	09ebfe9c1837956f8a5d0a0ad2f8a202760fe386bf368c349f341c89db4128cf	56bde3a915722726b442cb4c2e0a5792750f3d2275b96bf86c3f42b67e08bac6	false
datomic/domain/ValcachePoller	28cac1ac186d1a90d78e433de5b5269233e4705f6e3cb9297abe196f9c897f05	ff61ba51f348d0272ae03343503ed8f5c3e9cea2d47321ffa5e282a443429ef7	false
datomic/domain__init	05bff221a0e5f52472f45f3a27c55faf12e7ce1eb4ff7b2f57d684b5998c81e7	db59ba642d4c594357027b651e8ce7d993f04d0d17de39165c2318bf08419cdc	false
datomic/error$add_details_to_msg	1acbf7208579193928f2be532d09d75a806ffe556ed3b24490af02f8d06a8c7f	e37f068e2156c7f29f971ee9ba4dd02ba7e3fb6ed10bd28ce725bcaf769f6a1e	false
datomic/error$arg	50fc67a16be88873172c5a7570259713e48f39c465d892e442f72e19e8882fca	6ab8a0046e493727962e32a62c8535603cb2a3368eccd3f68fbe4453ef862d44	false
datomic/error$argd	649a2a92b09a889d42c037c8a1b0bc992a00a1431866b1e2f894cf8b0d655f86	a027ba4de28ad01d143b9862b45e0084599eb369ff1557a51fd59a2db3982fcd	false
datomic/error$cancelled_QMARK_	e255da078e821066864c0bff500f59e17b23ecf38d28c61a361a7d455d121591	8e7a7d19f382984788b7455c2633af7f545ef191bb6eaa3f82dca0d3daf3a24e	false
datomic/error$create	4c7a9c62333861b799990b7fffe200fd461638f8705835bb3ec34a4180ef4614	a5ed14375d77aaecf408c62efee8be1b84a9fc4edf157c0a5f57a40c877f820b	false
datomic/error$deserialize_exception	0feed17a30f9016c66fe4719857074b6d2cccea24f46861ec3937ad9c28d63c7	ff51ba427cc28c6d4e71c7652f5dee68757fa3a7604b986e38669d5b72d6b00c	false
datomic/error$eval_exception	d71c780ce731e376f234686c5425f7eb92e6caf8de39d8211a02badf3a928d4f	6a8a83a9766ba45b630824eeb848cedb282fb23502468d4f9ad3c5b090a46288	false
datomic/error$has_string_constructor_QMARK_	871c5eaa456654d89ebd3bf4e6db2db852d0abaff670d68f11dc6a9fd61adb8a	2fd782b16eca92771f4c8801297d7ff46547d5d18955c8e1f8f83d271a0d5d5b	false
datomic/error$raise	559eb89dfe374d4e9423e8ac86fb6a1fa5de7b785bd083570ca4aa3e968412fd	f10cc5c41ef8d8aceb5300c97ff0c180ea604552df5c6deb6e710da8540e8356	false
datomic/error$report	6c78f1910d7ddf1177c74b0391a03409eef43cd9acc0125fadd5eef69b3e971e	f4a1837cdabd844aeb141c181737aa0e8f5c095515c381eded48f0ba98eef642	false
datomic/error$runonce	33b376a8f1eaf179b449a431f52ac39de61f71e8ef6a50ebc90c28a5a994cb8c	60c1e72d42bb37e984d39d9a4e66975af105ca0761235265e7de1e2429873f53	false
datomic/error$should_log_exception_QMARK_	ea8a6a114756ffe4552946bc94ba47ffbfca3134821193b0d6226af4994c44e5	6dc72a5e4b2d38633d10752551a48811342870f190b97c332a3a5460d450ae16	false
datomic/error$state	f01f41606074021c0bc2894195c0bbb1ae0256476ff5de88df513a319c8a8082	313057e452ca9d3fc0a253dabe39117a303ae3a250fe0d8b88390336582df96f	false
datomic/error$with_unwind	aade6a28561edf271ff96a142f383ac6ca952cccf8de0089a5de29f48a76b1ed	7cd6683a6e227eb640c27d789089a7a1b673536150e24e7c2c7cd2f1ba942672	false
datomic/error$with_unwind_STAR_	4bda88e55204d5481e6f09be7b877300c83212e6919c6b6ab42cd91487bcf21c	a3bf20e456a9b344c7e45b99840ceecc89af4f2928a05ff81ef7d73704d94f41	false
datomic/error__init	9ff765a5edbb27460604b6ef61a9b1a8a36a5b7b2ae74f6256e12d5977276df7	feab17630be769b8563cd7645380e92a484f8f1a7ac6ea7e73251e3e90062e66	false
datomic/excise$a_target_QMARK_	9d7257cc440f0f6772eea22d25198d2c15076c5a41055f349bf647ebd35da3a9	2b70c575d8ecd4c71851829cbfa7de686457d2df2d66bcb0abd2497697998b1c	false
datomic/excise$component_attr_QMARK_	d77974a4e5228380e7a02c0188256c033a7e35890ea0fb4a99bab2ffa57dd271	52d34a4110ac13fc91ebf9b729095545fe679f6a3b18e446d3d0db005431d0ed	false
datomic/excise$component_es_set	489d62a2ed79dc2ec121d981680a95d5166ae58072922e3b62b0bd9645d69141	82dd7c7a512f42078730c835a421364409267635f86acd1bf6ceae476e7055e3	false
datomic/excise$create_a__GT_xpreds	09201989d536aa563483cc7083c5da2492a5dc14b1454a5507d3836d1359123d	1e563bfcd8f96dd100cd1be7aeec51f87a79a893074ec64f1984d24b1571281e	false
datomic/excise$create_as_pred	998aad52bd82093b6dfbe2881860ba55ac4baf69f794dfd3a05a655efb597821	97e0e4d20a3364d7175ee3b60ddf712a6cef6e0b71d34b6bfa16966717464485	false
datomic/excise$create_e__GT_xpreds	1be13d33b1778465a71198c2c2a9be06c97172a3629debe533b2d79668d09ca6	f3e1934bf820409f7af1b5801e9e955f8914ec12d5d93d1dd20f56cb7cb6b6b7	false
datomic/excise$create_es_pred	2489d91e771d1b86909ab11d22b07dbbf8092de936c0c96eb79902b1ab45f128	beede9acafb1e743c02c9cc2109fed959a3fdf16b2cb65684c32ccd05875ce1c	false
datomic/excise$create_xpreds	ff300370d7db0b3f4b0992be373080be1185464ada30a7af848e2c2bbe89ed9f	ca83277e522db5e5679ab6775f9566610f884bf5fc088f788a260df81cf5a490	false
datomic/excise$datoms	4dc876c1eb70f586cdcdbd7e98dc1b05ad91b6f5a4feadadeb7b9d4f71604096	094261042b0a1e455c603260799e3dfdf1cc8fbf5dfec41b9f0b72ba3ffd4205	false
datomic/excise$e_target_QMARK_	344a0617e18220eab5f92e2d04910e49de227c9fa3bf91e663f905e470a31fa1	8e128b160fdfedfe5c8d9a045f99e5aa821190a0f83eed1774b2d54574dd881e	false
datomic/excise$get_before_t	92b90cd0d121609ecb358939ad1388fa0c308fa357737d03798280f4151d8232	01f24c175e0e8506c0789277bdcbfc45b756140bdf5f78862acf1d81748803a0	false
datomic/excise$keeper_QMARK_	801e33005573221d74d56c3d4b389f78957f8acb53582dbc1fda8f19eeee39e1	fb038faf0a062b3da7a3ed569f429b46288b30f789ea67418315bc323a1aaa99	false
datomic/excise$pred	77de5a15df04895b67e551481ac4e8b7aa8cf6fd800e0b0a88d2814730428af1	3aee35bf0ffdb87c8a2fe23912f75e2789722ad7f5e1cb157ac28e02e42ca1eb	false
datomic/excise$pred_and_extent	156ecd8d64897c6182afc978b548a2a510303bd2ac344db5535667a6cfa5c923	98c6e02faec2b74458c3243e0723e3b17b283516a5fdb64e38ac90e999c8fa7f	false
datomic/excise$ref_datom_QMARK_	6f337df80c53bfa550aa14e3d7946648f654a28837bddf0548a5d7b259929dc6	8fa36efa468c7a32be9df134da24e18eeb6a0d1848bbcfcf5da1cd1fa0874baf	false
datomic/excise$remove_QMARK_	26a0161410f08e3dfcad732e73798734bc672970b727f727ed23e75d1f66de4b	3a394ba917e03b1a8c21bdf155ecd09703f22608d679c85ec8d03821fa4530a8	false
datomic/excise$target	57fd3b2d97025ab4f07c32aade22836f4e3c48e77c837a3f1d47acb4882e6468	db8a950ac9e06526c6882d9b423789c6d0cf295335f3cc056588a47d334feb20	false
datomic/excise/ExcisePred	1b8727c808769bbf0dcfd8f8c363873e90d60e77583efa0c125b5c4c8dcb30b5	e3ac01277fc76bad8581c5fee0d4da7134f8d0d89811ba8fe4eee5547cd9931a	false
datomic/excise__init	63c520ee6437967ca094469e05690eecdddc1c868178b4d3e4d7758abdc04f4b	46efe8842f23a4defe5751ddb76b872d7115ac6979b291e6588a47c6d3a25258	false
datomic/extension_resolver$allow_QMARK_	71d4e54326c39968926cbc33d5d5fe9d83cef06442b11648511aa27beb0caf00	b7567b7ce26107675510ff207fce173d0688ae800f02b195abf198029a6b736b	false
datomic/extension_resolver$allow_list__GT_pred	2b2769598d161db580e75568a6993e91fddf5cd60028cc7cf05981dae9ac2e30	43e046172c7579ec5a02f63f827f20fc85315e00f68c3fd39306114d18ffc6eb	false
datomic/extension_resolver$anom_map	ee36cf173079d0b1e74698f41d9e6de740c0c66fdbce36cc78c94976a6d1b80f	e19a197a766fa1c00b4d89a0fe3c1db142b9a31477fe9e0dbfa7a4ca74bacf6a	false
datomic/extension_resolver$anomaly_BANG_	aa66ed90e8c3cdbc9790d437a72a50a808dc128c8746a46d2efdba31e8b74dc6	188e21402bc960c42e74fa8905029551b71236ec04b0ab735c6a7cfd39c534aa	false
datomic/extension_resolver$ensure_allow_list_BANG_	3e5c2f7cc9cc69097c98792884545444dfcbb5b60c6ffc0d480ee51a06b0f25d	2ca2cc289871eda6299f5dbdee35e1167a8528e8aac989043c94212bd8e73cc5	false
datomic/extension_resolver$ensure_extensions_config_BANG_	57847027f5041337e7081d7b5b1bb71bff07afb3783cf9bf79b12e904a1742bc	f1064aa34ddb781a123c0279e7f1c8e4a96f0444bab35414966741f68a52349f	false
datomic/extension_resolver$explicit_pred	c22b9995ef733a2ab4b9454f69263d501dea3f44b1c2414630a23783a1b945d7	1e7ef4fe70c63d6b52ba4509efa0b9e6cbc658f372042e661aaf27dcd8ec6bd1	false
datomic/extension_resolver$load_extensions_config	300a7f7ed5f6ea1c436e5cc4e0e301028b2009d7eeb13a8d778aaeaceef11857	ab204480fa511db08bfbe29f6609806aca67428dc94934a2f3cf67eb940b11cc	false
datomic/extension_resolver$load_preds	afa1e8559544deeffcfdcd4b188a0b7f5ddc1f8e77b6e9a628401307ddff0a31	288316bae6d8983ceb5a4c4a6701e1ad767319a8d2aa12f64d9266e0e2199c1f	false
datomic/extension_resolver$preload_BANG_	11c01becd0abe447eb47b99a029aec68dddedd483c79d6d464f60a9ee3c94386	c15ceb5b95453775d3680852aa133f7e2d9bfa166a49eab146db939d5856b34b	false
datomic/extension_resolver$resolve_BANG_	2c6d5dc6790c87eb37d2f1fa715c67dc41f7cbd8cab4e35dbeeb128477a098a7	0b87682556fe266b7b44174a36534ad023c4223de1d7c8c9a1bc2cfbc5e2dd44	false
datomic/extension_resolver$resolve_built_in_xform	eb57d61547db5d0e9d48007a415af181c924092b0e1d61d845c4c5a4a112cc7d	ed55fc88df4b4e3409265f4dc36f51d19cdb9021069d06145e9aa12080421c0c	false
datomic/extension_resolver$resolve_xform_BANG_	731bbf4cdef20b037b8bf96a1e558d0362481e8489f6c11ef4fef250b0a6b262	362fc75a20e7a218753926e84974ae7a6261b321f28e4b070a065e27d08b2ad4	false
datomic/extension_resolver$user_namespaces	f1433642d811e821d94bfd4285e408f0941bd0762bcd8c0458f369e808f2cee4	df4b003c090c6b969baa367ceba88b6aefb82b463285c02e890934e97723c3de	false
datomic/extension_resolver$wildcard_name_QMARK_	ebf989347488eac7b3fd67ebcd0c1785d69f27db7b1382941150bf88df2f84b8	ef92d719c691f4d212c1494a020e8182346ececc65fc9d9b73b48088300a1a5c	false
datomic/extension_resolver$wildcard_pred	77e88f884aa7e86fc1163e5b47252bf124a53b031a188a5e711d802e60572514	1961ac28a94e1582aee9abd67661d3b2be688ffcdbe039d0739d363adc889dc9	false
datomic/extension_resolver__init	997815618002831def27c63b57caa99cd5c23f36c96fe25ad69c809c64c936bd	0b8ccb9d2db58a3ee10c589ebe9c81af3dcf888654c97d963f2e12c840e7c1e5	false
datomic/extensions$_GT_	495dc79500a585b76957b07016cbdb7b0996ccc4b38145dfc58cc0da14db7981	d70b916ba9bf1521dba8ddf16909f595f3d2a94c9145d80138c3600b42d427a8	false
datomic/extensions$_GT__EQ_	30fdf7f4682ed84a2a85ac03c1abc12f872f0255b86b4b1d877baa795c88dad2	4540a60a587fd96a914fd56b58def7481489e5309965a234cc435d00853cec5d	false
datomic/extensions$_LT_	9e1c5022a5de15c99b36dd7ddad858006eed349fe2091b72332a88fe58b0dfdb	863c7f0a718cc04460193c50e6c676efe1caf1946a3ef1f25f17fd1753c68543	false
datomic/extensions$_LT__EQ_	ce4e28e6e2929a51543e33bf9af77ddeb9d87f968a71dd92be8c1a6e6ed354c3	93264fc887ca8d02891b669b7f2d2b0c15fa2eab7787e09ec485b1aa56f63b96	false
datomic/extensions$_SLASH_	70d68029ed121e31f4cc537afd08296f5d0dcfa897edc206e9e22f2124e5afd4	523b718f417a352400ec686b5f98d7cbf7909d2e046fc5bfeb314a9620282002	false
datomic/extensions$_gather	c3e48da740ab21537f7dc560e7253c76bba7bae35c17d017018895a756d96847	f49674a749293b5a27f0715597e66f0ba104e759db1d5c6fb4b9b44fd87fb53a	false
datomic/extensions$ensure_sv_attrid	48c8590f9618d0c5e9b026c9ccfa195d70c273efc9bca7a68eaf080cfc3d0a91	258cb6cd8b840f99177948e000f511fca151759cb4f7aad06994c41e67ff6ef9	false
datomic/extensions$fulltext	02becb0c36a16c8f8cf893d117358055801c0b50e53f8ebf5773971c98cdce3a	282b457b97e46ad7606b172ca88c0c8427515ee8d8eb491840ed0f6de28f62a6	false
datomic/extensions$get_else	37d29f480b0348b0a8a7a7b03b46584c5cfdd41b7933d79930e6ee7b15d7f83c	dada3403455592e0fd2d9e205357748bda1bde8d17026b8ce32f144b1dcfed53	false
datomic/extensions$get_some	8a0231e03b81e0ea5b1b6f7a9c34a4f249c8ab845b50e3919ea7dfdcd20dace7	06e9b5d79b62fd0fd8034d6f64f99d53ff55ffaf5cc81c6e216b6a1181859958	false
datomic/extensions$ground	2c4dcc3036f3cfa8fa5e0032249f8841365cae4dc2c27196c12bc4d43d1720a5	d2468cacbbc224e319f20ffaae25e5c033dad1f2517529e3d485a9f72bb10244	false
datomic/extensions$missing_QMARK_	316e1e629acf35d922c4a6692dfa6cc440da6f7098584e4dcb11ebe26655279b	d2762d00766ce1a9c542fcf7ce3d74987677b9938cb632a30a90a813283e0558	false
datomic/extensions$project	03be8f937ebc5a1d5988188a55b0727ee8530c65e381bac39c5da66e0ed0e8ca	cef0e5c9fe5a7a5a3f5e866238a807e3ad6c92a153ec7d68f5339cdc0f56f166	false
datomic/extensions$q	e8e47d7aadb558ab4597f2da1bfcc8283f052f672f8fd72841a8bf279b99e579	1a42e1e1dd69b01f4847534938d8b3009a776ce2b583f8ccaa4659a5b5315f54	false
datomic/extensions$tx_data	f6efdaecf89440a02d21daf43c51d45e12c4f138a035e5a7e5a68d535c5daae9	b980f37a1ffee4b01a596f8822f9f5fc8fcccb15fac47a6f3431e3b7efa27f9e	false
datomic/extensions$tx_ids	961693b9c698e5d3df16cce1b50ccd9f98a41ff15cc8acbfdbd5cb20db1a638f	6e1894be26d08ec8e241b8a537a620bb52c910c2cccec03bfcc0769b048b69aa	false
datomic/extensions__init	9cbdbdf75f5de9f8c9e46b8e9bc2615663b089dffae941396db161ffb87f6d10	3764b91d435eeae6736959ae0e20f612d11b538c22cb8b2c73b55e84033efe77	false
datomic/external_sort$chunk_seq	81e7a0aa6725d2e8aa826a6c45072e9d11fa1429c6caadf6de608f9f51ddc501	bdcb22a612dbc57507a8a424723c316a96efc805e729cf57a4ca1922413325c8	false
datomic/external_sort$file_system_sorter	d3b409d6125aa924f5c75ed1acc061a8f35a17175a73b32438b231489e570112	a263ffb04d4fb40a563fc1f0a9cb2bbad7c487d97df41ba0dc07b4f9d2e1db5e	false
datomic/external_sort$next_chunk	bf532d03baec264e1a74ce05746deeff29fb9fd5f2f499bcdc5afc6a2be26552	bfcf4e0d0e840db0b063bd292937e41512b34ca2317309c5144b38afcf9d8fc3	false
datomic/external_sort$temp_file_io	a0ca7fa86bf59a36393a47a42c0aaf148dfef5e991f6e66eabf0cf953c84f5d1	f885c7c97e7cfae1c09cb1d3a5824a7d2469154a43fc939b0a25bea7a72f3bf2	false
datomic/external_sort/ExternalSort	6e1aba7afa729d302a23825074121a533d4ec3564b59889f63b97a388b93a12c	785eead17db209eb1af5081c4e7cc4ab22fe001f0cf550e1ce0394a87fe8a862	false
datomic/external_sort/FileSystemSorter	17a4088587c79d49a7d04deed0be75bd9242bd59133db8b9a2c6911d796931fb	cfe053b12033fe0b40442872dc5c9f7ddacc43afdefeaf2f2fce70db2b57f460	false
datomic/external_sort/IO	87b240bba8f1627c49f8d57f3fe5ce31122b85198ef27a9ab763fad31d36b35f	53cae4eb79f51880a21b47fd382f1496585a6c37a2ec7f18f125bb731547797b	false
datomic/external_sort__init	18daed72ec5be9675b1682ae1f0e6fb0744461591cc3716aefecd45a68277df2	a0217d523aa415188a0f85d67e3f9f5da7178fd78a32a3955af7c6e20652c953	false
datomic/external_sort_datoms$consume_sorted_datoms	73a594812dce3977c6b62f54ebcf02bf35d4a71085ca884fea9d84acb2796a83	3ebb15b1cc6f5bf5561bb1a502818f1956b81e1465ed0890965c9a3c9e9f0ccf	false
datomic/external_sort_datoms$create_file_writer	eeca8def9acf99f440c8ee45a28307f1b3979d5ff797f9434fee38bf1ae785c6	07db098ae19436e3bd55fd00a7bec91561b3592e4fda1684ca06399ba1c7c4f8	false
datomic/external_sort_datoms__init	557f4338ef796711519533137aef011f42aded66559c58cd2532631f8395842b	bba279ecb3c4ddea003f28d64e2b1e62c35e886c3a03aea43ea1a61e3f00b375	false
datomic/fressian$as_lookup	a872cd13156708bdd0cf0f66450f6e199fd6b3173ec9d669cddbff343c8bb2a6	257d4e1fdbbc5170cd8534402461ad481178270fe47bc3089fbd6ce9c8224a39	false
datomic/fressian$begin_closed_list	5aac9fad4e35dd266a070c747bb3e6f146598b007e18dd7c48ba1c7bd1fcfaca	64e8692100c86d1d5827ec96b5100f753e5556ef1bf67e3c0989c3dec97b6d91	false
datomic/fressian$begin_open_list	06ff616ca0280ac32280fef4ebd3a8b299459e264fcb15c46cd5d36194e781c9	f09b3242a95e79a52e3011872c42a225dccffdbf70f6730a56b639fad0f53e77	false
datomic/fressian$byte_buf	2c0ced88dbe170f1bac29ac49075ee0f7289c1624f9834088556e4d8162365c2	4947c452057d0724da6784cf7e19fd636e040c6f1c3e87d50a97ea0e2cf96653	false
datomic/fressian$create_reader	ed405992ff1029115d51dd91aa18d9d4ce8e14cd8ae2f941a825e4a467e4597c	e84512d861a4ef213c907ec540cf7a7b64e0c82330606dbdd2dabf215a55c0cd	false
datomic/fressian$create_writer	72e07aa277b801b3652abcefc2096aed330bce81f35b590bb80336894bf9dc44	62e6222a1466cc5e11bbd4578aca8748803057ba662a9a50a4f8a59085647b61	false
datomic/fressian$defressian	9f39ef353ffe87b96b20a54198ddc0f0b48890d9bb8f1e2912020139f84562f1	f28b42b731993f73095b59c972b029a438d22974d95db8b1707e6d4b03abda17	false
datomic/fressian$end_list	1197a1157eb2c1cfd310c039a9608fbec397d281d8707e52c78c90b44cfd5e7c	007d82bd081d039e254edfddce605f0a02aba4c838a2ba16a98c421f55024481	false
datomic/fressian$fressian	7eaa770081bb1eab64d63ef27188f9886acd0fb9c3f131d1757e6b7ec2fb3421	0d1459af71e4c48cd486265b6bf022c9f86a59ab2f5ced0cce1f7dfe6d4a198e	false
datomic/fressian$fressian_val	9093f4dbd462bf3ccb2b859238a9903568d74916a1e6a6483225067a192f1d07	3686feee220413b01c9a4ecb2c619eb4fee7cc1d2eb1bcf149b70165e0a5b1be	false
datomic/fressian$fressianable_QMARK_	682356042c20a99f234cc359f26a957451cb840d96150a268d3535dd41ea3cfe	7d5fa7b08cd2423e347aa2dcd80cfd02de01950e2784a4d3dbfae2fbe51fb0e8	false
datomic/fressian$read_batch	62d27d1fee7d53a7953792a1bf9ce11f0f007ead2fc2b6eaa3206a7d92ff1327	c55dec855f2ecd5c327fc2f9f3aac1433cc5579308850d25b8c42b47f1a05c6c	false
datomic/fressian$read_seq	f86d2074e4007b0fd9df7dddb49812e5cd0d3463d874157d975afa50ba790be7	38c8424981c0be97b781f8996b5b13055474677f81a4bb04f0aed3862722195d	false
datomic/fressian$reader_iter	7a9fe99ad15ed10f2a9d42e72e29002345b5e146dbd91c15edc63913c051d1d2	fd3d5f46a92297d25cce837f3b58c5f32136299897f27b696e3f057e2659c21f	false
datomic/fressian$record_latencies	d753ed3428c71ec311a45db0ec11876e13bf29cc09a7d9194cc05591b0522f8a	a55394bcc0e56d728d13e92d7221405a3828aa279587c81f1171209c06879605	false
datomic/fressian$val__GT_obj	2956c06b392bc1f0fcad5953321dcda9f28a0e816a016832a9d434178b30b495	3dd55fbf5a56037ef842993234b49935c1cc30546ffc1e6ede7be7ea1b9dde7d	false
datomic/fressian$write_handler_lookup	daf25a4dd4583e13e76a16403faa3b9c242a1d6d0e9078cc45b29eb61c90c132	def6596c1a4a06134a0dd583772edefd24b40a00beb66497ad2f4a85928975d6	false
datomic/fressian$write_named	18c5a4aab84a4301ea10fed07d948d61bb9e93dbbc69df09a336201d6efabf8e	da62f3b728056d8dd88084984e5d3f8aa593418300f453549c5b01d5103ba8c4	false
datomic/fressian/FressianIter	a3134b57c79fa15208520933234662d9d7f2b7cc3f0f320d553928e3bd89cd1e	d367560196c24d0f05482366a10b9c99e19d7b42ef112427a7343fd84fcfbb32	false
datomic/fressian__init	d7ba61f8ee071e07620d13fb552162957539b9a214e08018465b960944725c3d	b10238dbccf2dfb5291b221e80bc9143a4a2b522bec611a1e8c35c0390d7fe68	false
datomic/fulltext$add_chunked_data_to_writer	492ec5a215bed5370f122ec41fe534c24286850cf8da7d691fc2ae02b8d988be	30160fab19f726c05b4e21f0ef44e2dd4aade47cf9212ee01620492f0a98ecbb	false
datomic/fulltext$add_data_to_writer	92cc8e5fba236672bf591acb69ab34574667c0286f9b09b4212d19e5bbd8d5c3	56507bb286fa8d8d78dd3431afc73818644073a2ac9fbff366602dc09441d868	false
datomic/fulltext$build_index	92279095cbfb28a43ebaf1ece02c746be8a6e8dcd5555cbf7cebfd5fb1dcd9be	d510624bc1e43c9bd6b563a66bf3f7ae17a00c599014e158fbf5015ffea076c6	false
datomic/fulltext$cluster_directory	c3337338c195b3baf37509ef9b9a8f8d5216d7f6e851c3c321a6e8e7bf8572c1	f3096e0b778bf2108f92ff5874751598a298700962e3f9fa411128bf84fdc531	false
datomic/fulltext$clustered_fulltext	08e49ba14734f4de69e71d81777b3e4eead840e0b07aa44c339d7f03a210acbf	67c2d54a2649d45e63d56d70cb43a10786329a34fbb7a1cc3538b2207e8d39c6	false
datomic/fulltext$create_index_on_dir	a0bffa94c2c101534caf7208b94c24b23b2f2eb3c3c8e16e4af1b47409e91d20	08db0a8ac553d248fcab435b58a93d34de8d92ee7fe4ff706d32dcbecc260591	false
datomic/fulltext$create_indexing_job	1faea2edaa423c6173d7056b7bf4ed5973c422ff56f2d896bd7ef8ed7319f89b	70ba01ddccee8286a6977625336f11257d99ae7937245e8218624dba7cc19ba3	false
datomic/fulltext$do_indexing_job	47f7f2d37949cac783c8db396b93356c24250b632fb2870a09591ac36636b0e1	f49797bad98eb43094280fe804c51357fbe15462465b823f1d680c63915fd5fa	false
datomic/fulltext$doc__GT_datum	440990073a85323303b8d7f929df3477111295ff79da5c325979f8cc943c4170	8b8a3a5c31e3ec05de5f207c736fd0ba20efe2745462b095d388a89916686789	false
datomic/fulltext$find_historic_docid	82b3a79a9b459e029532fe50b5e5c39618dfc7358ab801e29fded9cd2ff1cf2e	f54acf89ec5ce1c949c9f218ca44944e238a66153870268324bd73d4c1978e2d	false
datomic/fulltext$find_matching_assertion	51e314583ad86317a9ca3c9599b0cedc05340e554376407463dcf25f168ac5d1	98ac19a11a3c923db3362a45788d48758cc2065fd224a8406f020c8a09fd1b31	false
datomic/fulltext$fulltext_index_reader	0991730f08b71c39abfe7e105fd99c493ed727f1048f6ec750005240e9dcdb49	f88703e4bd04cdb632a9788cb9f432658b68ae847c4d9546ddbf90a690773176	false
datomic/fulltext$hybrid_dir	94bb9a7a6a1281530db4986a1cada90a9b1410ddde4e2d398e595494e94d2521	94e54fe79d79442bafdc96b3f4d6b3780f63e315cf54f9a3558284f90d9e241d	false
datomic/fulltext$index_files	c6602a8fc19c99fea9a3385122d069e1e259c511095245e6c869de3ad6166a1d	4af8217606c9568cca16396ac682ccd0e076b6447db307b4ebffe53e5da81a1b	false
datomic/fulltext$promote_to_cluster	50207eb53ad86c48b9dc54d7bed254548c7291cee409e651888cbe86b9367997	b52fcdb4702ed31cced60bd890139e9c88ef92537fa8fbdfeb49ad226120fde7	false
datomic/fulltext$remove_data_from_reader	5f1f8260e7f8c008e4bd18bb224569faac08619c90e5e484bcdb77635d90c3d8	2f7c855aca508f83f4e17dabdf6a5b71952ea90c0157e41b6c5bcf0fe904add2	false
datomic/fulltext$search	55e19d7e9cc909fb9a68d61589e418e2da5f12800e69601b2a8439a818980b26	bf0f7e93965295b4c2bfc7f687e94a98aa8a6591fe01a736acdfb245196fed8a	false
datomic/fulltext$search_iterable	3f310883d33b86b35319ae8c2a43b3bb1d1fd0275cd475a7334deb095f9c1945	cf9b9be6099ea4064312b85dcdab38bf833a4601d8a8ba60ec55ddf3c687514b	false
datomic/fulltext$separate_history	7eb1dec197e45205107044ae142f93669a7cedd2cd23985a144fb3b2f51db4d7	93f129909bcd018e6d1c3314d7234ccb2fd0a85f1f9e9db7a407d6a497c2c490	false
datomic/fulltext$write_changed_val	927d3fd0df4aff9a22202a1903ebf7c07a4e72c7e1af9d5d4730a799a69db9c2	d5b1e064d65a9df2f01259284688e176fd07459867fa5304b48a82392edd2706	false
datomic/fulltext/ClusteredFulltext	5ed31074566866575bd744e1965fe21131ad44360e18c050b742719f7685d676	105bfdaf55cea7d4d10570967fa33257a51a93106e40ad888d434859888d661c	false
datomic/fulltext/Root	57186101a5776e5b9a9b081a349a84c82b9cecb23c6aa9fc9a154c9eb37f4d7c	0cc3451b05c6c7ef82c7b16b6dae0f2c5ea99abc17eef781277af4d95c8f08cd	false
datomic/fulltext/SearchIterable	41446a2658ac06f10cce2ac8de498257d82a4760f04c68f2180ba21f9a4ca7a6	d6ff73ca7afadf82def3869efade57163474f83f467aa6764014d163f06833d0	false
datomic/fulltext/SearchIterator	fcd062c5ad34f7160f1e07e11117a09920aca75f9958a03c09f1da7da338abf8	07203bab103281c24b179b172ea315cb39a4a80a8adfe8f842aef6aefba8dbd8	false
datomic/fulltext__init	9e516fd1f76c21d11387896f4023f0852d8fd00f0a96c947de855c4a896d6918	2b9bd2d17e1a4d1dd06beab7199811691b2d3c560bf6c757324dc561367d7de3	false
datomic/fulltext_index$datum__GT_doc	44076a3dee95774988a1677c0cf831ad78762c6610e13d53032fab9d1eeb9f9b	2d26a3c94ae56813e29c4f3acdda62c57bcae68e18cbcd5868110f26d709b0a0	false
datomic/fulltext_index$update_fulltext	6299cd22cb914a00a9f335a7068d615705a117767e613eafdb990d8ec8a71ca2	a484ee3c99f9382fde519b304deb6b41fb678f31bf42aaf269e599502be275c0	false
datomic/fulltext_index/LuceneProvider	9565795a051fcfa10b7bbe3e60ef15444c1afa0f28eafdaa0568548ead7c1a14	81b235635791b666c3d46e9a31c9b6e309fbd022829e97afd87baf3bbd850498	false
datomic/fulltext_index/PersistentFulltext	83c524690d24f2c2835ec0abe397931138563373709cdd8232d4bf5fa4b6edf9	895f7a97c5670f3f5ef97d087d09904b11e0180cfbac6aa5f171e3bb0200f497	false
datomic/fulltext_index__init	0a0fc5db2082279dba33527c91e34b509d93307a29847ad410ad5ef6c8c1e141	2aa7d1990d64ee4ef9b6247a0b142e678dce6e32ee2c81e1ffbe68ebc85dc2ba	false
datomic/function$compile_clojure	df3ef2a4c7f1a088f0dc659fae5349227f603f04d0d8f0b062ebc9ab8e860a84	5a635922d21bcaf6304c476af9901ba9343e62ca1a6f8ddf6171c0ada7889bcb	false
datomic/function$construct	468e48f7e77b80239e541b281c980e9b3ec542cba81f1e791a23ff37f97d9f45	5c496a0ba74df4f4f1c8a5e2e78cd00095f6bfd8560c8dcbcefeb841f5c2e6db	false
datomic/function$normalize	fca99cefbfe5576ace95dc37311245a7cb6b849be917e590a239375b3f7f86da	efe4b8dba1705807520e08a442afeb0e4bdda7a4f0054edc2289d49744cac04f	false
datomic/function$print_function	e20715508a5f8ee85ef9f8bb8d33704ddd8df96e5208251203bc8468e46ad24e	e91f0f40be489e45b805d98cb91bcd17e2eeacf9eb6ddf006499569ce7fd7e3b	false
datomic/function/Function	26936056e6bb5e6baee284b321ffe1871bb30aa0dec507a4018847a14f21ec7d	b7a50a3194cc2e18cdf1faa572d18e423d4c5b3ef84fbff73c34122e7375dec3	false
datomic/function__init	35e85ea285d7b0d1ace10d8aeb325740643145571adb34b318ed7e500ec9602f	714dc9c47a7bf3cf56733b9f862bee56421527d96d073edd9b30f5d8595e7712	false
datomic/functions/Fn	a5a919717e1927ed37ce44bc912842bb361d521ec3e74403749e0ede5a1a9287	a5a919717e1927ed37ce44bc912842bb361d521ec3e74403749e0ede5a1a9287	true
datomic/functions/Fn0	bdd46c582a845451ad150be13649f5c2e13d06994962132b95055337f945be83	bdd46c582a845451ad150be13649f5c2e13d06994962132b95055337f945be83	true
datomic/functions/Fn1	48a2ddf3f7b3ecd1db8f30d83614c7185d2a42619c221f4c48ed8035ab600dc8	48a2ddf3f7b3ecd1db8f30d83614c7185d2a42619c221f4c48ed8035ab600dc8	true
datomic/functions/Fn10	207937df1eb2ff2644f7a61e26296d6d1de054a5c170be8f638b8d1dbb6b0981	207937df1eb2ff2644f7a61e26296d6d1de054a5c170be8f638b8d1dbb6b0981	true
datomic/functions/Fn2	4654a2935b5288c3da315d83414107e93e5451b2701409b5b2ea21837245edff	4654a2935b5288c3da315d83414107e93e5451b2701409b5b2ea21837245edff	true
datomic/functions/Fn3	16aa433a05ac06c7edf5f9d24baad1b562c112af6dc59a4c573832702a1d9fb0	16aa433a05ac06c7edf5f9d24baad1b562c112af6dc59a4c573832702a1d9fb0	true
datomic/functions/Fn4	2f4cb9eae5eb83068170eb9dfe9ae15c996233ebb6802a5a989e55f04f4b9c26	2f4cb9eae5eb83068170eb9dfe9ae15c996233ebb6802a5a989e55f04f4b9c26	true
datomic/functions/Fn5	5c2063ba929e3c9d5d4170741743fbfbc4882e64b4c0c9705fc7401b8a2408d8	5c2063ba929e3c9d5d4170741743fbfbc4882e64b4c0c9705fc7401b8a2408d8	true
datomic/functions/Fn6	6faad0e5c6e03b5153445a7601a85884846c0b2cde2363dece8407374f83fdf7	6faad0e5c6e03b5153445a7601a85884846c0b2cde2363dece8407374f83fdf7	true
datomic/functions/Fn7	d0c169fb6e013534776a45689987c5b063fd3bee33ed8a8d36be9926f69abab2	d0c169fb6e013534776a45689987c5b063fd3bee33ed8a8d36be9926f69abab2	true
datomic/functions/Fn8	adda0fef9c8e9c9bc72f3954ae695fed9e81ec72ccb12f6ba6a4d2b37ce3f3a2	adda0fef9c8e9c9bc72f3954ae695fed9e81ec72ccb12f6ba6a4d2b37ce3f3a2	true
datomic/functions/Fn9	cdc0471d3176a0d41ae19cf83eba18e349488e14244a921048c848fda33678b4	cdc0471d3176a0d41ae19cf83eba18e349488e14244a921048c848fda33678b4	true
datomic/future$_future_with_channel_impl	acf610d5b9e838890975aa89e44590c2f3d08aede7cd1c942fbcf5e6a2ebc572	56926ab6d1577b2ac5805a24ce37e038f9919da5140ea62c804b474454bba8da	false
datomic/future$add_bounding_warning	dff27e2140c9cb81aa8f70646114401eab898a7fadd0891b7bd09fb4174b49ee	939c81304404aa49913959fdf0e66f8a1e796dc6dd984588dd3de8b5fc6efe9b	false
datomic/future$filling_promise	77079d153ec216c2776e6caea95014ef5caef7fcc916fd7fa916d8805302dcbc	318caaa178434437b2421112691f974ac62a60d2361dcae4536cad70c5c74313	false
datomic/future$future	37bb1c56ad93e65c28d9032826e01893fe7366be3bab445a8a49febddd7c9689	621b469d3f31a2acea7dfaeefa7de843800940575621933974aa7fecc3d7253b	false
datomic/future$future_call	655486f5aab6493a505015ec7199d319b9a93dd8f5d657dcb6ff0895a8ebee80	cf351392394dae1099c0193c8016986d9ab002c040d608e702928c790e816f24	false
datomic/future$pfuture	054d7d9ed7f6f0e211dd3cfd667b3b4c0e051db721b8136b672628bcb1d6a831	6caa3776aeb204a8544137630a7f96fafe671e1e026337277bf3725cd440e343	false
datomic/future$pfuture_call	96c70d671dc08203938eda123971fbf3374b7464d971c6eacdacae216e0ad766	54e1b59ecd9a90da9bee11e50718439d3e9665c4f24904c0505e48e3187ef646	false
datomic/future/ClojureFutureWithChannel	9891e72aec5a1dc54e4c66fa836420cdc7608831374e14a2f5316a0d3a94011d	e34943bf21b93fea5f34752fe79462a65718afdf43071a1c3d51610fb51311c0	false
datomic/future/GetChannel	fd40e3232b8ad710241874854144cbea459f14a5791fe0f61757dae54b7a04d2	5190b7ff4d33f0c980d59c3df771e7ae9e3c76e91a5dd883053e621cb8f897b8	false
datomic/future/JavaFutureWithChannel	87b71d523925993c50587e150cccd89f1b4f5cebc3c23e44c84c675235a19e2e	a7feedfcdf97cf5c67d0acec0ea96e33ebdadf5272c23ccedded9a7a0bd93206	false
datomic/future__init	0578f1db365c06928d2e5d028a068f01b4e9e544facaf95a652934e02ea3aa76	a61a3192b94781a60a4d9cbfde84e71903cf46c712d4a27d28e19280cf77c659	false
datomic/garbage$append_leaf	2bb321dfc1487b0a33c1561f7917a979380d4272b5b812087a2e9d2e2a0cf137	cecf3f6ce2e4b2d3bf37e8e889884cabacb7d198e92f0db2d3281adca3e00f9b	false
datomic/garbage$create_garbage_node	d9e4f0565b37390d81ea4bae34100795486a0892f167395c873492dcdc4e9149	aee761b6416f10867a870922a179aa1ab2a90f95172a740f744f0208364cb946	false
datomic/garbage$deleted_db_cluster_conf	8d0dea5fe6c1811d138b13a91a62b0cf5eb2ca9da18b283766f82303fbd19ef5	b4e7a820f6126b7f27c688a930ea5642e9f9f8550d1f8e4254d5885100f6ac46	false
datomic/garbage$dir_seq	72453f12450ae421b0a4a80b3d941cd7dc89677b91b0aeaaabe1f388419eeea0	7b02a002e3cf1e821396144927848fd8becdff336b3cfc81afdeb1aa3534cccd	false
datomic/garbage$do_mark_garbage	a15eb05ca7d312a116ab220e367cd0b44878bd141f9efbf61db26da61f1079e2	cc5a617741f9ef4b981b79160fe5180e23971f026d12b9a9bcf44d958177f847	false
datomic/garbage$ensure_root	ff1b1d28be136e559fe2ca38afb7b49877ca8ac351679c3a7ccef6dc8b006473	1f17b2e158fc7cd575cbedb5677c02401f61c7506cb29021f5fc55cd439a4416	false
datomic/garbage$ensure_root_ref	5c2635a4271163b0d7db3539552d8b3e31c24e8f065b2db75b46159cee4f6725	067a786acd92ea2c08028fedb111b6f09a5a6ed3ce0554a954ecbf243d2578a1	false
datomic/garbage$flush_garbage	70b776db73c907e6fd7c2b132ca3efeddbb4a2d1112747c31320cd3188061996	69b448e9d51a5c101a2ef7686ca5697b24e7d77591ff7e1f3c35e9c5f93a9e65	false
datomic/garbage$gc	509b5b42024dff9f37c45140ff28e7a3fff4c83dcafae425092c1a26587b3c7d	58556fbad298a09388a2132c27c2d0c604d3a1d38567577b28cf94b2252d43ac	false
datomic/garbage$gc_delete_vals	b0ed4a65dd2a0e5e2a9adc5abb70e195e1a9c18050ebda5157b8221f4d0d9cf5	754cb4625b217f2738c4c25489163b9561fd0fb5c9371355f4dcd00e44771255	false
datomic/garbage$gc_deleted_db	2b049b71b2a827f3f094f974b6d9a7241f65b679025b215be604a48133bc7b59	e2e7ab6446f3bc225cba5421e58daa5617cc7d51c42c096e5c18df69772a40a8	false
datomic/garbage$gc_deleted_dbs	d09dbaa3e0b61a591f54f6e533a2af71106cc4270c4c901981b1b2f0ab1605a8	c064bf6598fbfd04b82f04fd1a868da29fd80e254f90267fedb74a46715fbb3a	false
datomic/garbage$gc_dir	3c25e8bab1c82f989ee7fbf9e53c75f22ff521d4089b1ec9fcdef02524e3be37	0ceb5619d71b6f9828dd2290d100aae8f969068c445d79ab9867775f3b460a5f	false
datomic/garbage$gc_get_node	3595e16c7892196b6ad96a44cc59429facc59f16935257cb1d671f81216fa0dd	4867d1616734839e2d526f65a931aa7d1c901a2061ad7b1b2ca1e4cb8afd91ee	false
datomic/garbage$gc_leaf	97d627f9c37d394f27bbfc3ed49dc9cefb376a490da6e52eceb712ca7a061840	5df3d50af6ee83f4f2592f94f88622d55a6976eb6647497c8badf7f45ebfe087	false
datomic/garbage$get_db_ids	d77e9b090b11e801316eecc2aa996552a5511f014b7d452374f786dd24145240	0da27aa1ead28bbdad00f55bc75b5da80df89423b15f904f58e97c558eb54fcc	false
datomic/garbage$install_mark_handler	eadbcdf4f29f467c6eeb7fe3e2622ae8c1fb8064cdcb3aeda4c074c9527c8961	937c447cca7840ded191b6ec41dd70158bdb61e034bb6f8f908f859513612139	false
datomic/garbage$leaf_seq	e53ed02cfcde1b6b6a18294224bf5a91c4f36b79d7edeb8fbbac7f73c980c370	91837f801866bf2b98f0e3d287854e4443a88100d6e6174b52869e92f16f59a2	false
datomic/garbage$mark_garbage	aa24f2fa9ef34462b6a0a6e638c2e721a0876d2efb4fefa8cbf252b1df2bae9a	0e078f2a3a7048235065e3473d7146cfb7a9dcf40e085e4de8ee9d0d3c508409	false
datomic/garbage$pace_gc	af6cd5a5c4babfb137f979edc27be83ca0f9f88f62221825798a5ad992826ffa	cb3ed8478ba4c00b93dd62cad48159dfdcb9a5535aa7a58dcdabc5ee253717ae	false
datomic/garbage$pending_garbage_count	ba77bb7c0992b2e73a15e7c9b0a63eb15af08d99d3944090ab7d08bf17397779	13401920d5c9a360f0819af2decf8a73a74882736955f94ad2aa7de8d859237f	false
datomic/garbage$queue_gc	b98fb6c2e81067d9a99a93e99f6a6efabfe4f4a6ffbf5d96f59480d669d62cff	8c419daac8b7dba17454c659773a691824ff1fdd0e9fd8ac8d060b1b025fa4e4	false
datomic/garbage$root_ref_key	2b0aad8a3eca6b72834ec6bc89f68f87ba3197f54f89cc341f2b53867cee3138	fc696d4e6ca5366b679b5372edb5b8ce3bd0ac7d7d95505b9b731e27580b41d9	false
datomic/garbage/fressian$read_handler	d21e4ddc14d9f1a6db869a359324519700f8ab08c441b9616747a395ca6b0df6	7e30dbd3eeb1bdc66364e54362483407c21cfacf784c6dfb75dd29584c9d2a25	false
datomic/garbage/fressian$write_handler	248d600f84b80cd7a54819c2f8adf61449af68faa23c59c5144027253b4af46e	458c2887a41f93394d4eddc36bcf6ebdb660e0441a61ee0053be9ebbcb7a7ade	false
datomic/garbage/fressian/GarbageDir	8db8e79c524b3f63d7292a75e1863e4d27e5d19ff4a2e2db314641d4660daf6d	74fcb218f75cb9c63cbe62a72de3a8a510ca556de4d8284682e8ea0af031321b	false
datomic/garbage/fressian/GarbageLeaf	584032aaf87bab7a22ce4ed2d66a00f830f709b889d2ff62c6fe5d2fabb223d1	5acaaefb2fb8972754f0e97deeabdccbdd8a4fdbdfabf32fdd4ba618226f4dac	false
datomic/garbage/fressian/GarbageRoot	a3d725995f6593b276f8ac53dcb8043559fcba058d6a08d88e5c5de15781f26a	dcc0ca1c5ed6fafeadf62e88884bc43d4b804a241249bcb0ee1f8a2da360149c	false
datomic/garbage/fressian__init	d9c22d57397320d2f598fac7ee1aff2a5c9fea803d4fa27169161715bcb20741	81f763d7476b67cce5dfa0303b718b9826ba45cd03b34b118a81a8e57f50d2ce	false
datomic/garbage/pod$schedule_gc	52b6463bdb1f19f6404527fc55c18cc897ebb73af97acee58bd67babd0791b77	dd41adf228970fe49eda8ce9aa7b1e385042efb64ba72fa945bb57a1cbfc0098	false
datomic/garbage/pod$warn	aeb7d2db332b33e6541c7d06a83bc52b5e47a45b17e1cfef4b51121546164530	10d3fed2a9bbeb19a040e771620bccdc33487252e9e5becfc4796e1f18e3e28f	false
datomic/garbage/pod__init	83990ae0abd78c0298f532f03e36671137663c76cb05ae0b7fc4ae68dc693567	8b7cdd51ab42e6bdc5a4a12ed0d2f5081c0f35fe494fefe8cb8bfaa7925cfc38	false
datomic/garbage__init	89eb4396c794f4269f2b027e807fa3723acb0a0a99619c511ce3bfcf133be419	8f14b0fb212a0baa02dbb5421bb4279d0fa5b2798cace77a8e5f0e15c08ffa33	false
datomic/h2$can_remote_QMARK_	18894aa9a302f7913583a2e99924eb1052b754b5c535d80793ca34b1e48c3f42	d7fe726f0c87ceed5c5fcdaffe290eb2e736fcc92cb801ffda1fa349182ee53b	false
datomic/h2$create_sql_spec	a7fb1f795476c96fe29be285f863be6db77dff59e68744d30b6aed258376d920	24814fd65363aec374a3443c2e56c35c40a0b74a5dfa3742d34688b77f8a4bf0	false
datomic/h2$ensure_admin_conn	2f224a78b9fe5aa97fc121ecbffb78cbe03aaa6b96b3d495d1e04e639124c567	ee4f57723cfd0c0e52481f7c79414b02462c43a8c73f9196cb0251f829c367e5	false
datomic/h2$ensure_datomic_password	40d28affea4f0c5b04c1a6dfd3442a0b6ce56d4079a57030031f637d4d20ee77	e68cb419730b57e8fbc157bb7aa655c91c3cdddc0ff9691f0fd4230f3df23952	false
datomic/h2$init_embedded	bc1c7d7e5ca281e517869486a1cce6d03d9d56320108463a16a0cd836a5ef11b	00d89636cf1397517f395aa3e7b021ce4acc21ab2a0e084f97172bbfa7f31bd4	false
datomic/h2$init_tcp	17e575690ceb01afc8b0f4c4a72c9b67cc05990a618dec4abe12cb91c58006d7	aba66b3a5c9d4eefeeb11df54d573c8b154f422fea3fe638ab53888c40a9e02d	false
datomic/h2$local_jdbc_spec	0a20ae34ea687f6b03e8394d5db07e4795843bc19e21e44e7cec4adecdcbed6d	11343fbb872c431b795611d0d23b385c9440fd378aa694bda76e2cadbe8f2cfe	false
datomic/h2$remote_jdbc_spec	5c6fce5127798851fb2c3d65cc37f55d8212001e5877f3b57597ace16a8f42c0	55ad3ada49a05bde60287568a1e6b0709b0fd3b2e896277bb07becacc5d344a7	false
datomic/h2$rename_user_cmd	8e349fc7ac0989075f71b1859d5f5f93c5b349ff51b221a6bb7e6688df188f53	ba0acc4910607820f4059a9248477757e041e8098ff2c0db10fb8450c0ce5ed7	false
datomic/h2$set_password_cmd	94b8e284f5ecf1163b42c555ece28e973272fc47088b683720bc84c3d49df534	0267548869a6602a8f3dc3b576be4e7cb689231411fdd6b8038f4119a160a148	false
datomic/h2$shutdown	d8f414f720cc117faf8e40bf561dc8b69cef2abdfadcdcf2d100eccbaebe3b24	621ae861f6d243afc90e79cc441eec6dacc57d6da35a82f5f5294c4ee367a9e8	false
datomic/h2$sql_url	8207807a454389f1597239412c025c6ba5d1f2807e23f8fe3717fe399e66f821	5bd68b9f6d2c07c219896bcf6e5ab694d0527d2569703fce75ffacdc2c7f4289	false
datomic/h2$try_connect	b0549e240ca50ea2df9659220b1743907a354183afff6508d449c6920d2a1af7	364486acd47a1388bdbb0aa0014fb685eb2f81253ae444eaa08134a4bf3aa132	false
datomic/h2$updating_connect	00b2171c5642b5e56a8cba990db8a7e929d92ecbe337a2f12a1d1b4141702c74	aaa649e6d6d213523fdcbf8e357b5eb9c424abc8316625c3f3bd5a1e1b61a831	false
datomic/h2$uq	5491a0e772fe499bd687c6134e265ce1eb6de83e42a1b8170e01e3b9130292fa	d78a6a636ec89613d7f504fe966561e56c4de0a4314f66291871162acea2fa4e	false
datomic/h2__init	5998fbdceca7325be58e59663580339ec04e1e6baae83409817926e2022a611a	f64d7a62465f7669683a562888c9dbc1d49cedecf1ae52bd5a34f153d0fc1a83	false
datomic/impl/Circular	fb8c8e71b9b0711ff3fb729a50d1d1bc84799217d234911e5614cebb78b0a5ed	fb8c8e71b9b0711ff3fb729a50d1d1bc84799217d234911e5614cebb78b0a5ed	true
datomic/impl/Config	bc4644a046ada9029533a2ce4b8d3cc0042b9449175b43d18b29579c8c4682ff	bc4644a046ada9029533a2ce4b8d3cc0042b9449175b43d18b29579c8c4682ff	true
datomic/impl/Exceptions	43eee7de3a502f9eb7e192d2777f8e576b43a0dcbf7c3b04579f2d85258b4376	43eee7de3a502f9eb7e192d2777f8e576b43a0dcbf7c3b04579f2d85258b4376	true
datomic/impl/Exceptions$IllegalArgumentExceptionInfo	6a1f01b848399efc445c786e6fa4c6ead0e30e356b31b17c9c2a552a0def4a39	6a1f01b848399efc445c786e6fa4c6ead0e30e356b31b17c9c2a552a0def4a39	true
datomic/impl/Exceptions$IllegalStateExceptionInfo	6bc447c4b66a85ba9258501804e9d85e0a239a6cc05e21c76cf633a2f216361f	6bc447c4b66a85ba9258501804e9d85e0a239a6cc05e21c76cf633a2f216361f	true
datomic/impl/FnCacheLoader	60b1e15394b136082a9174f8ee702089dd556dddd430a17f6d6b6df27e7ba70e	60b1e15394b136082a9174f8ee702089dd556dddd430a17f6d6b6df27e7ba70e	true
datomic/impl/JavaByteUtil	585a66bd98f3752b7709894076b13e4461a96a0a1fbb02c1acef4729ba6ab75f	585a66bd98f3752b7709894076b13e4461a96a0a1fbb02c1acef4729ba6ab75f	true
datomic/impl/LoggedOutputStream	6aff037c93afc0c9da4f7b12f7b5d40bc02eb7989f1992b555c332c83c1ef046	6aff037c93afc0c9da4f7b12f7b5d40bc02eb7989f1992b555c332c83c1ef046	true
datomic/impl/MersenneTwisterFast	92ef4ee70ad35d81c0bbbe682ef1a9151e072a10c065a65938f12dc3470a3fb8	92ef4ee70ad35d81c0bbbe682ef1a9151e072a10c065a65938f12dc3470a3fb8	true
datomic/impl/ModifiedFNVHash	714dd9634526201b6f48f09b388bdf94e3011645abd6d181a0de4b817c1f07c1	714dd9634526201b6f48f09b388bdf94e3011645abd6d181a0de4b817c1f07c1	true
datomic/impl/MurmurHash	5c95af1017a94c60a4e13013015a6b22f1409786840cca9af89a666ee38e074e	5c95af1017a94c60a4e13013015a6b22f1409786840cca9af89a666ee38e074e	true
datomic/impl/PriorityExecutor	569c6d084b322affb241c3a052499a71dedd5eaafe7e24592f42db9d5f5a52f3	569c6d084b322affb241c3a052499a71dedd5eaafe7e24592f42db9d5f5a52f3	true
datomic/impl/PriorityExecutor$ComparableFutureTask	b1ecabb1e86f6c4c912da78c4bcd7bb23638238387526c415250ed6fa45dbc9f	b1ecabb1e86f6c4c912da78c4bcd7bb23638238387526c415250ed6fa45dbc9f	true
datomic/impl/Shell	dc01f1e04a6679fa162b2f9a42a3b5052deede9d7b4119283345cb42e68c6c7c	dc01f1e04a6679fa162b2f9a42a3b5052deede9d7b4119283345cb42e68c6c7c	true
datomic/impl/clusterfs/Closed	f820da28a2439d55b8acae2e811fc239f2ef4a030160f7db3b96eee70402dd8b	f820da28a2439d55b8acae2e811fc239f2ef4a030160f7db3b96eee70402dd8b	true
datomic/impl/clusterfs/IClusterFS	7b01d2aee85ab17891a851abfc6dbe95264ce09d664586eea7bc51421931f1b7	7b01d2aee85ab17891a851abfc6dbe95264ce09d664586eea7bc51421931f1b7	true
datomic/impl/db/IDatum	f7f91faa95f4f627b7dfa44508468d15f891272308052fdf7833daf1d4cacdd0	f7f91faa95f4f627b7dfa44508468d15f891272308052fdf7833daf1d4cacdd0	true
datomic/impl/lucene/ClusterDirectory	00004f1e21521c64a7ab66fe46de7235681e5cdc6a71beaf6e10943fb2319ae7	00004f1e21521c64a7ab66fe46de7235681e5cdc6a71beaf6e10943fb2319ae7	true
datomic/impl/lucene/ClusterIndexInput	d8f5d50dd31f64abeeb48ca2c5c7e348769c7fe0476bfdebbaafc55682995401	d8f5d50dd31f64abeeb48ca2c5c7e348769c7fe0476bfdebbaafc55682995401	true
datomic/impl/lucene/DirectoryRef	bc3da2d9d885022b9f6bae79f5e257c23e85ef61d488a6ba654b5157b5b8c7a8	bc3da2d9d885022b9f6bae79f5e257c23e85ef61d488a6ba654b5157b5b8c7a8	true
datomic/impl/lucene/EmptyIndexInput	b304b2f3845a8372cbd10d686778005e94b8d734f2b45d5088574fd0febf040d	b304b2f3845a8372cbd10d686778005e94b8d734f2b45d5088574fd0febf040d	true
datomic/impl/lucene/HybridDirectory	67f3e166565abf58ef4694c089ada14ff42c30ead486ed17c622631d1f23ebd7	67f3e166565abf58ef4694c089ada14ff42c30ead486ed17c622631d1f23ebd7	true
datomic/index$add_avet_indexes	8e5bf09824d61d7013b8860d90d420ab180537e7e7a4ffa8e2900af08109a64d	5a4861d34ce509391c94ad2c8edad132005dc996ca1e0779d45a78984440fb69	false
datomic/index$aevt_attrs_datoms	10a5ad871fccb65aedff2e82719e8b83ab988660308b20fba51b9f1bd52bf911	4926cfc240879cacf54c11874bd830efae5ece123e49fbecafa94740a6952343	false
datomic/index$attr_datoms	6de9a571e188e02d0dc1d00f72e394b26043a6341dc7a7edcfd68d363a777379	1912b93b5eacf74d8d17fd8bce040fe48878b90b2479ccf2b916144b2e83edc5	false
datomic/index$avet_sort_and_process_datoms	c3276090aa910f408955c85ca71c2387704dfdff7a1b0101783ae79148afe5d4	0605f0a1df5aa80f6c14efc2d90f145db669670302956955485b93bc0292f957	false
datomic/index$binary_search	1e87e624c5bb9be6357c9016c389f10d1af87a8780a685048e0fefa965e1319e	05920f429572ce33e5970fba25c96e7735de128a9d71c6a29dbef157d396218e	false
datomic/index$bounded_count	f87dd9750d1d4266f1147f75a4fa2b072a57ad4273367cd12a7b12cfbe5a5bb6	9b31c72b4987e951b02d57155ef61bfd2ce14cc402895eca975739dfc9d3de74	false
datomic/index$btree_search	d500d603e26aea49f899a293af252a6fc1cd97c762730817d1509b70daeb5d0e	e94e1edcb535c68d4ba217e9013cd0611a1cc5a1c7c463c2a53f7ee35be2b882	false
datomic/index$build_one_seg	44f2d826875688f0f334c731e00e266dc87b816f6f2b5877490ac50f6ecc8dc1	70c1c3b6c3f0057de1d43fbe1dd9c7597a7dbccbad88eab2450950af37b5c975	false
datomic/index$build_psegs	f63b17a3b26f89e6a26d3ba8bd44b99b4d3eb75a34edd5bc1b613a3b6f023554	ba9e8a80aa0350592ac5fd227518de59ba0fff14e0a4b2892f3cb4b9236bbfd6	false
datomic/index$build_segs	a84bc09a53a66c4715d1d069322fdaf795e2878e158a6c0851c23badb0ba9970	e3162ad8716977fe1727ecbfccad79786e166c27a53889a7603a50f16b496002	false
datomic/index$capture_last_ex	701ca333db527c0906c8caa73be31f1c808d6cfda9b0b32f28a5dc60ea2f65af	1237c2f3bb571104a6b8bf9b3f80622bb94c867b68369c20861e7871ba1c63a8	false
datomic/index$conjable_on_channel	18496ce89f76159a0a93ed9cff6365804f9a1cb5b853ecf13ce7a57e9ff4df68	2d9628b0f0c49d8e124f8566bf5ef393a1169cfe6c46888a2839936b368024ff	false
datomic/index$create_pace_calculator	44183358fbe7175c06b46e991f4ec93eea9d2c0d2b1644fcb16c5ee77c4c2756	d96868daa7e0181ce245f05638ec83227f6d208d05b78d2f11f8b20ca5ec166f	false
datomic/index$deref_or_throw	dd19f97e7cb17c645343ad96dba681b8db5c6dbd9ee3cc6dbb72328a8109df2a	9ba4a5531718faeef942863f771e336a393d615490ba165e452c85631bb04ba6	false
datomic/index$dir_node	8f7bf0c38ff5c3cfaa225999a08c77cdbdf36a7b40278ed3dd7f86f281c4ab40	7fd9d15e2f3873b66e73d064ff27d0df74a8ef4014eeca7923ae8cfd38c82596	false
datomic/index$dir_partition_size	4080a217830e7850603dbc6b3552b9a7b1ca68affa3b54cb4d6936f03dc32539	9bdc0ed9638d21e9bad3775c112f686fd6d989f2cc41ede297e019e224765dc3	false
datomic/index$disjoined_datoms	62466f7b16920b280c55af4edf0a6a62499f85ad81111f5f16cae873a4983e3c	b32a98a34a4bc9c28c2b64237c637d7334b58f08cf5f619172271a5fe93c5265	false
datomic/index$drop_avet	642f7cbb462e39eeb705263beaa2d23ad1233cf34af71cbbe2c964c7bf1b6260	911e64f4401d9d985359c10d393174969e96dd911ecec89c30b0128d0b6eb13a	false
datomic/index$drop_avet_indexes	27d6ca81a94d52c9d318bbe882952a22e0c80897de2d8b89ad7cf02540d2798a	339c1d0823f9d796e34478ce32472acc49fab8e8ce37203bb58e5107e84e244f	false
datomic/index$drop_avets	d52ed48ecafaa17e65b7ee19462117a7576e166c031dd14bb029bb4bbac5d2fe	43ef547bfc64f53d89fcf7601758680c72c3cf3a034763f72598fc3a64359e91	false
datomic/index$drop_dirnode_leaves	ea771ec70956a5702624ab899234713b9971d7998effebf07043f94e576ad5e7	ed5237d45cb762ebddac66a2318748ffb1d3b2e304cd4d13310d11e201f8e06d	false
datomic/index$dropped_avet_aids	df3e8075ae8609fcf2431cbfb5d2a15591e950bf55e2296606e69fc932aa886d	b4ebb73960112582b0ae06a35a34e3dea61b14a8d7f06076c6f3aaf2da23368a	false
datomic/index$estimate_seg_offset	13ab97bf7e2e820b25256a97f3173c455e10e2644d58b82221b05d615273010e	0a0f147007c69d87f6c9f5263f5b5fa239c64840ab1f69f39725ac7b4667c313	false
datomic/index$excise_ents	04c285f445ee568cd995ad452841c2eb68847062644f5846e54494f821099318	02d6e172ca1db60461d29ea0dc253a57628a411bc707366b0d7a81680aca2352	false
datomic/index$filter_nohist_pairs	161a0bbdfa2b7769e43fea3dcd345e2d9e984c65a0f5415b8a6a15342cdf622a	14c6f72fd7b2eb22e4237a86f43d11ccacd0cd3cc9abfd29bd3ffb961d0cc6bd	false
datomic/index$find_index_root_id	74e599b2891a72d7c023f206cae421dff8e1264eaddb6cf6ca4a401b230b5dd6	1084156abc9efb547c7357d9cd8c6c61d92633f620ad82fe0b4f3c192c6a0afc	false
datomic/index$floop	64d809c3209aa62d2097fbc3416113031fe6b86516d177f630b685e80a2c2675	bf18de45cc12844082fbb9f8d5042f2e319da14fd9f7ea759fc781bfb970d3a0	false
datomic/index$fred	3d73fbe43b0e6020d1df31cb69d087202012c2d6761ba172f396e306191ce4b1	6911df769bc080f2b1af3b78e3cdb29895c80827a76cf0dada8adeeb5453cc9a	false
datomic/index$fress	1658e3dacc4658be2a3457c6acd95b4ebf8f3648544bdeac8e83024ef507f427	73e581cbba10aaa900e9dd03223b0cf76206dce6a79f679a275d3e2c4f2de554	false
datomic/index$fully_partition_by	f6c40eae87191ad1a84c8c669cd4c4457e5300018db01dde840f9be35cb0d4d8	3ac8426691309df63bcdce8867399ba79dadafd4fae9cfa3c331d4ec6bd36539	false
datomic/index$fully_take_while_delivering_tail	4be479b83c80eac96ed3d6fd6a2849eb7531c3bdc6f617e8c4340731b3368893	9cd7c166b0a65e3b029a4acb652e94a558aaba41cab8c7844e89f4a22a992f7b	false
datomic/index$get_avet_sorted_datoms_mem	39a3156f0200851ca27d2a5dc515778b5b05efe3fbcdf52636a8c4915c1dd638	c17126fe4d9c50b2977db2abfcd332b4b025da6f01ef044ad490653103fdcac6	false
datomic/index$get_dir_node	21dfd413252ae609afe487d5074e07aa3dbadc226c41c40bfc762ed0a2af0ed0	bd41e384b676ce59293dd1496dc371b12c3d171bc957d7b889f7fc24ada15d31	false
datomic/index$ibinary_search	5a5e217166ae37dc906d728463dfd9791e443805cc2e81b4fdbb99525b6259a6	595ce64412d931c4fd9a39d63945d66704dbe0fe72af516ff7e656b90b991217	false
datomic/index$ibtree_search	01ae8313d399e3b1040afa514765bcf256c756606d62263e4076bdc26938185c	6fa848cecb561c95f1a35da70eb3d18cd04f977bc6dc583c21b5e5e999915efa	false
datomic/index$idx_key	8612ffd8733323116387d76126d121b6b582c5dbb4ac9305115bf8bc6c5447d5	c4c6fe8fb96d3f091ed58aa4833f34610d5b73232e92976b86a860721682d164	false
datomic/index$index_ref_key_name	72832519d84992cd0c372721c1fc90fa09c9bf1e1d290bd5c572a7df36a865fd	d01f56e498fa9b5ce7bafdab2e9b3c85c390935e59ec635811d14cba5378aec8	false
datomic/index$indexed_binary_search	2004949ea54adec39b14f7edda084d059dd0653b62fb65ebb9628612aa5de3d2	c3372c54cbbeb378e5ce0a415a8effd5e8d1c74ede3f389967a17cc1cba9a1e0	false
datomic/index$init_index	c8d4637c23aa50307ec128b5f4e73a35e58d986da2bd7e433f667cc60eadc4e7	dfcb2d8cad058877f3ca1b53e24e1d9dd25bda29e86409da2798e56c25ac83c3	false
datomic/index$init_index_STAR_	fcaaf0e0af19abf51a4e8af90ed2db5589ba6e06940ac12b1b5fe0105528944e	678f881e507852a97b078f753535858de00ee82b6fc398e0ab0f22e76949fcf4	false
datomic/index$least_pop_slice	34553b17b0a610caab60ea71b52e422572210c809a5f514d48b3c913c82d0591	e11bc1886ca2579f7a91d6ac8cd73b9d0d7d4313d9b370df667834c2b1356847	false
datomic/index$load_index	08ac26e55b9a5ba1c60b00018bccae947a59076d98722d3fda12c6b982db3db5	9303d39dba1781a05d921e3cd5870cbd094ac501b4b4d336417b571c14f67c4d	false
datomic/index$lookup_index	58b4ffac386f4e4905d25486a623a7d740550894f98dbe5cd97eb9c114637a8d	73c6f4075923b46a865d504f78da075f3f371f0ad8fbab1063e9525c01a21d1f	false
datomic/index$make_sparse_lt	6afc7f8925245f17ac4e93c5f5bb877408747f22341b7ad02a9a8ba98e9f99fd	953fa747bbbcd5207eb12fdaa92e0a9ae06ecb7a7dd523b1f1229b1a77e53bb5	false
datomic/index$mem_index_bytes	04a39c7d93531f482407b77df88cb8f7b76d155fef179cdfeb40d0b020c00c37	621920bf01f62ea36c75478a6c25a046ae8e56a4a9e8543acd0c9468583284ee	false
datomic/index$merge_data	e5b5801d355823c96267f186bcbf2135da29b18b00fcdd259534d83bec702c49	4a42c56872891e2eb8df6219507e6d10cb710db315c3190a03996520b903f3fb	false
datomic/index$merge_db	e8e5afd5b368f283019feb92436ba584587d040f2136c8f79b5a7d1983050a09	231215f81e6acd2b60696adda55ec2890b68f3d432a358bdd9c431eccf12624f	false
datomic/index$merge_db_STAR_	b9bde92428d54b50bdf1a42568527322b2eb9afe4da900f86e244da7f13cba79	17b8dd62274d490f5cc91d1651ff655a2e8e74eab135b3ad28cb2619816f71a8	false
datomic/index$merge_one_index	5c79ca96cc513ae3a9dd50f64e6bdf4b8233cc004dcc2f3babde99cf41d73f24	8e33b81d488c6928257dafb5bf7b6d6325d31f20a8ac893932d5f94911bbfafb	false
datomic/index$mindiff	4cfebb5c9d4e7bbe468e7ab6487990720dac02daf1473f0268002371a7531244	4ac18ce473d87a60164434e50baa35f08a594e74e62db7f01c6232098c482320	false
datomic/index$needs_new_avet	174b477fb3892598814a5afbe18262e3bd2c44ae45999f631cf8193198049a85	b742df81123081bdbf81fc8af3cc3da93e443a09b38f4a8cf34bfcf02cdc64ea	false
datomic/index$paired_assertion_state	0b950b3f88329558e4da390ecb43f35447abeb0290fca6bb3e1fff51f482ba70	4c257aeb25d2914b41e99bfa674128bb5b8b9392a0e0dcc0ad7b69a5c3810d64	false
datomic/index$problem_assertion_state_QMARK_	b4ee218f4d5d9d8681d64529273ca997f880164cee9bb6a5cc5c1e5d19df802d	a8b8f622c0feeb2809dcdfdd603d12417cc37480476844f69ddf059dadb8cfc6	false
datomic/index$repair_disjoined	487f9384d653907793b1b1faec59ae37ef381bf030900d3be5835da16ca56051	1e03faa00dbc6f6d4e161ea94dc4d5578497c2ff352c991ef3aa3e0dc8397c39	false
datomic/index$retract_assert_pair_QMARK_	4fee2ad659e31fbc25a3bf3171b276403459911c3450dbbb75b0880c26357b01	3ce63ba0333865f0e5e9e041423ee44b37f77505cf1eb7482b7c14d9adde6b2b	false
datomic/index$root_node	268ffb466d25c2101fea17603aff5a3edc20ba993695798abacab3dec07e83b4	f30f4d8dacacecee0575f51bfc386622205e1acd6529b4129e87639aacf2b5e8	false
datomic/index$seg_last_datom	78ba58f99b7ec021b4c6dabb9b8a6e63744e6f588874bc7139b7386c463cabb3	405fc3d1951db64fca8d0290128dd0b6dced225172a81fc73328d5c805b44816	false
datomic/index$separating_retractions	22b9b48d0bf7fc1d98d680965631e8ab507a1f8eef5c014437811c8f779a2c23	b88e645ce9812e03f4c7666d8daef969ed0601272bf00cd3468d45dc012604dc	false
datomic/index$serialize_dir	58e45783e1c52d60dd47a92d67a7508ddf53439f69db6e12069d626db2bd5f00	40a92c868a9123494246fe2f84f76c9f7c2c431ea57474c4297ed477f6a4062d	false
datomic/index$sparse_datom	f347b6489cccdb1a2c0233065669832c9122dbe871c3fa2c3f50f16975d2b832	6887799ddb897aa78e4cda70c63d7be40c095bc38d38317017c79dbc14c7e907	false
datomic/index$sparse_e_xf	10802febd0a1ea1a6ab4b0175e889d573e735f727500f3ac0fd68cb75386f19a	e8dbcb700a53ef81db2d2f5cc74aa3d12903b6d9214f274bff1d47a4707eb8fd	false
datomic/index$sparse_es	91bdb619ce1767b4ad3e2c01b8bfd0c47a6fe8ec57425dfe1c3e02dc87eb4ab2	8bfc544927fe95eb8792a766e867a3dccbca9eb2b8229c0a1435020a73dbe885	false
datomic/index$sparse_es_2	a1d808b72a5c67951a6e36d7c57116f757f8f37d71dd0ca22fb30adcce2c8dc3	0e10b1cae7987e734f890af97700544f8bff51236ad4501c412a4fedae581026	false
datomic/index$start_dirs_pipeline	1fdc63fd12b27bfc1b161080dd49ed64c1d3168cc2aa3d119ae9d4d7e8616a66	3d606743bf16fc1e230063f9e00308726372e84f96134f330bd1973c65082eea	false
datomic/index$stg_index_segs	49b76ba021c4504ca7a86edb738b0c6858dfebdbed8859ac11156eec81d38822	46592dc5d790a9af95ce78ae496e9158967fae2886ec3eda26cdc00510b1f3d0	false
datomic/index$stg_index_size	bc272829187edc48b43f2bfba8fb9be710842f26547654a653475d7dbe59597b	2b970c12882421e379fba9bf0b5312c5dd96c2be7dacbf8c570f0bc9f1d29d7d	false
datomic/index$strdiff	4795243b1a0c3edc175850719ed33e34c6132414c20267658d28ab942b8df419	75b4402860c0bd8a785bd5df3b3d433a8ec8ed75256e21399a27a70c39a858c3	false
datomic/index$transpose	482c694dde45459cd5b63407428725ffa0af436484e1d58f4185e451df4f253e	ed685fda3ee69979135be7ff68d16fc48d2d17272f1880bef5f976361a734fe2	false
datomic/index$transposed_data	4892a3fa6664345d660106dc382eb3d20469bac95cd549fcca5ca986a95219ee	1b2754f5a6e2d962f27b4cee1fa26ae303de814792cd312ebe586755147c08cc	false
datomic/index$use_array_cache_QMARK_	1a56b113bcf657a1c62c1648e8d4db86fb6517310f6976d4e01f65f537c834a5	c23230c1e69cde54fb6e6662e2c614d883570e4a302254206d4b1ae5430aa163	false
datomic/index$valid_version	a83ff660b976f8da5ecc0723d0c9028e92562ba3b6e61b248bd91e0c6ec60e39	14729b080f3b55e48557df7dee972214bbef223b2ced5fcc549988f4f21a35f4	false
datomic/index$vecdiff	dda2e9d3197fe31e20bdd9e120131b97df2290979c7f7dca825647ac67e84878	ac0db3128517edf62cd7782bd1b19a93a817946461d07fd7c74219c53f98f03a	false
datomic/index$version_root_key	ae28274190c528ef475bbafd3619a7dba62beecdd7dcde1daef0655418f5252e	b25624d03e21c242b5f4d9b7f9b23d484ddcb61d77cc5cb6951638d06c535e3e	false
datomic/index$with_log	188eab96d5097f429a51d2dfd8e2d0531a0759a325b6e837993207ae72d257d6	1cf1b9fb007622ba4bbf0571d91e5fcee5a77a4928291fd97b26f04cb844ad82	false
datomic/index$write_dirs	c6bb0ba6e7bd29ca24bb8fbae8bfaf90b53ddf6ac3899c02f769f625c988050e	be41dd574d097b22d83840b0ddb688460235eeb9c3043f84abe540ab65c2b0b1	false
datomic/index$write_object	699fa659438b6dca3b6d4f1ab7fb6e7090524d766186222e508a4b14999529d9	8e58dc31a6f5157a57d52fadec912bca12683b45935e35a0b9bb5fc156a3f1c7	false
datomic/index$write_vals	efa3df3234ecab274bc049fb6b56b8128102d12e8d639a7611617bb71e63800f	65b4a3e1b877519a0ea5e5496dd47b04698f15f96c0026570b7b9a8ead8cca6c	false
datomic/index/DirNode	e2fa80833847be3eed499cf05ee86ad89e572960bfa39a93d933e8ea9c345eeb	3dc675fe3f6d734c3a54ea4d58ef70c804b74bd4157729ce21c387abc213aff1	false
datomic/index/IBinarySearch	2f7c659482d548743b97350cf17826dc4098a0398ad02bc1e228e892b01447d1	352bbc69bdb592d6e952cd240beee5deb9572704c87d6f3cb00930578d437552	false
datomic/index/IIndex	0329aa3444a040732fe7bec2e727c8069d04839ea936b7c63af18d211301a87e	2d1b8292a5b0ed797b55ce0c3c94698c5a4e85a6990e36731fe678c901244f12	false
datomic/index/ITransposeData	b5f8568f772e0cb58b1640e7bc34b7ef7132bf60154e4e50028a2a4d39162326	f220d9f8ebdda14c19f2914789ece0120eced87c6c76e6708d671560d4095a99	false
datomic/index/ITreeIter	2ca8499f39cf80f4e45ef56dacf1596e1f974bf0da6ea37e3368d44ccadb3353	2b4b42ec5e33b8685372484d1981fcbc29940d73f99d847ce1b2062445329562	false
datomic/index/Index	b0a8c2fbe896fcf6e928da5394cf92db5fe83b6c457438f8a3d1d65bb5a142d6	91d513f237449f63d6c02f4b89cf7109c4c0edbaccc15181dfbd87b9cb01db3b	false
datomic/index/IndexedComparator	c728a854688a6cfe686d36ab4a8c83289da168c3ce34e2e2bec48ec619c8964e	84288484e6c7fa8eed79200df7ca6ab2fa4ce8d70f5000d81f297ad5a3898a01	false
datomic/index/RootNode	8572a83796692f897bee5a65678b3df1da9cebac93cb7a0bd3d8a577210d498d	19c8b0fb53d5e7bcadab55890c44ea6a458d313be4cd18dda5adf557005bf742	false
datomic/index/TransposedData	9d8beec4672eecc2cb22900132620af102763ea5554d93c2d888fb6ecae5f594	e02be735fc72c04e07b8ba890f02ca6a6d70cc639322a634b00c2450a17b699a	false
datomic/index/TreeIter	0aff38a45ddcfd5658f623d8149bd5704877ceae0337ce439dcac0eb4ccd2d3c	76860584c54b8f2e42361190f97742abfe7a482e443977ac667448a5b01005a1	false
datomic/index__init	f473d59b693aec277a41275677bebf74b40fa23d9301fe284d7c86016f00ce0d	eaf0ebae7ea7a202bf0e061d6e1c1346209a4b75ad3df5de8339aca9f2d7f5c9	false
datomic/integrity$_main	61b72c5fd272587a784cc542fd2d6e4b35e325423956cda8244ade7bc219101e	31bb04d6937befd6297975b3d0442144de3ad626e6c7d91680f2fa65c8c78f51	false
datomic/integrity$_main_STAR_	11732f206e76be68cbdedcab46b7b695d20025ee9bb6b9b8260300c7d0a6349a	1122cd08b474bd8a1f9a964e9241fe5b0f2c4c8c0d5dcfabf350eda2774b12c7	false
datomic/integrity$aevt_avet_stats	c4d6249ced71ad05c81d7b4624f81e92cec2c76696627a56cf55eeca7e4278e9	bd7121b2008a80c8ea24b671e39b9017f157c9f6a0c35440bd4ad39a30f299b6	false
datomic/integrity$aevt_avet_stats_consistent_QMARK_	136fe8a09045c9a889304e154c87b2615e4e14743507521d29aebd792fcb6a95	5cb063829db8d07fb942448f084d9de7078c3b64e8de220bc9abd2dfaf200060	false
datomic/integrity$aevt_dquark_seq	39cf189cb92af7ad649facc0394e9b3c2a2fafdeb189a0bd4750dc8364208ee9	1a013b4c198f577d7f85b9b1f0ad4675722253232e37955a30b6b3a3628efb6f	false
datomic/integrity$attr_datoms	f42a451385c4b2dbc1f4b079fd25f496dcb368ab74f2ef3eac6929b1f4b48ff8	ff117ea1de6076e669e2c8954a2a99390e58989f4baeed228815676528e0dc9c	false
datomic/integrity$attr_id_set	4b606334c5de9df9d0aaab799ae59927c0814156d0b15f6f758c3c6deddd462d	89e2e3785b718fa3365848e8a828bc127922c89f1b546fa2f99b7ea66bd6c01b	false
datomic/integrity$avet_dquark_seq	4e5b9297fe7829dca429e30fa9b63347b351164e9dc34e2944ea3f47a4131dda	1ec6baed4b103cde0b0398d42e53be398e4aa41d66059c46a5eb2d28f46ac83c	false
datomic/integrity$cauterize	744487d5a896d6fd112fe8344a615116e1bb66f4788f09fd97b13b7e79f00782	c642593c716b6ccc04b44ae16b30336d7ba147cf0080010107d02c2f1600b376	false
datomic/integrity$clusterfs_path_reachability	61efc9ab1f3c62b5f0540e198debbac6d178e990fd2071454e23be8d2c628cdd	d695e45680099948d31063c3333d7afe45638b076997e33c6440360773518d4b	false
datomic/integrity$crosscheck_aevt_aevt	b0ef591f36eda90605b0c40c26015f641d9d9800d41ec336cda490681ce1ec8e	a7211e39f78f488b54cf55bffe1e2fc73a1338dbcea66faef842f3a24b904d57	false
datomic/integrity$crosscheck_aevt_avet	de42bd19e814ce5f6ccb67776f26bea07cf8144a0544b81624c2e918db53c871	704c8fcb04a29548e16383f6df234aa189b72e23e0ed16b43df2bb4ed144359d	false
datomic/integrity$crosscheck_aevt_eavt	b497507eb2df236c6d13a0ad7e946c225cfbff7f616eb8ca14c040b903a87246	a553eee7648848cfafe2d220c7b742848dec3aad19cdb485c066ae30646638a3	false
datomic/integrity$crosscheck_aevt_raet	a27f3361da4f526afae2b06efb02e572fec63f7fdca9553fa9e46ceb92a08ac4	1cbc1c170d80c762342dd65a0f1a5dec6aa1ee12b7fd826aeca8e416419aebdc	false
datomic/integrity$crosscheck_avet_aevt	f0299a38ab5ffef0c13ac2012dab5ec13a04074766fb1e104d1ee164928ae848	ba6766736fa4db22a49377bedcb57ce9e601ad983390cd7983e60fa62776085f	false
datomic/integrity$crosscheck_avet_avet	c6202b44bce879453d542e6ed277912d67f2fc4ab8999d96bacab3ff10025511	7633153a77b87a8c2d7610c183ff3945fce15cea963f1f3bc327920bfdb91507	false
datomic/integrity$crosscheck_avet_eavt	1ed24c900e5596106930f0749b4725b8aaf49646fdb5151e9bf58cfe80965629	779145830d3f8f58b8db9e16859814b8d23ab1855eb2d6452a660a77b5858119	false
datomic/integrity$crosscheck_dir_segs	c53b5a496d9e27a45e11cb4d8487bee41d527f9c484b3d23fd5fc4a0535e71c5	076c325bfcc50dbfee1624882d35782b65700d6dd3b064314637290064c07cc8	false
datomic/integrity$crosscheck_eavt_aevt	5c7984718ba2760a1a7df5129fd7602d2492a3116c9973f1e6fd5fa11a0bbb1f	b486e76ec4dfa8a695abba2e4460fe6693dc02dc80e48a96217d8d9e80955c73	false
datomic/integrity$crosscheck_eavt_avet	810d8a4cf9c2f2fbc3c405d2f3d86b6a22863d5cb9ea4a6685eaf23628f4427b	c8f37f939d1b9b04e427e9ab532fd54a35b7beb610039a5cf2c50cb5a2715c1c	false
datomic/integrity$crosscheck_eavt_eavt	d3a50228cde433b25f03926fe0f61c374a7d6fd4ecda28273bf8abdd645364aa	bbdff824b6b50da227dd16178528ff10828327fd1ea1585e2d032ddd62dff2b0	false
datomic/integrity$crosscheck_eavt_raet	de7cc85a68277fc85e820a2b1f3b2795fb4c26a5535083f55ef73f8485a524c0	476cfc42e776d4891f31c3070af8ff64adf95c4bcd62288c2ec0d8153e1c205b	false
datomic/integrity$crosscheck_indexes	9883ad64b4173efdd053474f123e913826265982056e7ff6c508a3fa95788048	6f821cbd8fb033dc2f7d0366734159b799dc51763b1e7b55ec51321fbf72cd93	false
datomic/integrity$crosscheck_log	a4352f82a0183c4501badb44c8341a4750c7e3b572b147a74159b65bfa896f88	2407c8aed09847914aa60d87bf9f23fe467262126c43c4720540e6a7a10fd277	false
datomic/integrity$crosscheck_log_cli	54f78dd4e5cf2c18759c6f21e2d1ce2498c1957c441e3654c4c9f83cb8a6ae4b	9242bb124264021b8cf76e24027c63f744f6351514a59c28b3492d98ef53eff1	false
datomic/integrity$crosscheck_log_representations	457a3140b9f0072afc99d96b0f89b0f1ccf62d2ef184054049af3ff87fe6e2fc	04214a94f7df5fab33d2e700e825e9cb1e6566cf5ebc85783d78a5fe948af791	false
datomic/integrity$crosscheck_raet_aevt	b012ccfda9c131ff54b98e6e95b9356e574435a722cfcf7dbfc0df9c503a5d9a	fbeb1c28e207fdd21b9aac79414016c5e24ca4e2aee8cbcee09b275ac379a773	false
datomic/integrity$crosscheck_raet_eavt	daa5e3f510d5f5c38e26a47f792ae98a76549174d34167ec8f5cf09f3b3b0959	54b446a7af5d87318c6422c0fdcedce2c44dd9b55a462edab916f82c67902146	false
datomic/integrity$crosscheck_raet_raet	bad10caf4da0c1de6a377cce5f432a2407c508581f1c89550ebe7994085e512c	7ee086063911cebf71bed9efc5cc4a7c9f94d688405e0cd923b160e30b98956c	false
datomic/integrity$crosscheck_tx_range_with_tx_instant	ebd4c161db1f2a8033044c68b4a38a1539f4a3c5809d59323fb159745a000cf3	32d04a2feb6d67f7d43810d28bde951ee9990171a4ed35b0564824c4bf32454f	false
datomic/integrity$datom_comparator	aca8079a252f3bafa75a5b485b7f18363606af321db3186359ea4a719ec937c0	657d2acb19c35021ba2f526e2f657069398ebd05dda6b63b260b3d5e91c0235b	false
datomic/integrity$defcrosscheck	ebb3325dcebf36604cba2706bd74ae9b0826482b159d5f96c4c01fa08e8bc1cd	172f58a992629409150f7a0b9bc48f1de63458f0b61faa584a267ae57a8458f1	false
datomic/integrity$describe_segment	8bd145656c295f243e994d22c2fdeb6a06ab682683a5839f0a0778a10c8b2153	203658bc765cfb49970cab753c72fc0787023bf3c6c3321a267b69c144efe8c1	false
datomic/integrity$dir_seg_info_seq	2e609fcc9675eb23c997a051c72e6ba585ccf1f0f4a03dbd4bcbec4a8b20ef29	ca0c08c7e5e6cb06e10c618f29ccad6f5673a25893c4adff14a633cdb8cb1a6b	false
datomic/integrity$dups	8de001ae7a2d429b33df56fa59145d61c1cb24b34cd8964f7be7753a18ff473c	30197166cd749d02fa5cdf504d516f80aaf6820f2ed8deaa499bf83a5a7091f0	false
datomic/integrity$e_ts	f08a97fe002bcaaa7ad26facf407d69cc3da5adb858da54d5aeacd2ad9c24928	268a714b39534cde64882f4ee0f22c85cc2033ddddd72fea5ce1a1ba503672db	false
datomic/integrity$eavt_dquark_seq	2df939a4fa730094d8c4dc91a0cd57dc28eea78b74b750f814cd324f932bb996	23a537f2aeb706d54f325cd20047ecdcc9832bb803efa17f5e8aecd72638e239	false
datomic/integrity$esafe	c0f1b7aa0c1e77a5aa4430d5453be12ac2378550eab536cbe3d645ad616d1ead	481dd66efb3d66189b6500f97a12900d498500a92daeebe3d38e05ffed757d3c	false
datomic/integrity$excisions	a38f7abe8dbe65105a477c37865c1532a1330fccfc18f3f269b5729951831e06	7791d8dab0f691a5072ce2a13d231921e5e1003beedb25c08aec72db9e96a25f	false
datomic/integrity$fulltext_path_reachability	fc36bc1370a8417eeaa08c072ea2d724e432f566ab11e28aa597f8e77101568b	bafe0f715b0bf3ffe54fc02f1b7ec4958b6441003f8425f280d810e2d49e9a9d	false
datomic/integrity$fulltext_storage_seq	774dcb7b6b276a44141e1e4b2c55735aaa8c7cae1c2eba5bd42311320e6fff43	c7096b3e355c53dccc8b7cc5a27a877ced680e4565d03e14f6c58343339e320d	false
datomic/integrity$get_db	141b7a92da764d5b42938ca7e234067d1c26d0f958dabbb01679c1b8818efb68	7edc0c89459e9c369a97d01dadb7042cda796c745451200c2ba7cf31d32069ff	false
datomic/integrity$index_storage_seq	774f119cddcf6bc278d0e993be02b8a1222eff2c1f9f414a6c848a85d9c3b7ae	d07a78608366fc47e5a3047f9543ac7d0ce8c3a498c476f7a5de97b010d292cd	false
datomic/integrity$log_dir_entry_seq	dae44367301e67fbbc21fde409758543bee56d14bc0e4154bdd294831f14f5a9	4512163bbf86892904ea02a96eec0ba718b3874633720c802e9438ad371130c6	false
datomic/integrity$log_seg_t_seq	51a11e51f561f414088922ba4b0f81e3408ff52050c23059cf7fd4fa630188ab	00520b2174107e6de396fe54b60edc694328715730be7e263c44339e3858f14a	false
datomic/integrity$log_storage_seq	6089a930296fcb566387343a471353b3c6406be7b2bedb4f4b00d1fc4137b774	b83552e3e8936f4c640617201352afd55704714a6da03ea55fddbefff714fd1a	false
datomic/integrity$make_tupler	bee92be5a95a4a3b5e1951ec9ceac32adec29acf104fa94baaa066a7162deac7	61ae7aa7d088dbfdddc2404982d6b1e3f5ed75b59dafbdd043da02048f8a87b7	false
datomic/integrity$merge_seqs	05e9242864e2a6a483c2d4c1c0ac2295c6c5952e898ff3edf8cdef07ca54a6ab	e718995082d6380e3a015d58df9686a68af085347004cc9319db03381e2938bf	false
datomic/integrity$mk_attr_pred	1a8b9511b04d3a9b41c4c18331b363e2d94bd5e251c69f846b106f11a84625bb	7ebd22811df53ea504b6b677f30ed0d760bc84af3ebb36f684c3534a8342cd1b	false
datomic/integrity$mk_index_pred	00a5a89513e54abb08592c9235b04debcf353cb608320752115b3988fc35c13b	51aeaa9762dd6976f67a6f4287aca0f72caf255724d8526b611caad81a4aa33d	false
datomic/integrity$nohistory_attrs	c768528a6956936948502d200c0fce865b1f18a001e3b6cce5d65509ce2eab14	57a6d38568651ba6c677b6aaf11a8317caaea1a4c7b778880e51f58931721e04	false
datomic/integrity$path_to_t	43df3090b16176e071ad1ee0312eb467ce9f5be238b21a6cc495567e63a9289b	89cffc43224be379d9e12aba55791ade5e970e6a2105380aea957981bb4100eb	false
datomic/integrity$pod_storage_seq	d6a8dcf3a6301c9927d2f55ca2d1bd521059e914352a8cf7da8fb1a6dc45f137	afc9950003545784223f670cbb4c08bfa39e944324a7c838a5ce5a5366e4b719	false
datomic/integrity$progress_dot	c83ec80aca745e3c3d41b4428a1e77813490c325eef910b537e55d2be6eb79e0	cb880fdb196c4f0a7b44e111399019163a70034161c3c0102fdf9864c7bef177	false
datomic/integrity$progress_dot_fn	e0630ab95020adfe3ba52c76e3f5960ec8d1e87640f9bd931c2e2f5f0ce85444	c6e83c152dab7fcd935ab6993dc1be0eae80c2bc922045cb1c72e17407ff81f2	false
datomic/integrity$progress_reduce	b557c1e46c4241567a66a43f55ae4adb098a15eb7ac975cfa5660ac50c49d5f7	506e309224ee6fe586b60b7e572aed7e3ba1e19d7979db586b98405fc766b40e	false
datomic/integrity$report_aevt_avet_stats	2a10c2c97fc63112be3e1411f7b4af0aa6ba23f5960e868c845dd68d220777ba	da69eb8f0c7638cc9e638229ca68b39fd32184104a1168a0d9aeb2fbddceb347	false
datomic/integrity$restatement_QMARK_	bc656ea14fb9051af21db0446d0f024f13b99f4e512c0b977dc7b122e04f8c53	5c1fd2f87914e44790ee0d513389f16c11cf53e89d1d1b8642cb974445d2f1df	false
datomic/integrity$selfcheck_index_cli	78f78ce9dec22f5cfc63f95a6614f1959eef7dad630b2429dec1b0cbbe7074e9	207b6219906baaac482f1d562a3381e6bef6f97fbda38fc69f513a42a3ab819f	false
datomic/integrity$seq_diffs	33c7f351efb5ea795c5525055d94ad9ff0c767d016ca140a39efcb1739c44441	6e82590dfeae0945f86b502dfbd6cc027993cbfa0d4768357ce335b3ba251f24	false
datomic/integrity$stat_counts	b4a7cbd94ab03848b161588846861f57976477f8b25aa080b3a2d8412630af8e	11154d6b4082ea192aace8e20c877a992294ba56e2332238b385e8f8acf9cc94	false
datomic/integrity$tx_instant_ts	82ffffdc309fb74495f032c681748f13db23454090351b672148994b157ca689	9da4d2832769b33ab334c2f9f87422929a9bb5a1696c57edfb5896d60ad79f62	false
datomic/integrity$tx_range_ts	73cc511f0b4fd05238173e1bbba478d6ca9f00f969e534807f495138540ca7b7	0beade5a1253bfd5d29cbb90e069f2738632c83892e2fbeea04793b942bd745e	false
datomic/integrity$unfindable_datom_seq	f53df4d0c44c956034f11d5cafc5e87b0d0bd2d9354fa0d67b83717eca315996	5ca706776160117578fa3aeede2a6295c2ce645b215ea581101e044a960df565	false
datomic/integrity$unpaired_history_assertions	97c0f639d7e22b3bcee1be492d99ce419df0d10e77b3cbf6fba39e16cc99208d	525a928350b2accfd6121b04bc35c5354450059c819a7de8f1933d8120aa2ae6	false
datomic/integrity$unpaired_history_retractions	5e86984dba2ba78c05bb1a0f1d41a1146552aea0ddd6224fa90677974cb92660	58f0d7c2c6e53f35342095085d5b452417bed4aa9e7910fce86afc4bb603a05d	false
datomic/integrity$unsorted_datoms	fb2be76051a5967e6793cb4c7b3dfb683490af161c297c9f08544de286632af5	60e10714308263e665ba4a3169cdee2283eb1208aec4ba9a2fcd31f2ccac849e	false
datomic/integrity$unsorted_dirs	5ef14f223e673f311e467aae3902240cf089064b2cda5173feef50e48aa1239f	693a2a81a447f536d52c8f1b4123670e51adfb635f47403a086e6ba7e44137b9	false
datomic/integrity$validate_all	b49628abfaa05603177652c9570bb48ba05ba40ddb9169479b7bff13877b37cc	e78a1567084aaf4f8a9859e7d38b040649cfe95dd4147e1a4a5ac8abd69c9d3a	false
datomic/integrity$validate_dir_sorts	4898e6b89773724f6fb9ba591651b8067ea422f6aeb6dc5258d2a73aa86128f7	1a5ea939a2be72c5767f71a025fe295ab75a6e5f0be1f575be71a1d183409df9	false
datomic/integrity$validate_excision	33340286ab884e047d825580a814650bd487907d97d19da09e38b031009d140e	f58e4a0831d4005232f92c5eec440748ccba139b2d8d67e87698255f46ca5745	false
datomic/integrity$validate_fulltext	02fafb7c761b88150c8a62c5dcf16ab45dd74ab96968d607ac833450e1fba2e9	85e971c1eb1558aaf7feba393a569d5d039bcf47512749c5eb51ae0b6f54365c	false
datomic/integrity$validate_garbage	f231f7ad280189c2bd2cba81ef40db73456df9487ba7a4bfe65ddb3ed055f2f2	c6a3ed4149299d3b5df3d5ec12eec5fc95724719a315d70c95ea955722a21bbb	false
datomic/integrity$validate_history_pairs	e6decf3f1d32f397ee57d7509890a9c658527d814bc3b558d61a117957da1bdd	bb2697b96fed4bec8a1810776339a8551585e856faf6130f4c809a5b07706312	false
datomic/integrity$validate_index_sorts	0f5ba559ce004046fef3a62626e3a129b711094119bafbdf30463d35eeff34d1	716bf388e865f474577ce2b5b08cb3fd509408e8131419c171ea6a9327eddfb7	false
datomic/integrity$validate_index_totals	7a5f8051d79cf49b9b45761d985f82d47e39fa073cd3c7ba0dd9173dbdf45c77	26dd97273100c8e5903239178ff0ceadae1197dd0cc1307d898ab5c4fc045111	false
datomic/integrity$validate_indexed_excisions	e1e6a3fdc562aa21828e834443870338fbdfb69465f4660d1d56f07ef7c07467	49952251b65d6b7dcc4e03a88282d592804c32a97c7133f0d15b42413d923cb0	false
datomic/integrity$validate_log_cli	73263e99e3bfb23be24fce77cfceabe367152387f09f30a1b339ed5dfa8b2bb4	3037201888debd5b0ddf6c95ff22b82b4ce04688ba3148168ab026a942564180	false
datomic/integrity$validate_memory_safe	ce4a8ff23c17847d6aa64ad857cb424c4c5393eb7e1507b272e77aef52488939	2daa3c270ea5bba3c0e8a4ff1371ce404020434b1dbf54f8ca810625552759ae	false
datomic/integrity$validate_nohistory	e2c56707214fddf9c4a0e6612a36de4edef8037a9bd2c88b49363913f5b5eb8b	cec143058fe6a7f2d8ced69b19263b3edccef00c02a011b2819aa7b556a078d1	false
datomic/integrity$validate_t_order	e606e48238e2679186d037abddff209382781e1a75e59553a2b91e08485584bc	04dc8a24344058e188617134522a17dd7fffbadba95d39c1afce375ef12b0bb3	false
datomic/integrity$validate_t_order_STAR_	fc564b5ac465d542cfa691cc6dd3f0b8412c1fccd165ee2311e8e87463307e27	4c892a03535d8be8286df7fb0f52a30ae762fb302bc54263c12b43a551c2c0fe	false
datomic/integrity__init	198a06c188ae050f5ada1932d06c7d020687d17497d85249b8cf74d11f6b35ff	d5785d284b05620fad544d38680f9bab7399dd16a12813a7411b362477dcf22e	false
datomic/io$alias_buf_bytes	5322786954748f3ca109c654b8f97150a4f06145afada9ad5a137655aa4fcfca	eda5b187fc5f2778d9115c0e5a68072aa3aa8f98efa70a592eaa14f536482987	false
datomic/io$allocate_buffer	c766b7158b0c06ad5767af382df43d08a347ff40992257cbe90668ef9048142b	c961073e7e52ff7ffc4d95b71b5a398177e476c820cdecd09b9371729bbd3da3	false
datomic/io$append_buffer	623a3ce6b1c3b0649b574bb47ca35a7a169e618e649268f0e455d4f65c648e14	d3f0bd7aca3e22c0e5c15c7a958d2c21f5527f496ee13f60d6e5891b2b92a943	false
datomic/io$base128__GT_bbuf	b1ef50f4fd2d18824b6deef431e5655b036871b2822083a7885c44f386aa4db3	d1d0b45a0abc33e9c028f6487fa111ed6e0217b24d17a597d0dd912fe14c3ab0	false
datomic/io$bbuf__GT_base128	361e040a8a455eee97f5f4f31004245f98be4fbcd741c3b651d8553cf8481371	a5593e72a4015b35a45fcd94b018d008cf9a490d61789e8eb8f80ff3dea11b8a	false
datomic/io$bbuf__GT_clj	a158ff6c0db4c6c676fc4480422583ef2bfd09d4b4128f70040211d64810ab3d	8334cba9b8053fffd3488082b085640a0bf26b7140d8edf89b62046bf46703f3	false
datomic/io$bbuf__GT_string	853cd92c176294aefb19f328312156cbf6c16e782121c5d3fdbf1358ad9b6004	15fb772ff5eea9c0477da882e48f05688415efe2b3f182d9f1c8536aadf9c36a	false
datomic/io$byte_buffer_seq	598a53a0fb481e52137146a2bf875f5d7680cf966bff046c71b65787c9c3e2cd	cc6fa0b05cc3068ceb090191937a606ae5b8a7697ab6464410ed1d5920fb6a28	false
datomic/io$byte_source__GT_buffer	cd1295d2b6ac89f556f04eadbe518de4aeb247613d41a62a9afffaa01dc92b3f	a00d717fff27129ca7ff8ae400e1b21619df947648516fd37a8424d8b5985950	false
datomic/io$bytestream__GT_buf	0cec4a3ff59d7b365ad9ff8fe14c38950b6bc6513c2c588ca48ada7bffc05558	c4b76e75b449c56c9ce3d9495ae708d0de44bd0eacf8959ec211c126cea0264a	false
datomic/io$chunk	e4bab3da52a23558cce6b45b80cac1f6dbcc71e24347d2685d9992ad3ebec871	20b61880e364c5cad1669eb92c138daa4f9d35370c9c01681b5b7354ae9c1983	false
datomic/io$clear_buffer	6d826c4737820000447cd547f1fb916a7ac0b3004cf64e28a1a952389b3ee05f	5c7003563f09d00d85d52127976a97d2f2651e7f48e93789482b474bcfa2be2a	false
datomic/io$clj__GT_bbuf	48b9b3a94e586b8ec7e77ea92bd592898bd59fd54bf690a8015fe08c43047e2a	7c4f038a5bf7f1b3c2264d9181e0091eb5d97628e9f0c37b67aaebbe9090cc87	false
datomic/io$context_resource	fca22f9141ca5b68263250ec08e6a7d7779985efa5f04093b6c69ba732d7e02a	0e5fbbe7a7ee6dcbf5aec5d5479570e98d1dc1a7da03e48dce15e76638ed6149	false
datomic/io$crc32	19b84959c7ea93562865c53522a279df158fa54ef5c6e853a5c5bbd974255f15	2b092dac3d04a9418572a64372b6dec3c7467b96abd0b22c4901f0ecfb8a27d7	false
datomic/io$decode_base128	caec2cb6b388080c07cf473db3d0ef2a936f1964d8c9cc5deb70104886e29d9a	c6dceda35d249f6d92b401b7c9de1c585b33a2d49809d549e2851a05a55b988c	false
datomic/io$describe_bbuf	013bc93013ff955c39fe8d4720160cd98e50ceebb3e9a3e940ff35543cad45b7	dd7859678d2bf0983784da0066ea0a334c34452b83aa5299db124c29dbfb197e	false
datomic/io$directify_buffer	7dfeb9b8bb68c1b3ae76e9564a132d549aad89c862d9ac7997d5b8c6a8c3aae7	88f2f5b312cde6963ee641229dced80bc644169ffaa63b11a96a5a6812ec8228	false
datomic/io$encode_base128	a39e745159117db174af5ad2ea088a65e25c65ff2eab5b8210b6f742ed5bafaf	415fe140976560d361f8fd501da02007952bdd5b861038f8ed8a8f23a4abd084	false
datomic/io$expand_buffer	a20d5009bdc3e55cf84d60df963caa03d82c203bda4d280adf2a08d1a63e6636	562a6788178dbb5669b1d28242b13f33c8740a0e3a828f25bf8bae886bd14bf8	false
datomic/io$expand_byte_array	442c2335e41962e8cd860df816d74dee8fae3797733e11b5f904493cd1d059b2	3325167c50e1ee5fe763ef2e7eb6686ae7ee4154532571d80ecb01186c7d543c	false
datomic/io$fill_array	aed075658533029faf4584548bb9017bf58f20d43186869a09e09e2d335afece	a2f6a146c2e7507455f72e77fe0288baf28aedce024715f52390df716295bb55	false
datomic/io$fill_buffer	f829608f71cd85568ee9f9dcd7f0a8e42a946e99c91cf2b117dec924e739181c	bd31ee5cb5093d5b66510acd34170ccdcc6fb1d57abbea8fec401b81fd3d4883	false
datomic/io$gunzip_buffer	ed4f985030e7e60be2de9b24d6e02338b1a4bb054e7ba5849c4a337393081c04	d478571a50027d407f68634868d9f162cc749001b2426628302a63fa1303acf0	false
datomic/io$gzip_buffer	658fae8755d3bece770bfd15e3d8c0e7df52900cd6e02808927b004989bdb089	edc416477bf1143d3a7dfda3cd5a22ba96883a903b1d0976094f1348f098d53d	false
datomic/io$limit	ec48b665948bbe4e182a078bb39261beabe6bd2c69cb15d2883dba4d9419b68d	75f663469b5f3ff7b7b8bc94b184aa4eaa4ee438779bf4f39aa9431ef31dc803	false
datomic/io$position	50982a609abdd793df3b77756099698693ae939a8c7af26f0b0e3c945eb8227e	1f17b3df3c9f50569b23f4482e5bc4a4c0c5be37befa422b126078fefb35e26b	false
datomic/io$read_all	9a29c6d1dd2078fcd16cbbb7e1656ed5d8e50b1195dbf344f412206a25ef6113	d84d8f97ed52c01f295e4cd98e4bb90878113ae8ff641313ad718a682d041c1c	false
datomic/io$read_into_buffer	34e11c1cbe0a7612ddd340b2bd1e5999e2600b543b4f08f8ea195df9b775bd1c	98f3d9f16de95cf7be13051c5362cdce4b481379a323275c69f20c584c3c659f	false
datomic/io$read_n_bytes	85dc27e5d11073a974da5656f2812593831c3ae07b944fe51a01596a7bd19040	4ca4bd51e96e149353aa680ac478b96d26e44b8bf007cf7df3041fdbee1f884f	false
datomic/io$read_n_direct_bytes	87c1a3f3f95088fa36845c867a41a6ad1c6ac5af1489bd495be945c0b7e09287	ef716f08caee81c79cbbcd8e269220e85a4c62ede8bf3d10cfae36a02178f131	false
datomic/io$remaining	701472492665edf00149d99dc7f1bd77587cba9f1dde2365551b4f8f9fe7ba38	8936d217a6fdb1ff0e638b6dd26422855082a554f160bfd0d11f233a87a0751d	false
datomic/io$seek	c1bdafb5891fc4c6d989822a575664d4f4ee34a78f9c7ea4a0154117a8c914ac	fc80c35e5d542cb45d782a8dd3860da090776ea8ccd55aa702bfa2b6bb88c38c	false
datomic/io$string__GT_bbuf	148422e214e72ab78befc982e048874cee92f42db8d2375faffe386b6694c516	e498222f9ee7fb95f4684097ab62a3425dc6c3dc98fed5929a7023e47dd0f6bf	false
datomic/io$sub_buffer	0d2f8f49e9f37b3fbc4bf0443ff0f9dbc9a57fff717c3f1c7aad349bee8f5dc3	22171d40285597008d484168949c5b5b8c3555a266d1584f904f5bd603c66280	false
datomic/io$unchunk	334a0768fe70e52f50521db20f98bd960188ef2eb15c0368eb42d4dc496cd3e6	744d73d5f2443054de93407104b39f82f3f5b3df56702d37deae2a66dde65c83	false
datomic/io$unflipped	971c725ee014630a8243b16291454aabf7e686591231afae5f856fe0897d48b2	529966065f1dc0bfd94d6821fce1a7cf56286d33d1986229b8da1fe4e76f1df9	false
datomic/io$valid_buf_limit_QMARK_	7c80a9318f067fee898028eb42e824a5f4b03cbff9d7e37d917aefabd6d89fd8	1ae7d624af3020f2157917ac7d49da612c57275deddf19053bd647d002a55658	false
datomic/io$with_serialization_print_settings	9ff81a6603dfcba304b22a2a9da14031d7914e6e8a6fa2d2e4390a2876b614df	beaa3c3901e6184d25eb14ecc49fa2f6471f0a2535707251cc636c3a348f6e8c	false
datomic/io$write_buffer	ead8249f17fd36d19806724eb84f2159579fdb4a8da7e31b33b50d0b132e711c	2b674ece1d65cbda2aa9f1b843fcdb308e6405d2f9c41b770461ae161ee0d0a2	false
datomic/io$write_bytes	1bc48091b4e4b8d12f975522e9b7da6c372bacaf32b1b6e0a7df220633ff2603	46e364925c636b10a23b271bcc9e3c932d0f40bc4204c521532b02720767525f	false
datomic/io/ByteSource	8ffb3687e5edad08e820b396fcfc76fd51c4ddc40ca6661b47fdedf93bba0244	f107694857631d16f52d1364d5a468c54890c30ea4a64797894b3185c494b5f1	false
datomic/io/Coercions	050c7761ef89afbcfe4b279053bab73a069d3c7f3ca1f1addc183847dd1d90c7	15a0c1080316777f242ae0bdd4dbbdeef7860947b9cb5ca23b4b0e29f3f29ac8	false
datomic/io__init	2c11af6f8c4bfab1f87fa1c8badf6d195fa98994bb4660b2315f99731c658eff	dea05cea03a2c80170ce760b1411fed913bf684da333f9b06e81ba9b690dffda	false
datomic/iter$concat	c0a4eb45824dee3198d7ecb00e95e34cccd86ecacd234c9ce0a6940585c0d11d	6b7b93879c134d2e29a20a31bfed730f52c9147c9705215954417c6392a68591	false
datomic/iter$drop_while	a824f2ad739677b5b6a34f230b7095e45cd5b1fcbaa34c7d5e5fe60c61d83064	34ede676fc557377d41900faa7489a6500d6b997ba9fa9974d3a6fe139827dbd	false
datomic/iter$filter	122c664dc1f562128079bb8b5fd20519c7a04baa397b2f0df9c748b5daee04c1	d8b6fa297c1d1dc648e125ff91ed3bf0d16779df7a9d2091dec7059bb167e7f7	false
datomic/iter$iget	36759f3d70fe260892251a2fb73d95313a8c1099dc28fc3ed8b3cb9281c5d0bc	77ba116e3dce585d04a9347ea0fee01010b7abe489a38b56a768467cb5b98241	false
datomic/iter$inext	2525947d2df44c225cea4ccd464d8d8afbc685fe28ee20dbb9d7db821d78662a	7154c767d13eb2ab4cd359f5b9d351ea3b8965eaab41135e77ee67222d58fa0b	false
datomic/iter$iprev	7c381430bf63ed2a51df6868037d58dd9d4eec3e30977879a23cb1fe7466b3c6	bd756ff97d84ad58181811f392896c4eb5e5623b2956696561166f41d08faa08	false
datomic/iter$iter_rseq	ab2a9794fbfa5518ed645175dfa291d7af9dbefb63bc3cde7e6ddb71d264ba22	79ff9189203b75c689f18207f6e6fd1c62e689608ca0d4f7e68c68b2a32e3e87	false
datomic/iter$iter_seq	c38fa5a7fafa806912e84036ae9ff83e256f1a078b8c7516d519abec7f85799d	092b82598cd745eca26d4d9bb21080dce6a8de0954a4f7ac48e965d20b8db6fd	false
datomic/iter$iterable	8b819ad339e1861e5b9b62c997322344ff20351fab9fecb61f75eefe28e62311	0a54c65ee4f462fef2c66c234c9bd8eb391d682b8eaa9828846aaf0a8d61a289	false
datomic/iter$iterator	a2f5cfd1df22ce89232030930277ada8873400d1849434e023eb94585bf6770f	451284c77667d2feb7a74bfe513948f9805f5543fa80928395c5aac9957d7d5f	false
datomic/iter$least_index	8ca550dac3e4c67d0677a186f8d7fcde961eef019ce636f3ef006388647881eb	0d415a8015ed168ec9cf711f33315c8ca00a87015dfdf59557bd4015548e2a3f	false
datomic/iter$map	ec9eda705410c6e73a537ba7441ff88d1c879e6a623d04155e184ee72f1dcb04	678beb4c96b2ec3c1229d468b5f18a818cdf6631c3ae33c7c3375ea33dabb5b0	false
datomic/iter$merge_iters	6ae212ae5a60ec72e5b2f0de1f9f96bd2bc9f36a26b334672a94a6248047bf8f	2cabfe8b0e9895e92e60d4aa4b8bb193839e98700f5d5391c7eddaeef4f9a43e	false
datomic/iter$reduce	f91dc99d73003d4801686b34955457bc668f63cd594f85b0b3a5a24bae20f43b	a091e983ddcce15cb7ec30733b5986556fcdcd48d7ba52bcb25df39265775026	false
datomic/iter$reversed_iter	b76a8244587b6787d54c0b90a5804d43ee4fcc769956228529ebc857d792b7be	d325ef079893f17e506faa324125e4bfafdac5285694ee06691594816dcbeebf	false
datomic/iter$take_while	75854970021a4b54c8d9038ce0dab66e2c9fbe0b30c9ba1eac600b46f11b3e6f	f86614f1945b2ef94b563a93fcba5a39933d400e84e60a5cb73a64e8c3d5d01b	false
datomic/iter/Iter	900a8c05216473ded1149cf0f435e4c3a4a16322efa48d949aebe202460df530	b73d41728412ead49e43b7996ecd61fe3de2188808b5b5314aec589af1e1034b	false
datomic/iter/IterCat	f7cc079940f2856fe926c024d4bc625d47fa25e479ec81e1d15a1d32ba121748	068d3c347efb686139630a315ed16d307528a220071e3a42e24b3e84a7a94fd7	false
datomic/iter/Iterator	c0ae33a4d9f1b4628633b496d1c975579563757f59a1238fd26e9cea3d1fa32f	c6e7fa37c1f2b16802c5673f7abc838874d362f6923a9199f34850042c174a5e	false
datomic/iter/MapIter	b68097b33dadc0031697bc8545f7d0c931f52bd486dac21ff92aa2038239922a	428ef6df2aa6d514e54036b5712fd13e5b55ce3a9132d6a214ed1d8c07bfb58a	false
datomic/iter/MergeIter	e6b3483595c68bb500a15c28c49df5257e0bac55297b8b3f8c1769dd39fcedbc	713cdb833e0cfa7c6ad24d1b2bed3bb4058b442d23ea46f98710befb725c5551	false
datomic/iter/ReversedIter	f8cb02f0968029adc89b8973418ee0db7066e0fea96f9944a7795d611b98e587	6d1b2bd43f9fb3e9707750a20b1d9ed2fc51cbc598619e349f26122d7083f3a6	false
datomic/iter__init	ca6dcc16af6e9ccdd462e506483b4250bcd5755dfb9f0718a578c7f48dc57768	6c48d3c82b0f8d1d17a7d7983aea1aba2bfd5c9d909cfb2e87d46bffa820be7d	false
datomic/janino$java_data_fn	27f107f2843fd20350f77fe0ab95596401060125c478d29fbb7468e757dbf387	71dd9fdc9a48a330a0275f23e313041dc4f8be794697c4899291299958e6731c	false
datomic/janino__init	e574599de64ef084e22a9754a8d5a858031493ecb9c372c65488b38c25532c1e	e786eaff0c4e3702ef6679a8f5162c5a472ea34136cdceb3def3d03bf747254f	false
datomic/kv_cache$get_kv_cache_ref	214e62ecca168d3faa8f78a8c61c933d5af4524c0992dd37a8311899e91d77a5	c6ae9e5b5fd204a3ffc4eecbcdb385a47385e0dfe7cad726c56cbf47d1ddbc64	false
datomic/kv_cache$shutdown	070176b289260a9bcd74d39ce9e0dc70e303296c0cd2e01045c9e50fb60b2aca	c65235a3d71183209d671ef54eab1ae5468c015ae609bead678463a56fc8a983	false
datomic/kv_cache$start_kv_cache	0f4f30a332d632af2062280bdbdb60a74207729a4a19b881d5354c810864106c	c5ac1026cb341be0a7f143bf86a7b0186fd6dabdaa36d9db680d7a84b10302ad	false
datomic/kv_cache__init	f6ac1fcab08aba62baff7569ab8d19970989f630cdc1d37a3eb8724b8e802fca	321e26118bf8ee61e243a2137920c6d19f42aaca27d6ed906ac59bac0827d920	false
datomic/kv_cassandra$kv_cassandra	3d6b230b914b6b91bb431b28940f71aed42e0bc9a1e8c404ee20aa01a5828980	02a47742b22e941ba59a78c2023900e64b6c5eab4dd326bfa0e28000cba9474b	false
datomic/kv_cassandra$retry_policy	21c6cd992feb5e48ca9283f4020d55e85cd610797ba686973b7aee8cc83fdfe1	2dd94df81770ab6823443bc2dbfe88f7a474fda745d2dea620b87eaf514680d6	false
datomic/kv_cassandra/KVCassandra	356324979b26dfb378dc1f518534a2e44bdc724762e068ba53443dc674f73765	7d2ae543cdf64da6f39aad0a3024e395bc2f300d025a4bdefb2baca76e1e6020	false
datomic/kv_cassandra2$kv_cassandra	0583725c56e7ba3ff831f61b9accba71fb8e54a420a9fa725926374f827de20e	79b720caa45c65a9c80cee859d69be6de16f27b48e14143cea050943d25abf3d	false
datomic/kv_cassandra2/KVCassandra2	f80f51e7d3a9147ec41e026cfe3d9920cb03a4a51316abbae94c423e4146c8be	8cf8431f3b4a3aceae9aa6b3ad840f44d2a2b988da0d0e3541087e642a8bc0e1	false
datomic/kv_cassandra2__init	b5020f4c2cbaa99976cceac9d45469256ed94769340d0151d544b57cd7ea0a06	718ce4610a9547fbd177a46e370549512609c21130d1f05480faf8db02be1eeb	false
datomic/kv_cassandra3$kv_cassandra	08e6bb50d7dfc856ef3a1363042972f46782b211fd17a84e843457b5699635c7	98ebf5936d6410d75bf950a1f451a92cb6aba3f8a71a03c2770d6d12b5a52d53	false
datomic/kv_cassandra3/KVCassandra3	fb31b0e662fe1b5730b7ccf7abae02a79f815945eb39ad7dc3dc1fffd383358d	7b15a43d4689078acf9bebc07f78e9e4b5d9304a3ada945bdc28fa4d9af5dbea	false
datomic/kv_cassandra3__init	2207b1877ca1aa5518479f0a214b72aff4c3324fd0615fd1e22563615af07649	2bfed6fcb410b171b5eeca1bad53a2d75f74d11be64d255b4e87b060349fc61e	false
datomic/kv_cassandra__init	29c22265ca1bd5be091476c723632025891a4217a772c1f775cb2a85d676ed00	5ead5e56741a894583daacf19181f280523948bd245ddbca9538c5732b9f7d51	false
datomic/kv_cluster$exponential_backoff	43732149c0c1e01f3f70f44d065a36b4a30c29845a3d6550107aae9543a3d349	c999b0d44f909d3d95ca54d1cd6c0a0139f61ca57a2562154847c65fe65d01c1	false
datomic/kv_cluster$kv_cluster	5b270b0d48123385be8363a905b9e51e4b616b2eac0cec69b7f918416eb89726	9b0006b6e6e59711e1ded2d6af95e8f1b572f04c0acf9dd9be00cb82c6162b30	false
datomic/kv_cluster$linear_backoff	4a08647e1bf005009e4c07c74186ce6ed079a16a8e7b8d437f02683136f79191	a8a80e0c0ccca0a6339c207fb788498525edde9d2dc05a288f10517c2c7d3370	false
datomic/kv_cluster$mark_pod_garbage	6d88f1b91afb942988cabe156715a05acca889a36c921b939e25d98d52d88176	4013870114197d49d3e6385b9b111f68ead9945bb91fbceb16b6af3ba2df94e4	false
datomic/kv_cluster$notify_retry	545da0bead818c97b72b54a129ac358e387c1893948c03d394bae07a5e9203fc	70900fe50c60c856659309eb5cdbd2f9cef9bf5c2cfdafb0b8b375ec18777dc6	false
datomic/kv_cluster$retry_cause	38443fabfe1f637bcc9a0d01cf6a854ad13c84248e60b6ba8da31b0c03d00730	758ac1aa2e3cc1b473d6746b1c4977594d2c45bb25e74c8ca1fec39fe1bff4af	false
datomic/kv_cluster$retry_fn	a69ea9a3f833d2de2e4f0e490b847190d4f68153157a11a38383e3a690b5fa0e	024571fd3b798a0f43f85f1495237af2b0658e2f6a721359dc1a026c4a5238f0	false
datomic/kv_cluster$root_cause	15e16fa25ee85bb604cabb31fcfbc12fbe47b44b3561f259fac1c8554a662ec9	35949ca63116decc4b8330b1913439028b42a62b097fae7dff79193d3d6eb3cd	false
datomic/kv_cluster$same_ref_QMARK_	fac688a1aa3f5e3f34dea45c8876ac5e31146b7f94fc37ae76631543390d1bd3	585a2e30a363f6437c8fee7e01a027b7db456312fa7bcef0d447ff412bc2bc2e	false
datomic/kv_cluster$shared_pool	a7534becc4dc293950ef437753e5a3e8e3e80ca9d7dea3235057e8a7ae6f3237	491981471bbde1c0118491904cee3eb9e25bf8c4440fa98fdf2b428963b435ab	false
datomic/kv_cluster/KVCluster	c28d426ee7107d28e4bacf4feb7cee50a3ebbf610ca7998e9342c4eb71246e32	2f4416a266f4f1576ceb432eb081ebe961719a38883dd37758e89659cfa2cd1a	false
datomic/kv_cluster__init	17cbdc0522779207dc18b430ce9208baeef04ef29b4c3e3044b09dafce08adee	5e30501710a0a2c245f9f2642606c5d6e9ee88b39c3803188b9a6aa21bf543d7	false
datomic/kv_dynamo$expected_map	3163ff89e248507cb52928a7f0d6a41a0e9b01b13389dafa1060d0b62f9714cb	b536ac1d37de2de4f93ace67e45ff28367236f0893f57b0192b5da55f736d1f3	false
datomic/kv_dynamo$key_path	0d3cac2d054a2b01ff683706333d71f4423a6f8bfc6309f08ca9e083eef4c573	5d0786bfe7b0131f8d063fc3ca95586f67c6fff91b7fb9a589ba77119897197a	false
datomic/kv_dynamo$kv_dynamo	d4c9a727a1a878433a57d29a550695b4cced17bdf679ba7d69083cae92070445	0a7234ee7609e4214aa364bcb0ad35e5f35c05926dea7f27dbaedab09093d5c4	false
datomic/kv_dynamo$remove_prefix	9ddbca98cc62fd9f387fc82d205d14804a6cf924d14e3fb1ef06c4dbaed6b884	3273d5ac498ab379f0a03d1e54d8c8006a7e24a1bec3b121e81e82b10e5011bb	false
datomic/kv_dynamo/KVDynamo	2c9e1cfb984ec4381951489dc6dc2969d96577f551ba9c627c4e3096a39f7da1	ba61463e976d253a46accf623dbb30a49a6881d58d027f46d2234d588bc201bf	false
datomic/kv_dynamo__init	ac9d243a4ab211e360a66560018878febce1a32c596008d43db1b7842da60cf2	7b2414e964db5f4877ef76b990844c21d974266b743b731ab2a91c72e6cb8ea6	false
datomic/kv_dynamo_skv$expected_map	28b734498b49cdc0f99767ca51d82e4a9e29093d25c697af74dd3c0581c0ad31	88198da6c7b2d16ad1baf2acc1515be367cf3e868a77e2413e49361d7bd58c74	false
datomic/kv_dynamo_skv$kv_ddb_skv_	d75a451ff1205a00029964022e7e2d166c64b601580feb0260773840120626cd	590c5abd6ccede96d59391029ed15b8518cf5c8622488ee47d1fe4c406e48e15	false
datomic/kv_dynamo_skv/KVDynamoSKV	aff58ca0461a908f7919943b59e53b1051372d3ad4225829dc9df83d9a96fd2a	55b4806a33a27fac5446a6a5a9bf52730be50bf8a2af97a0752162efb91d2f57	false
datomic/kv_dynamo_skv__init	89a0ba9f0845cb37ff85e988f0b79280abb42990c33a4444a7c3940752c20aa5	ec0f01c89671d0bf1d7f387547827e843b1ff90e790368bad4c3fc4f1851f4ee	false
datomic/kv_hotrod$kv_infinispan	44ed89ea3b2ed770de4ae7490c07ba3b6d61242094e024ac0555d8a06995f032	8bc0d5fd61ccdba1543bab5546672e3da553cce6ff5cd271f41a84a499e45663	false
datomic/kv_hotrod/KVHotRod	7d2001308f0c0e5c9306542bad166d5f452239e840f7377b1e8301a7398d41eb	12922058d7152d71897090e3e430dc30ef728d5a764662c17c9b6aec6cbbaacf	false
datomic/kv_hotrod__init	9d58ce4354a28d8f02de3b1330c32d23a581f38277a7c032d4c860519aa45fe7	38fa0ce2a5ed6c1350d6f402f10067071d696c523a54d1e14f1b167593886f36	false
datomic/kv_mem$kv_mem	eed56ae29c3b0f7b87c6198c982e67c0158c9e119cddd77bd4272a85c47fc9b5	35b87b6e2d7581fe699c7831f8974172720f85cdbefbe34b99e07549d0ff4995	false
datomic/kv_mem/KVMem	981abaf709357f12ec49f0b721ff785c21480840885e927ef914d03b14805606	c9cd2b0a81e24fff20f17a53f267ed3009ff13f1c0872a3cc77bb0684f16dac1	false
datomic/kv_mem__init	be60b0c28e71d92234ccac2d3abf0b2bb44b8396f147c73231c075e2e8895bb1	085ce46954215486df4511ac2703cdfab15e872f4f93ed38b396b5bf15b5b200	false
datomic/kv_sql$constraint_violation_QMARK_	627754269d2c1daffc4212e2f9602dbd92caba56705b3fde278ae27e61db9367	833cc7f089472dbc2531104c0709f5dba423c7601b27ea95c1b631005f6619fe	false
datomic/kv_sql$from_spec	413d155561297ab51235086489d9d63ecd11bb70273eef15a498f52b4ccfb74a	40cdb21554e1db1b38b75ef405618a369005b781b15d26b99dd2dc00cd4bebc1	false
datomic/kv_sql/KVSql	27e476e58aa2158c693b6b7163fcb739a86c5234379324cc01de4dedd64b9bf8	9e62fd0e70bfb4a4963e80d2895073211d3f0381129ed3c4f003d6faddc5e948	false
datomic/kv_sql__init	e1fa9a5ac3c20082c7db08e4afe7a7768b50aef78b86417c9d8f87b70cc22885	db94a644e89f915f445ff36062905a3c48880e6d330be1a171c7b930454a5a85	false
datomic/kv_sql_ext$cluster_conf__GT_spec	7634e117fa4db24aec1dfc490bfe68066c4c91818752e3683a5a5c4b4a02762b	dfee4d8b2c8c155132a2ded4b001600b4e0db2c99af1e7b5ed4167aefa400200	false
datomic/kv_sql_ext$kv_sql	62f896def8b3932d3d3d21fd09355a3255f9aecd03ca3e9157e54d49bcd99ad9	f7d98248accbffbf41950ca9066c3b7e16878eb2171ad5e27933387d438e7180	false
datomic/kv_sql_ext$provider	d479ebda67388a81ead1ef52195a1fe2b2ceb1287d96b720b0f01105923b7326	a9443cfa81792b47b9434743c89fd04f1d16de083c235691626cc8df537b5701	false
datomic/kv_sql_ext$try_validation_query	a5a70227b60802dfd7fdeca8d26fbd4c1a5911c7f971f343953ae97bc3ed49ca	417035e374ac3abdaa9368f4056c90cddbf1d7a246b9a77ac36e6d638ce4c3cd	false
datomic/kv_sql_ext$validation_query	40ccc45df4f0ef81e052298fe65f0eec0bbe0b877b59414f68e71feb0d708826	83e3bfdb93f157bc6e206f90efc3692ddf690a7a4cd2b36a60c7103f3dd6e022	false
datomic/kv_sql_ext__init	9d674cf3c92f1c17743807178d9936fce7611423b6360c1b06b6bef612508496	239f2dd4ea88b37db04fb58a920e9534c210bd24e7a01380d1471ce5ba8363e4	false
datomic/kv_store/KVStore	01cc05fb0148340f5d429e4f3e8f45938ea7c24c35f780fadf6902f652e98b1c	a8b6b7de9a6997a24bec3901d2e8cc1f8812e1390f24da2dc5cd00431f1c90b4	false
datomic/kv_store/Retryable	f5d0e95d01faeb3159eed6b0921db5a3c79bd815849f96fd8da35c5edf80e9c5	f019b699b433b91628069a967076a4c249a993df982798844f9c314a94b0c6b2	false
datomic/kv_store__init	97399045855884b65cb23f918483cbe8b9d31f870119e00872c43c226e64b581	5462404914b71e714b3228f9bf9f0c43c8b9c177e6f7be34637b9fe47853ee52	false
datomic/log$catchup	7bd08611f97a243d03d91c42169e8153c326701e0cab1c2b5df39a1358be8adc	4078f5868a2d95b4ed9350f7764d2a10b5aa5c26910e765d90c8f6aa4e0e399a	false
datomic/log$catchup_tx	62a35c808d9a169ab5e0ccc0d932b4fea038b88b8271b3d8892ec5a3e1b48ecd	e93a13a7e4c8521882923c14f912f4f98010d6c7c84333d7a56c3da8c092c769	false
datomic/log$claim_log	0e72a54ee3abb883b2fb3fb3025c12a166f4de509919d694132cf28137d7c2b1	b821267b10156aaa57063dd9bede26ead9f1abf69a36a9e41a7308c40af1a3d6	false
datomic/log$combine_last_if	2c2308b97ecf2709c8ca95befb1ecd056ec8af3eb21eba838a706ca5d4fc8e65	6221177deebd037ae16314f5757c709660b265f2b933eecb6528c5cc2bd70d83	false
datomic/log$convert_log_version	62a6db4d091957830c98971a5672ab03bcdf2036418583633d870760148b7716	8e68039dc3112f8fda1737a904e4ca3deb81fa2ce0d1ca0b9ce913bf05e918a9	false
datomic/log$create_entry	b7129813b633871988083acf308bdee681fbb26605c2739f5beb52658a3c4005	8970477cceac35f7b960b2cfa4e25e789f5ca9834ff74f6ba8fc88705d935606	false
datomic/log$create_leaves	04df71d582724cef931171361ae7f83b9173770e0b277d70e3663cbb25cafc22	82673680c4e3cb400b33582f707205319dbce02fc48cde8918a98451d618991e	false
datomic/log$create_leaves_STAR_	66022638b8b76b28188638b1fa2f01cba25481bb0185dc3fefb1fc522e401e37	7c02fba80bd4201077378641355d394db000a04e8ee1285eb0dda127c637a519	false
datomic/log$create_log_impl	66e99347f6c51a4a8690685b4b4b08989b110447d288ccf3bf5a4464e486310f	592f367f5451a0e55132db952067ca0853cabe0269a98fe9f37755f6e05d05b9	false
datomic/log$create_log_val	9f2a9a5960e2385b7ce710ed0fbc4a4ec31c6fd2ffd956b0604f0b392bf6ebf3	25811503229183a0a7be49d5ce9a0af42479ff6b71e91882ab99c7b49f6d618f	false
datomic/log$create_new_log	20382e5d6dae5249c811d2e986daad8472021b483f49a761b8b402976718222b	ea21539034820740d84b433471148574a53eb8efb4be026455aca8965915cc8d	false
datomic/log$create_tail	62fd946d68eb59d9078f6c75715a02dde26cf5a8246c4372bd41cf55a4b2ab84	48e0c5800c6bba6f79ec596184a29fcadfeb46501877a9859b1ccd0175e9e65e	false
datomic/log$empty_tail	5d364e815fb3a9cc6cd9541dc3db9f728b656a130664532321fa0a0542135090	67e56f6cbabb46b9317d61142d7eb897a971b5f506bf8ff00224e13328a7f216	false
datomic/log$ensure_index_and_log	bfc8d93b3f8a068625de12d3683be6648bc674546f4b8b149f1c6cc210c8724a	8c0ca1b5b784c485771faaf64dedc21a12993402e8b38066242b274e87f4ebc5	false
datomic/log$excise	fef670cca8df97a0e57db1d8c180315057ba4e560a51e505b519ac2d6f24e149	5b07c5ee9ef81393e815c5d75f6111be1333112bb5aada871dafacda5144df79	false
datomic/log$excise_dir_map	0fb6e540e81438c97f32d4d4a6d98f944b910d17cb937eab860d91eb231b9792	c792fa34e60a332ca0ff590178573f6c9f2be235fb41909245e11bcdcb435945	false
datomic/log$excise_root	f285616367926ab01802f1da4c0b0ddf1ad03263a8f8245a569d099c31b6aa5e	e5dffddf0c466fdebd4a81eefefd8aa65937362be6b4bc9f13996e75944f8a5c	false
datomic/log$excise_ts	777c10b80bb8863d7be9631358d8fd646dea25594be0ce676b84443da7dc9fb6	f18e27f9592fbb7705e14bc5a41014c6635be616b6e59d4ebdac5e472c32daf8	false
datomic/log$extend_tail	8b78f1b61218172f25cf1c042f1aa0361e9e42acdc35252315c781fa7776d662	a07f8c57c16cb636d84ec8ce8126fefc5008fc5d408c8741eeb5f6a0bb60334f	false
datomic/log$extend_tree	52b671b0485bb71be3864fc9b9ac08fb06511746b1c965067114e4f9b722b904	d3e517c8796fc41ac040e60673253c2eddf04079fef031252c42348e37c6202b	false
datomic/log$find_log	06b184bde1b69e47ee2c163d4c455000fb52f46ae5d416860c2325864df3371d	0aeb0fa1331bef19796a77e8dd0b0838187face490ca54c8b22346ad5b5e7aa0	false
datomic/log$fressianed_dir	f2e67a0dcc44d36cb3e9630b49421fd8f1f45629b3eadf2bde44ad04ee5c5dad	7ccc1d07efb501d201bdbd7c693b0a3cd7ac314d3b515803f94697b893d06df9	false
datomic/log$fressianed_leaf	ea3bd2a7302dbc3d041ecd57364e0654e14fa247b08146d3c3dd31264137ba7a	984d914a6be1959ff338a2131e95c746f06ec2a81e03807814ea0a8c1541ca5d	false
datomic/log$fressianed_tx	56c6ec29cc5aee6ca5e8b770103f2fa4b373ef90eacd152b52a6eaef847a143d	3eda91279caabcdd1d6507e4c4e66603064e060ebf12cc7d765c0b961667475e	false
datomic/log$fressianed_txes_length	c0165126816930bdf25633a5aed24f7fec2701a9d801579cd879912bb3cba15d	757164a30ebe907a717334c5cfe2eb9b01f6d2aa378e8895561af20ee51214ba	false
datomic/log$inc_rev	0bf3eee8dda35a311ad49dc30d5c64cf431c4bfc9ef2e34f330ef10169179fa9	8e8f236b2cd047081be8f3d2f5bc0a21e5709b2df4d2db5f144c17d64b6fd2a4	false
datomic/log$last_by_nth	15d6f0c113b9a6eb15c663325dfb34de56e15410175d3c3bd69910e96bf5155d	5d77be4471ed291c1e3adc1328c41f09ba1b0c246861b1e412035567bcdb5956	false
datomic/log$last_tree_tx	e4aacd20b70acc5cd88a676cb6ac76ee284b4c82bc41199978d23f88bc9f862a	bf11eaea263d51489a4609c6c359000938acd24273468c66dd71ae3fa011422c	false
datomic/log$legacy_root_ref_key	a69bdebb86a2ed61996faac88c81aa69eed1506c005aaec4f4b25ed4440216b9	fb83cb16f7309a13a9ddcf5770be881d93bf7f1cdea5aecd4ae3e22851cc1a7f	false
datomic/log$load_tail	bbab9790c357432cbcbfce182feb9993f8caa96bdc75676a9e5d5428eb61037f	06e9c2474a45f13f68c76e8a4b1bfda789f3a0b46986ecec8d3017bf01ae0354	false
datomic/log$log_tree	bc2d2866e62b819a9be6c35ee9ec597b03b046bcf156aba54f21f2c4b79d217d	4312ecce568b8f8b9b11edc561b483d780fe131888b9fdd9007120510ceca936	false
datomic/log$max_eidx	ffb365d0722306b863578b06cfac94aace65ddcff92ec79aa5d989208bed6e42	2997803f1dd10cc39316f5ff886e7c8e0a34735e5e271e02ad2b20d8faaf4b53	false
datomic/log$max_t	39d1d44de89e00d9003dbebea516d264ce55a88481513f0e26466c1be132b35c	8ed78e3bbb0d512da0048ee14d011843c1e61b8e12e2ae9bba8d20d1b3de819a	false
datomic/log$normalize_desc	0744ce39c1293a12eab7b45552e58983f27594743e89558a55068a3de7cad06c	9c06abb9466949f75ecb159c328b56a9f4bdfbd5ed76d1ea8c39923a365756be	false
datomic/log$partition_by_weight	eb84f084ee4464c27baeaa60f44c789c1036b5ed6541754cec1cad112f02773e	33bf19b8141c5dac45538286306ec09c93a2f7dfbba0ae7db6fb2bd0e73435e5	false
datomic/log$pod_update_succeeded_QMARK_	ff98780601651e50645a4ac88465dba3c7d6abfdf7207762570f24d088ea2554	ea087397993c29610376fee7b771f0c205b70dce2789c8684ae243186c097af3	false
datomic/log$read_tail_descriptor	758cc28fd43b7920ffac269daf05249ee875d175a0887ce083190c511857a962	5530c3390f844ec7bc7e3d9ab6ec974cc0811e7e28705058d5edfe1d7bc55212	false
datomic/log$resets_caches_QMARK_	4ab4dd35bdebe66d12066e69c8a00171ec6d43176eca48463a6d55077005dd78	013034e108e226bed224c32080f186c1033c2f72250896e65ca3eff04232eddc	false
datomic/log$root_id	a0b5ff4f0979fdbd1d2824d3315708ea48e06e0e37b054186933b630aa9cafa0	7fe800bff939617a7acbf0946ea6a629a4aa0fbecabe6e3efb37d7d5c35249ce	false
datomic/log$seek_seg_id	95cda39060eaf7a5f9692e2e834380789a24789fb99d321036d0f7b4b155b2b3	b3ace0c50775160f82a9ade1050a5faee90c84957aae6071b3f95fbd1438e55a	false
datomic/log$seek_tx	38eef8d01d8277e4d71533bf6b1efe9c52b6173d5d89bef75f09fc5188168dd0	5b05e51248540a6398e753c835130386d1d9c495f8d54f3f29dd7ceba631a683	false
datomic/log$segment	9aa6bddbfadbf9a5b831a86f44ea19c7ef5bc89aa4f0bf43ed1d44e9efa4774b	03acabb6530e12758e3420c333a9a9f6b405f0b858aa53e8b862f6d5e78bd274	false
datomic/log$segmented_basis_t	459885d79f7337c9a1feb8728b87d950f6ef110cb8cb4dc916b826cc66589116	048fe7774b1780c55456bdabb337e86aabf5684c745f6ad2decf6602097dd1c4	false
datomic/log$since	3da351accff883380be305a6c136efe22037d7b63645c42da7f6048dbbd53c75	b470d93ba3bbe47a821952432b560d02604d9dece4a7c5ac25aa77fd79964c14	false
datomic/log$tail_byte_count	492a7ea70184db4a37f6763c6ac6f71fd00a3264a81292036583403b16efcd44	6cd378dc474780d43a07ba0a6360f9b30955448a903b86f95ff7726897b99592	false
datomic/log$tail_descriptor_QMARK_	72e8955d730c5a58268e576451dd33104592c4b6a133791dde47cd8bd408c8a2	83a51beaf27f9cfebe31ff0d5992ac4a6655cae1bea3a4d77b026b68d18ff416	false
datomic/log$tail_empty_QMARK_	629ecb08f08aa1b80769a48424600cec71e2e04cce5dfab523753d0c2df6adaf	49af4f83def83d5023ad0f140ff7d12cd8121a4a91b4537943115e8ad7c556f2	false
datomic/log$tail_pod_key	a96a1848c668dc3e7540632289f3a187de0006517de6e8e126be74cecc1571f9	0309625e921a347e1810c052aa7837ebf578305c726f1b97ac58784904bbb7ee	false
datomic/log$tail_ts	43d2e3c901a78f456fcfe64443411cce4a07617cf4e048384a2abc64476a0704	914662eb7431f674ce1942132e7f8a283c6c059d1f7d04d25103bc985b687eed	false
datomic/log$tx_range	f6d63efb9045c7966c770afaec0830c72b5822df08b054c75a8d782976f89140	428fb5dbb5d7271e3b54256865170443b6a810c921b5d85b9d0d5b3aa0eca8e3	false
datomic/log$write_excise_val	5c4930814d71b102141a9a0990766d379d1046fe562fbdd90cb65cbb7be5e7e1	78209d2f31bbd7a59ea28ce12bc9d58c943b44349dd0330b36daba8478cd9920	false
datomic/log$write_excised_log	5f628a7df2a365c48715699dfba5599aefd6668fd6fbec02a621e5bac6419702	da21b1dbdab09d8b64b2c4ebc91aac73ccc381afc5a9f66a4bc0549f4713e64d	false
datomic/log$write_new_log	a923e515cd60708b4795cc9f52ea0a222d2735075b3b43617b10a99052a77ca5	6bb8e1262e2387a9ce66ca11042dd39153da6661d19d328d43fb47996653efab	false
datomic/log$write_tail_descriptor	6f09ad7048d1af421e9cddb051e1c46ea0dbebf16fc348db049cc4ac00033dbe	1e1b290300b1fade5f00b34f6973a34bf4116b1adeda6d4f2c7606d9997d9b2d	false
datomic/log$zip_and_create	a3ee5019e3d9f6790bbbc687300abfda74f7b0954acec49a7289edfe82a44ca7	5573679cc28cc6f897580d6aa43ad9f1e8d77fd2d3f42fd98cd838072f1847b8	false
datomic/log/Log	04bc91f20bc220d00cafd3a405fd5d4c30b6baf87e6ea969bdd1cdb2ebdaafdf	44735180b2c01473f4db3cf916bd85e75021cd4ea6cec98daa158935a4842f19	false
datomic/log/LogDir	1a3e93f58f92b5528079c1f6d8f5a485ed073244580abcdebaac9c4fd2fc8952	8eb0244f7b282a4f5ac62c998b8db75aa405bcac860e08ca0bf296b604b94ac0	false
datomic/log/LogDirSeq	2b68adf8f02c767e9b230346d139b14eb46176d654cec828a455ab990588b054	572599d0f48ac7bf75d4d8d4d7395a773b958381696f2359a8c7219a643ce4a7	false
datomic/log/LogImpl	5dbb3a0c17eed05dd72b6871bcb2b92872ba14d2a15ba29c7674485ee2fa71b5	3a773f56146a8bc6367685df25d9065b9b416cc1f0948fb1c2418b336cedc9a7	false
datomic/log/LogKey	f9801072d3b5287906e1f549c1909d32f2509c5da52814eca0eb123ded9219e1	568b9dfb515c9dbb9340ba214e02d4c3f698ca3c613f016276e36a031db85eb9	false
datomic/log/LogSeek	12e415007fd9fe01210447bad00f78be22d663324ccd09071ed99eb9132683a7	1ef02fb0be56a0ed2c5be776c39cc84b853b2f073236502f7445aa0afc415904	false
datomic/log/LogSegSeq	b45af9e211f5c4b76b657c4c0cb82e740e4665f2dd88c942fe0628374bbbf219	4177f8482cb8e47098dd8232d8a8c2aeb1ac528a9943d1dba5760d7569740d36	false
datomic/log/LogTailValue	3b76cdaef9c7b5c09582ac605a5b81f0dabcccf1a2189ba0124acf538440cfc9	914d78a9a7a1ae9791febb5ccf6f085186f1ee440a09fb690d4e1c8c05b47bef	false
datomic/log/LogTxIter	10ce90087e55f63bcd62c3fc5d5e98f5a34567efafc87b2c3a8e554a6805a97e	d763730317b4d1ed278e63e91e949c3d1f75d8fa1a14a2bc533c08b82a27772e	false
datomic/log/LogValue	4701cc8862628aeb6deaf5f3579df424deff8c43e0d1eab2bc19a3be1c7d1201	d4bf06894eebad7ad3cc9b5e372c57f61f053bd08f7b2a3130e19c42737dfb88	false
datomic/log/Tail	bd268c541e7555e1db5d61d69f79baa2f479396c793c238fdc2f5ec1d5fe052c	05d1061224f133b1ec7702e3013b9531e69058be81e31440d95dfce06779ab82	false
datomic/log/TailTxIter	e1584b6fa9d89eb22b892302a6be296badb32b8525db7adaaa71738caa527069	29b18f40b8d1a0ee681f2473614457f6d4ed925835c58a7d5888cccb44ddb649	false
datomic/log/TailTxes	4e58d95e35a2fcc176c608d57e1da2ecca07a07f918171c9ce1d179f1be81499	3f025585659d0c8cc35b4c3a1a4460fd98a227071a813c919fcf7326abb3a15b	false
datomic/log__init	19d729e19fb0a4af79317fc8d0eb1395ec8e120f54ec4d1838a013f86c9f2dfe	e04cb28ebcd693d8465a14810d18f2595b49a204de2edd1b0c79a6a028aaeb0d	false
datomic/lucene$add_document	b105f2c211bf6485a0b9dc9864cf818adefa7e9ae9eccfdb660dfe9f96458c65	d676afa417bdd79ae21938e859c4e56a9e347d5368e0b15cb4b36cac609a5a3e	false
datomic/lucene$add_documents	ccefc8c24305d69d76b36f7f415257981650a39e9dc357cd5a661f7bd2b521eb	46ff6333526665ab5c7054f0c92f19d6a2e7f58c3af76a514ff9f190e10d7b32	false
datomic/lucene$binary_field	81075a30c5bbed876c5e47b703a7662a00429600e7ecf2a24e756110dc03da4d	fa4dce3061dc222881594685a8efa10b6bda01eec5043f9310ee9203449ecba7	false
datomic/lucene$boolean_query	09173dba3d31d45f8278df0a0f2352189613c185932d2df8bcb276cea60863e4	3f357912c9911044d5a5b02bd61e1a2f7263c3ddda577e8f2fe776b502b2c56c	false
datomic/lucene$create_config	91d5e1ae666c5694398ad8490b48b86726fc24242d6d61d5d5c21cb04fd6c02b	b79a248d73f300c48a93a506d3516fff8926a240dfeee6f442364e0ff3a0f8eb	false
datomic/lucene$document	f6fbaee201c83792f17ace139dfb224bcac6df8c5051ac92681054c961fb1bbf	2ae77b7c461ff5ab45d5b0863987a7dc717e88745878d2966461eed7a4f4e194	false
datomic/lucene$escape_query	00d89b5149325bfe6bc778cafebc16689d5efa28d2a6d2c3041cab3ae935397d	850c7990666e733d376c5b339e410ed6a9bb21aeb4b1617d8f5077712c025a40	false
datomic/lucene$field_stream	8fd72c74d1a5218abf44110080a597e2b4d6d59704ae87368788caf1572fdf0a	c3d01674325d0649fc0e3e877255ab63cee2f51dca5dc4b1fc29647b3c9fb913	false
datomic/lucene$fs_directory	cec3d4dc85681588a4868bc84323169d5ed8e074480754e3fb05685e1ea914b4	3dd7559a01917b7c68c9af23615f397f48236ff05d79d157aabbdc5cc0e1efc5	false
datomic/lucene$get_field	d4f984fc57da0908e6eede58c6a4c077030b201186d806d23aaa9fe7ef275089	8bf683ba08fd6d2fef043cd7f083ab6df41f18536a7093b8a67aee9df89145cb	false
datomic/lucene$index_searcher	a2b074fbed32523b7bd719032379e6006b8349297a6bfe583c4eee3017fdf0ea	a91dec17405e5a3c0a33b0336603aa491daff7048e7f5d8ff1667eac43dc809c	false
datomic/lucene$index_writer	7cc6dd21d8d2776ab3ec6f18861b5ea4f5c99402c548f22a0f1aa1673431ff93	e27f0e025a7e0f0147d54dafe8287f862147690609d27fea468a1e1259c5a508	false
datomic/lucene$long_field	7980a04a61d344527b65dcb78e669f1c3ac71c71f6581b76565a08c7901e96f8	f2a9c7d40f0dfb760fd4d6a8f0ed86ce77ed7c9b8ab3cda8cd7633469adabbaa	false
datomic/lucene$long_query	c0c2f9540151dac17d3ab498b385ae831b6f89c4f72b2665347969408bcfec20	eb37d01107e5a720bae0ce653999c7867edb5b3917ed0e5b579e7a47b12300dd	false
datomic/lucene$long_value	6f1148ec972fbe1ce79b8ac6cf38d6d1cd948b72853c8ee60d61eef33eab98eb	7da4e62d751dc56d81d2f9a8a8d12a913e3c113a0e0af94ff7c9790a2296fc06	false
datomic/lucene$multi_reader	a9cecbbf0d5c22517f57d4e7f1264f96fbd9a17ff73fec5ec44f57a3cd4fa9c6	f694120f56cb6456387bda5755422db896d19cd7459604e200aa927f0086af37	false
datomic/lucene$parse_query	74ca8024aa441880842dc6a6136267ee630e6aca1a925413ae2195add4082a09	c5f7b62a7028cc50ec35c1a3fc1c35379d680e1ee70775e094e40e9bdd67f86c	false
datomic/lucene$persistent_directory	0d7b0b3703513947b35ed734217e421659ffb7985ba5a58233778eeaf2c19600	dbcfcd56bd35f3d66d625d39181b78632d60e5dbca55abd65f3e9a1d4f45fd97	false
datomic/lucene$ram_directory	23d07e8ed9d6017b1d38394f6baf8abc14f19cbffcdec72313ee58508f9f9004	d45580abf5ad475d02e9b8f1dddad045aa0cd67f45926ee9a11f735fbbe1813d	false
datomic/lucene$read_only_clone	cde1ff874f70294aaeb6c56f3e0b3a56fbbbbe838eecd21ffeb559e09dbc3bdc	26cafff1575f81d73639de1cd85b658a0ea98aabed454e00e2cadb14bea7a28d	false
datomic/lucene$search_seq	41eb6e6bcc2b5a2a762d3c7087293e20f13dbac129fe01237570271cda3bfaf0	7981ecc49369b08048a2c4c9debb6f6b03ffb605d85f83f95475369bb4cde2d4	false
datomic/lucene$string_field	e52eeea8e7e8ad3ef61ee50620e4e7eed400dbf9101455d228f0fbb6099958a4	6ed1522686d31ea34dc81ca3aa68a7561a72d6d69d71472fab1b2e0e117c25bf	false
datomic/lucene$string_value	aba76ca67a8b3efef843e18a30710d875394a419c74b232c489a2703c590552e	cc27bc8cc3cbfe44a80f64d756c22b1024c05bb421cfd614494a15c7768f3740	false
datomic/lucene$term_enum_seq	1875915a5163c45a10c9dee35c29d622b596a6130900d15944a6674f5091ab49	1e208c474f5ebaad3787df2ab878366e0f009f7b6470a4fe900854512ca545fd	false
datomic/lucene$term_from_tokenizer	1907119c4ec72644276a2b3e007ecdc68df24b408e0cf9c4a7748a1b0a98debe	c2dd14f54ce3e416c9440d5cfe5f2f6e2201711b5c8d4794d8e46ff8f53d499b	false
datomic/lucene$term_query	0faeb32c6b92898110be0ed3ba62740a63cd2eca7717fe1a1bae55f5739fc95f	bb6b4c6e9c43c561f65bc0ddf8569f03da6793b2ef927fb1c444be3a49186060	false
datomic/lucene$tokenize_terms	7bde40f32240f9d7a47f594e443940d22f4b93b9c96c5fc04bedc1cc2695c280	d892a52ae346631c52fedfbb7bca4c3796e8f7cad27d648aec90252d76246a2a	false
datomic/lucene/Readerable	87b7e27835da07ac1a8b3d101dd865bee0dc94d9102285b2f11da0fd0149121b	47a4b0cdd25eefabb8027003d209921d1c85e8a0aff161c78c7640ffdaa37134	false
datomic/lucene__init	ae5d47b875246760556eeab9c599404bbc3dc37aa0303ee04821e7e9c9c4007c	1aa1c60b0d132e05e98d6ff88b82eaf4b6aabece507861d7aca6443591beac49	false
datomic/math$create_exponential	41226f1f080a870d9740cbfd2953c2d5b87e90038a17f9265c5a4b9528811574	a62471c8b818ec453f6665dde8b527bd9a27f584f56e19c1023fabfe05a848d7	false
datomic/math$mean	aeb841b41b1e36d77c152676dce9d9fbd727f78459c5f23a6d31a2d838e41818	cb292bd47618c33b2b7dcc7318e5c137b6f68063d9e823b5be04d0aa4249aa70	false
datomic/math$mean_and_stddev	b3145c05f7838d283d5638066afa6ead597c0a592336d2e64d20690d64888a1e	76a460cb964347be9168d562393f29b6fc90c197aef9c6f5614672151339f28e	false
datomic/math$median	6e9a7cb41a3a7f5e055d21da851fb9331dab0be453c51ec0f16f25c7ea04e842	144fb7c869887328ecd4c1b8e6f3377c94afed0ab82eb59f1b230df41fa1df12	false
datomic/math$reservoir_sample	defb11986fdcf534914bbe1cafae7a1c5e827ceac8d5aa853e44f8f971ea1fb3	5167ad6aefdab6b6fae7922a11c2168f487a2250523807a6b0b46dc25fe405a6	false
datomic/math$round	5de3b76836e9ebc1912e2087b03dbac88da198845f7354436e9a5c0aa25067e0	21c7eb4eb384e2702bcb2d25753c4a2f7fbc1bd925fa3bb4fe73b5b05e4424cb	false
datomic/math$rounded_mb	47a682d9b9b923a4b7cd422c37892d049f5784d0d260ccc606f78f66ef912d1d	9363f9dcb62208dae1a399e7171ea52868333e752e0197c4f2f296b139e982d4	false
datomic/math$sla	6122e0767b80e7919f9488099454139007bea40ec3fc6d4f098328155e7e07b7	3a63fe3df367d295e5ba7caba53ce52e567ac98ae29e217015423b81a2d44500	false
datomic/math$uniform	e6ef1f0f49c0c60c521874238d17d2c10a1a82c656c5d9ce5e94e2a8dbed25f6	05dda3110ec5123f4967778c19e5c9cda928ccbcc8b6ef3b9f4476594ce55edd	false
datomic/math__init	12a54ec0cd9b1302ce550ee3ccc5f0db51a687d5f6822f86bc6b45d6a3548573	34e0c0d7c3eea765a49263e259df93ddb3df19c5d7ebbe9f97fefa6f1796598a	false
datomic/memcached$configure_auto_discovery	9d06532279887accffb9a4cc8b2a866272de3460bd5217f53d55e896c8385a75	63f0f53287c53ff4c07cb890fa2298de5a95bce764f2809c04d65d6d0eb9cec6	false
datomic/memcached$create_cache	46cf6ef34247410ee1eac022c31d3f33ecd83f180497296f16448e00fb0f2a42	faf06b9c422fe348e9e6811f55724cc27d9cc5bfee4756fa83e16f1ef8413ab0	false
datomic/memcached$create_client	de75806e0db86327dbacf71ae9ce068cb293e839865a956300ed3557d12d18df	19e08b4106079294fbbed6309ae9d5c31be76144ace32a7c73071f76d57381f0	false
datomic/memcached$create_recovering_client	410b7b51dc4bbd903779664a570f5ee57071cc18278ec0075a6a9a97b1c1829c	71ed06ee8860a2ea1044d68364b6eb14cb86d73aaa49e2a9ad7b8beba4a300f0	false
datomic/memcached$factory_STAR_	51f6e073d113b07a8f9ff7fb5c3041abfab01202c14156cca636bba91097fa47	106776916844c6cafca52760ae0e55a12ebe82fd6f8f5546c737c291ce25d012	false
datomic/memcached$fits_in_memcached_QMARK_	2d6bae332ad217f1f04e6e08f6a83c8d8d3776b93b89f70f58a6a02a57f762de	a382ad8b126853af87378408f33a0c216accf6e8d3277d9b3ad698775be53c48	false
datomic/memcached$memcached_client_supports_autodiscovery_QMARK_	c3ec789d33d78c0252ee729460a4ee9d68aec9cf5205ddf67b1953cb08d1b474	b7fc12c2fa826997d08fb48c35448eae9e690b2183663e8b6a0bbb146f624798	false
datomic/memcached$op_listener	7e2bfb8175ba1793a31b67e10e9c0f902373d9f6c6e7409ccf086f3f41f3a5d4	e4f9dc3c6836799518fcb777e6ffdd62e7ecfaecd704945023e7179b18a2883e	false
datomic/memcached$put_result_handler	5f51fa97185cefada7f9836a5115dbd2f0d789daccba4956e2d7d9de15bf0c9f	5a7d3cde53380e5e41053b86eeed99400fae34f6d44705df0c5a966ed0338da9	false
datomic/memcached$safe_deref	91eb5d46cf95027d76a54c209c511a9bf6e15f9ab5fc53f2fcec43820aac1757	a953a0a3d9b0465381622d41b1f15effafb1830bc2e06c7c6c6e7941eab832fe	false
datomic/memcached$set_client_mode_STAR_	b943323850cab0190255a77ab7661bbd70ff8145995748286da0ec73822b3757	7881832e8b4e14243a4e3195175ae3dbd2ea0987d5ed4640fcd3f5c850954bc5	false
datomic/memcached$start_local_memcached_from_config	e4588547984e371bb0120e8d8f3a420c3f80f6e96d720a062b5c853aa8914b24	e35665e30b64ca47ba1d7db1588051daf9f9d4fce714cd949f994feae014b917	false
datomic/memcached$start_memcached_from_config	b2e655fcb1ddf03136106565e8360ecf398fc689a7a4e9de4a4a11c9dac43e68	986fb1a66a1d1025eb9d7640f6793e7d206cdc8d2f069b56c4e080f4b1df2ff4	false
datomic/memcached$wrap_metrics	842c484211bd9856731dc91b756f2ea93d53d7bc833530b1243c329f0a107f31	2bcd486b1b897bab41772d29fdc17f6a6c6bbea3a091b1b81883eaf320b447bb	false
datomic/memcached/RecoveringClient	fc89241ec4f9af7890645b5688cdec6d417b77049a0cb026c357defbe73a0d46	46632c362ccb20a28a54977fab1f8da92d663943442bdc1fc12f1343b7cb718b	false
datomic/memcached/RecoveringClientImpl	b70c3cf696d615542a37d4a610d49e95facbe05d937324a2b0c0f3d552ce21b5	0d0f8d5dc03627db1818a76c68d4bef84aad18e41e23c712918a208bc5eecafe	false
datomic/memcached__init	8172331373a75a2f33b500095ecbc5cea6a482d56ec87828b4e9ceab28cf2215	9054fd6791c935dc69fa023555a18efca4f4491700db7932054736cc32d05f9d	false
datomic/memory$aws_transactor_settings	9d6db63fea9744ecfec459742b03b835d742cc884ac5ff042d2ce4bd833a946c	4e80e02a1a002b3fbd01c3763aa1a5a2a3b87176cc0d8a9128ad0b7889dd9656	false
datomic/memory$object_cache_max	5ad91c18915997cd3c375f7adc77702ed3eb57fe126501e0efbe70349b5a7a7e	a6e90c9d9b65009b88c3d6f29362aa58c284d14ff0fa5a9be0434bc1940f2abb	false
datomic/memory$ram__GT_bytes	bc452c41e743502f34c59783d0acc3ff63a79b6d73d9e15745d7387e889e1c38	08db646b9275916e637fb3fdd9d33081d4b6f501d44e4a30b972542195469be0	false
datomic/memory$segment_cache_max	c7c7c14daefad6bc66b4e44f3324d62853e7325f0a3bdf112d0c6e862a4cb28f	d11b01845aae80180993f9d09b0a23de96fc005b37ece13371e1b934cef3a3a2	false
datomic/memory$transactor_cache_bytes	3a90aed4b822b4d5c66909b064fa6ee60dd1ced77f2ff4041fad4b985a472c80	ae1ca7eb58d53e7c5978b785fc14cb6a27bb29ae0b29ca23131454cb871778c8	false
datomic/memory$transactor_settings	4f51582365360c9a26bf001ba948812d1a36a7801249aa18cfb9cc64cbe0bc1b	7b57021c610f2d2b1bc302b893e4336ed9f5ca482e239f1502a66340399e369a	false
datomic/memory__init	d30c70e980dbe4a6f3e734645ef480ea12be08ae9c7c11eb8a013b232ab4b1de	510ed646d5edbc01889d51d1b160ccff57189d0d3146ce2b358f25027b0f330d	false
datomic/memory_size$array_type	14dfbfd9089bdc2c445fdba2b9191ad32b2af7ec575cd7700385bb0ecc1008a8	0afe14e69911a816adcf14ef36daa1a344ae2b721ba1bd8aa3503603586d5e92	false
datomic/memory_size$handle_primitive_arrays	7ed3a368416f686112ec6952366c5a91188a1b5598f928102c5e425e936915ce	55827c4707de0ad78d39e59ae68c7ad77502dc7adc13be31eeda615ddfff42f1	false
datomic/memory_size/MemorySize	ca9dbc8fa153e031d1363fbd89f8e53df9e3a4227beb630d90b2c14c3815a814	57fdd6b39abdb248c0dac02a895d6c69865da3dd39831a4f3d69e6db6060b2c3	false
datomic/memory_size__init	d26a2e79e846a2c4997126383cfaad7b0fb6eafddc9619cdf7cc19bdd267bc99	87682108f01cd1469cffcac4dd537ae20eed05a06c0da41560605bcce5f596e6	false
datomic/monitor$add_stat	443bd7d8c99f2949507a39665b4c0db9108d5222bf0564e2b53819e9323594b5	d19d4e899692f3d3444fa0be780d41737e01982f0f3666dee97a8b59cf2f3015	false
datomic/monitor$alarm	55aa4545b91ffff2a65e0e902cbc24d7a61a539db1593a9e910fbb689f25ddcb	741ae32b469cfce65ca3d14b1c970ff08fc13845ad94a129595964cd8b040a3d	false
datomic/monitor$init_stats	4549139043d4e158e9960d5d99da6dbb3654bc83600e2f517948872233026f15	acc3c7149e71e10ec441ba253db20d72b666edf2d06f4dab71ad00be9c80cc40	false
datomic/monitor$load_callback	1c5f2bd9eb39fa32f43c624b9b03c8dae52fd1cba2ef88f7c0f223ef25081d16	d77f209c17b4b004e208e335f8fc8e48c96a2ef0651e2600757eb9fdaf3585a1	false
datomic/monitor$ns__GT_ms	7b5b505e8da5cff33940758fe37f8687cf94ae579de7c45f32e5f4371c87dfa8	981a529c4610781cbe280566bd21492f24673ec3513f072deb65ea0d106091cd	false
datomic/monitor$snapshot_statistics	af84466f83db9be311b0c61687fb0d23530ac456c40e26601c3b1593233353e6	4696b66dd2d8c7725792f7eead94592f47e375675d34ac6db72c4301af256b3e	false
datomic/monitor/Metrics	6d0fb8378d7f72b23a2ca27cf1e795e22f1e2071549b551948b05f5315cfac80	5c061ee5393d57cc981a32d0b8800586002dd14c38124acc7fbc4b36d04b99c0	false
datomic/monitor/Statistics	38c2b7640c0a62aed4b5082090f397cbccd3060250177c89ab153d30b77e2f56	d23c9a7990c11c1a508e1c3dc7699cb4fa677b39254fe9331789e2ef61f27a83	false
datomic/monitor/StatsUpdate	f6110deb5d4a3bd58eb149c2ab9e091a4bf6e7cff28788e1fcd9fd226045e326	bb49b71efc8a14ba49f54c10ba7605b34e40fe606a817ef44bc36a96a7fe47c4	false
datomic/monitor__init	f09fc9f3c40edfe5210ba7291054007a26586f049e2b5deec9ff7ad2a516f8af	ae7d7698b21c830d0b3c64742b0bbd1be941bbd8cb7c9c782cf1e4f1d216dba5	false
datomic/peer$accept_new_data	492e47ca4ea3a3a7f00137be4db6107f350ab6c850c5983b5516ccd729701609	616e6bfcfcc83c651ad23c51e8acf597693e07e25b048459e20c9ae880c370b2	false
datomic/peer$administer_system	ed8fc2527a5176aae920645d8acdad2236f9ac0a326e2eacd1183f9af9fffcdb	7e2014b36838b6a6d91ae6e70f53499dafb9d9db58baa9da68fa44bb9c817cf6	false
datomic/peer$await_tx_result	2ba10e87032eb00592a1017aa22661bbab38d3fbc8fb6f634da29fb8f7ff16d3	7fce2bc137a2de3114d2281858974f4f63bd1d6c44c1b64ff2b51e6b7142b4b0	false
datomic/peer$connect_local_database	53e705149053f22efd3331c995a96cb89d7e5b634adff1e2f440e1cad438fb33	b5ced35a58b0b2fbfd88ddf2b76eae39aae69fcaac16e6c7ea9d59386df36fe4	false
datomic/peer$connect_uri	577f759dc1bb356d3b5c918642094700611784a077fcf64715e89978ddc92b3e	8d7360f16c915ef453b408d54bcbbd0f395d5d8dba958896fc800d3c72358e04	false
datomic/peer$create_connection	87b6f10f628a3591c70bf813410ef4634cb5015de78a76b722052954dfeb78d0	d706009687aebacbe1f963eecd7ca3d57796c54e1db57b4ff5d4b3315a46ff68	false
datomic/peer$create_database	2043eabd1f6ce60938ea7236701fe2e07631cc944d7014998674556e8db4fb1f	22e88b5b8946ab9e3215744b6685d73c53256e481ac3fdeb32e75a0951cfb789	false
datomic/peer$create_local_database	8277c727e3020cb08b82f869defdd41bcc3d9d5d3b6e4cb45a0dd26bf82b8bb3	cee7d6aeb46b95db1cfb89fd7d21fdb231914f2f7d73f7a732ddf2c3fc10b83d	false
datomic/peer$create_t_watcher	0315c70e285af19ec22b9d14ea570293bd187484d138a01fc65a16d96c61eea9	44834c079c40a5b8e8a95f1e14fa5dd18bf92c67f3c2f8454976fe485b9fe897	false
datomic/peer$db	556c67264f5a9a3dd3ffd231217f36be875f0ae8689563c9b479d426e8e6bfad	bc68d4de794f7e838da6c3590c6118ea2737a6abd0d05b01e404f9b465d83133	false
datomic/peer$delete_database	fbf68238e2b369560328d805179e332ad27b8348ee9e20f53f5b53b6e6bb94c2	3c4f96434f11c8ac1c254dc0a2c83a260b8ee4ca67ba76e900eb476d50c223f2	false
datomic/peer$delete_local_database	9371bbadc930f02a4b7d08e7bce0a6b6a7fdb31399efc5c017bca27a36b83fb1	cd79bae9c4d6d551ef8c9f73fef276385eaf72364a0bbca0f4d5f6a7996549ba	false
datomic/peer$ensure_schema_level	ab5f08082cb214e7aba9edf54418e523473f6869f139e96c484ffedc3b5c99f3	e2dfcac5e3fbc9c4daef25ba7be88c1911f7bf004780375ee84bf2bb881dce64	false
datomic/peer$fail_pending_txes	791f9f35e3a5d64b6b09dba4b65ba94eca6fc72d116265c6f6488984c44e4426	d849d8a8252be62fb0d62b72f8224630ed52c1e868814b707bdb0a69b50f1c45	false
datomic/peer$get_catalog	cabbf0dcb161d74b267674e2cb67fbdb128f5675f8d8adde7224cf6a1396146f	b6a6400bdf7eb5885df9eaea481baa616896319d7405065018c36620eb283e79	false
datomic/peer$get_connection	29f0b7111c888812cbcc4776b39c8b904c10a9a1e750dc320cf15815c49e4b94	74e6e1616af57218702a960012ac3bcbdf7d4bf4a534659dd1da78defb32f38f	false
datomic/peer$get_cstate	c8afcc160c07058407a7754802d5ae99c6a9cb96ea8d3693efd43e9d47a39b31	fa08c48c1b53800db8a7dc4ca2f5ea76102dd237bf1fa1cb2afe78a54a783657	false
datomic/peer$get_database_names	918f3d2cd96efcfbee45a385bc73794566e5ddfdfc57d0d856322a77482ed00b	06f4d2cd2daeb8de037a1cc06664948b0b5f42f2badfc241f2d5835b9fcda624	false
datomic/peer$integrate_lucene	4702c71f3ee490c61b1570009efbb67dac4ae1c2c1dc43659054a18747dc0bf4	a848e11cccee3b8565630f54f0b9a0811339015fcb4e8cb110c25d72171d0b8d	false
datomic/peer$local_connection	ca537bc2d8487d9fae8061214bbd1e58ee4697ebd022bff1620f9ea53a007bfa	c90bf2ceff44d9555c10eab486dacc8462f481274575c9fcba6ae4c97dde2e27	false
datomic/peer$peer_queue_exceeded	be5e27b8791579a5a02337d27bb5be61a95b1f2bffbcae09679ba801ed61de0f	ba9f9253b484a1031d998a9e2991e7d931048d7473cb0143aa346e183cd227ce	false
datomic/peer$rename_database	188d409ca666f7238545168ac2cc65059f0c123c8fde953c03e37d1faa8c8848	d0344f93ebde918f29109cbdeb4e0b913ef241ee28861b3c83c3f9d787135cf0	false
datomic/peer$rename_local_database	74d58a755c8bff7702b95bf5ad83451ead2d2a4dc04d0dd65c5ede47bf9fe4ea	4bd443005105c520b7655654dc14c76527d43dd4261ff0972902c6a426279079	false
datomic/peer$resolve_tempid	fc8c2bd2d57370888909c03981fde6b3a975ed101413d67b450d4e33d725a27f	3c28c98f4ec266d2a2199957e98d62df6d9fb0766d382c32abb07181c2aef26c	false
datomic/peer$revert_to_log_version_1	91cf111e2478d3aa42d5b2d5e40dde207daea744a1025dbae091bad04252a84e	f03077706d0edda74a79d7c59d5ad46ca4d8b7bf62b011ffa6357187a1d9c8c2	false
datomic/peer$send_admin_request	355444b7a9e05beca8c5dfb54486a317a2045a8cd093ac401c681d78c671d108	63cc8721fb483e4f594c48ecb6911a45e5df9f92d8754a5b010a72369f33a165	false
datomic/peer$seq_iterable	60503bbae8fb907602d8191d79268d18aadcf7a40cf7e42527d67f037b35b9af	62fda84150fbe67f31d676198c7f7dedd7dc4539d137b1f573f41a69417372b6	false
datomic/peer$seq_iterator	a3abfbbd92ee904378a770dbbb0650022df54adbdaed8996c8ec1be4f821b28c	27473a9f292e83641714cbdaeef19d90a4d510559dd9fdff20684d35713317de	false
datomic/peer$shutdown	0dcec338eceec595e61b97d457fdc859f31fe8b52d0fa7c3f04d8d88f40ed178	42975b809fc99559f5f0b9b71852e05638885fe2cadc1c5a8f01e6db51f26064	false
datomic/peer$stop_connection	269107a664714232ba27505de92284513f32001ad8f152a5cd3646ecde70f0ba	d352fd2d4c355aa6f6d4d795c95f8ce0cb4d357c55f4eb3560e6708fdf7df981	false
datomic/peer$submit_data_script	ee7a4d86e12dd23ece11bc957efb44e7e264fcbde32c1c511036e2d3aee024f1	e410dd7d3153b8a8a8ee4ae20a86637ab03aa7c26aa2182dfd09d9ef787ce48f	false
datomic/peer$t__GT_tx	ee9205e9d75f7f221154e62f87629519e09ecb1146b7ca02b42ab460a5dc0c9f	99b5649551c8f8c0fa866695f5c9a221224ed590fcbc94bf7410eb90cafcac97	false
datomic/peer$transact	186e52a2602c2aac3316b7693221ad7b3258572aba826824790df46b1794e9a5	9f9d2315f191df70d05212fcd2743db313438c77d449ef2953e8623bb1056ba7	false
datomic/peer$transact_all	e83f06f7bd3e34e1e68536f6fc33df527211970b6c37e48cd2b1dd2a332fcbf9	f5d29912b069e8b1f49bd3d9dda023521629141999ad61e059c4dadfef8e2c57	false
datomic/peer$transactor_endpoint	bce2df627adeb0da669d65ad40243b4f2f9cc557a0a37fd9ebb81c3d7dc75e53	78e467dd82540c82c9a378144ee209f678313121b4fd4f663d35ed4c29f535af	false
datomic/peer$transactor_unavailable	9432518aaf3fc77e6ca8ada4b6e646403d5ee485b75e79c344aee72252d7f73c	dccb9163ec58f8a5a429dd3fb2330084084bc2a3229145ab8c15e494acae4cd2	false
datomic/peer$tx_group_endpoint	7a6532a334af88441529d9fd70f50048fde43527744cc1aa845fcf880a3b1806	418b501fd04811d294b32e8c0253757228d4fef392eacff0874db326e32f0372	false
datomic/peer$undelete_database	11f49c5c99c69057a0514a16a7ce92b25bf48eace2acbfdcf7d4f819ecac0943	916b946605210c8a45864a582ba941877f1ff5181668b6ae4576ff25c88eddf6	false
datomic/peer/Connection	649e0d7db27a18e875f1a9195c010977240ba196e2bd77c3ee9ccc21896c4025	6ff7cdbd4474b5a460b070a24caec68b6e810eb13a82592548218ab5fdb1b736	false
datomic/peer/ConnectionState	45aae455151efa5e0ca8931026a8b44e76eb69bf3264b76c1f44b0ace6d7e5e5	6754622a9a0e3cad05a62b74d88ec926aed8177d8bc99d5465f53ab0868c6196	false
datomic/peer/LocalConnection	08500c263b77a5f80e95a82333ddd69a76fb0f1dd4490f1cdccd27417820c9c2	4a6d22351e565875c18e6df9409a9c91d722cfdbf19769a9f0604665d122a000	false
datomic/peer/RemoteConnection	c54992d8cc3cdffc9b4d9d78004f336c7436ccf5994ac2dd328c2aa2b38056a2	932573d0ce2892c944f6fcf4e203fc60841a70a7b0d3dc554a788da6619953e8	false
datomic/peer/TWatcher	23e8de27a876584d7b73d184fab961061cbb0c8be36d2760481e84473404d061	d787c8c0e9b26d3c1bd2d36b55da2131618cd28793d289ed3ceb5e96e7589e34	false
datomic/peer/TWatcherImpl	58d752800b1909a05d9d04ca10b5310e704bb7bc948597ace8ca8e392dd45918	43754dabb623616a6564ed4b4dff27de46f1996f85d730316ee608da953f6f01	false
datomic/peer__init	db416c28d3545ea4c7b306ddf26f3bc7a1c6814fc47eeef26af5c5a5303b019e	3c0c0f1fbebe56386a3d8584e54d3b8f8da0c80043c2e5801fd58743404b77b3	false
datomic/process$claim_pid_file	16370ad740b461d79c2edaf987e0d2613602537baa58039d7a0f17a36997e94e	cd8d7cdc4c1a0582d590b79506cf9a3979b508e1c17f6b024e7754ffd4ab7803	false
datomic/process$create_instance	1e4176abd610675e6423f0cd58834db97340fa587a8ddbd5c88951990ed8ea6e	78d0259c3d9694d006529d6b41324f39bd0a750cf329b519d1e968a63f644c9f	false
datomic/process$fail_on_exception	18feca2f56ad5cdd85b40af5ad5382c73f4259458382bcab8315c4a3d58d7d90	fbc0da0c3685d02d89c26c8eca44e967b9294606facb925bb06e95579181b521	false
datomic/process$throw_if_failing_BANG_	1e5fd854c27b30592c8ebee6b67c4a1234f964f574f9b3cfb58a17c1893e5272	d77f5e798e64c0063ff947098b79144c20bedc27ff968dbe5cf4083dc064f2c6	false
datomic/process/CriticalFailure	24e15739e9bf8469433255ada648f19898f6a79868cb43dfd65a0f0dca5d536d	6f08603a2ac15943e2f2328b338dc1dfa44764cd07bcbab50853ae2b23cc49d7	false
datomic/process/SharedCriticalFailure	8df6c67cc8eb3da0958a1df2c8d06e3d1bc6cbfea6624531d5c85a9e5d8e4f9e	594d27949abc264f8743ecbe0f6d6f17828c542602231e4b578a75950d4d474d	false
datomic/process/events$publish	7ba674d86ed7d203690cfbbd37d07e481b5b662b20c8571ec02b25266fbb5567	4df20b2c0b344ed6d987bc547301bdbd51e828da8fb8af4a489c9321fea2ee9a	false
datomic/process/events$subscribe	6a114ce0ae2dcf9c5bd38e5a54d472be9a029da5e774e2bf648a38b19312da8a	2fc026af95575f9996087fd2d934498ea79791e87a2733639bf42851fbf97bac	false
datomic/process/events$unsubscribe	3e122641391a7b2bfd6a2cdaec50b079a05b84c6a5734019926d5ba3644ad35e	3ab65b030e4a317c9036115e3b640d8aebb07cb9d046d9a4e2bd8f409c5a23c2	false
datomic/process/events__init	93eb8b8dcd160480fac8479bbfe878abfbc26136dc800bf254f1f55dae047710	91b6f5c2f2588cf9746978c06d52537752de64988fd0a1ee0198860fdde56c4b	false
datomic/process__init	ff22634bbcbc57c94b9b6eaa93494923c81a8b623a87501192761023581bf7c6	af31432b34f550041b18c78b456201c9c83efa5c498ae6f887f15a264a0a3082	false
datomic/process_monitor$convert_nanos_to_millis	9b93a1f2ceec7969aaed2eaf37ebdd4c8687127f86f8c85115daded85a7bfbc7	0e44b857d7391e617d2ec449d49544cdb0995ec9258e94b244737f551fcaa3c1	false
datomic/process_monitor$metrics_callback	ab7025824d59deb623b57cd9a807b2e8c0b7aadaa8a2e58d80892ad018c7a85a	905b0e8f131d035778d01e5b9e0b4b4f366136b8b2ec9c48822fcbf0c7e69604	false
datomic/process_monitor$report_metrics	2b48c84ed48b924054ec988be19fd399e6608c208b07a274f6f559e0532d6a65	45cbe3a94bd913b946d6aa0b8d2a6f28d49fa9c85e8784acb72d72be4ed7672f	false
datomic/process_monitor$snapshot_metrics	5d3c657df116b44fed2cfa18b9885b42b6791c99ff64da05f6f1803efc6b706f	e2e4c91bd983461ef1b7a9249cb498fe3884731b3585da24300f1327a05f4582	false
datomic/process_monitor$start_metrics	7634379803851a7729db933871b1f222e624317d46356fd4f788992d21f61301	94b2cd5cbe6568260a885690c60a79006ba82374a978f34fd2b2be8fc6e935bb	false
datomic/process_monitor__init	c081ebb2a30fe50b6e13afb4e380ac4ef24f647d83bd4c768529a9e6a2238228	7e2302fd1f0bd5ae0a88780426653d1bbc1139d5729367c3424e62110a386b5d	false
datomic/promise$call_user_code	a5b352f96b0dc2d2ca2ecd79a5d868e6a0f3e9da496a5b7a0f50dc40cc20b550	87b15dc85f1a634a9d1a9c0c622473c31b3a25f9baf2344d8622ec8253f72b23	false
datomic/promise$delivered	a0c80e9762d57140a8c78200a3246876e4acf7b1ce197b48ec707e88810163dc	5c4d39a439ef7a508f429f2766c681f6df28cd275c0712f48a1cb3438a867572	false
datomic/promise$settable_future	5bc56119e6623e90a4208bb4e57136e44b7dbf85a80ae831236dc0be2b2f052e	3287951593537874a395c3375de53ac102a146bdd30f936ef531476a30d9db81	false
datomic/promise$throw_executionexception_if_throwable	b27e041c6fe9b8dd1212090c5a80ff36bab9f5118364135cd68a01e7a07a5ccb	703a20aba595a8a2566f2579914047b39da5119676068a82da2531d32d6b3705	false
datomic/promise__init	efe730f9658d365c6681b153e99cd4cf77c2f7617d9fc3310dadfebd29a743ae	c50a5b70ad303ff0c25b202a6e0d77db71bcb7403abb7008a2ec40417ed7fde4	false
datomic/pull$a_iter	c828e08d966c2afd41ed4cf892d97823e2c9418b7848bac48dcf449956c1aa3e	e2be4e216e3e8a06f79fec4f7894c6a3dcadbc2087bdb820a422f631d7665c5a	false
datomic/pull$attr_spec__GT_attr	db3bdb7c25fd6905c4b4b7574a248847d42a7de5b1e67973defdf550fd853464	f56203a3712f907aebee39cbb86a5728c30b6cbae2701eba0ee1ce245bf2bec0	false
datomic/pull$attr_spec__GT_fn	2c5aaff2fe5b75a2f88706d12c6ae055b90ca5e2153688a283233d8559f3e048	8194129c5ecaa2beb430b5db531a5339d26a974a18fbca25e6371c86b4a10934	false
datomic/pull$attr_with_opts_QMARK_	0942824c55a8d174d21ea963c8fcf895c20c6f752eff18c2afafc33f1dd4e5c9	4bdbb9fa893b3476ece1dab3e8be680d52f8d42c198a3f6915d638bfe90d9973	false
datomic/pull$attr_with_opts__GT_attr_tuple	a9b682bd4b7058a64fbc4cb6922bf6ec0adafab6d2f5895c208a829c95111014	b268d73a64be56266268ebdfdd655e77c8323c1ba27919687d97b90616d8e4cf	false
datomic/pull$attr_with_opts__GT_valfn	53dbcb1d557f9d7cbd1619d54d797e6d3246c4b5f0eef67ac2127508c573d6eb	9055b9a4debcda5cfd5866cd563a6b585d8cf8126c0771739d80c921eccd65f3	false
datomic/pull$default_spec	3195f7771ff90fd4f907c4d4b5f04bef745a293b7275fb7d6ae825043ce5f30b	ee4e0bfd0a71c4d8695e35a1e26c82719dcd51a70a09e299afa807df8b3dbf2a	false
datomic/pull$denormalize_kw	346218a425fc2d075493d7f9cbe7b2910acfa25846037508ae55e41490e75d37	802ac96e2d0015909eaf93356e1cf5353adf79845027a44180bed69352bb94d2	false
datomic/pull$dereffed_index_pull	31e5966cddddbbf23d7368c21ba107863e958d66199965460ed048e01b98dade	a2a54487d35bd77404fbbfc42aa1a510151c05d4e3869b26bceab3a6b5e7add9	false
datomic/pull$ea__GT_v	b60ced3b0d34d885838e3aab28206a760f347b00c007fa511d44c5b5050b85bf	b2088a49e745c69fbd90f8798a028cfcb25efd1787a1294db5514ea915cd1cf4	false
datomic/pull$fix_specs_for_underscore_prefix_attrs	97c6b55c95cbb45a85112206093979f337462308b50fd5c42bc290c04e5d0fef	66d8b34d34089c6d88632fd5252d116ca9c35a4aa252d30c5e07a9c3f997b3ff	false
datomic/pull$index_pull	ade59fb07a358b6407931d0be4b1d42ef417355fc1f10ce44c5e73cc0f72c710	7730901ba2dc34ee3ddf16a6a1904ddf222be6fb09558ec564b7d88179b4036e	false
datomic/pull$limit_default_from_map	3259ce985813a4d6accf8af103ed85736f014ccf02d03de9326d501042e98e61	b661bdcdc968211594094dbfdb04b84f2c7e68539746fc5c5f1233f10c0e9fe5	false
datomic/pull$limit_iterable	1ed2a6c05b75db51307e7ae641e41f0dcaaad728014920eba9e72aadde9c2629	f0a29a421adf731a536df106a5288f062348e94e1cabb6a52a627758119059f9	false
datomic/pull$next_a	d59f82a00f6ab997e059e5b47406e88120aee91fb1d7981c377e249d4313c814	0e8bb78ee4459442c1aaef853c95400d467f5e9b9079e7b687e3b107f4b99675	false
datomic/pull$nilify_empty	3be9caaf11323c46c7fdce8de7e4dcc0da50bc4f13db699160030587aa50f12c	447cc6013ba5fd619002bf8227f779ab783aab921465da09c04881e8fd3a6bc0	false
datomic/pull$normalize_attr	274e60c8bf6a652c74c290c7225fb11fdd071ceb640fb997513f6066fc8239a8	c4997fc698561f24bdfeafd9cca7786d130c310c7bd99eb3f5aaee66e9c9197b	false
datomic/pull$normalize_pattern	46467b8ab6534347b8072ce0a97cd84781b10f7436247a21d59cb5177e6decde	1f4a84043e50e209c9dca84167b1fa1bca61bb8c43d77e718264fcef5a682331	false
datomic/pull$normalize_recur_limit	bd36b095e5164545e8a3b148b9747464d41ff09156ab7b432ed4ff28d6e0fdc3	b938d75d4c5e925133ef027bfb306bb0361eb07527738d652b698295647dae12	false
datomic/pull$parse_index_pull_arg_map	524e84bab1935c0c5e4c06710e983352f3964524d0428dc82d27ff389a8b2ea0	3e67cc71040090879f063e3939d522147a73b481c61f0e81a84615525b216bf6	false
datomic/pull$pull	7e509fbff09bbae42dcca822d88be1182fbd2f75a8ac4cf3599737cfefa7e4a7	abf18a2e5ec90060c87f5115a40f966268685230201aacdd4786767eddae8f0e	false
datomic/pull$pull_1	8225a8530ca9c66563e924570ba1af245afad3b2f8cee3182ed2765255fccf44	0a443c9d39b3cd37ca7b74ad7dbd73cff8c99b4bb841448281a6d3157fbd3353	false
datomic/pull$pull_STAR_	92f6b9f1c44c51df2e996f124ab973a95d3571ff1c3e1250f7a2c98550a145b9	6eda59c9a47ae2101022429dfce34a8c9b101711160f7adc586f5ff6a6dfa274	false
datomic/pull$ra__GT_e	6dc17bea17d92eca189a3764f5bdd67dd3e19c6dbf8b9dc5a79f3c7df8676d7f	435e9d2e8eec1379986f656ef10fccccd54340aa0c3227c84b6382cd704b9be5	false
datomic/pull$resolve_attr	ab6112f15b8c1aad33728c0cda168273a390de7abaa1f64cbcf7d77da14d13af	95e3d02e1a7f66d0cee9bb4936006da69f6e74bb0a663cf40022ed145f7414f1	false
datomic/pull$try_xform	e8a1ce4af3446515c4609293b74463afd69ab89dfa1edc9a92824fdae2e4a6eb	21a583c3616c52b238d4e78d216a5b6f0aad4afba9857851f997b7e2ded10e79	false
datomic/pull/AIter	de986ab76b44a5130cd6ea30ca3eb1984e040ba2fae5f7a3d32ac13febb5a2e9	44ebd7a56b766aed0502c41f378144ea25a9e3438a8d94ead2960a3d248a47ac	false
datomic/pull__init	691d6f944e6c8fc5e08b325f8dc50af8670a25488227f27709559d485713ac6c	86981043e07242359deb880029550cd0fa4d59af49b599346d2c1f090a61435f	false
datomic/qtune$aug	6740cdecfa98b1430f902332825947e24fc08874657247e2da768ede1419c8ef	6ff6c6346efa64ae7ec35cc9aae369424a32d61bcea3f64a4b314b62d93575f7	false
datomic/qtune$cbinds	80800c06a5cabef47caeb459236dd43ab171358ce27437c6c7c582e8a6a582d7	a6de0ccf38d37f3e5e01420944a85a55c0db913670273b2f8691f950df3e41b2	false
datomic/qtune$cvars	c6b8a038e942288a3c7be8cb7db7b65897dceb585c10715294ed71e1ec7a60cf	76c8ce53faaa99773b0556d16eff7f3391db3eb4d49feab658500154f3fa9402	false
datomic/qtune$mapq__GT_listq	3b728cac406621154eff170fb25e057da8efbb009e81db1f7d0964068ac36004	ec742b03c7e9ca171011fefae4c62b18587d80aa825ebce9443ed8642dda0e14	false
datomic/qtune$min_ret	20e8f87dddd2067d38799ac1789862a0179aa710c28e8fcc7b3d8a20da2f34c6	610aaabb42d619f7c7dc0c35b3d54fff4c47f753863468bf561de6afe388f660	false
datomic/qtune$partial_queries	35257ed7230263b3001b4d28e57cf7716241fae1bd9828d5f4b60b7f656f1068	fb762ea26d7f498eebfaa64c0f83840d234262189dd380c8a17d6a7f520b2cab	false
datomic/qtune$partial_query	605e633aa154f592470803b99d8875bfffe770df689bb18a3c7c958769a35be7	f18ad911f8062129d17b67b027ff8f29988a9f23473178360abd082e2c13c50c	false
datomic/qtune$qtune	7273e39ac8f67413d8011661f8a4ca824c5c01d082b46affd8388009dcc20348	8962f04df921aa5e49dbd02ea71a477f65656bc449b768e463bf439dba29397c	false
datomic/qtune__init	fe35873531313b2fa04c8c21fd0f3ed1696dcc032d9b6cfbd64ac1c27dd9680a	df6415765495f3c45f86d94ee45a74572be9275232de3722d031a71b51312b14	false
datomic/query$apply_pf	11586659032bd15b0c4c97f3a371c28369f7f7a49b1b7985c6b2d7ef0ef0e7b4	37e4f9eaf05169f87072635480c7a56028ea1e2ec0f5f7046664b36693f9e371	false
datomic/query$cache	cff23fee6e4b7ad74e3c36bb002b41afb3349eb987e0bb319b25c632759a1a9d	5be05d19c8610de255bf0e6a4bb6c834059f85b893640133950a4ee48bb7d254	false
datomic/query$compile_construct	d13a75089eec68ecea00091b81ecf59e2c80e05b71daeceba5f3e8130a9cf8f9	20118bc7cab11bc2fac64df8e4dbed783f104cfbcb715e2133cef0b7eb59d761	false
datomic/query$compile_construct_1	1cb5255496c3c1a7418a8964fdb00035df1b1023b24e24742533826b1081426a	b23de9cc05ab8b4d8f2e5e0b7aa278fefafe2144af08a0101f6044ab1ac8af64	false
datomic/query$compile_construct_n	2dbb836ab3b8f7fc15079b3e1acbff8c7f8e9bd711c572c2d0cbfc83c75a1375	23392ff9214c07cb88b6a37aa746b0ec0bcd7101f36b74aee20b6b9315afdd8e	false
datomic/query$construct_fn	99aa3230c9bec1f34bc9000c696e009db71dd10782bcfd8068363b288fea3742	3d60a78e8627e26384fcf9a7e8fafeb16c360fec25c07bfe7db45cbeb7acff5a	false
datomic/query$eav	2e1b092b59a73478fe2efe635a42d768f7f257d187148de5bc342f86106bb4ac	7a42ceb99562a67e5a39a1c400b3cfa41524b11e97d6da17e480410da363871a	false
datomic/query$emap	8a716d7021eda53737b87ada734c64bc1c225c90fe612bc20ce99b942d22afb3	1808f156152b1fd9fbedb459a113f63a9dc80cc51b92c99cf4b024963a87ecdc	false
datomic/query$flatten_listy	4e598fc534fa03d034c08cefc2c78135b29e43f445ac99a024129ce3d4e0203c	31a9f7281fb02030df22395d3395366c03c49605b478cbe0418976a395cf6a4b	false
datomic/query$gensym_padding	00b1cf86f6ecbb1281aef3f2bf0210910cdb20331537a5f0e6ba07d5f761717a	23bdb3af1e282dbad70586a45224dfd5662464412f81efde336ea89b95d8d415	false
datomic/query$get_lazy_entity	a64a21bd80299e09d37cc2a4f0de917199bb7552c209cd51d2e8c59dc2d36f64	dc3ceac55a7ae61f273440f3449f15e6e2fbf67421d606fa2155121a7f074dd3	false
datomic/query$group_fv	5f2279248ca882d8669d43670f06ceaaca6f1ea5e052c3fe75656b1b5753747f	47b109244f63b7186aebf0d78858c4efe456c77ea4fa919d934d75aa6f33110c	false
datomic/query$group_rel	2bc032a5f0b46c0ea3482b7b295a79a5006d0eb4f539099fcd265dac55ac69c1	68fa25e02de89de301187094bdee63a86b8621497459359463a3d3925d4a6c07	false
datomic/query$has_self_unifications_QMARK_	403db3b4920623e21526f84d707e99bdee4a36fc139c563cb349eff004184175	ce1fa88cca0317bba92ed279e3e400d195722beaad61c3433b4216d1b60e4eb3	false
datomic/query$listq__GT_mapq	f26132ca63d71cb8db7b4e4f2db6db5edfb705e3dbd75408606c21e4cbc3fe08	920f479804a94f5606fa11c8dbe8f663dd07e41bcb3c1420ce0bd57efc6e7e46	false
datomic/query$load_query	30241c596210635192c215bfe2e62a2ded345c87eb665a921a59faae0996ae31	4cc3f0f47d085fe7cfdd137feaf189f6b250337ac6f8d30c896fb3c79e6d2d07	false
datomic/query$mapify_query	c2ce8c5796cf929b945d5ba6dda743ba0358e6148d1147fd7533db852c31d9ba	5fd4d74e24b3b06f478e4c7242b5ded2d4e590c197a3fd0a54411fc77e29db46	false
datomic/query$move_sources_to_meta	aaffcd35f98c2adf10cf03e7b11a888fa9df69ab09b1551a9715eff1f58eab39	7fe293de1091ebafc51e7f70e7d0ebaebeb730fe18c32ad5681497f09486ffed	false
datomic/query$normalize_pull	f3552d1dcb4647f3a649ca9f89c3e4a10a2a9c5a0ed0112b7660a73f5f18fec5	233d6ebafcc870327d16ff78505fa6bbdb0e31485898b9f441d19594314a8734	false
datomic/query$parse_query	443f2ced4596b1a4e4fcb3b8a251903c314b43e12cd6b594bc1bc06bd10dc3df	f3d8c42228c167910a5b144db2619528984c46332a1b9b05e74c7d2445427822	false
datomic/query$pattern_QMARK_	0c5aa03206c15d234d9fa010557034c97dc481aa8f52ff85bb3d28c2ac92bcba	cf252a2871ebc2086de8535bf1e0f1545de79d90e8547daa0b18419a3802045c	false
datomic/query$process_aggregates	ded13b1a039e06ad80c888c30fa55b299151a4065ed904bbd91f1e1cac212fed	dfede65d55590a04e40cd031a570acc972f5cbec2909eef204293f76b28aa483	false
datomic/query$process_find_bindings	217e63f941b8155bbad5c3214504e37d04343dbd1d3858696a0a71efa3b51fd9	e4cfe8ae5ed0a3d0f6f4ef0482813faa60e75b80c6d7ab1ff7d0fd44400ef808	false
datomic/query$process_in_bindings	a7032edfd977095b54eecc3fbbc607870e25758ce4afc2849d52094ebfb4fe65	5bbc2fe7675b2a8b7ba67f0d81aaa59358d876483001d1c7fe98abfa6e79d8da	false
datomic/query$process_pulls	f7fb9dccb4b7b8a8d4516d2316d5d133c7cfbbe12094a8988de01797c580cfc2	f4d5f4c1fb4e5361b552c3fd1693d32952d41e98450b723aff3cd6c2f27045bb	false
datomic/query$process_ranges	e6cdc358df220f04b2d1e2dd819968367106f27b0a14f79515ae5a823920def8	caa8be9bbacce82e503b2c4c88100e20b9499f574ee58a1c80251e09c1d1bef8	false
datomic/query$process_self_unifications	10240e789a6dfc816dcb50462467aef4c65683280c5cc6741cfa53dc140e88d1	565f205f0503f7913ac1fca1fc901bf383e2374cc850b56bcfd4dfbb33a60b79	false
datomic/query$pull_fv	926ea3fe54e554cc5f3fb931261d76dec692d3b004e395174ea627b642ff070d	b3a368ade3ebec14587ba68610430f6c517dad9ad5e82d82e3fe258f0f2055ae	false
datomic/query$q	aa6d8884ea8e82f4a8725aa21d02afb2ed44e5e5f3006071e62052ff955ac860	8aa96d2da53ee09d5daf89486da2a2ff6b5f1a5ca830326e81045959455995d2	false
datomic/query$q_STAR_	b6da8df01f01ba98e081cd56fbb9bc3610ab8900a5e9bbd597e3215ea74685aa	2956bdb530f53ce2fe854f2f53e0b14fc89fbc8d4f71bda26d46d3d8055b6e5c	false
datomic/query$qseq	1acb0728753721a4bf1114670b8f7d3a9ff818be61a4c6aab6372ba095516839	8ea7d11055b376946dc571e8400d347b9f1a162f6ca7a3bb8d57b801b82eb59e	false
datomic/query$query	689b720bee03f6117f7b8036d18ab4c7cd3f3a7e406f841f794a677afa0b5787	31f9c51dce237521c3d11d139811826d192756f88b6915746eab28f0f8569380	false
datomic/query$query_STAR_	992819eeaed7338bcced0fd018911cedab7749903ecdf50cd0e551a647109c85	81f5da0af756a97336aca6e31d30beb4fc84b2ef79119b5916b074766198ff01	false
datomic/query$rae	507513d0a61ddc863cb7291c0c6e044ef0931aee279c0d03e4a032f47fbb8bdd	209fe91679427e1d87e97668ac1279a130407059544d61ffc56b3fe5305eed7f	false
datomic/query$ref_val	fb0aff984dcd7aede90f037ee80034aa7bacfc246fddbbd3b054079ba02d78bd	6b0820242c4f4a374373560503a78ed24e814adf5d9981e8faee08dbf66f6e6c	false
datomic/query$rename_self_unifications	5e780f10f04e1f016da9dd9105f5c5f9c6129bc63de989ecfad7ec4c98d291d6	f9fbc9c68d36c3759f2ee14b915553cdb91da4775c12e6c6690678958d8ecc21	false
datomic/query$resolve_qualified_fn	3b45a008a752a3b8fc0a08d52e460a27f430f7cd098242055c04c40b4c9f8e77	607364b378bda40e2893a6ad8ef70a3ed183f703a0e3bf441de5f8a6e14b1426	false
datomic/query$resolve_qualified_fns	42d579f81198ce9f5daf1f27654d1e87bdaa3b60fecb8b2b72aa93ec505afc01	8e51d581c0600254bced66a24a04985880b4c6251bfa3ec57c3dc372ad7438ba	false
datomic/query$sort_collection_by_indexed	c02cff0f1b382d6112f826c248a6ba22ba976211983f6768aa7732fd619e29f1	f39d07f60d2de1ad1c67a759d588810f0ed92338518826cb42ba8180d516488c	false
datomic/query$sort_for_pull	1d174262094f97714b003f74988a9a38786bfc4de86327dc26406cf4bf652cff	bc0620160ebb26c731765ae2d835430f9f914f82e7fd01746185263ba644851b	false
datomic/query$touch	0d3777d391310828c6cc53a47755a957b8bc5d922677443bcacc5c32b4b6285b	09e9466ff12f8424dd2b3711151cfa9b4c882c62923c7ad5a2237e8e208fe04e	false
datomic/query$validate_query	ae4e9c700b5bca7204942c7133e058ecea020f82fa8c7bbc3188030a88578736	cf728c8241ed084b3378df7732cd860b69bcc3b7403ee6844a52a3df9ebba8d8	false
datomic/query$variables_in_clause	60a904046675679564f3eadfc61658829a1bc39ab11a48db7abc2e3fd7801f5d	53ec30ea6e21f197c78f879675edce496df3f20e119332bc20afbbcf0af8c01d	false
datomic/query$xf_tuple	1e7e1bc410053db9eeef2f0d29388de37b7266ec688d4226e161b5ec9b47f513	992b271cad5349d3f9fa10c115d9270d5526241296542e497e82614b360a4d26	false
datomic/query/EMapImpl	c32d6eda97415ed34c5cc982b3e5a0bda421f42ac6b524d0e359ae37ba58342a	6b3e6609a53dc28270b430ff6add4c675e9fda00348e156512c360d845c87034	false
datomic/query/EntityMap	19267df124655c84312b5cbc9718b55560128029ac3c0634b498d8c164178a12	cd2beeb5098c2fa58ccfdbb7bb5fc38844cfd49dae217417accd4df851e3a50d	false
datomic/query/Immutify	6d51aef3dfcf471100f15ddf5214e4c465f19f6367b35a0f874e3af9b14c343f	326040a24c447700a921670203b9678221d05d745a0fcfe8d6fdf681f06587d2	false
datomic/query/support$counted_seq	0434581d6372dfbdf6912615bf4196f2a94883055f7e0090a07b7ce4f3ad1904	96cdf4f0160a7b779692cdcc754033ae09f0550a9b72f7d47be83ab58ac5b36f	false
datomic/query/support$disallow_find_variants_BANG_	eccd21055fda725b7c6b2cf4e72cbf9a938d4367b2d81e50cf8c5c9b73f1b1de	994028d332f3363e5f38dfe038d3cd6fd98ac2ba87b1f9bb9e16023a0b5ed47c	false
datomic/query/support$incorrect_BANG_	cc71127bf7320e41cdabcfb0bce7da01fee04e7e13b9bd90c0b003c7a5202573	5164f51515ac9bb08899a393d5cd7019ab4d744a5835f1fb5883b77174a3997f	false
datomic/query/support$listq__GT_mapq	28c2dbbdfe173cde77bfb7e33db1d07ae0a0786bcd0a125e6183ec8bebded776	c72a37fce1234464b4c68a98ae4ce50cc1ffdaec8a4a489c31aac4a4d935bde0	false
datomic/query/support$parse_as	cdebd5628d97c2896c40e125c3267e2d74a09e94b8dfdca21fb149992a230602	86b8065709b50381fc2c384bcea37350c3db536a15be3f57de47d69e73355f02	false
datomic/query/support$query_map	696b8b70d5bff674e7c512d0aed34cfd9eff7cfc65b0edf56736e5bdc1cca9ad	cf4d0fc44fb3fa06d254fcd26273ca0072d2562e47c62e2850fa6d097219ec5f	false
datomic/query/support/proxy$clojure/lang/ASeq$Counted$7e5d62ee	548838e60f4b66cfccebc746b89608e625518c1b5de1d5a238e7d35cc0a8f8e0	f9d1c9fe88a5482033deacc583ec0f85cb231e2a65aff897548fe0d5de57eaa3	false
datomic/query/support__init	b6347dc1052a891b042517b66edf605682815516c80608c10c3d91f3f77fceb0	b497abbe62225d39d25335fed22d81a312b026a559258c286268c57027ae0a37	false
datomic/query__init	db5aeac4fe693b93d1ff894b5f609581e82e75d5483db5a920a6779cf2dc5e70	94a9d4b661eaa0279d0a7d497f88a08a0b7bba8123d5b39739fa3cb7a8ce411a	false
datomic/queue$delaying_queue	c82be57690db9c315d85ba4cc895e383aacd18f177b2b70191cfa409e179b928	5fe82457745d90a51d71ddf10bbd07b4b9118373be85094e6c489434f9f4d22c	false
datomic/queue$offer	5a7aca2757065a9d3483dfc525694d52eea945b87a90549eb3cd8358e67fa23b	d5ef11a4122c6392551aa294581b34ad28cbdced35809d9982e918918afd4a0e	false
datomic/queue$poll	d125b67476f0d21ed8780a523f12d6ad6e30649b2094bb3023e94aec7e793c98	14acdbbd47370ea2bfa67da520d55af03e44fd332292974a50755aef60e5514f	false
datomic/queue$queue_seq	c23d0309f6d60eeab8f1f603e5b9ed4e0670afd18e319598ee570efa450907c8	805a78d7129c91861c4ba65d9d6c2c88269542a697f8b016e0a3e4e3fd4071ee	false
datomic/queue/BlockingConsumer	f37d39cacfc02fc7f400785e99aa6788dbbe29a25c0bd67370d0deea5d044c4c	28fb1db78d9553d2c85dc12b5d6a0808b7cc38fa1ce26fe059b7166238fe2133	false
datomic/queue/BlockingProducer	519d4364a631c89ded164b7be35913ff88ee683119f431600ce33b749028e3cc	d2aa380af0b7dd3f95b3b57d722550411cb5f31419c21035ed41c84e5450028f	false
datomic/queue/Clear	a9683e2b2ed88b7b03c2c7c03dd3879600d17789614fe9fdebd247be43d2ad51	d8281144d72ce6ed67d4baa214f9adade5839d54bbe4bd124f9bb22fcf251e28	false
datomic/queue/Consumer	83d7e2820bb39da5704d0356cc2f7368bcb2316378e8edab009f6ff09b95f74d	026233d7fa0d68d304094471f48e37c1822d1e51135439afb4166ed317bd13d9	false
datomic/queue/DelayingQueue	b6d438cf9057fb4cd305351154917c58bed147f90f8b2f2c8fc79643a2479b97	38d050afd36466d8736c8ae9948c4e20f72eb2a55f7c47390f76feba7587acc5	false
datomic/queue/Producer	616047ae3c6525f63a805bbf8a7c8f44842dc955a903f197c56458e7fe265ef8	08064e67f74ce946e9cc174c5b7e24c77095080c17a661b134d3925224cfdce8	false
datomic/queue__init	f370a69bc807279f6090233741f5032cde4cbb66b24b66902b597eca20d81e83	1cde3f10d5cda117b29c0031672ae3554ba690aa00b29484bdd9e25c4bb04082	false
datomic/reconnector2$reconnector_ref	ffc66846582a7f14810e71194b6063fd46587f16e17a6d3d03d9f358e240fea6	3aa74beef3c51874bb82dc809cc9f04a6b2b1a49dc5ed4e5a0101fe11749be0e	false
datomic/reconnector2/Reconnectable	b161271a8d2dbbb4593898139792452d684a888e3a9b4167a378c823c26dd21c	cfeea10ee042713ed22f4de392978fe5195d200bb722374ca9b35a62968d8855	false
datomic/reconnector2/Reconnector	0d6b65f1fb01781c98c00974144fbc338e174b5fdb5e7730366fbae0e2668a4e	3c682449680635fdfd9242f14d8907c1c495bf45620c94c1b8c9cd3233a929ec	false
datomic/reconnector2__init	7e49fadb0ba3f7f4d7d91c8d32c283503fe390ee7ca7a5686e41658047a65462	4b7289aec0748a855e08ced7556c164874a97f836eadf730db57600b2ab48a43	false
datomic/require$_main	a789817671f989ae6735ea63d5608121d3ecac81e5ae9dafe9a6692a6bf13235	1a5cd083790837ba3a2893196a56bc8e1b2c6157123289fdcc0b06b562f6621e	false
datomic/require$maybe_require	d807f950466827e54d39f7896893bcc8965031726dfc891dc637fbaaab702763	674865f8da9e08ac8ba62233861a91baca66ebba9f2f30c4322a8bfd21781e45	false
datomic/require$require_and_run	645b007a0f838879bf2d168f42513ca43ad2156f7c3b7e4f20ead119ef47bd25	eecd103e01f90ec135c9085b35d488706a8b49b8c8053fa10462633cc38271c4	false
datomic/require__init	58a40a539c1dc0d362e429e8b7487798f341076b8c55e0abd2c310eb9c54a208	00b2d9c70758dd7a2bc2afe644bd41da4ee2f48fa65166f8661de6f0686e61b4	false
datomic/s3$_list_objects_seq	bdc8e2853f4e6d21b06054a48ae51d72f135571ce5fcbf11855dbb5aa6a06808	0ab6228a50ec5f98c1fcb39f707db9f93edd8f5a5db34e6e385ae33a8135b4a7	false
datomic/s3$create_bucket	a458c5b7d425c04208d56fd428dfd5b45a194c77a51c6be3d2c5df44471a146d	f0c212b3eaaeb15b6cbc8b20e18d50c8a1b3e1877fa5a33072cb8cfebbfc88aa	false
datomic/s3$debug	3fcdf65b957ed64d70ea910e253e144d5492fb8276c9469328948736c75a148c	2ef9e17fec315cba9d4270a4a2f9da1a8adcf7f81d1a615900ae53b02e8edbbb	false
datomic/s3$delete_all_objects	41b582cd3196284b2df296dc50f309f3177efcd0f9f6acb014c81c2a84aaa1cb	88953734e6e6b00e6fa0b552d12c6e91d6d6fc84215c1c41281360f0ace6225a	false
datomic/s3$delete_bucket	50871b64841df8938e4f64fa9fa4a25d95f47b1f93dff637dac4d11ac86447b8	ecc7be828907a199e467a6648f4db5e9547fdc46348f055067bc77a8792f22f6	false
datomic/s3$delete_object	b491ea6125ad880ce751dc6ccef205a6d84b93440f86d1046950f15c6da825b2	0202a05c867bfa0af1d25592464be5f4f02811f3b400f89d029a9980682aa3ef	false
datomic/s3$delete_objects	0c1b56e059f5d540e3eebaea4a55bf364c8d2ec9644d6f641a8a06ca6c725dbf	dac9653015253285597ed52da0715ae6804cca5cca789d458b89835826d9eecf	false
datomic/s3$destroy_bucket	e1509a9cdaeac81d03283c07d5fe8406e684532975b72bc85656d194b14ef327	851601a6c95b721c97df0ea2e9eef15eec5ac92c1a5e836d64aac5dd293ccc86	false
datomic/s3$ensure_bucket	9823ba2775a363333a08115afedb78629b4ee342c330996827983fee9601a21d	b320ff0af6eb62f4b8adae96a4fcbfd85bbaff87993d642bb6b6f6353f818b4f	false
datomic/s3$get_bucket	0c7ae507f5aad8e1340ec2f0c1e92c79082ca3778cfe7ffb65696dcc510f32ca	867141b02b0b4461e1b73017d798a643c0fc89fe9b6f2ddaca3630a191b6e604	false
datomic/s3$get_bucket_policy	42801a4786913f9d61f63720c979c2b070024ebcf3682cf4452de5d79099a39f	48116e269777608f19147aabac4b4f55dc381e69fa21256fc772af8b8ace9cd8	false
datomic/s3$get_bytes	0dcbd1831e41e85ca16a7a21443ed8c5f3d772b16cda3071f12f1488ef4edf3d	a897e0a7766da39bd58bc735b800cf6441cbaf304f5d340a45ffd1bacba278b4	false
datomic/s3$get_direct_buffer	7fdb13bdf4e3f5fbd271588f2a77296207f8fe740c558b2a9c3c1df318c47779	453f849d5a0ef52957d9af9c2f8f5bb8cf61b48657d938156c77a3537625904b	false
datomic/s3$get_file	e660cdd44136faf1dc93c633b5386917e308e712d6cf9d0da8bcf43fc8998d5f	9bf4c42387e3b3ce360b881539e051a757fd428bcb615b5869fff28e89dfd690	false
datomic/s3$get_non_direct_buffer	1bda5479d6838bd2daff2d13beda464b14b7d13e64916d3bad8f73d1e5030e6a	31134623cac7821992d8cb495aefda546ca0fd4af6410475bc3e3fea8f0a95eb	false
datomic/s3$get_object	58fed3f78d084e7648f30e748ae058f5d8d67638bbea7e1268feed21df8d55e3	799a5f09f405f3841dbdfc78e291c9638f2522f71527352951d81718bfc644bf	false
datomic/s3$list_buckets	5a0a17dcfcd15bbd4f6a9639a45fe0f4f569d4d6b6d6530c680e2486f79f6f19	282284fb991808cbcdab125fe3764b4b74bfb0382043e603ef5c1a43a0afc823	false
datomic/s3$list_objects	2254d261dc051fb3b61251d011cad40d076e6c99dc79b468786aa56a6fb79cac	097527c3085651f50b7ebbb7f87f92635ada361592990893b9b1736b9d700ecc	false
datomic/s3$new_bucket	9576edfd682864e31733aa331b2620281a44921b62d797c0b2c930f8658862df	cd49d3ee2257148084342246f8ddefd85c3550d0794389276106f6d4e561d808	false
datomic/s3$object_exists_QMARK_	9e8cf4cae54c75b9a66cf33ca7033f951f27c8fcb05223eec5df7d0282c013cb	aec968bdb774788e771c37721ccdad1ab7338d09aed7bdf1fba31bafeecc0d01	false
datomic/s3$put_clj	7a79c6f41e0de61bbf6d2874145d9321ad331763a52a6f6e003bb3a258c80c6e	b76b2ba2af2ed2b4fa53d9377029c0c8640f9b06cf2bbfa96220a6e6ef57a1da	false
datomic/s3$put_file_as	db058760465559df0f26d5bdd804a8bbdfd94c4604939b103923dc726a317ccc	f8ab8485f1e079c5561dcbf4f351f84054954cf1732049bee2ab99c7434d498f	false
datomic/s3$put_object	f40fd2b5dfd1ff203f44903ff55d1e4f7243b5fa5b734336c2ccc70192f64a97	3a878e10fd524afb0908e8436a7573d691c9a641307fcae69fa796882b222976	false
datomic/s3$s3_service	18b00d35163de0ef8bdfd47e770787262aa5b5b69c7a6b3d92c415adde634705	cd2a884cf4a6088c39602dfc5bdd8ed399512d21e6906e61788a60cd6282905a	false
datomic/s3$set_bucket_policy	1a8b3106662048c995d279a812b9b8fc7698673601c71cc67122bea67925734a	9bf632106542ee0a51bedd47c641baad27e8349142722ad9a2116846b7866ce7	false
datomic/s3$signed_get_clj	a643827476ed2a9619fb972681d08361f29c7843c8c06c23098ff04d9eceab53	b302f4f1372e9e89bcec2f07fe25242646de9756719fd5f377031c2d1b7e50b4	false
datomic/s3$signed_get_file	b68317ec4b55c64c8e42ff6648e449c16ca001f980560a375b5514dd14e6b9ae	92b5315f1fdee37cdac6d2844f3687db41b737daeee3c96520bfdef1cd014442	false
datomic/s3$signed_put_clj	23f18b89447e62c6bd98293e6316c6400237c6b2735b9892f2786ffa7d87919c	f0c7a593cfd9a5e6f67c9245b4bb63c8e9c59b868a2c74f0d65ae7d46bad9840	false
datomic/s3$signed_put_file	3524bd752cdafdd3e8c7fd3061cec4fbeda5eaa2a3cba13b037badc14ac4199c	efebdbb608089ab7b47977a532a31e93818fcc33b0e8b2b6a8a066a3f2a3b180	false
datomic/s3$signed_url	cf64ec468ae58f5a187602f79e291c4cd068023a8fa4693980ba4caf72938d12	b116fbf33553af8f555ac5eda60e5b1c48a2b7dae97f096aaf5e86edb71ea2e1	false
datomic/s3$years_from_now	e1553d8da8a24c3f78b98351152d23511cef935d301ecac5d1adfeb04637f430	35aa66e2fb94933d364ecb3e17373b786d77afe8fefb966c0376b516b8b190e7	false
datomic/s3/Name	49adb7bea500fde05cc3ab20c92d5df8a46a1bb81ff4ce10db27ae96bac4dd88	59098ee5e3e44fcb6cd5982c4aea981d5eda9d28f8cd22f000af93c7f1b4a066	false
datomic/s3__init	c410fca04a147f3b011b39265426f92316b18a595e140c55e4c85b65eb88b5dd	504475e408ab3eca5357a7a488081a5b6209b61a01b21042e2eed4254217a9d4	false
datomic/s3_api$client	255457d614ac8f5fb90a4d2dee591b301b4b3099db08ac9246949d6f836589cd	44bc079c37245747fae8bf9de9d53852fc46b917977ad810f7f776951a0e67f3	false
datomic/s3_api$create_bucket	7dc7d0a1b8c4c7acf17219db53cdfdbce80647203864a97d9591ab005de5e6c6	04e211afa64c459b4ee88145e20fdf79f52315c4a18ae39eda546ced60a51fb6	false
datomic/s3_api$create_bucket_in_region	7821e2bbd7308d3f52646d3ea63b8cde8e516180e3951f6197b45900935d3a49	6f6d4fe536df8adc92b707ba24915798c312c1bcc77c188094daaf3f8532624b	false
datomic/s3_api$delete_bucket	e949e4cb8c942ec01af731e6252a124c51bfc97ae9b0a430ef35cc5be1ae85d8	113f1b5c15c099eb0b524c4256041f797dfcb45b3027c3b1cf92c1dfe3023682	false
datomic/s3_api$delete_object	ae079b0f0a29eb544f5a6294cf28724d95cf213a27659748019247c99f566310	6f08a586983c1c68f4376d7d6f82f0555ad4c1db96412d998c86db42dd9dcf17	false
datomic/s3_api$delete_objects	727cd5e34a5e5ba4d1c518e0770216735d0f0b6d9b5382315baae0981f9565a0	3186215447b4c2bbc3387e673312dfed33392e779943f95e2726150c3c1a62ff	false
datomic/s3_api$generate_presigned_url	c4d5461535cefee79e1710d7030a838332b1ac9161fbf2fca3747da1d683ebd1	677f41d497347607dbd8c56f7e93d36bf93efabc58b853a14f68edabe1de6f6f	false
datomic/s3_api$get_bucket_policy	e6b35ee994f60ce49ae0bda4cf557ad3f74a09fc772681fff97762e69d4a89c1	8495f0067c7acd90946a0e24c199c91c927790ca1d10a11b19894b6f82c72750	false
datomic/s3_api$get_object	c656ba54fea2ada951028cc08e362995f3c151515e13a243d4abf88d743b7bab	b6a624373f75151d47fa389a79d898d6d30a5a194126baf2d05a10376b4305ac	false
datomic/s3_api$get_object_metadata	8cbc5de71d9fa4861b872f57e475de1b967881cfc991a1062527eb5f44df6e61	179adc15cfa0196481778926cbe4d89989229d402a389165a97c66b4ead208a5	false
datomic/s3_api$list_buckets	31cf156febb7fe08242925c4e697d07df9fe56e9d6301eeb981a60365cc9c096	4ad10d84829173f78c16569159fefc7cf4090b1cf0a7db5539374dea1e8cad1c	false
datomic/s3_api$list_next_batch_of_objects	29fe7e0a81c1c046045014bb0329c36aff0ad12cf3ab9a787a898cd65d4732e1	6707b30337a8b79953914ee09111a084d2b7ccb7246b6c5fe36afe8b85667092	false
datomic/s3_api$list_objects	755e86368d33813996f8b829e25b663db15e7a28d848c7a325dfe72195c49047	123de2e411c88c3a50cff343963c1b680fc68c9ef439364c49d2b9118418121f	false
datomic/s3_api$list_objects_from_request	90a1e029175723ec17d04736364eac25542e089b37bd7e7f34ff89e8aedbde06	ed62b2595bae86b970b344bb146db9d2ebb5707a64f70b5e3e70cc75dbcd031b	false
datomic/s3_api$put_file	610c3e3e6a335def8e7719373c744903e17106bca55156781124d9f13162c432	ca9bf2dde458bc2ce033fb0fefc1dba15642e30066261ba48fcd4c1e98382151	false
datomic/s3_api$put_object	e3641a73ecd626e4897c45392de93e3013eb09c33f137c73c37f5ca897b80b9c	b1a22353556f3ae596be6219eb4973902bf05cd75e95da60ddf0d6bf14280c5c	false
datomic/s3_api$put_object_with_canned_acl	430b9f857896b92426a0c94ecb9a140634dab7d11051e3de443167de47d6cb0c	82b3c29469f00b98c9a8ed9566e1898ff0b226c405570ee14c1f3c747b7c6b33	false
datomic/s3_api$set_bucket_policy	6214fc417af6889f84ad034ca4836fb828a93b46fc13376038172c851d10d7ed	ed78e8e4eeab4e6af8678170a986c544a5d81452c81729913794421407cfe319	false
datomic/s3_api__init	5b1522de7d39d9c7e99f7e993c75bdac9122e9f2e9820e0188d073e73bf16bf7	b8eb0191d620ba41c68968b08340b2ab7fe8349ef860762180493f888e6cbb5f	false
datomic/s3_kv$s3_storage	80705d275eae9c839d49cb7d4392ab146ef19ceb509fc60a12b5bb516854c3c7	cf310f4e9470b8769ce6cd387852d6d14e3add4a846f1350622bc0a5146456f4	false
datomic/s3_kv$s3_storage_path	9e7eb7809bae12558eb537b73e90cf91038564643f0e6f686f1dbe13c404614c	2ec0c8a7274faf37a5f535448e758c43ecb6681f2c158461ad80d2a01acae45e	false
datomic/s3_kv$storage_from_conf_	0ce179cb9bf3d6c4551cb4c2872fe39ca97c9f3d2076b2310189cf73d3659d9d	7ae328deb6b00d135183e8c6704085c9bd22cc2ab52aa6014ed8b5b94cab3036	false
datomic/s3_kv/S3Storage	d44702f8858ecdec620cd406a3ca1101affa7f83f0620eb5fb1f682430713ea2	1c6044595222f30c61d248a19917456f8cf43707d2e36d73014322f640743a17	false
datomic/s3_kv__init	9b4a7d7f016113f7840fadd8b15c7bbd33af0f2eb1a16a035424bd267bac8d95	cfd1ea5d906133f26f233001e35c929a16b7ff4303bc729e0705bb48b49e04bc	false
datomic/simple_kv$get_with_retry	f6e1fa62e553d52f78094d5c2d37ffda919678d12e2ada0e6f926e236d5cd1f3	d53615a4f167d1ba0494281c4e93e3ffedaaa1340567ec67f7784fb972a705c9	false
datomic/simple_kv$pack	0992c15646e0d0c1aa2e0f0a5560178e46e51702afe385c3241448d230a601e1	bba14cd55f5aa0fbbb0bca377581229cd2b0d89d2724383e6a6a078dae881618	false
datomic/simple_kv$unpack	7559b677c062c602916bca5aef51ea0d7eac116e9b47e435a52f8e75db6d3b12	432686a08d8371339aac14c4b58f8fd86795070615240aa4f4c32f27428e55c9	false
datomic/simple_kv/KV	91e073f10a1909ff0ab12c0e377e652bac0f9c97d324de885bc30b707be87655	d16178016988f7dbb3d8959e3563b5e2945c8241e6285da49c947e2ea727ed72	false
datomic/simple_kv__init	1d3964e1fb5c5af4e3efd427d57a0041a3968e8b1f9c49580c5273ac3c0557e7	a4ae40d3da40a666b4fb4ae6056d98158ace3dc24e7a7a7a4ce06e9d1cafa2b7	false
datomic/slf4j$caused_by	c890b2dc58c5710dccd4e25c0a6bced730b3e92db9b45001591449acbccd156b	ffeb80f24c954a94c74e28425ebdbace1d03203ee41f2cd3a74d3784833e894a	false
datomic/slf4j$debug	d2a20cad6e81ce91fdd769b88c8fafb3350ee03a8a10aee7f36a33e5365cb571	c8d305aebf6b504b582d3899ac5c10bff2290bc2704e4538d940cd3f86392e71	false
datomic/slf4j$dont_log_time	060313ee793d9909f9a81f5318b66938eee3483797eb0fb9675fdf263978c2f6	05b7ed3ac223f890bf916d55b9f0d77237fd6a2e6ed2495752b75dcd6e379e97	false
datomic/slf4j$enabled_method	f34a07afdbaddad28b595347e49029c2e590112e7cdc0db7beda9002bc9abf57	a2cdb6bccb9fb68081d51a2a0902e4d2bfa93395fe6edd3543d47c09eef32af1	false
datomic/slf4j$error	6a60ee3d0f9d6f50e1aca8bbd61e21f3021696e0d11fb3f49f715dd6618e1ffd	af1001460b0e2a131b9e122a47ccb13b2f867856102eb990a80ef74fe92546bc	false
datomic/slf4j$exception_string	794153160fca08fd73597f499fcc7c3ae723c64d75ba636d0239b072cb1af284	8cb74ab7bb07a85dcf0fd44f9e0256711ae20976fea9b132548cff071dae2f0d	false
datomic/slf4j$format_as_msec	7db72729d3b7c4edbd49fdab8300750e8abf85e2df65d4fbb239a95998ce3e0b	061450c31270449bf386e5a383fcb23ba3faec79d92acaadaca45eea2fe5fe03	false
datomic/slf4j$format_as_musec	386dcb1e2f8b758c7e62cb06718d99f9aabe3629d34de89c4d36a17d14b59f14	f2e8e592c14c9b29d42aa03b54cb3a8b5325454d0603615efb2a249cca40f0f2	false
datomic/slf4j$info	3e4f39af8c627dfca8e48352b5196d6dfa57ff6a6d579cd9cf36dd2c04cd64f8	47a7587d05fa72086f53128f5745e9a56e26c1ccc5d25fb34b977da10b18f31d	false
datomic/slf4j$log_agent_error	24d3fa8f02368f1010eb087cfbc29257077a96d0c41be7fb85800f1def8a5586	e7b85a05e3fc985bd9bc710631cb8166213dc21499215617b49f6dd2105f727b	false
datomic/slf4j$log_expr	f1d1ffb2657beadea9205f93e4de5f2118f0a893be0aa29d0ef208faa40a011c	d9e5561331bca66e00ece7577322836772592d137eeee93c1802d95ee49bbbe6	false
datomic/slf4j$log_time	81ca171fb0e9a8b2e7ada352cf0fa2a86a7734345dcdb05c395332a39762b6de	4aa7c8395adfe1cac1b3081ad47a54af20a2c84c151263ee350c7edc5d44a910	false
datomic/slf4j$log_uncaught_exceptions	6ab4f5000d9a18d993541b0880e4a8a59e6d1acb1031b8ae7f22e1cfe8d18924	4d5f557073e9c279eb881fcc9fc3e82974680b871092009689ff526c8e3b440d	false
datomic/slf4j$metric_expr	e0eb7fec1a602f0ba79ae5de930cd1171b77312f306e2162d86853a0e5646795	bf0691453b11b10c431fda9082e712dd95acd66f9f6c64cc0e83bc1a753c7834	false
datomic/slf4j$print_and_warn	298b21807c492c93db957c33ace87fe008b6b601105097c174ce20dff2355b7a	2f2d30592b47b9b40e58dfc5a6ed49ce084616aa137503473f444425f3faf00f	false
datomic/slf4j$print_safely	8a1d1a02e854d9d33d6182749178a9f0189d79d318749e36ce5b748df133b3fc	2c8be9a0b822491eea087c9bdea3f92f65779a4bcecfd25d74ad72065e5425ca	false
datomic/slf4j$process	62440efc15d8b7b8f9238fb436ae7a5b15aa68d89118f3a41fe83b36df94dd44	bf89e054e12ed3cdccdd0b88a4a27682b5e2683d4d4d480f25681f82178f564d	false
datomic/slf4j$sanitize_uri	aa8c945feb192316210c78f58a2cf03400761dba69ade796f314c9a38b15aff3	259198672a166327d7f9553c8f2ca8050a7f3fb1b805fee0d6a037b72ca3a42d	false
datomic/slf4j$trace	e91807c6c2f25e3efd6c275a934354dc03e4dec5d15030b41fa62b2d1fbe2fc6	6fbaf8dc27e738c9ae300dbb3d0a742aee15c27d8c223c2ae2bb7adc9dfd5ef4	false
datomic/slf4j$warn	9c881387a827779b081ebe6c9cd0d132f97c96f39bf84370135e78c0962e367e	2ed09544b16d3c3636e2caf1d4bb00364fc6a4e905ff784a6bc49fda43c1a35c	false
datomic/slf4j__init	93fca7e0ce8ae62f5266a46559b571f5d21ecceb5b50e4625e4ca8900417ecf6	0fc4c8a1f635c65c2bc631f1e179bcac996a71a8eab0f9c588472667e1dc6923	false
datomic/sql$connect	52aeca394922c3cedbde8fbfaec15b1f63d9ee5a13de744777800cf5171fa05b	ddd6bb8f98e27d0e28c8886db36e7e66ae05ed893dfc8e716fa6749502cf3c1b	false
datomic/sql$delete	90994705ebffb3b437e5cdb1e007e4e640798a6b6d074b236d92d2893ddb9021	c65f51f3ec616c78ff6f656236004ebb65d3c241c709b056967abcaaa6769a38	false
datomic/sql$execute_commands	5b70a23c1f4f2f32ed0ffaa9d3ce9c4a3890978988462e5ba714253ddadaa4f1	ced46472ab7fd11f6d3d8ea49d04c625896ec0eb53151b72712232d0c650a973	false
datomic/sql$insert	1c1ff550cc70240a6c05565aaa0f46240653bf746a86069646b593d099bdf9cb	8ea585ceac65817c6e08e9010109093a3151f14fb9629b2941f5fd5efff0c10e	false
datomic/sql$insert_with_nulls	872515a1aaccbc8a85dd39a055ac3bd6eb188788add70de6321192a0ddcc1b8e	7d642b3396f7b168738cfab5b49d460f3c587634de13bb098fdceb9beb583084	false
datomic/sql$select	9c3336280580876f44f88d42544082d8e664387ca25778ba9bb35df84d38db49	31c930d005f0ea4dce965e5b371ab8a5abe787bcb8337e0a6e38a194e6a19b57	false
datomic/sql$update	eb612f1647c51e7cb83a817b53b9d72142b3a74ae1a6cbfd75e1f9303ce74b24	8c313f601b8fa855969ffd3f39f31f4db43d6bb0651155d94a2884340e0af3f8	false
datomic/sql$update_with_nulls	f66005902011a31e8f36bbee2b823d81d0fe9326098307f8b944a6ab59317260	7c9ce052b468d49f00e7f775719eb7425b6a20943188dbb0a213070beb7ca9ad	false
datomic/sql__init	65d22b9cdcaf9ad039fca79e804de5fe2b68d95267efec0457cdf1289fe846a1	9021c8a65f96a2d9509d1cf60058cbe6f4c37a16fb2aab161c3b89b262d99ec0	false
datomic/stats$aevt	8b7d97ed22da95e775e8339b5fa4f907b6faf4ef2cbdf65a9056c1e184796df1	e0178eece0467ad4f679d1cf77bfa47ccc66ae49b1297ff09ac1393bfcffd351	false
datomic/stats$attr_stats_from_splits	5e8657cf6a1b842db086fe6957300cfca4a475ec062f09dd0e606572a2da97da	add44970cee4756373f62a3f360e43278b3632c0ee250c3aef6a4011da85f84c	false
datomic/stats$avet	922493924a6bba2c09fa951404a11bea1d09ddc90ea0a74d2b77a1733db5290c	917518f6c48d4a1cd96f3340aae2bd36b7e96c86974d11813650e8c2642e3079	false
datomic/stats$datom_count	cffcbfb9dcdb87b69b8cae1762983cde929e8f83ecb4a35460ca607bcb92f3f1	9b183d60b581ed041aaf1b432ec8f9a1c963be75e0d1d36186ec933f41837547	false
datomic/stats$datom_counts	46f88682f18e86ac314ae3d115a7b6f502ec395dfd3656401d4f5bd9b865ebd1	e06d55d856de07c1321cbdcbbe415011475e98e142d5e55483a42b57851e65de	false
datomic/stats$db_attr_splits	e3cf4e297270ca726f2aac51cb40f67ecc6ea91765cfec885f623134a06d93aa	81c2e4b52a95f7d0845f06b297928961cc0946c8e2ceea72cede754e3019f3c1	false
datomic/stats$db_attr_stats	062907e1068087328acba7a1ddefa03b5f4879c21bd046354bd642367a4e6491	5c8fd59f71de93de59b22c8a0a012534480632caa0d1e06c8976753d0b6c9c81	false
datomic/stats$db_stats	9aa93846ff96031e9f4defae5e543c2a400bc1a64fd9a74dccd6227d784d6072	74451f39235ed4722a7b78e30318ccf58160866fb3c3bd895fefdfd63dac12d6	false
datomic/stats$eavt	ef2ac7f40197e7a8ca0149aacf0f5f560817c5a86de8d757e93ff3141b61e2cf	e44c1fb51753e8b0b09d5d4650cd3076ece22cc7d5910a172312d7e150ea80d0	false
datomic/stats$fulltext	3846c0c390ff8ba8569065bdca878ca58080b483d08d85e059bbbce92f3e1ab0	d922502646d6d633df968750220dfeb66955b48f39693c31f70dd2fe0da39f21	false
datomic/stats$index_attr_splits	d01368eb1b5df5a16ea9502825ca5582413950ab11052c547453093fbebfbecc	65266846711784f05659ca37367eb1a4db036653043fe573a3806b05736f59a2	false
datomic/stats$index_attr_stats	944421a23fb1516afc6e2a394054e3241c06011c4897601ac036f1d45be12d61	14a61efe2761e9c5810443615251982e9eab76d3faf96a4b2526182144aec545	false
datomic/stats$index_datom_count	28155ee1061bcaae3872621aef4b67b30be07f60829b73ce4340fa7125906ce0	2d066c34b7b52bc63064f7182bb3d0ba1db5108e3deda9161c8ba780bae65209	false
datomic/stats$index_metrics	51e72cb23e2c84811a721adf8601239ad548ab336997df492507dfb903aa39d5	091b06b8b7db1be81c11eadce2765bf794b7976fbb86f30c4920345d0ce18f71	false
datomic/stats$index_summary	095e9fd6dcc94c2db4dc1562aac9fb28293c2cafe567f199ec4a81ae26c30044	b90fea64585af22fe4e6521886999cf026fc7ef2a6101b61d15ce67b77c800bc	false
datomic/stats$key_summary	a4ce039c1acf45a83b8f1122aa56ee82f4f44a6dc19e6c195ff02d00b0c7fdf4	5df4b16169a88e2d5b5e54d12bfc563cff537c2e778bae333d839ff1a476f4e8	false
datomic/stats$merge_data	007b5be8b3600d7b0fc1f956e0e3fd2c9b6e89d70703b83eb76463b7831ffd99	25dc1e6f296cb7c892fdc7cd932fcdc0269fee7f959fbd2b8e9472b366e8e5c4	false
datomic/stats$merge_splits	dcc98d5150594e176a423a90c977b0ed39fa72d9b9f173067673717b4331ab96	6e9e72f4b600c931d88a3826c6985d6a47f9ad42dc310f0065411aec82ad81a3	false
datomic/stats$raet	81cc88767c5d6a13543e45fe6c40a7b397f93e72322414a27385497534f59499	6ef210c367785424c8bfe76d892b52d27a1fa2f518320c923c0d12b7689facf9	false
datomic/stats$segment_count	b3f7c5c8ad2ffbf3e28764d0a30c3b779ceeebd353928662ff174eb9b47d16fd	c12f98f20319495cf82279277cde8022d771fea353ceef2d152e3a8b31b7c782	false
datomic/stats$sizes	40574fb0ba7a7838c958de35714fc9007b6c06c0d4ac0035fcaba557caaada90	4f29ebb8471ebffc0b595a226a11a22e6b3b0fa9a440fee9a7e1292c52b59694	false
datomic/stats$sizes__GT_metrics	b5111377440e1f975fa61ed3c0a00fa3cfc7f606ff587bb3fc8b64f7742f74f3	ea859a8dc902104be37a2c5ccd39531267685e6e941cac46ed90066bf48f6456	false
datomic/stats$sparse_v_count	0acdd174c126a14a56605ff00856f93c7d43511e8e229178614780e0a99bc0b4	b6eeca8ffd66a27addca952fe55ee2c603d352d813af5ec4db98dc90ba8fa4a1	false
datomic/stats$total	b9de73e3c5dddc9e4aceb1377bef28fcacc36ed2e0c0f6d22a96fca5ed33a66b	18f4919660efca31a76021ab0c323eacf5eed7afccaac03b6fad9a190411f3cc	false
datomic/stats__init	71d87371628c87b6c48dd6934880c8f8433a327a54277a30c240ca1877d1565e	dd732eb0f26d049a5eda8dd8f3ee91351fa2ba91c33036be05b81762f03fd7cd	false
datomic/summary$print_method	af26590810ccbe3994d3b60c46f831a50eb352c04641a87f1d6c2b2a8d9fbc3f	1b55ec21a508aaf16cf92ef9ddc30521220d2fd3670dd55830cda6ccf07584d6	false
datomic/summary$write	bf7531001397dea69144a7ff335d2b6acba59b521b3ddae593dc289c896a9d8f	53985fa27047b340bf73b624c92e914e58cf7f6153bd148459af7cf9860431d2	false
datomic/summary/Summary	93dd4c394934da905e139cc2e9c3a0352719e93e68fc184ecc2e385f15c6681f	44b8262c415460f41e35054c5999cd9d29c63c2c94d1dd2c819dea0bd49ab938	false
datomic/summary__init	ed1f2507ec61c3d289564c64ccb9cfa156d6566b7bf893f116de033272c54f38	50898b0a3f73367aa64fcda032c96c7e01a5681e09f2437682dc5d9024568903	false
datomic/tools$avof_map	fbf6b38bbf345f07ea92fd3fa44ec642efbc65ff11565d14f045ce24cf85e693	bdd50d4709d1aab7cab788872b9c6df46f7d9f269a5c276be82cc9bd303c0ab9	false
datomic/tools$card_ones	cd091ae7338683913cdced68fe1b5d5de0b52f40421fb4c48748e0152b40d124	bbd9775b03232a77d220a44658e8000a5476f71d251001b9ea373a4aba650293	false
datomic/tools$catalog	341a8ad8a776f026aa61af07380551ce3672e05eaa719164a2bec4d516b5527b	042c6028b2db471fea27972a27e84fb8de12b587d3f01c95b1c6b5c492553af9	false
datomic/tools$cause_chain	f3fca987c5288b66135492524a585de89f2e7c6a41daeabde6eebb04f341165a	aceaa1862afab38ff067912453323774c0307b58782c717f2c9742f39c4419a0	false
datomic/tools$class_sym	2e732e6d570b19096fc9ad47032e41195a6e40432f34c3e8200122562b0ef9aa	51008dbdfd8fe0c62c2e6d191809a50c6aee3638865877f1324f2b4fb324e3b9	false
datomic/tools$count_log_segs	1717c2308d72916c502a6617b6b294c614729a11a336409a578e53b9d1bd1530	a80e346fdf770bbe166ec5ce997ff4a57598e72e1ff138c40868ceb8173f6687	false
datomic/tools$cr_QMARK_	baf69c3940d3c4e0da0f5e65ec95e6c4bc94f9287d156948dd1d2d28c24997d3	3f40bdf37536e5106123bceb3be1d89051a958b997462e031e16c43d29cf1f59	false
datomic/tools$datom_read_handler	65d3e5e83c189404b1b36785d0c44306166c851371f5df8ecd6a7163feba8648	d0fb8438cb2590d9735e93c1b76ec586fb415a72b2679263d3f8852fca1709ef	false
datomic/tools$db_diagnostics	e15242af1e8e75ad5b81b29857f2b27a5a1d8b7239aed2151fd7a6bfaef885d0	e8cea4b0bb02de37d776523c371018bc20c8ec03ab4b56f4e06efedcc3c0c01a	false
datomic/tools$diagnostics	36732905b2b733ec0adfa8e586621e5c3a27e1969386c328f532691e9e191aa3	6214e0ad8856376ea7be668577bd4ca02bdde1dae314782b988f86be30a0cd78	false
datomic/tools$ever_nohistory_attrs	637010533c389dfd7932aebb7ac3af60342118273d91084578753e0085774694	65536a7b01ee1bb3f831543459c26886613e4ca756eaffbfa9b191ee7e5b0396	false
datomic/tools$flush_progress	033edf1286924ece721c93b6cb00d592a730dc9a5e1d8285ba62d5e7e9d2dcb3	a3ac1d6e5af01a56c1c52ecea95465bc122c8966aa07ba0203fa7c1a96bc2e2d	false
datomic/tools$fulltexts	97cb6e9d1c7c1dca500671f419b4c8c03a0ed5b9e8437315df1e772f4165ac89	3513b6e6b378477d123c1533118c95da19cfea62b63eef83b108a59e61e4ea22	false
datomic/tools$get_index	b3874791bf4aa0073bf2f887ce600e7e697bb8a0579b01acea033f4957fc7457	21480a807167c9966ab86584cce5c5b48a1f7e56d1e6173f7497a9a68a111eaa	false
datomic/tools$get_index_ref	0e6d440ea33683f591b2d4b6bad4a662987954cf299c42730fb4855614aece08	93160da59728ed8503fe2cdf8bdf8f0ad8691b0a9fd5f879dbb943d501989766	false
datomic/tools$get_val	b4bda22d161434d5027a3c48772b37c8e25b9c9f99ad0715d86cb9a023db7876	90592d576aaae9edc2a967978e905e9714f7f9b03c498d20ac9629dd1ad8c9be	false
datomic/tools$identities_in_ts	b2eaba54e5ee1690b29d58a15f53d3d5821e4b965ab734a4fab8f46d6c7defd7	b548eee97ec1c51ddba30fe1b6895fa9f93635557f6e4a01a699770e7258ba3f	false
datomic/tools$index_has_t_QMARK_	5043af9f832b72da8af47619ee85088268ed87787db6386b3eb67c8915ef1a92	ede81e915ed8b0773afd80ae410f2ae4bc7749e6afd36dcc65dcc16872df03e0	false
datomic/tools$log_entry__GT_next_t	a4f1ca134c57f7de4236894f2bdb579213707c1cc3058686f84882b4fe750298	ac890bd97e0af9b554e9d8e40c20fe9748f1e88f4ff17aba1b0b13919e5c87a6	false
datomic/tools$log_size	a33442b2e01d84ab70a726707d99a56a9a4440f027ef77f4dedc256e753ba402	4c0bc8d9496993ade341dc521875e738032e971499f8d72dcf0182e8071c72a7	false
datomic/tools$log_size_STAR_	f325dde35e57c32040a522a3b536ef41c2a62a743b2dc58e898305c1e58ac90f	1fff37fedea7f869e3557bf64b17e23f77f26ff2645fe8dea5a2741df07a0bc6	false
datomic/tools$nohistory_checker	9017432c7b4267a35e7f7a544c1d4c3f0851d69112be333d107ea09368530476	dce58083d5bdf844765813b8b1a6f0898e1c819121554e9165fe4e5365871cbc	false
datomic/tools$pace_fn	1888c52557868710f26bce0e36694a7913a459badf7c75b7a32901bc1541154b	e24970a2e712da5006f587955b54052d04bab2d664b70275a52217c57aa1e060	false
datomic/tools$pace_msec_per_seg	6e7e10a0ddd359da7c53f489e4ab0497b3593c16f970be4972ac718a0a86ea68	fbf9dabcf6a20e245470f43d33b66bce4d5e3af6c693137c1b502f564db10a8a	false
datomic/tools$peer_diagnostics	90500d5c22ff0606e3c8e7a0c5d32b14533f95965cee61e1978fb32fe19c2945	099aff06f4d2f9266336f3440f97392d024b30ec5fb3ed0cd012b60b7da8d49c	false
datomic/tools$pretty_datom	8292e802ac6e13cbb25f353d2aeaa02de53d0ac42dd8fb8b811ed18c96e169d8	1e7329f004325ea8bbd45baa6fecb12682b80dde8793011569cd053a34c1cde5	false
datomic/tools$println_err	7da8fd9cb7a5ad268975aed941af28d5e8fc5581c700505a31429b975e4e851b	31e4621d794f4c53d7f37da84f7ff0250e86ea1d2b05443ea4c103464b673f65	false
datomic/tools$prn_err	57166a06ca87ce6dc6f9dbfd9ff54f83ce9be107fad071a41a3834c85fe1d4e2	77ed30159066c03d6098280856f8c133c315c150b9c4d2718f97bc3a3a204305	false
datomic/tools$read_capacity_units	b9d09e3ef2ea8f0dcf181fff4a3f78cdceeb1542008497c561f2f2377b621074	a7b3733b0c40e1438f7959a32bb733adbb488e77e87d0c8951470e0a1213ee42	false
datomic/tools$rehome	0d8e323a2c43a9aced9053a8e4fab924f60a2bfd53eccee0fa2517587310eb7c	a353600ced8c2eddee1100f710427814e9f5a3b0716820abbdefae14aa3a6ff0	false
datomic/tools$replace_index	74c88a749aa397f871531f60586af6e59412b7722c3e592d0172cd7749ce090f	f58b0633b06ccf600271d70e02035af2700eea955f6815f0e91f6b53f11e5293	false
datomic/tools$reset_index_ref	627126f14c5e74dab9e535b1f6acd1121d3a833bd25a1ad521fe602079b9b052	ee4f6901066536de9edeb3ff959100e8eb323f6b5bd975b759b760b8fb295530	false
datomic/tools$retarget	1056c93d31a9e334d7755b9c13563de23dbb03d57e0409c69e0277974cdc0e54	e4cc8278ce0bf43f8e42d081e263f3f0762669d115b1214704d79677f0ccc62a	false
datomic/tools$retract	eff66a0f72f42b24489d048fb15bba0d0a62975d3ee2017f20111d35a5710da9	efd3ecfdc8336c4610973273cb9d63476ac0bf1402bf0c3a222ff8fa4115d933	false
datomic/tools$retract_entity	42083dbec8e56805d95b3eb710837ac2437b79c246ac8c67c08154aed8e4d6d0	bdec16113b30ab1ed2d6d8ab8ce5ae9c3020f8b6e3d071795a4f5a03ac9432c0	false
datomic/tools$segment_log	a6cfd5a97999a1476bb643b109f802ae2fc749f7a4d186becd74f78ed997db63	6300ada3057cd4603c0bfda207fff103df2751d0eaf8be036fc48fe7e6a4db9d	false
datomic/tools$serialized	7a366d34611d14a9de0bdf28617ebb7374568e5ab3db310200c7caf9d74c1083	8cc305d2516bb4c981412beb1169779fac68e1519164cca5c036c8b6d7f508e1	false
datomic/tools$set_index_basis	21101189fe1ecde2a35dacfd35cb926190bd0535e4805be8fa3b9a2d0a364934	6a1bdd40bb9b9037a704c45728774a8aa7cd0bff74fa477e8e00da79009a5a4c	false
datomic/tools$storage_diagnostics	b5c5c91edc70baa9f80775622878f60b5c12930bbad8549d5b856a4fa097b54d	00d1e5f9e72ff9243e91d8a4f1939c4c45f9ffc62b9a81b06ce3c3e53acf7807	false
datomic/tools$system_cluster	e0ddfaa5789fa8e0410c5aef32ee91bdad8efd2d6d5797c993c9bc8b4f5742be	034259f6ab6a4616196378ca01d5c49cbfb824e135b66ceac8e822097235d8dc	false
datomic/tools$tools_fault	731fd6eff0ff103a5b31f13be26d13ff99b3f6709293bedb5b193099dbf1b0c3	e4d24a0b179c48846cc48d8758ca209a786a8e90e2709eeceb2c519103251332	false
datomic/tools$touch_heartbeat	cc3b16fcfd56266adfc968ce719fb2e2e5fe1c7a2095f53395ea4180ceb07b8a	1fe839f5427e0ef9a03329f51837abe82547b42973c2d6b59996552848cd3e68	false
datomic/tools$touch_index_ref	6756ff8e157734ad9038277de06364a460bb46f38ade831bc74f27c263f8f695	ae0795c84b6909359360519f14798caa6f82caea149674267f239806d5ef903d	false
datomic/tools$tx_range_from_log	58bcea18ffacb9e222b9ad4157d0d92ce15542f1b25dc62b816288eb4dc4e239	262662e45bfec420e6665004b3e6d542c8f6d28f0c46a71b2c99a0233d0a49ff	false
datomic/tools$unique_identities	fb74a1edb23dc8b47d467e704b392b82c5520b944f73f0ce035b78d6fdad2e17	64e41cf97bbb3888958bb91bdb814b01731bdbbb99f51100290651761d4e226f	false
datomic/tools$unique_values	4fb6fb921c787b43dbdb0ec80264b5c5785b67477e2c4098ee9f1f908a97cb49	9adbe6dcb6a257be4c0802e2813a524d8e2e31e439ce17c5d39a1f1132e2b947	false
datomic/tools$uniques_in_ts	e97464a1f4e2a54effbef62c8aca0e9155cdbfaf681b71f7b2bdf2892aace8f5	af02ff2736532fb4db4d9b4da5346c240249715f0dab9eb623efda97e938ca06	false
datomic/tools$unsorted_seq	808bb6e08726cf68236bbb873894b9c514bf555b53c251651e9519f8108af24f	f10a2b5aef75ba61b19ba2714414c4f7ad86621777d5d81ed4463c155c39eb4b	false
datomic/tools$values_in_ts	735785f523c7dd8d7182026bbe4a1ba6c13b1689fd6705b4cda0c93f3ff5b555	28fc644ad0edf715da37a893a145c2d7ee74c3d8adb9023ca1134cc2ea4b2c31	false
datomic/tools/index_checks$_main	958b0d99c7379c6665c791c6cbad7260ca742b991354a3b039532ada883e588b	482e129e23189e015617aa479defaa6473f09e4c7feff1b054cf63751a33ae4d	false
datomic/tools/index_checks$_main_STAR_	9d9dcfa9d19e27a8c388cb8055b55b93e58e66f4a5ad8bc8be823aca4d4de41e	c51456284adde254799bc7001c9471b300bd42a8f8ea86b3f0e896b54ac18a51	false
datomic/tools/index_checks$boot_tail_collision_QMARK_	31cd24aad3896126dcc341d72ca8637b6cca22c9d2f8e20e9ebf0b52f4ed59cc	a6d3b1825f33bf19c1d47398a4e829d0507878d92e4dac28294634ad0fb584d4	false
datomic/tools/index_checks$card_one_collisions	bebeba6f93d045bb9803443b1d4463dd2663bec5173b59aab9f41b4b8a710fac	641877f65c367483f8b8446851d10034abd69c6aa84c173882eb631ef3c4b365	false
datomic/tools/index_checks$log_only	85942c7946add55b7c62201556f0ea663c1bffe82d7ae8a69bd06f43cae6c3d2	20dcdb95d96ab203d16f18b5dd9a8f75c8b252564b8a2da4f9fcd29dc96806b4	false
datomic/tools/index_checks$maybe_renamed_QMARK_	6c4d04fd4ccead58e58f48c53bbe45d78723d8d37abbcba0d3c18c1cd335a1ce	606c3dcf7149b87ab5f7cd46c187d69188ebe3995ce71801e68ab556971cab9a	false
datomic/tools/index_checks$non_unique_QMARK_	e7f445ed27e323292aba034152988164df2915714e71882c629600b59b8b4f72	2c21286a275e16f3b30ddb147aab1e07876d1f84ffbd06b60ac5b6c925f57abe	false
datomic/tools/index_checks$progress_dot_fn	1d0e243790ba81efe8d62184c703e2d6c03b6f16b5d9acb16a9f49d3c3332aa7	b909675d00805c419bb3737323134a307a2c79fb2f051aea027dd0a45250b6aa	false
datomic/tools/index_checks$rename_from	6f4a4cd6c7052e5816a0bd39da3871427a0ad492b8d57abe5ade8dbd29406b01	0eb5557f8f9d228c7bbca4f65b90e0298608ef2f0b2e8b3e116d9f2a769555c6	false
datomic/tools/index_checks$rename_to	8ebceed86c28ee044ca4301d1cb41f08ccd1af6d56c6622f7ad4b7a9cb2abcd3	213693b0a1d632214f582468edf73e94d79170195ce026ac003592588b9cafa6	false
datomic/tools/index_checks$reporter	2413db7d3dbe372d7bbf911370079792ac9318e242c161e1ae501f18322e4506	cb7f644e4d156820344662716fb2ad8ac829299aecf8fc3cf3177d3bd9f64dff	false
datomic/tools/index_checks$unique_collisions	ec4e594e0d232f672f0cdc5c13da78eb076bbe318280b494d91d09d8d63821ed	0176c60e32a5c6fdf39523d96687a0540342ec028dbfb5f509fe4838b99b80de	false
datomic/tools/index_checks__init	4bea3cde55f7b49fe082c3e96c0ba293e28fa7b743c581e5d32fdbb545cf3cd6	d350d95909047c56598726e11f1dc058d36f13db73cd97f39e4d2b1179709629	false
datomic/tools__init	a4979f220c9fbdd12840866000a7edb5c2c270d2a939e34dc056ea6d8060a0e1	cafedc6615ee289f4117b6a6648342e3676fbd1f4e0f229215ea7e2111c0efc5	false
datomic/transaction$add_to_log_event_BANG_	851055b446c35a51670a82967d086e325d6fc2557130d863ed61f3bd7ee342cd	d5313da3dfae41680eb34ae8862745ab88b9dbf2636fb4a6dbfc0eab022bcd38	false
datomic/transaction$create_procargs	fdae992b0ca109dcc77317cbee8d84b4115c33383c4484eaa561ccc843931bc6	3a5d2fe227b75579249a11bdf251e6561657f729bceb2b7cbdfdecb315700519	false
datomic/transaction$log_completion_BANG_	8c510d3b70235a26c4f4beaaca0c4c6e8596d0b4fd925f537489bfd3c2c98341	3b26ea413ed81b35bf00152c098a9b9ff6f372e77bce2bcb143c44d317c893a5	false
datomic/transaction$peer_message_type	d6b495007501f602d6891dddaa570ef668997cf08321199f4e6b7e349ceef78b	96a0961f0c6ecb7f288a71325f81b2d146555e8f3280052096f6c570b7e22cb0	false
datomic/transaction$push_address	0d82faed691c6cd8dd57408c6d31cad6c1ea0a13371033fe65c74cf15129d33a	c59d5d2be16129db240d163a2e102cee203d898b1380df16830637034a4acf80	false
datomic/transaction$read_message	76cfd20e0f84d0df67e9d5f078f136ad663a00f5239cc5611e1ad1afc3560caa	659d8fd092bc1800ad10479a8ad0ad83fdc68e515a228447149b0a00d8940348	false
datomic/transaction$reader	7cce6ccde4273c32b82694e9fdb77df65069233fd10d5720017b29111ece7c47	450ef0f6c1af24a00d09c9f8756080e40edf18880a2b35504967c8efafd9ce55	false
datomic/transaction$submit_address	b693cd98ae1e12a8bb7a47f195352f0cf5d70d20d144e41b927546c0058a2dcc	002b235838e2b7324dd1fdfa658d7d7f9ca9d4f3464c1f13a94b697cc01fcc1e	false
datomic/transaction$write_handlers	0a7e32f89a72457ee035bc2d43eb5652fb0e36453c28cd0c9c486f1b45f8810e	73fc2d1e437e65f96cd8b65318df8827632ae9a22f389fb8a2031ddc572f522c	false
datomic/transaction$writer	dc96af06994ab518b76f2dea1883f6014cadcf7d9a5ac8a33a3b412a071fca4f	5d85bffee59db757753c75443d6ef022fa37a5a9326d7a3a06bb79deb7425b38	false
datomic/transaction__init	5999d54a12ecfc79307d6f99e308e95756ffb8c45bb9f57b3aeee6c72390f716	504d632e4d69b2bc9211318e0aa80ee213f135105c1411385556262145bff8a3	false
datomic/treewalk$create_ids__GT_nodes	22309aa376fa4a99f84e700517f143211785edf64234aaaf5741a4d493ab9a43	605738b9b8620cea90c79dc11fc4d5d52a868bce04f2d6ad5f12d6dfb4154efe	false
datomic/treewalk$create_node	9517eda507e683e2e5c92f3a3dd214de958ec99712399fe0d54217e1616fb1fe	306a89fe8f74e1b77014bd4aa48fcf12011cf1f45cf465a859156c8afd1337ea	false
datomic/treewalk$create_parent_node	9ac03b448ca60449c3bbe39dd5b3fd17fd837583c59f4c5da9345562cf9c0513	69793c3f984b2859edb6bd6289303e257b697a6a01db7577b730a220b2225e61	false
datomic/treewalk$db_seq	e2af084cd5d2d57361341890c724af7dcb3e535fe0b70b932653da90e70ffc64	2ba2c197e9bf70feb1b083f5a6b1a46bab4af47ba3f484d13942b5cc2b3cf78c	false
datomic/treewalk$index_top_walker	5871715d23da8f3399e165b204f6e2d4eb8c57a2a7445d34288d2a1c8d5e3427	f215a95a669e63c3c76230f68a71db87ef54f6dc3d23c226c45d8319aa82bf92	false
datomic/treewalk$index_tree_seq	720dd0cf1c7e4871b244206facafc42040fb58218cc907e950b1d3f1c6b22449	7d4df07d89844638c1d5d7e20d2b5426c991dd2775b857bc490d8bdaaa9cb44d	false
datomic/treewalk$log_root_walker	abbd94aee99a954b2a2dab4b7f9b74e1499c6d99219bacc963714aceb12ddbfb	a0d0e6a8a69051b25910954f59f428eb848b3cbcc8536145453ef65299bf2b9d	false
datomic/treewalk$log_tree_seq	3d00b4163375e41f76116af15d9d456e3a7b799fa60be2b12835f41587f5ce16	331513299ae188aa7d6d3268fb76dc6ac0bce757ee5b69c44cf5467cd647deff	false
datomic/treewalk$lookup_val	42bdfc2911aa918907c1b766d67042293157137b7dde4af2defe6cb2c24b8b0b	0f04ff54db315ad9405122586bdcef76afd630d2d4c42a0883c1555660f9a54d	false
datomic/treewalk$tree_node_ids	0e8971efc08b5e78a09bdeb697403c1adf2eedb799b156d16600bbcdd4e2ff68	8c99a39744415028197c5c968b2850dd5e543f6f578a5bd34aaaa92d25bc60ed	false
datomic/treewalk/Node	c4618cee7d1045424b9930bbd491847006c5efd03cf37a080947ca3dcf593aae	65e617058ad3420e32b8cb79a20f2b4501962f7f495c5e9ba652a73bdac018b2	false
datomic/treewalk/NodeId	280355680634b5bb7a75806a5a54b714a985f35dba6126f2713d3a3f5b87c3db	c581fe3ddedd4dd7df8df5e7f506f3c0585c8d814de49577f72eac2500efefff	false
datomic/treewalk/TreeWalker	03e4c5db67b57c2f6a042b75211ef5e99bb2a5ce05bb836474644a1d95158722	a3efad40413e0f58139dc981a99e3cd37201dbc62b2e1a84c9859723bb1ef162	false
datomic/treewalk__init	0aa496dc0daef9a984ce59f1fd7c105c3a712a9a76a3a3b6b25c0a44351bd298	f59660f455375a6d17829f753659b561a309c41d93c12cc9880b4d7618c67af5	false
datomic/uri$create_h2	8dab807b122961ceb05180cbc3595faaf960011a9aa29519120d8fc97c5223df	df7382a6b605537d42370cdcf0a2a83b7eaf536d8ddae20939450e8317ced7ea	false
datomic/uri$db_uri	87fe04a8fdcd426f47d1f634df56d60811f0cd4380461c8c91530e87ef3a60b8	009d60b2324aecf4a402704dfa0e5ae006f03b4dcf8ebecff466d2161b88bcc8	false
datomic/uri$fixup_uri_map	2aa1f5aed8a2753b17bd5dde681c88b377fa3a0c7b85431dca0e23b76fd17e8e	24f1d2de31dc70da8d03b61e50fe9dbafaaa83b3b68c2bd871e380499b1e4255	false
datomic/uri$loggable_cluster_conf	0708f6967fd4ddbf9a450d5b04022145e743afd1cc1a7fde645bcd269efede02	90fb5185da777f70c55da4c01c4ab7a34b33157829ff54a5c775c60f5e8aa3b3	false
datomic/uri$map__GT_query_string	c3f5638e7d6385983761e194786b6d50689e3574753f65f5210b1081edad8b6a	67e2f2e20ac0a10d2c9125097b6216c32a6d0c2682e0d1a77fe961d09c86a025	false
datomic/uri$mapify_ddb_PLUS_s3_uri	bb358f121a7b530634839c0b173ad95ce2f9b98cb66c5b44fd73cc8f49c2a1f1	fbd14bbed5054169b3808548874909e95aa6567f5071693affa149ad32603ce4	false
datomic/uri$param_map	57106e7410c2a8436c52a3e4b6024b88a8f9cc668f08d015444864f3d2a6596c	3f5316b381eb632cfdcc8018f9996f9b0ac6412764329f3b00154a020793d753	false
datomic/uri$parse	eb56782c2f26c9f50d6348809550e39fb833d7a579712f05575a0ea934671062	64da5d0214228158b406516e7da517ec09076f06979870e4d33c4beccc6ebdb1	false
datomic/uri$parse_db	1c79324c43acb959301136500862fa15354207276ebd83c7061fb3588447aaca	7dfc2d7071fcbc58fced03dacf0b50cf622186e72113b580b2418719622ab412	false
datomic/uri$parse_h2	2b81ba767724f0ce7c8246859810c5a902c31a688ab9dfab14564c2aef8e8e78	756275562dcacf95f4c6e83df3702bf09d634b8ed1f06d7a83a53c3de8f52cde	false
datomic/uri$parse_query_string	6bd2834f6ac67a6f31ad498852050ceae3d62ce5454ce9a3237677bc96a8fb38	75b4be36ca5de43d4a049f1ad9e3734b46eae2f7b01d35ca22abc8d1be86f119	false
datomic/uri$query_args	bda0f4f581467b5c424fd043ba3dd360c95b6c24476e625fa8993147701fa629	c0c457178d1c481e422f2e560ab68ae714ad5d1dad321fd8678b5abef01dfe37	false
datomic/uri$query_key	5ff36c2d2a396d4dcf14da01b2c30cf24d76f40b2177e6b27caaa070a72d5375	5ce5733bfce74f209b34ccfeae2783a927f4d86cec3843b409a0430b7ab6abe6	false
datomic/uri$read_port	f3e7bd44e0879b79da19810458bd11a485e3669328045561484dab1d90735096	5a28ed1d0064411a0bb3fab0c37842879ad690d0f359e46ad5633e8dc3a47d00	false
datomic/uri$remove_query_string	a403a6181b9501407abdcce7d7bde8f305a521ba6e9970567e61ebf61bc55158	4470caf1b8d18d6c0e7d1e242a2824ea7079fab3abb8f0a2d475402b8fbb6588	false
datomic/uri$storage_protocol	91a9eb7155aad7053b0deeb7168542853b4ede003dbcb9bb862a2544f7f2af20	930a8e00f968766f7e6ad94c8f9edaf03fa500a8e78735195c270a9c877b2ac6	false
datomic/uri__init	2bb9cc7ecc3468b97150b4b3684c5b663c4c37f56ee213d3e1373b8343e282a7	5f71b4529610a0ea1a303267adf296de52dc7a165fbd1ccbc1c7ed3c9a2bcbd3	false
datomic/val_cluster$val_cluster	f8f6a65b47cc279d58e69f0c1a4f74b7b6f57affcce7867534b14a961f568e27	467028a7b1bed993428e1b19e57b65118bad266f70a66b8d0bdde3b838a89a45	false
datomic/val_cluster/Impl	ab1890f3889bda83637c20d2ff73d503f3c54ed0a578ac2e94574c0893f3a060	b44e429fb701af03dccbadef610bcc77c1fd654f2920ab332ebe0a4feab308d4	false
datomic/val_cluster/ValCluster	bc7c2d2e99bf6ce0d0b018e646217554d144439184617b077bc5039121831cfa	ab8fc208ce9f95d8c0d69bfe761ae07b9a80368838f78c1b5f2019a1a4d29f63	false
datomic/val_cluster__init	3f46093938d3641cf5946255b037c2ba559f02a068f39b21a0c5a4e223eafa51	1c871e6f1caa0c73c8e44241e50f66fabe92fa362f688631ef65bd9ac6b0688a	false
datomic/valcache$direct_get	7f56ca8791ca8d6e96832f8cdcc24c32f9fed93949437db037dd954bbe2ec7d4	b5b57a4e81bdb822785fce90b7bd9ee752ba8c30481569b119c247004ea46970	false
datomic/valcache$direct_init	2aacb2618d440e96c0d88338cdc1ef9bfe14d21a62b0d986218554df976273df	f0ed873dcd1f564eee66301852d3e78477feed387ec6d3b30864b69b3fe94f04	false
datomic/valcache$direct_put	0a97af80dd9b2daa9e8946908776fe8866e476b2615438b243dc7681f679f53c	57a434c988a73e6f874984a2b222b1da186993afd56a23a19e5d70481d87d9e4	false
datomic/valcache$dirname	c2c6016dacb2cfe33f8c28c4d0da62df8560891bef91af7aea53003aff86365e	2ccf1f39ad9e444af150dd15983332eb03f3098a67f65dff02b8609871d0064e	false
datomic/valcache$eviction_loop	c7a749721d155b2e4a96418274b920de1601232f85fae1911aca6ef0c20bd641	1da4fee97b3d939e13bd4c7a6c79e22807c18c8b5bd7b603853e5947bcfd9a27	false
datomic/valcache$full_path	d53bf96e3bedd3eaf29f25ee6e95d6346b4a44ab2b92269078bcf6bf6df00d76	a3f5e1935a016d8f711df508011474d9782da965ac5d56e7251a3e3f4a6ce3d6	false
datomic/valcache$mkdirs	11b5975798f7a137af25279108c86c288fd68bdb5d1b9f554e7424e35b06ae7f	ebbd33b8bc8b1a03734188f9e76ee2449e290e53c5552d7e5eac34f44fb0b4c6	false
datomic/valcache$noop_quit	664997b72b8f134278dfe181e8767e478de17f37b7e04e1d14b25ee5ed7d7060	193cd1cee66556acdb73af5d9dfc971fee4f1685bc8be94c6e80afec1fd7848a	false
datomic/valcache$read_header	04b4ce4e56e064d817ebedd467ed081bdbd423eac636e079fd42e129d64c1bb1	8603cabbfa307d14f7032e39f5c403f38cac8bdb06e7098ca6f37556735c77ac	false
datomic/valcache$read_key	fa8ef7e82f12f0596d0f497d04e33b389998d95a4c1dc1604c969ea6b6a4243f	7f5e0693682f3b83eacff16e97178023c67d305ec965d15afc102ed4ea1e17ed	false
datomic/valcache$remote_ip	6ad81db2127228098a937c06a2e3e2f3606a40b0c8c5f51af30201e39f98e946	e8934c1b60404ba2b3d592a306969ae09785d49282c1e16ca62186902ca42caa	false
datomic/valcache$reply_empty_ok	8039c43427eae1dab99331c3b8b76edcd5491d13d6723be8820d54dcae02e068	1d9172d31fe66bcb9e276d7dc0e14c9ce6d49d1981e28d02059140d64bb14640	false
datomic/valcache$reply_with_error	51e4d486c470870f23471f085f0e31322f2fca355d5ef92cec951d34caaad418	b45a1b407e8685d9f5a15489bd945e68b898d6b1d8fece91e6bee8a6ba2e9aa4	false
datomic/valcache$sasl_loop	dbb57f68949eb110479496591d619f9e53668b7e441560044d62738258ad5d92	7a94df705fe21a23c14d294d018c886e281f82becdfbc52600dfc1e130424dc9	false
datomic/valcache$scan_strings	ce49d760ea110486c3906ff1da9ef18adbbc335473c5d455a019080547cf1471	03330be167e60f41e1534c1d42021eaa1264b12def40a54c2e2f1561e8ef63b4	false
datomic/valcache$shutdown	aee9ad6ed6bbdacce3fd54b05a53ac79e71e3a785fddadbafdcf48abacd3ffe4	43390dc06e0ed836afc63c61538ed2057857a5620a378e6200da126e9a80388f	false
datomic/valcache$start_server	6b23af8ac85bc7439f5b33f1c592d2cea940c301f9dae793ef5ac02f01c2c81a	e025b329f2f56056ded10334f2944e5f1c59f19b62a5156fb01847623ce55e92	false
datomic/valcache$supported_or_drain	e667668d2c1597d6a4ed206dd6e1d4ed672c4c8d2a907a971719ede15ae1dd1d	21ac8a561cec8fc87adfb23171c83042b4a90aeeb3c8ad4ac36ffbf04b5ec9a4	false
datomic/valcache$uuid_prefix	070cb36ca2b51d5da90d60dafc96676334b233f756b0d14696e23c45e799d55f	ec67759db9ff79387103ed690e73dfef9f9e5bb9a5d19d62b43cbdad1678b536	false
datomic/valcache/IServer	01b4305a4dc68db9bf34bf58b5b7d36859da85a6f9b38981a32388552ea47210	702083642ac6077814b3d13f42925026f0bf456e0aea895f2f7460d99121ce69	false
datomic/valcache/Server	7f299325e7e8feee6f67a258e7376014f46efa27c172559614d453784291f25b	8862ac0b8a2c794c51158fd09d15e4e1b3c81d0d627f13f7a02ca182faf3d18c	false
datomic/valcache/puts_pool$get_from_queued_put	7aeb48c4142c308318c79a97c787f5bd74ed42c79268171f9bb23ea833917cfe	9c249c8c0649f727c650b43dd9018d1b0b522d6c0bbbf92bc00c3eb250ba6e8f	false
datomic/valcache/puts_pool/PutsPool	5d4d80a762fa5d05907445e8706c0acf3541d0e423c415b5a9aad36099dc9c00	75f1217dec0b98902070bb3496f5923e5db926b3f6ff4fa3f680a33f414a8ccf	false
datomic/valcache/puts_pool__init	72071492c13ac95def1216498b1b378051c6cb2da06b1ab4a250b615bc7d95fb	de17d00b531e6baffcda65f051658c86df7bd66200b9335995979c3b5bf10f5a	false
datomic/valcache/puts_pool_impl$create_valcache_puts_pool	04a16552a4520d286f25d429020964eba5e5a028f5ee62c782c0a691809b8832	75d836ceee33f4430c270f957c4bde4fd6f542b7f1fdbea5ceca16d462251785	false
datomic/valcache/puts_pool_impl/ValcachePutsPoolImpl	cca3d8c6a50c91825f56822d17d73df36e4653dec485542c33f6f34602910684	8dddf8a22c01825e536877b5c709040a01116cbc9a5a6055ea18c632cf225677	false
datomic/valcache/puts_pool_impl__init	8902538922fcb411bd04ce37fcb9657098ac8d6d11343d7534aa896c87e24ae6	bc829d66e1a3731095d68240e252c959f3eb553ac1505c22017fead23775def7	false
datomic/valcache__init	4240f87f9d2d0c21cfa9fb96af817b9a589d1302ad83a28d9fa4a2303ed131af	a60dcb5c28d792e7af764f7561189153f8cf3963815f1aa60ee77a78d3c31b38	false
datomic/valcache_direct$create	02513ad0fb710ad5dd0e1cc265ad1e21325e9f7d12bfa2f55c550c6a873d96f4	854c7d553f8c3e1247b6e135d42957c04d1bc5de1fae838444404c8b629ba839	false
datomic/valcache_direct$fits_in_cache_QMARK_	54ee9f8daca9012764f1cca9e0035b48dc2442e48bd0dd2642aa350f9c5153c3	8d8e4f169726422e1bbc6e4a5c210edc0244c1db3c66fa2977d695e2126de24c	false
datomic/valcache_direct/ValcacheDirect	73802da539ee348a3606b2a1f0b8e8317fed3e9aef5504e72ae2b3c3fcf9855e	623446e500cba033b40698accd5afe2ef166008fa809bd9e6b337f1e4e9023bb	false
datomic/valcache_direct__init	1479ee9ead6665cec6ff2cad4877d9e944ae5c331db3f02df7b29a5ae7e0a84a	1dac531563d051bc376ee4a25960bd3354a3bb491e18b8ac11de09c2632e16b4	false
datomic/validators$allow_keys	5f70d4ddd7f12f4b8a188842233cda715d92818a25d0d4006dba16675bc73f33	1115788bbb06b97d8e605fcf29106448e40bf1c8dd7ed89661d906acc87f48c6	false
datomic/validators$require_keys	569c1dc985cd817030dcc824b8a50cdbe216d15be0648a434f4ee7bbe8673bfe	fce770556e006fa169e0d8be078e92ae86a7c73cca23d4d046d65d0f7beaa462	false
datomic/validators__init	f0ac50d1e481025ed960b2a7e887bd36b4ec56a0c5c41e8756130298b3869e15	a39f3822cde3047a71f9c2b923862853ffb11648f7ce502c9cfdec693bd0b991	false
