class	jar_count	jars	all_definitions_detailed	distinct_sha256	byte_identical	sha256_by_jar
datomic/core2/algo/hash$consistent_ring	2	core2-1.0.140.jar,peer-1.0.7277.jar	true	1	true	core2-1.0.140.jar=ac586d168b770e406cfa25129cf854fb852df5c1622f380ea6b4a8cc94e2dfd2,peer-1.0.7277.jar=ac586d168b770e406cfa25129cf854fb852df5c1622f380ea6b4a8cc94e2dfd2
datomic/core2/algo/hash$consistent_ring$fn__19390	2	core2-1.0.140.jar,peer-1.0.7277.jar	true	1	true	core2-1.0.140.jar=c95255846b845e8221220c5d39f2874f8f62d05dfd94f25cafd5d3acd58de2ed,peer-1.0.7277.jar=c95255846b845e8221220c5d39f2874f8f62d05dfd94f25cafd5d3acd58de2ed
datomic/core2/algo/hash$consistent_ring$fn__19401	2	core2-1.0.140.jar,peer-1.0.7277.jar	true	1	true	core2-1.0.140.jar=974b2cc24393b2be6986e346aa0199a8153b5c22506e511ee6730c9aad70d305,peer-1.0.7277.jar=974b2cc24393b2be6986e346aa0199a8153b5c22506e511ee6730c9aad70d305
datomic/core2/algo/hash$fn__19387	2	core2-1.0.140.jar,peer-1.0.7277.jar	true	1	true	core2-1.0.140.jar=e19db4569934afde47a60c9bc5327fcb7c238ae0eb60cf551145da777aa167ee,peer-1.0.7277.jar=e19db4569934afde47a60c9bc5327fcb7c238ae0eb60cf551145da777aa167ee
datomic/core2/algo/hash$loading__6789__auto____19385	2	core2-1.0.140.jar,peer-1.0.7277.jar	true	1	true	core2-1.0.140.jar=100ddec502eb8c6a6ead9115c726fd21303a538a609af0e3099066603a279b5c,peer-1.0.7277.jar=100ddec502eb8c6a6ead9115c726fd21303a538a609af0e3099066603a279b5c
datomic/core2/algo/hash$murmur3_with_dashnum_keys	2	core2-1.0.140.jar,peer-1.0.7277.jar	true	1	true	core2-1.0.140.jar=4e7f37976182a24c37537cb1f49c120652d54ecfe616aed8078dc10a6325ee74,peer-1.0.7277.jar=4e7f37976182a24c37537cb1f49c120652d54ecfe616aed8078dc10a6325ee74
datomic/core2/algo/hash$murmur3_with_dashnum_keys$fn__19407	2	core2-1.0.140.jar,peer-1.0.7277.jar	true	1	true	core2-1.0.140.jar=0c409e8559fe4ae6192661e65a6edf569a7bf62f8b23c1b1aa32aa3fca388012,peer-1.0.7277.jar=0c409e8559fe4ae6192661e65a6edf569a7bf62f8b23c1b1aa32aa3fca388012
datomic/core2/algo/hash__init	2	core2-1.0.140.jar,peer-1.0.7277.jar	true	1	true	core2-1.0.140.jar=21d0501e50a7eac969207a5614050a2c81eca64381d51d952c33db941bd85362,peer-1.0.7277.jar=21d0501e50a7eac969207a5614050a2c81eca64381d51d952c33db941bd85362
datomic/core2/algo/lazy$fn__19412	2	core2-1.0.140.jar,peer-1.0.7277.jar	true	1	true	core2-1.0.140.jar=4d20febbb27cfac57499576520b500917383543bed35bcb45c410afecfb89854,peer-1.0.7277.jar=4d20febbb27cfac57499576520b500917383543bed35bcb45c410afecfb89854
datomic/core2/algo/lazy$fred	2	core2-1.0.140.jar,peer-1.0.7277.jar	true	1	true	core2-1.0.140.jar=258670c7503b1680ef49b7315b1d18f9d8b21cfd749e8eeaa2b2c663c467cea3,peer-1.0.7277.jar=258670c7503b1680ef49b7315b1d18f9d8b21cfd749e8eeaa2b2c663c467cea3
datomic/core2/algo/lazy$fully_partition_by	2	core2-1.0.140.jar,peer-1.0.7277.jar	true	1	true	core2-1.0.140.jar=d24382c84f946ea4f53f2ec9c308271fe5a635d409986a8b4e3472888619c098,peer-1.0.7277.jar=d24382c84f946ea4f53f2ec9c308271fe5a635d409986a8b4e3472888619c098
datomic/core2/algo/lazy$fully_partition_by$fpb__19419	2	core2-1.0.140.jar,peer-1.0.7277.jar	true	1	true	core2-1.0.140.jar=fca00c6d91e19590a2800bafc9ae0d8ae51693563db81a22d4a254b73a56d73d,peer-1.0.7277.jar=fca00c6d91e19590a2800bafc9ae0d8ae51693563db81a22d4a254b73a56d73d
datomic/core2/algo/lazy$fully_partition_by$fpb__19419$fn__19420	2	core2-1.0.140.jar,peer-1.0.7277.jar	true	1	true	core2-1.0.140.jar=c5f2bb5a3c8e0db8eb7fe62fe5f38f8a091d57298748b5d30254129e377dfee3,peer-1.0.7277.jar=c5f2bb5a3c8e0db8eb7fe62fe5f38f8a091d57298748b5d30254129e377dfee3
datomic/core2/algo/lazy$fully_partition_by$fpb__19419$fn__19420$fn__19421	2	core2-1.0.140.jar,peer-1.0.7277.jar	true	1	true	core2-1.0.140.jar=c7fbfe4dd8edca52ab648a055b637003bc11bbf9e1ada8104599f42e621752d8,peer-1.0.7277.jar=c7fbfe4dd8edca52ab648a055b637003bc11bbf9e1ada8104599f42e621752d8
datomic/core2/algo/lazy$fully_take_while_delivering_tail	2	core2-1.0.140.jar,peer-1.0.7277.jar	true	1	true	core2-1.0.140.jar=e5ad73febdab2fea9b7bf1eb28a149897ec6300452959e92fda4b5d4b4cfe703,peer-1.0.7277.jar=e5ad73febdab2fea9b7bf1eb28a149897ec6300452959e92fda4b5d4b4cfe703
datomic/core2/algo/lazy$fully_take_while_delivering_tail$fn__19414	2	core2-1.0.140.jar,peer-1.0.7277.jar	true	1	true	core2-1.0.140.jar=40330997e0f27cffa303e6e83bd2b690b27dba92508cde702bef131f56dc805c,peer-1.0.7277.jar=40330997e0f27cffa303e6e83bd2b690b27dba92508cde702bef131f56dc805c
datomic/core2/algo/lazy$loading__6789__auto____19410	2	core2-1.0.140.jar,peer-1.0.7277.jar	true	1	true	core2-1.0.140.jar=70340bd49d6447cf31b888c9666a277857551b4ddd0f754b1844692ccf6a2a5b,peer-1.0.7277.jar=70340bd49d6447cf31b888c9666a277857551b4ddd0f754b1844692ccf6a2a5b
datomic/core2/algo/lazy__init	2	core2-1.0.140.jar,peer-1.0.7277.jar	true	1	true	core2-1.0.140.jar=3a7f2dab8e28cca5b8e3a12a2fddc94d8fe807b9fa5afe62db207fd6547de06c,peer-1.0.7277.jar=3a7f2dab8e28cca5b8e3a12a2fddc94d8fe807b9fa5afe62db207fd6547de06c
datomic/core2/algo/search$binary_search	2	core2-1.0.140.jar,peer-1.0.7277.jar	true	1	true	core2-1.0.140.jar=e3b8c14ba58d8692329c7611595747959ea2baa60a09562d063fc17cd8908200,peer-1.0.7277.jar=e3b8c14ba58d8692329c7611595747959ea2baa60a09562d063fc17cd8908200
datomic/core2/algo/search$fn__19431	2	core2-1.0.140.jar,peer-1.0.7277.jar	true	1	true	core2-1.0.140.jar=7448b0c1a3f85e30a6922939b9a4bc989fcbe4546f63ab6f24660c13d7d50744,peer-1.0.7277.jar=7448b0c1a3f85e30a6922939b9a4bc989fcbe4546f63ab6f24660c13d7d50744
datomic/core2/algo/search$fn_comparator	2	core2-1.0.140.jar,peer-1.0.7277.jar	true	1	true	core2-1.0.140.jar=94d8091150f721f5f2a125264791b3938351c9105fe4b41215e4b8b05db5533f,peer-1.0.7277.jar=94d8091150f721f5f2a125264791b3938351c9105fe4b41215e4b8b05db5533f
datomic/core2/algo/search$fn_comparator$reify__19433	2	core2-1.0.140.jar,peer-1.0.7277.jar	true	1	true	core2-1.0.140.jar=acf9b20fa8d6c3ca57ccffcf702387a1d163ff80c62e66d3043fc3c62e8d1479,peer-1.0.7277.jar=acf9b20fa8d6c3ca57ccffcf702387a1d163ff80c62e66d3043fc3c62e8d1479
datomic/core2/algo/search$fn_comparator$reify__19435	2	core2-1.0.140.jar,peer-1.0.7277.jar	true	1	true	core2-1.0.140.jar=9ecb77c1b8dbf3b4a3c0fbc24d9bf3771cb297dc3d35305bd661bc9b36257064,peer-1.0.7277.jar=9ecb77c1b8dbf3b4a3c0fbc24d9bf3771cb297dc3d35305bd661bc9b36257064
datomic/core2/algo/search$loading__6789__auto____19429	2	core2-1.0.140.jar,peer-1.0.7277.jar	true	1	true	core2-1.0.140.jar=2785a70fbc9e5920f9606d20eb89abc4b321ac83ef5745bd470d9b559b1e9b75,peer-1.0.7277.jar=2785a70fbc9e5920f9606d20eb89abc4b321ac83ef5745bd470d9b559b1e9b75
datomic/core2/algo/search__init	2	core2-1.0.140.jar,peer-1.0.7277.jar	true	1	true	core2-1.0.140.jar=1c12e50911fdaf43f29af3d8945a0cfb4eb00367e027117fb9cba5a89d070fdb,peer-1.0.7277.jar=1c12e50911fdaf43f29af3d8945a0cfb4eb00367e027117fb9cba5a89d070fdb
datomic/core2/anomalies$_slet_STAR_	2	core2-1.0.140.jar,peer-1.0.7277.jar	true	1	true	core2-1.0.140.jar=da6711a9c31fac11004f9117c497e6d8992161263e9487bfb436815bd8e7cd78,peer-1.0.7277.jar=da6711a9c31fac11004f9117c497e6d8992161263e9487bfb436815bd8e7cd78
datomic/core2/anomalies$anom	2	core2-1.0.140.jar,peer-1.0.7277.jar	true	1	true	core2-1.0.140.jar=ef7034167e9aabbc8c22f7ecf8117cffe9dd35fefb4f906463c0c2240f453e2a,peer-1.0.7277.jar=ef7034167e9aabbc8c22f7ecf8117cffe9dd35fefb4f906463c0c2240f453e2a
datomic/core2/anomalies$athrow	2	core2-1.0.140.jar,peer-1.0.7277.jar	true	1	true	core2-1.0.140.jar=7960d695cf21150ea021ae175fbd13d206f2a4f43d9a76e96befb935104378fc,peer-1.0.7277.jar=7960d695cf21150ea021ae175fbd13d206f2a4f43d9a76e96befb935104378fc
datomic/core2/anomalies$busy_QMARK_	2	core2-1.0.140.jar,peer-1.0.7277.jar	true	1	true	core2-1.0.140.jar=e40eed4a5e98fe787e01cc5a0408eeb8545552400647696d746a67ed55515d03,peer-1.0.7277.jar=e40eed4a5e98fe787e01cc5a0408eeb8545552400647696d746a67ed55515d03
datomic/core2/anomalies$conflict_QMARK_	2	core2-1.0.140.jar,peer-1.0.7277.jar	true	1	true	core2-1.0.140.jar=2e77061be5538138ce225d075fda46029552e3d9c2c654ceb25332ab4c109f90,peer-1.0.7277.jar=2e77061be5538138ce225d075fda46029552e3d9c2c654ceb25332ab4c109f90
datomic/core2/anomalies$fault	2	core2-1.0.140.jar,peer-1.0.7277.jar	true	1	true	core2-1.0.140.jar=4d1af1aafd13df5d7e3d3dcb5eb92a4dfd6824778558f2e257d16fcb8b8131c7,peer-1.0.7277.jar=4d1af1aafd13df5d7e3d3dcb5eb92a4dfd6824778558f2e257d16fcb8b8131c7
datomic/core2/anomalies$fault_QMARK_	2	core2-1.0.140.jar,peer-1.0.7277.jar	true	1	true	core2-1.0.140.jar=830ca0eb6f05446964ca8966b6045948ad4a34a2b3895b15c3877fc7d4bef6e0,peer-1.0.7277.jar=830ca0eb6f05446964ca8966b6045948ad4a34a2b3895b15c3877fc7d4bef6e0
datomic/core2/anomalies$fn__19441	2	core2-1.0.140.jar,peer-1.0.7277.jar	true	1	true	core2-1.0.140.jar=f401ee420f5ad28682e9099663c9f5fa5fec1e4fa121f58c63f61207486e8350,peer-1.0.7277.jar=f401ee420f5ad28682e9099663c9f5fa5fec1e4fa121f58c63f61207486e8350
datomic/core2/anomalies$forbidden_QMARK_	2	core2-1.0.140.jar,peer-1.0.7277.jar	true	1	true	core2-1.0.140.jar=3b927256c1814ac538a36bc4b3632d252a5ddc826bf5c438383c98c60ef5adf7,peer-1.0.7277.jar=3b927256c1814ac538a36bc4b3632d252a5ddc826bf5c438383c98c60ef5adf7
datomic/core2/anomalies$incorrect_QMARK_	2	core2-1.0.140.jar,peer-1.0.7277.jar	true	1	true	core2-1.0.140.jar=09f53a02c5c21598b105cda51d845b273c3cfd660df202261049356b75f7cc86,peer-1.0.7277.jar=09f53a02c5c21598b105cda51d845b273c3cfd660df202261049356b75f7cc86
datomic/core2/anomalies$loading__6789__auto____19439	2	core2-1.0.140.jar,peer-1.0.7277.jar	true	1	true	core2-1.0.140.jar=4c0a50ba8ea1a6ba370fb414442084e42e84d1973492b83d7f18ad3e7e12a1c8,peer-1.0.7277.jar=4c0a50ba8ea1a6ba370fb414442084e42e84d1973492b83d7f18ad3e7e12a1c8
datomic/core2/anomalies$not_found_QMARK_	2	core2-1.0.140.jar,peer-1.0.7277.jar	true	1	true	core2-1.0.140.jar=8a1f8cad079be922c478ce5c355d905308f68559539af2357a52addfa454f13e,peer-1.0.7277.jar=8a1f8cad079be922c478ce5c355d905308f68559539af2357a52addfa454f13e
datomic/core2/anomalies$ok_QMARK_	2	core2-1.0.140.jar,peer-1.0.7277.jar	true	1	true	core2-1.0.140.jar=26b7fe33ebf7fe342f85517be73e666d4b254a4a60f8743e5d65f4d317743bf4,peer-1.0.7277.jar=26b7fe33ebf7fe342f85517be73e666d4b254a4a60f8743e5d65f4d317743bf4
datomic/core2/anomalies$ok__GT_	2	core2-1.0.140.jar,peer-1.0.7277.jar	true	1	true	core2-1.0.140.jar=178351b4eb0a93ab71385584f70caf9f4a05235c06be67311da722ee1aaad7c3,peer-1.0.7277.jar=178351b4eb0a93ab71385584f70caf9f4a05235c06be67311da722ee1aaad7c3
datomic/core2/anomalies$ok__GT_$fn__19452	2	core2-1.0.140.jar,peer-1.0.7277.jar	true	1	true	core2-1.0.140.jar=012a1b2cf5529644ee23d66fbe9a954ff8cedf31744e9cea6bbffb538a69acb7,peer-1.0.7277.jar=012a1b2cf5529644ee23d66fbe9a954ff8cedf31744e9cea6bbffb538a69acb7
datomic/core2/anomalies$returning	2	core2-1.0.140.jar,peer-1.0.7277.jar	true	1	true	core2-1.0.140.jar=70ee1789c0ba1778e0522d1ba3695d71124bf0c41ae1cb5c40e09be30b86757f,peer-1.0.7277.jar=70ee1789c0ba1778e0522d1ba3695d71124bf0c41ae1cb5c40e09be30b86757f
datomic/core2/anomalies$slet	2	core2-1.0.140.jar,peer-1.0.7277.jar	true	1	true	core2-1.0.140.jar=5fc6be274ed7a43c976041f973e264051f3025c9be2b1fe910dec9a6dd3c480e,peer-1.0.7277.jar=5fc6be274ed7a43c976041f973e264051f3025c9be2b1fe910dec9a6dd3c480e
datomic/core2/anomalies$unavailable_QMARK_	2	core2-1.0.140.jar,peer-1.0.7277.jar	true	1	true	core2-1.0.140.jar=e235bbe90ba2ad9a872674ca7f06827b627e542cfa21fd5a6a7db4f73b002982,peer-1.0.7277.jar=e235bbe90ba2ad9a872674ca7f06827b627e542cfa21fd5a6a7db4f73b002982
datomic/core2/anomalies__init	2	core2-1.0.140.jar,peer-1.0.7277.jar	true	1	true	core2-1.0.140.jar=22bea86c11487fa3f1565aaa7edef891c3f8b7af4df824c02acebc5e197c7758,peer-1.0.7277.jar=22bea86c11487fa3f1565aaa7edef891c3f8b7af4df824c02acebc5e197c7758
datomic/core2/async$_LT__BANG__BANG_x	2	core2-1.0.140.jar,peer-1.0.7277.jar	true	1	true	core2-1.0.140.jar=d966915ef2423e19ad48db91bde2861da4f7a5e8a27bde1f54905e8753bc6605,peer-1.0.7277.jar=d966915ef2423e19ad48db91bde2861da4f7a5e8a27bde1f54905e8753bc6605
datomic/core2/async$_LT__BANG_x	2	core2-1.0.140.jar,peer-1.0.7277.jar	true	1	true	core2-1.0.140.jar=f088390e719f651562b8aaf1bc0e3ccfb25992a5dc81aaa0767dfb6f6f6cf912,peer-1.0.7277.jar=f088390e719f651562b8aaf1bc0e3ccfb25992a5dc81aaa0767dfb6f6f6cf912
datomic/core2/async$aderef	2	core2-1.0.140.jar,peer-1.0.7277.jar	true	1	true	core2-1.0.140.jar=75ddbf8837d52ea32baf37e9d3335cbca5359925a5ff0d45ceefa29d3a529524,peer-1.0.7277.jar=75ddbf8837d52ea32baf37e9d3335cbca5359925a5ff0d45ceefa29d3a529524
datomic/core2/async$aderef_n	2	core2-1.0.140.jar,peer-1.0.7277.jar	true	1	true	core2-1.0.140.jar=17f5534ab32488c8295f30e8d81b1bc8bc828d045daeb28a2b00c471320052ad,peer-1.0.7277.jar=17f5534ab32488c8295f30e8d81b1bc8bc828d045daeb28a2b00c471320052ad
datomic/core2/async$channel_closed_error	2	core2-1.0.140.jar,peer-1.0.7277.jar	true	1	true	core2-1.0.140.jar=c61ea5ef8e90195e06cb1676ff5bae5cdb461167924e7d601ff72a9594d592cd,peer-1.0.7277.jar=c61ea5ef8e90195e06cb1676ff5bae5cdb461167924e7d601ff72a9594d592cd
datomic/core2/async$fn__19468	2	core2-1.0.140.jar,peer-1.0.7277.jar	true	1	true	core2-1.0.140.jar=d42bad19fc036786642d1b31042dae56f89ef3dffcc61a526637fb076999147f,peer-1.0.7277.jar=d42bad19fc036786642d1b31042dae56f89ef3dffcc61a526637fb076999147f
datomic/core2/async$loading__6789__auto____19466	2	core2-1.0.140.jar,peer-1.0.7277.jar	true	1	true	core2-1.0.140.jar=d7882140bbc70bf1d7405c636f79ca7c1ff08dca8664e279e6b0b31030b5e7a6,peer-1.0.7277.jar=d7882140bbc70bf1d7405c636f79ca7c1ff08dca8664e279e6b0b31030b5e7a6
datomic/core2/async$put_all_BANG_	2	core2-1.0.140.jar,peer-1.0.7277.jar	true	1	true	core2-1.0.140.jar=bc2627c4f20c6577e7cd1052ae13660f80d5758230cfd30f25c6e20aa8412089,peer-1.0.7277.jar=bc2627c4f20c6577e7cd1052ae13660f80d5758230cfd30f25c6e20aa8412089
datomic/core2/async$put_all_BANG_$fn__19616	2	core2-1.0.140.jar,peer-1.0.7277.jar	true	1	true	core2-1.0.140.jar=defab9f786547f592958e0c4b9c2d8bce2e3dc6db21886fc7edde973a7a6eafd,peer-1.0.7277.jar=defab9f786547f592958e0c4b9c2d8bce2e3dc6db21886fc7edde973a7a6eafd
datomic/core2/async$put_all_BANG_$fn__19616$G__19583__19617	2	core2-1.0.140.jar,peer-1.0.7277.jar	true	1	true	core2-1.0.140.jar=62d5b4a7cb4e28d644edbc6c16c9fa63517abdbe8edc97a094855fe5737f6974,peer-1.0.7277.jar=62d5b4a7cb4e28d644edbc6c16c9fa63517abdbe8edc97a094855fe5737f6974
datomic/core2/async$put_all_BANG_$fn__19616$G__19584__19619	2	core2-1.0.140.jar,peer-1.0.7277.jar	true	1	true	core2-1.0.140.jar=e5bae25a8611ff940c4f39f17f5103bfa6ae36089c446bcb48351f4a46372c4d,peer-1.0.7277.jar=e5bae25a8611ff940c4f39f17f5103bfa6ae36089c446bcb48351f4a46372c4d
datomic/core2/async$put_all_BANG_$fn__19616$G__19585__19621	2	core2-1.0.140.jar,peer-1.0.7277.jar	true	1	true	core2-1.0.140.jar=ce51a549d2548887fa453ecb5c1ce22b002f7f8c47f53c17dc9f4f34bc575b06,peer-1.0.7277.jar=ce51a549d2548887fa453ecb5c1ce22b002f7f8c47f53c17dc9f4f34bc575b06
datomic/core2/async$put_all_BANG_$fn__19616$state_machine__9975__auto____19623	2	core2-1.0.140.jar,peer-1.0.7277.jar	true	1	true	core2-1.0.140.jar=70ea55faa67ba81539f8dbd992b197f98e60d9ed976c79138d9beea5830125a7,peer-1.0.7277.jar=70ea55faa67ba81539f8dbd992b197f98e60d9ed976c79138d9beea5830125a7
datomic/core2/async$put_all_BANG_$fn__19616$state_machine__9975__auto____19623$fn__19625	2	core2-1.0.140.jar,peer-1.0.7277.jar	true	1	true	core2-1.0.140.jar=b84187847c8dbd32da15a805c237d7313d72153eba242f6806028ca9b7282bae,peer-1.0.7277.jar=b84187847c8dbd32da15a805c237d7313d72153eba242f6806028ca9b7282bae
datomic/core2/async$retry	2	core2-1.0.140.jar,peer-1.0.7277.jar	true	1	true	core2-1.0.140.jar=5737d079ac02a9d68cd8224754aeacfcf87db491d22bc479d47be8296110bbbe,peer-1.0.7277.jar=5737d079ac02a9d68cd8224754aeacfcf87db491d22bc479d47be8296110bbbe
datomic/core2/async$retry$fn__19535	2	core2-1.0.140.jar,peer-1.0.7277.jar	true	1	true	core2-1.0.140.jar=3f4b8f6ca6216c1aed69d3048cce8471a7c6b6aea53c53509fb03fcae7f34e7e,peer-1.0.7277.jar=3f4b8f6ca6216c1aed69d3048cce8471a7c6b6aea53c53509fb03fcae7f34e7e
datomic/core2/async$retry$fn__19535$G__19480__19536	2	core2-1.0.140.jar,peer-1.0.7277.jar	true	1	true	core2-1.0.140.jar=f00051ce9de3a3b15ee614093ee1ec5cf5a0e4c78e4360020232bfdc92daef16,peer-1.0.7277.jar=f00051ce9de3a3b15ee614093ee1ec5cf5a0e4c78e4360020232bfdc92daef16
datomic/core2/async$retry$fn__19535$G__19481__19538	2	core2-1.0.140.jar,peer-1.0.7277.jar	true	1	true	core2-1.0.140.jar=ac6f91479b16fb4c3f985b4efcf8ec0545448ea63108aa0ac1d56c396143615a,peer-1.0.7277.jar=ac6f91479b16fb4c3f985b4efcf8ec0545448ea63108aa0ac1d56c396143615a
datomic/core2/async$retry$fn__19535$G__19482__19540	2	core2-1.0.140.jar,peer-1.0.7277.jar	true	1	true	core2-1.0.140.jar=9c32146e262982ae517cbe8d54ee72d3b7e8e945f44ff17ebb4deb94d9acfba2,peer-1.0.7277.jar=9c32146e262982ae517cbe8d54ee72d3b7e8e945f44ff17ebb4deb94d9acfba2
datomic/core2/async$retry$fn__19535$G__19483__19542	2	core2-1.0.140.jar,peer-1.0.7277.jar	true	1	true	core2-1.0.140.jar=90fc06fa257bfcc96f74372764422e52c78e5268deb3a3171fd4836fa7a4f2a5,peer-1.0.7277.jar=90fc06fa257bfcc96f74372764422e52c78e5268deb3a3171fd4836fa7a4f2a5
datomic/core2/async$retry$fn__19535$G__19484__19544	2	core2-1.0.140.jar,peer-1.0.7277.jar	true	1	true	core2-1.0.140.jar=04150c94d7ebbc098991ec28b5f8a70cedeb23604f6f32243087de19b9daaf7f,peer-1.0.7277.jar=04150c94d7ebbc098991ec28b5f8a70cedeb23604f6f32243087de19b9daaf7f
datomic/core2/async$retry$fn__19535$G__19485__19546	2	core2-1.0.140.jar,peer-1.0.7277.jar	true	1	true	core2-1.0.140.jar=b2069e1e7a3322f3a43b40515f059ae0be940c756c3bc039026f462df60fd7d7,peer-1.0.7277.jar=b2069e1e7a3322f3a43b40515f059ae0be940c756c3bc039026f462df60fd7d7
datomic/core2/async$retry$fn__19535$G__19486__19548	2	core2-1.0.140.jar,peer-1.0.7277.jar	true	1	true	core2-1.0.140.jar=beac71e23129599714a485c4148fadbfb6f22f63b663fa99343a68787039970b,peer-1.0.7277.jar=beac71e23129599714a485c4148fadbfb6f22f63b663fa99343a68787039970b
datomic/core2/async$retry$fn__19535$state_machine__9975__auto____19550	2	core2-1.0.140.jar,peer-1.0.7277.jar	true	1	true	core2-1.0.140.jar=2a742d91b8062c555572b3f45be25d872309817c2a4f1dc82ed07d1e5666560c,peer-1.0.7277.jar=2a742d91b8062c555572b3f45be25d872309817c2a4f1dc82ed07d1e5666560c
datomic/core2/async$retry$fn__19535$state_machine__9975__auto____19550$fn__19552	2	core2-1.0.140.jar,peer-1.0.7277.jar	true	1	true	core2-1.0.140.jar=1370e8ee3e88ab5487bbe240ff4eb3a254407478a9abde02672d82e5b37e4f1c,peer-1.0.7277.jar=1370e8ee3e88ab5487bbe240ff4eb3a254407478a9abde02672d82e5b37e4f1c
datomic/core2/async__init	2	core2-1.0.140.jar,peer-1.0.7277.jar	true	1	true	core2-1.0.140.jar=1e6cc685fe93ed45868189ddb59eff44e522753f83783ef61a122638c6d5011f,peer-1.0.7277.jar=1e6cc685fe93ed45868189ddb59eff44e522753f83783ef61a122638c6d5011f
datomic/core2/atom$fn__19660	2	core2-1.0.140.jar,peer-1.0.7277.jar	true	1	true	core2-1.0.140.jar=ee15a9cf59ab687f0730e763587ccc9d78346fbf65f1cf2913d5aa2fcfef28c8,peer-1.0.7277.jar=ee15a9cf59ab687f0730e763587ccc9d78346fbf65f1cf2913d5aa2fcfef28c8
datomic/core2/atom$loading__6789__auto____19658	2	core2-1.0.140.jar,peer-1.0.7277.jar	true	1	true	core2-1.0.140.jar=e1ef1dc345f93cb21474c3ff0aee791ac91fb39ce197ebe74875c285a499ac78,peer-1.0.7277.jar=e1ef1dc345f93cb21474c3ff0aee791ac91fb39ce197ebe74875c285a499ac78
datomic/core2/atom$reset_BANG_	2	core2-1.0.140.jar,peer-1.0.7277.jar	true	1	true	core2-1.0.140.jar=56ea6ca514476aa1beadbbcdda1bea9f77c5e8cd1c418f355d2eda36e79862b8,peer-1.0.7277.jar=56ea6ca514476aa1beadbbcdda1bea9f77c5e8cd1c418f355d2eda36e79862b8
datomic/core2/atom$reset_BANG_$fn__19663	2	core2-1.0.140.jar,peer-1.0.7277.jar	true	1	true	core2-1.0.140.jar=8fdbe5f2c234a58002943e76f932b46c032555a05884bab35da8776af154091f,peer-1.0.7277.jar=8fdbe5f2c234a58002943e76f932b46c032555a05884bab35da8776af154091f
datomic/core2/atom$swap_BANG_	2	core2-1.0.140.jar,peer-1.0.7277.jar	true	1	true	core2-1.0.140.jar=e3640a5e7367629ee62a5e1f5c28064ce04367f91b3eb0e4cbec8e50d6cbcfb3,peer-1.0.7277.jar=e3640a5e7367629ee62a5e1f5c28064ce04367f91b3eb0e4cbec8e50d6cbcfb3
datomic/core2/atom$swap_BANG_$fn__19671	2	core2-1.0.140.jar,peer-1.0.7277.jar	true	1	true	core2-1.0.140.jar=9822147b09ef9f9250d9419a5a4c853911de08f40d66d4b4a95f5d036f4b9ee1,peer-1.0.7277.jar=9822147b09ef9f9250d9419a5a4c853911de08f40d66d4b4a95f5d036f4b9ee1
datomic/core2/atom$swap_BANG_$fn__19674	2	core2-1.0.140.jar,peer-1.0.7277.jar	true	1	true	core2-1.0.140.jar=d83c6adbc7e1d0f823069d081d9892800eeb0f202554e4e54d1db5590131c24e,peer-1.0.7277.jar=d83c6adbc7e1d0f823069d081d9892800eeb0f202554e4e54d1db5590131c24e
datomic/core2/atom$swap_vals_BANG_	2	core2-1.0.140.jar,peer-1.0.7277.jar	true	1	true	core2-1.0.140.jar=f831cf62eeca215965e9826cb03449e72ab879364822c94ae0439e351ed0b499,peer-1.0.7277.jar=f831cf62eeca215965e9826cb03449e72ab879364822c94ae0439e351ed0b499
datomic/core2/atom$swap_vals_BANG_$fn__19667	2	core2-1.0.140.jar,peer-1.0.7277.jar	true	1	true	core2-1.0.140.jar=c2a51ca658fc5cdb5abc01b6ef09c3fdb537cf024f5c7bcd4b811a2c74cb3cce,peer-1.0.7277.jar=c2a51ca658fc5cdb5abc01b6ef09c3fdb537cf024f5c7bcd4b811a2c74cb3cce
datomic/core2/atom$sync	2	core2-1.0.140.jar,peer-1.0.7277.jar	true	1	true	core2-1.0.140.jar=58db8761b65ba72f7f75471bd358280df08cd88d31b648510d6a84621a26a005,peer-1.0.7277.jar=58db8761b65ba72f7f75471bd358280df08cd88d31b648510d6a84621a26a005
datomic/core2/atom/logged$append_value	2	core2-1.0.140.jar,peer-1.0.7277.jar	true	1	true	core2-1.0.140.jar=6f75d33da1f278c61ca8f3a33544e6e6be03cfe6e75c13f477cbf0ad636872cb,peer-1.0.7277.jar=6f75d33da1f278c61ca8f3a33544e6e6be03cfe6e75c13f477cbf0ad636872cb
datomic/core2/atom/logged$append_value$fn__19744	2	core2-1.0.140.jar,peer-1.0.7277.jar	true	1	true	core2-1.0.140.jar=d91a05e4d8b5338af4a3ad18da7595696497e5d0376a7fabb6e4785d4ee1a057,peer-1.0.7277.jar=d91a05e4d8b5338af4a3ad18da7595696497e5d0376a7fabb6e4785d4ee1a057
datomic/core2/atom/logged$append_value$fn__19744$G__19716__19745	2	core2-1.0.140.jar,peer-1.0.7277.jar	true	1	true	core2-1.0.140.jar=e65cac694cfed04c006c87c226c1bb5491243415834134ef3ea3362e58c4343e,peer-1.0.7277.jar=e65cac694cfed04c006c87c226c1bb5491243415834134ef3ea3362e58c4343e
datomic/core2/atom/logged$append_value$fn__19744$G__19717__19747	2	core2-1.0.140.jar,peer-1.0.7277.jar	true	1	true	core2-1.0.140.jar=43138e2a8d05b7502ef692b23ebe16d865408f7f13da036ff5f9d4cc908590e2,peer-1.0.7277.jar=43138e2a8d05b7502ef692b23ebe16d865408f7f13da036ff5f9d4cc908590e2
datomic/core2/atom/logged$append_value$fn__19744$G__19718__19749	2	core2-1.0.140.jar,peer-1.0.7277.jar	true	1	true	core2-1.0.140.jar=f87e217221e2178fcdd886cb7bde01f7b94609c3708fbb518da0c243b3edf184,peer-1.0.7277.jar=f87e217221e2178fcdd886cb7bde01f7b94609c3708fbb518da0c243b3edf184
datomic/core2/atom/logged$append_value$fn__19744$G__19719__19751	2	core2-1.0.140.jar,peer-1.0.7277.jar	true	1	true	core2-1.0.140.jar=38f7a52dd88d93d5925c379f5ac390eddab1a04cec6e1920bf263fbed6efb902,peer-1.0.7277.jar=38f7a52dd88d93d5925c379f5ac390eddab1a04cec6e1920bf263fbed6efb902
datomic/core2/atom/logged$append_value$fn__19744$state_machine__9975__auto____19753	2	core2-1.0.140.jar,peer-1.0.7277.jar	true	1	true	core2-1.0.140.jar=681168b1ace61aca39e098bb7d48185033b72dd883a18811f540c4bd804ae77f,peer-1.0.7277.jar=681168b1ace61aca39e098bb7d48185033b72dd883a18811f540c4bd804ae77f
datomic/core2/atom/logged$append_value$fn__19744$state_machine__9975__auto____19753$fn__19755	2	core2-1.0.140.jar,peer-1.0.7277.jar	true	1	true	core2-1.0.140.jar=2368596f195d2369c74976405337ef82e3dc8a6b5559ee04445ad47f57c6bbe6,peer-1.0.7277.jar=2368596f195d2369c74976405337ef82e3dc8a6b5559ee04445ad47f57c6bbe6
datomic/core2/atom/logged$create	2	core2-1.0.140.jar,peer-1.0.7277.jar	true	1	true	core2-1.0.140.jar=22185558f27ea907d4e90947b9f3dd8175d6d9e87c4f030604db0225d55ce7f2,peer-1.0.7277.jar=22185558f27ea907d4e90947b9f3dd8175d6d9e87c4f030604db0225d55ce7f2
datomic/core2/atom/logged$create$fn__20351	2	core2-1.0.140.jar,peer-1.0.7277.jar	true	1	true	core2-1.0.140.jar=4f13806a2972b5bab71409438f6ed0df84b8b26e0ed442680765d167d12d7c10,peer-1.0.7277.jar=4f13806a2972b5bab71409438f6ed0df84b8b26e0ed442680765d167d12d7c10
datomic/core2/atom/logged$create$fn__20351$G__20322__20352	2	core2-1.0.140.jar,peer-1.0.7277.jar	true	1	true	core2-1.0.140.jar=048b643d3ab7128040394df0208808b77aec7e51c2f12bd7f4728f5be5f31588,peer-1.0.7277.jar=048b643d3ab7128040394df0208808b77aec7e51c2f12bd7f4728f5be5f31588
datomic/core2/atom/logged$create$fn__20351$G__20323__20354	2	core2-1.0.140.jar,peer-1.0.7277.jar	true	1	true	core2-1.0.140.jar=88da69f73719d0d06d7025ed19f53e312c1dbeb026d53842b6ae4d2b28ff9ae8,peer-1.0.7277.jar=88da69f73719d0d06d7025ed19f53e312c1dbeb026d53842b6ae4d2b28ff9ae8
datomic/core2/atom/logged$create$fn__20351$G__20324__20356	2	core2-1.0.140.jar,peer-1.0.7277.jar	true	1	true	core2-1.0.140.jar=b532cbe9a17fdaf895541557e544bea3dbf7628a2bd2cd4e144216f71287d342,peer-1.0.7277.jar=b532cbe9a17fdaf895541557e544bea3dbf7628a2bd2cd4e144216f71287d342
datomic/core2/atom/logged$create$fn__20351$G__20325__20358	2	core2-1.0.140.jar,peer-1.0.7277.jar	true	1	true	core2-1.0.140.jar=53b78f8295287b7361441916c0454dbbf38810ddd2474b08ab70eea5b55a7127,peer-1.0.7277.jar=53b78f8295287b7361441916c0454dbbf38810ddd2474b08ab70eea5b55a7127
datomic/core2/atom/logged$create$fn__20351$G__20326__20360	2	core2-1.0.140.jar,peer-1.0.7277.jar	true	1	true	core2-1.0.140.jar=776f259aed45cc41958b6d3b1864890d4f6d9d33e824af07e6afa38c43257816,peer-1.0.7277.jar=776f259aed45cc41958b6d3b1864890d4f6d9d33e824af07e6afa38c43257816
datomic/core2/atom/logged$create$fn__20351$G__20327__20362	2	core2-1.0.140.jar,peer-1.0.7277.jar	true	1	true	core2-1.0.140.jar=8670a3dee2bcbd3eacedbbd0fa0a7eb3330b7b8ce451c4e7aa948d88a72ba11e,peer-1.0.7277.jar=8670a3dee2bcbd3eacedbbd0fa0a7eb3330b7b8ce451c4e7aa948d88a72ba11e
datomic/core2/atom/logged$create$fn__20351$G__20328__20364	2	core2-1.0.140.jar,peer-1.0.7277.jar	true	1	true	core2-1.0.140.jar=727e668adef30992b62fd4073c63fe23e8cee3e32aacf181c4650a9134641d77,peer-1.0.7277.jar=727e668adef30992b62fd4073c63fe23e8cee3e32aacf181c4650a9134641d77
datomic/core2/atom/logged$create$fn__20351$state_machine__9975__auto____20366	2	core2-1.0.140.jar,peer-1.0.7277.jar	true	1	true	core2-1.0.140.jar=b0798c8262aa621990a2ded9e537cd25d392a03428ca27c6f4a2c59734f6c2af,peer-1.0.7277.jar=b0798c8262aa621990a2ded9e537cd25d392a03428ca27c6f4a2c59734f6c2af
datomic/core2/atom/logged$create$fn__20351$state_machine__9975__auto____20366$fn__20368	2	core2-1.0.140.jar,peer-1.0.7277.jar	true	1	true	core2-1.0.140.jar=6655bc08ee0c8011f1fb16f36e4327419b4e7b6ce804ffff9021ca09480dd94e,peer-1.0.7277.jar=6655bc08ee0c8011f1fb16f36e4327419b4e7b6ce804ffff9021ca09480dd94e
datomic/core2/atom/logged$create_STAR_	2	core2-1.0.140.jar,peer-1.0.7277.jar	true	1	true	core2-1.0.140.jar=c86aa6082abb8dd8b6a970629d4fb71fb11a528967882094e0870921de96bb47,peer-1.0.7277.jar=c86aa6082abb8dd8b6a970629d4fb71fb11a528967882094e0870921de96bb47
datomic/core2/atom/logged$create_STAR_$fn__20184	2	core2-1.0.140.jar,peer-1.0.7277.jar	true	1	true	core2-1.0.140.jar=e535db2ff6b06d681b08f0b362cc962180c19ed7932761764c4f3fe7835fe37d,peer-1.0.7277.jar=e535db2ff6b06d681b08f0b362cc962180c19ed7932761764c4f3fe7835fe37d
datomic/core2/atom/logged$create_STAR_$fn__20265	2	core2-1.0.140.jar,peer-1.0.7277.jar	true	1	true	core2-1.0.140.jar=fe33288d0cbe38ec39fe325054df02bf130b48403e559d8e2e63f17b6664d017,peer-1.0.7277.jar=fe33288d0cbe38ec39fe325054df02bf130b48403e559d8e2e63f17b6664d017
datomic/core2/atom/logged$create_STAR_$fn__20265$G__20198__20266	2	core2-1.0.140.jar,peer-1.0.7277.jar	true	1	true	core2-1.0.140.jar=9bfed6d21d61cc0531cbbdc08241ce82a19d38554329cbbde17f0655414d5ccc,peer-1.0.7277.jar=9bfed6d21d61cc0531cbbdc08241ce82a19d38554329cbbde17f0655414d5ccc
datomic/core2/atom/logged$create_STAR_$fn__20265$G__20199__20268	2	core2-1.0.140.jar,peer-1.0.7277.jar	true	1	true	core2-1.0.140.jar=792a5ca53d2e58498621b63364bdaec5d0f0eb0111ec9ffd8db90b33418a7d00,peer-1.0.7277.jar=792a5ca53d2e58498621b63364bdaec5d0f0eb0111ec9ffd8db90b33418a7d00
datomic/core2/atom/logged$create_STAR_$fn__20265$G__20200__20270	2	core2-1.0.140.jar,peer-1.0.7277.jar	true	1	true	core2-1.0.140.jar=c88cafbe9acda2ea6dfef6be35d1db6ced89a8198376db2d7f3c92b62b94c429,peer-1.0.7277.jar=c88cafbe9acda2ea6dfef6be35d1db6ced89a8198376db2d7f3c92b62b94c429
datomic/core2/atom/logged$create_STAR_$fn__20265$G__20201__20272	2	core2-1.0.140.jar,peer-1.0.7277.jar	true	1	true	core2-1.0.140.jar=5a30efa70e590cb58e80193219ddd731d909467f7c9f9065defa8c0b18774978,peer-1.0.7277.jar=5a30efa70e590cb58e80193219ddd731d909467f7c9f9065defa8c0b18774978
datomic/core2/atom/logged$create_STAR_$fn__20265$G__20202__20274	2	core2-1.0.140.jar,peer-1.0.7277.jar	true	1	true	core2-1.0.140.jar=913d09a4dff4baa207406008ebad6c667f005379598355955314c3abb788ef12,peer-1.0.7277.jar=913d09a4dff4baa207406008ebad6c667f005379598355955314c3abb788ef12
datomic/core2/atom/logged$create_STAR_$fn__20265$G__20203__20276	2	core2-1.0.140.jar,peer-1.0.7277.jar	true	1	true	core2-1.0.140.jar=7b63da2084e7c83d088284e1dd34ffebd0f9b41a081bbfdb3e6feeb36c1eff55,peer-1.0.7277.jar=7b63da2084e7c83d088284e1dd34ffebd0f9b41a081bbfdb3e6feeb36c1eff55
datomic/core2/atom/logged$create_STAR_$fn__20265$G__20204__20278	2	core2-1.0.140.jar,peer-1.0.7277.jar	true	1	true	core2-1.0.140.jar=ec29d0ff48716d9029aba71c95c962b305ab581659b96b39d0a34b7d7d0fbff8,peer-1.0.7277.jar=ec29d0ff48716d9029aba71c95c962b305ab581659b96b39d0a34b7d7d0fbff8
datomic/core2/atom/logged$create_STAR_$fn__20265$G__20205__20280	2	core2-1.0.140.jar,peer-1.0.7277.jar	true	1	true	core2-1.0.140.jar=9a9ebdc8771c615edce63223a8cbb3daa300f8f767b4c7149ad64f604a7d6e44,peer-1.0.7277.jar=9a9ebdc8771c615edce63223a8cbb3daa300f8f767b4c7149ad64f604a7d6e44
datomic/core2/atom/logged$create_STAR_$fn__20265$G__20206__20282	2	core2-1.0.140.jar,peer-1.0.7277.jar	true	1	true	core2-1.0.140.jar=1695d5f685a891340886e7bdbd27e2666886327316be6b9e6b2dc021a33c9b79,peer-1.0.7277.jar=1695d5f685a891340886e7bdbd27e2666886327316be6b9e6b2dc021a33c9b79
datomic/core2/atom/logged$create_STAR_$fn__20265$G__20207__20284	2	core2-1.0.140.jar,peer-1.0.7277.jar	true	1	true	core2-1.0.140.jar=7e7c1a9e00f4a70696ce57656758ef5373255595289da8005f471712e506d6ef,peer-1.0.7277.jar=7e7c1a9e00f4a70696ce57656758ef5373255595289da8005f471712e506d6ef
datomic/core2/atom/logged$create_STAR_$fn__20265$G__20208__20286	2	core2-1.0.140.jar,peer-1.0.7277.jar	true	1	true	core2-1.0.140.jar=a227cd11910fbbb975a956154f3a37a320f81ecfd1fc5e9a53af6e03e39ab1ac,peer-1.0.7277.jar=a227cd11910fbbb975a956154f3a37a320f81ecfd1fc5e9a53af6e03e39ab1ac
datomic/core2/atom/logged$create_STAR_$fn__20265$G__20209__20288	2	core2-1.0.140.jar,peer-1.0.7277.jar	true	1	true	core2-1.0.140.jar=87cd836e5118f6e29650888d3d3b4678db7fe02bc8d82ac1589b908e535fcb79,peer-1.0.7277.jar=87cd836e5118f6e29650888d3d3b4678db7fe02bc8d82ac1589b908e535fcb79
datomic/core2/atom/logged$create_STAR_$fn__20265$G__20210__20290	2	core2-1.0.140.jar,peer-1.0.7277.jar	true	1	true	core2-1.0.140.jar=2deaa91d1b2fd9cf28c142157aa97e35f6cc1d8124ea404e66508b521f693aaa,peer-1.0.7277.jar=2deaa91d1b2fd9cf28c142157aa97e35f6cc1d8124ea404e66508b521f693aaa
datomic/core2/atom/logged$create_STAR_$fn__20265$state_machine__9975__auto____20292	2	core2-1.0.140.jar,peer-1.0.7277.jar	true	1	true	core2-1.0.140.jar=bc99263d78e38700872051a97d3f276a92f620af81e7b3b6d7d41df8597517fb,peer-1.0.7277.jar=bc99263d78e38700872051a97d3f276a92f620af81e7b3b6d7d41df8597517fb
datomic/core2/atom/logged$create_STAR_$fn__20265$state_machine__9975__auto____20292$fn__20294	2	core2-1.0.140.jar,peer-1.0.7277.jar	true	1	true	core2-1.0.140.jar=2f7e767635e1c322fd702cb75cd0686b2adf66eb0592e8a526f206efc479942d,peer-1.0.7277.jar=2f7e767635e1c322fd702cb75cd0686b2adf66eb0592e8a526f206efc479942d
datomic/core2/atom/logged$fn__19680	2	core2-1.0.140.jar,peer-1.0.7277.jar	true	1	true	core2-1.0.140.jar=72710ffe1f27314269a808e0d9bdc6c01572ee65dc5c75af499b6b290b0590f8,peer-1.0.7277.jar=72710ffe1f27314269a808e0d9bdc6c01572ee65dc5c75af499b6b290b0590f8
datomic/core2/atom/logged$fn__19686	2	core2-1.0.140.jar,peer-1.0.7277.jar	true	1	true	core2-1.0.140.jar=8c7a1721108fdde8d88f32067b691b5acc4e6dc10a6394728053b8d029444a19,peer-1.0.7277.jar=8c7a1721108fdde8d88f32067b691b5acc4e6dc10a6394728053b8d029444a19
datomic/core2/atom/logged$fn__19689	2	core2-1.0.140.jar,peer-1.0.7277.jar	true	1	true	core2-1.0.140.jar=060fbd6d961f1c1bafe4444d1a63d92546589dccc703e951d99f84da47341677,peer-1.0.7277.jar=060fbd6d961f1c1bafe4444d1a63d92546589dccc703e951d99f84da47341677
datomic/core2/atom/logged$fn__19689$G__19682__19696	2	core2-1.0.140.jar,peer-1.0.7277.jar	true	1	true	core2-1.0.140.jar=386dcfcc8d1deb8d0d5c8b0dd939cc06f1bf91e6b50c16ba47da0214a395f23f,peer-1.0.7277.jar=386dcfcc8d1deb8d0d5c8b0dd939cc06f1bf91e6b50c16ba47da0214a395f23f
datomic/core2/atom/logged$fn__19689$G__19683__19692	2	core2-1.0.140.jar,peer-1.0.7277.jar	true	1	true	core2-1.0.140.jar=09ca3bc4d387f9dfb82cae2fd48003fb71ce98994d1d6dc76db05ad167109c89,peer-1.0.7277.jar=09ca3bc4d387f9dfb82cae2fd48003fb71ce98994d1d6dc76db05ad167109c89
datomic/core2/atom/logged$fn__19702	2	core2-1.0.140.jar,peer-1.0.7277.jar	true	1	true	core2-1.0.140.jar=aaab4851cf980fee2186f29e1103f216d6ea6d9caa1c07ff1476281a8d054c5a,peer-1.0.7277.jar=aaab4851cf980fee2186f29e1103f216d6ea6d9caa1c07ff1476281a8d054c5a
datomic/core2/atom/logged$fn__19702$G__19684__19707	2	core2-1.0.140.jar,peer-1.0.7277.jar	true	1	true	core2-1.0.140.jar=efea2e8eadf1a22d5f22b29275cbddf932ada695ba8c7e5eede320950ce98fcb,peer-1.0.7277.jar=efea2e8eadf1a22d5f22b29275cbddf932ada695ba8c7e5eede320950ce98fcb
datomic/core2/atom/logged$fn__19702$G__19685__19704	2	core2-1.0.140.jar,peer-1.0.7277.jar	true	1	true	core2-1.0.140.jar=82cf682d584f836a34c065ecd45d96b9c4b49966a41d97e26d0f2bfd090b7825,peer-1.0.7277.jar=82cf682d584f836a34c065ecd45d96b9c4b49966a41d97e26d0f2bfd090b7825
datomic/core2/atom/logged$fn__19778	2	core2-1.0.140.jar,peer-1.0.7277.jar	true	1	true	core2-1.0.140.jar=fe3d551a765ce78e3ae7bb84f5e4cd3a93b06598cc68c307342899543865040e,peer-1.0.7277.jar=fe3d551a765ce78e3ae7bb84f5e4cd3a93b06598cc68c307342899543865040e
datomic/core2/atom/logged$fn__19778$__GT_LoggedAtom__20179	2	core2-1.0.140.jar,peer-1.0.7277.jar	true	1	true	core2-1.0.140.jar=d11d4cef04dad64aec4a70ebb34eea741f335f02eaedafdbb9e3773240367ea8,peer-1.0.7277.jar=d11d4cef04dad64aec4a70ebb34eea741f335f02eaedafdbb9e3773240367ea8
datomic/core2/atom/logged$load	2	core2-1.0.140.jar,peer-1.0.7277.jar	true	1	true	core2-1.0.140.jar=fe21c5a2c5a587d240a30b32674abfb7bad16dbcf3007ed7cb2da88728c69a92,peer-1.0.7277.jar=fe21c5a2c5a587d240a30b32674abfb7bad16dbcf3007ed7cb2da88728c69a92
datomic/core2/atom/logged$loading__6789__auto____19678	2	core2-1.0.140.jar,peer-1.0.7277.jar	true	1	true	core2-1.0.140.jar=a0b7acdeb5333225c5ca0d91c5a5ccefd344c946709e7137f9e9b68f7e1eb604,peer-1.0.7277.jar=a0b7acdeb5333225c5ca0d91c5a5ccefd344c946709e7137f9e9b68f7e1eb604
datomic/core2/atom/logged$next_header	2	core2-1.0.140.jar,peer-1.0.7277.jar	true	1	true	core2-1.0.140.jar=07421ede9bdc873e895c4319c22e8a97aade515a245483054ea53ebcbdfa4aa6,peer-1.0.7277.jar=07421ede9bdc873e895c4319c22e8a97aade515a245483054ea53ebcbdfa4aa6
datomic/core2/atom/logged/LoggedAtom	2	core2-1.0.140.jar,peer-1.0.7277.jar	true	1	true	core2-1.0.140.jar=92d7bb24dbeecb8a8f02b717f573e658c676f3ab1130b1841a6870265fba49bb,peer-1.0.7277.jar=92d7bb24dbeecb8a8f02b717f573e658c676f3ab1130b1841a6870265fba49bb
datomic/core2/atom/logged/LoggedAtom$fn__19780	2	core2-1.0.140.jar,peer-1.0.7277.jar	true	1	true	core2-1.0.140.jar=0f9c89461b822d274b74cf75ce127b347ac31363a8991ce2647dba4bd58f1eb0,peer-1.0.7277.jar=0f9c89461b822d274b74cf75ce127b347ac31363a8991ce2647dba4bd58f1eb0
datomic/core2/atom/logged/LoggedAtom$fn__19869	2	core2-1.0.140.jar,peer-1.0.7277.jar	true	1	true	core2-1.0.140.jar=8d0ea4f680e11bf94bc318664ae54895a3af89045d28212dc42576e1472f50f6,peer-1.0.7277.jar=8d0ea4f680e11bf94bc318664ae54895a3af89045d28212dc42576e1472f50f6
datomic/core2/atom/logged/LoggedAtom$fn__19869$G__19782__19870	2	core2-1.0.140.jar,peer-1.0.7277.jar	true	1	true	core2-1.0.140.jar=fb2bdbdf4071f94d2f9d90905b37633abacbbeb90b0ba416035c7d7b22c79838,peer-1.0.7277.jar=fb2bdbdf4071f94d2f9d90905b37633abacbbeb90b0ba416035c7d7b22c79838
datomic/core2/atom/logged/LoggedAtom$fn__19869$G__19783__19872	2	core2-1.0.140.jar,peer-1.0.7277.jar	true	1	true	core2-1.0.140.jar=e605a3b5c3d1b0bdcf3101d30c4cd3c9a3191c89821dc968e5e1ab4c056dc977,peer-1.0.7277.jar=e605a3b5c3d1b0bdcf3101d30c4cd3c9a3191c89821dc968e5e1ab4c056dc977
datomic/core2/atom/logged/LoggedAtom$fn__19869$G__19784__19874	2	core2-1.0.140.jar,peer-1.0.7277.jar	true	1	true	core2-1.0.140.jar=93e73bcd6c7b910fdea103732ed86fe97ff41e066e86b05b450a7cd7d6108c96,peer-1.0.7277.jar=93e73bcd6c7b910fdea103732ed86fe97ff41e066e86b05b450a7cd7d6108c96
datomic/core2/atom/logged/LoggedAtom$fn__19869$G__19785__19876	2	core2-1.0.140.jar,peer-1.0.7277.jar	true	1	true	core2-1.0.140.jar=7fe5611a1158bb98ce89fca67372c5964711f3bc47bf3ab32d45523b32a615f3,peer-1.0.7277.jar=7fe5611a1158bb98ce89fca67372c5964711f3bc47bf3ab32d45523b32a615f3
datomic/core2/atom/logged/LoggedAtom$fn__19869$G__19786__19878	2	core2-1.0.140.jar,peer-1.0.7277.jar	true	1	true	core2-1.0.140.jar=5877f58eff576a99c2749508b07561b7c585c1ab49130cac4d7b2a9378e4c624,peer-1.0.7277.jar=5877f58eff576a99c2749508b07561b7c585c1ab49130cac4d7b2a9378e4c624
datomic/core2/atom/logged/LoggedAtom$fn__19869$G__19787__19880	2	core2-1.0.140.jar,peer-1.0.7277.jar	true	1	true	core2-1.0.140.jar=34a6fcc23fa0d5f6444fd4fecfd0d0dc84c9cf30ce90a74ae5cdab6285297771,peer-1.0.7277.jar=34a6fcc23fa0d5f6444fd4fecfd0d0dc84c9cf30ce90a74ae5cdab6285297771
datomic/core2/atom/logged/LoggedAtom$fn__19869$G__19788__19882	2	core2-1.0.140.jar,peer-1.0.7277.jar	true	1	true	core2-1.0.140.jar=fa4b7bc78eae1846a4c48f4091925f4b5820d5bec8c202576972f2790240ea78,peer-1.0.7277.jar=fa4b7bc78eae1846a4c48f4091925f4b5820d5bec8c202576972f2790240ea78
datomic/core2/atom/logged/LoggedAtom$fn__19869$G__19789__19884	2	core2-1.0.140.jar,peer-1.0.7277.jar	true	1	true	core2-1.0.140.jar=61250b1f78ff970158e2df7a2176ef85c1c1cf436e48e50dbde5c749cb948023,peer-1.0.7277.jar=61250b1f78ff970158e2df7a2176ef85c1c1cf436e48e50dbde5c749cb948023
datomic/core2/atom/logged/LoggedAtom$fn__19869$state_machine__9975__auto____19886	2	core2-1.0.140.jar,peer-1.0.7277.jar	true	1	true	core2-1.0.140.jar=0cced90792882a3fc32db1599e805099553d001538110bd5ffd21f3baf9c48ae,peer-1.0.7277.jar=0cced90792882a3fc32db1599e805099553d001538110bd5ffd21f3baf9c48ae
datomic/core2/atom/logged/LoggedAtom$fn__19869$state_machine__9975__auto____19886$fn__19888	2	core2-1.0.140.jar,peer-1.0.7277.jar	true	1	true	core2-1.0.140.jar=90fe55a49683b49adaf856a2d3dd410cd413731708d7e6e86a14198cd8f30f73,peer-1.0.7277.jar=90fe55a49683b49adaf856a2d3dd410cd413731708d7e6e86a14198cd8f30f73
datomic/core2/atom/logged/LoggedAtom$fn__20023	2	core2-1.0.140.jar,peer-1.0.7277.jar	true	1	true	core2-1.0.140.jar=ba0966b154eb3b7aaa5e16d2a6fb2a1ebea0c28a0f8196fdee2e4301793a6164,peer-1.0.7277.jar=ba0966b154eb3b7aaa5e16d2a6fb2a1ebea0c28a0f8196fdee2e4301793a6164
datomic/core2/atom/logged/LoggedAtom$fn__20023$G__19938__20024	2	core2-1.0.140.jar,peer-1.0.7277.jar	true	1	true	core2-1.0.140.jar=7918bfaa69321d5e5665b8e889cebe3d2853a5aa010a51ed1defa5aa468054b1,peer-1.0.7277.jar=7918bfaa69321d5e5665b8e889cebe3d2853a5aa010a51ed1defa5aa468054b1
datomic/core2/atom/logged/LoggedAtom$fn__20023$G__19939__20026	2	core2-1.0.140.jar,peer-1.0.7277.jar	true	1	true	core2-1.0.140.jar=dfeaa82fd78996e88cb6f98f51e49e80d12f53f5717f8638a208f1d70147629a,peer-1.0.7277.jar=dfeaa82fd78996e88cb6f98f51e49e80d12f53f5717f8638a208f1d70147629a
datomic/core2/atom/logged/LoggedAtom$fn__20023$G__19940__20028	2	core2-1.0.140.jar,peer-1.0.7277.jar	true	1	true	core2-1.0.140.jar=7b06395a60efea5f848f7ca264ebdbdc9e91d53fc651e5a9085394d23e6f2334,peer-1.0.7277.jar=7b06395a60efea5f848f7ca264ebdbdc9e91d53fc651e5a9085394d23e6f2334
datomic/core2/atom/logged/LoggedAtom$fn__20023$G__19941__20030	2	core2-1.0.140.jar,peer-1.0.7277.jar	true	1	true	core2-1.0.140.jar=fe0e1cbeabd3d8e394d12265c0dcbec485a183cf32aca36f74347bb71a847d6e,peer-1.0.7277.jar=fe0e1cbeabd3d8e394d12265c0dcbec485a183cf32aca36f74347bb71a847d6e
datomic/core2/atom/logged/LoggedAtom$fn__20023$G__19942__20032	2	core2-1.0.140.jar,peer-1.0.7277.jar	true	1	true	core2-1.0.140.jar=079b976f439b3c083412b609ac29439993e918666d038e8d3b66d9af11f6fe2e,peer-1.0.7277.jar=079b976f439b3c083412b609ac29439993e918666d038e8d3b66d9af11f6fe2e
datomic/core2/atom/logged/LoggedAtom$fn__20023$G__19943__20034	2	core2-1.0.140.jar,peer-1.0.7277.jar	true	1	true	core2-1.0.140.jar=b5349497c7a40a6d26b82185418f0906abe9860867384fbd14ebaa59de0f4812,peer-1.0.7277.jar=b5349497c7a40a6d26b82185418f0906abe9860867384fbd14ebaa59de0f4812
datomic/core2/atom/logged/LoggedAtom$fn__20023$G__19944__20036	2	core2-1.0.140.jar,peer-1.0.7277.jar	true	1	true	core2-1.0.140.jar=e1756cb27827c43e9f2edf988816ad90586671954ed73969a83de091e42f8e1c,peer-1.0.7277.jar=e1756cb27827c43e9f2edf988816ad90586671954ed73969a83de091e42f8e1c
datomic/core2/atom/logged/LoggedAtom$fn__20023$G__19945__20038	2	core2-1.0.140.jar,peer-1.0.7277.jar	true	1	true	core2-1.0.140.jar=ecd2893de352e11c49559d8747fca49b545527ba1794a53114b60407d5f78c79,peer-1.0.7277.jar=ecd2893de352e11c49559d8747fca49b545527ba1794a53114b60407d5f78c79
datomic/core2/atom/logged/LoggedAtom$fn__20023$G__19946__20040	2	core2-1.0.140.jar,peer-1.0.7277.jar	true	1	true	core2-1.0.140.jar=52a24358d534eeebbd28a70f3498a3214596561c81fbc4f95baba54347b8ccf8,peer-1.0.7277.jar=52a24358d534eeebbd28a70f3498a3214596561c81fbc4f95baba54347b8ccf8
datomic/core2/atom/logged/LoggedAtom$fn__20023$G__19947__20042	2	core2-1.0.140.jar,peer-1.0.7277.jar	true	1	true	core2-1.0.140.jar=5f2101d390d50209cf3d6ed390e644d7cc81a5ac46034fc812a4088d23075cca,peer-1.0.7277.jar=5f2101d390d50209cf3d6ed390e644d7cc81a5ac46034fc812a4088d23075cca
datomic/core2/atom/logged/LoggedAtom$fn__20023$state_machine__9975__auto____20044	2	core2-1.0.140.jar,peer-1.0.7277.jar	true	1	true	core2-1.0.140.jar=7f5dda31a95a1e044195cac5c0d246e46d982a25d83174824b9dc81280e4f9c2,peer-1.0.7277.jar=7f5dda31a95a1e044195cac5c0d246e46d982a25d83174824b9dc81280e4f9c2
datomic/core2/atom/logged/LoggedAtom$fn__20023$state_machine__9975__auto____20044$fn__20046	2	core2-1.0.140.jar,peer-1.0.7277.jar	true	1	true	core2-1.0.140.jar=abffd6ed52f5f989e76fe820fa574854d9fa49262d8c0fcf6c8c786ee36cad18,peer-1.0.7277.jar=abffd6ed52f5f989e76fe820fa574854d9fa49262d8c0fcf6c8c786ee36cad18
datomic/core2/atom/logged/LoggedAtom$fn__20135	2	core2-1.0.140.jar,peer-1.0.7277.jar	true	1	true	core2-1.0.140.jar=5078b84cf0e72855e632523220a05a5f28c4a2bfd755e31b697ef5242d5700d3,peer-1.0.7277.jar=5078b84cf0e72855e632523220a05a5f28c4a2bfd755e31b697ef5242d5700d3
datomic/core2/atom/logged/LoggedAtom$fn__20135$G__20090__20136	2	core2-1.0.140.jar,peer-1.0.7277.jar	true	1	true	core2-1.0.140.jar=3562630cbcd024605bb9b7482334fcd9cede4678666b50a471a637ca7948a483,peer-1.0.7277.jar=3562630cbcd024605bb9b7482334fcd9cede4678666b50a471a637ca7948a483
datomic/core2/atom/logged/LoggedAtom$fn__20135$G__20091__20138	2	core2-1.0.140.jar,peer-1.0.7277.jar	true	1	true	core2-1.0.140.jar=53c24b74ffc1c3512cefa9260d8a0064aa0fb0ab7b648e8ade7b9f8e81709626,peer-1.0.7277.jar=53c24b74ffc1c3512cefa9260d8a0064aa0fb0ab7b648e8ade7b9f8e81709626
datomic/core2/atom/logged/LoggedAtom$fn__20135$G__20092__20140	2	core2-1.0.140.jar,peer-1.0.7277.jar	true	1	true	core2-1.0.140.jar=0a5f415a99e1ff2c00062f1c566a39316b43eaccb50e059bed0ae59febdc219b,peer-1.0.7277.jar=0a5f415a99e1ff2c00062f1c566a39316b43eaccb50e059bed0ae59febdc219b
datomic/core2/atom/logged/LoggedAtom$fn__20135$G__20093__20142	2	core2-1.0.140.jar,peer-1.0.7277.jar	true	1	true	core2-1.0.140.jar=50a595f425c1687a02bd80aeb45e15a3717bec9b9ce763ab2981465aa922e2c8,peer-1.0.7277.jar=50a595f425c1687a02bd80aeb45e15a3717bec9b9ce763ab2981465aa922e2c8
datomic/core2/atom/logged/LoggedAtom$fn__20135$G__20094__20144	2	core2-1.0.140.jar,peer-1.0.7277.jar	true	1	true	core2-1.0.140.jar=897efc521dc99119f9429b876a72958d2a644b55464d06017d5a25ddde377ed7,peer-1.0.7277.jar=897efc521dc99119f9429b876a72958d2a644b55464d06017d5a25ddde377ed7
datomic/core2/atom/logged/LoggedAtom$fn__20135$G__20095__20146	2	core2-1.0.140.jar,peer-1.0.7277.jar	true	1	true	core2-1.0.140.jar=d0d33cc39ac1e15c93f5d28009c6df84ed0b587e3d13142ec9c6f6b92a32eca3,peer-1.0.7277.jar=d0d33cc39ac1e15c93f5d28009c6df84ed0b587e3d13142ec9c6f6b92a32eca3
datomic/core2/atom/logged/LoggedAtom$fn__20135$G__20096__20148	2	core2-1.0.140.jar,peer-1.0.7277.jar	true	1	true	core2-1.0.140.jar=f11fc517d57fece629355feff68db54102a65a9ad3eebe3d007fec971df130ed,peer-1.0.7277.jar=f11fc517d57fece629355feff68db54102a65a9ad3eebe3d007fec971df130ed
datomic/core2/atom/logged/LoggedAtom$fn__20135$G__20097__20150	2	core2-1.0.140.jar,peer-1.0.7277.jar	true	1	true	core2-1.0.140.jar=152a0439e0f99082749e97f5746306b320f0b2cb5e5695d3e9f224f5933c698e,peer-1.0.7277.jar=152a0439e0f99082749e97f5746306b320f0b2cb5e5695d3e9f224f5933c698e
datomic/core2/atom/logged/LoggedAtom$fn__20135$G__20098__20152	2	core2-1.0.140.jar,peer-1.0.7277.jar	true	1	true	core2-1.0.140.jar=2b3bd1f91652d61d808a8e8830e3b46040469bdfc2949763e6f6829a941a3047,peer-1.0.7277.jar=2b3bd1f91652d61d808a8e8830e3b46040469bdfc2949763e6f6829a941a3047
datomic/core2/atom/logged/LoggedAtom$fn__20135$state_machine__9975__auto____20154	2	core2-1.0.140.jar,peer-1.0.7277.jar	true	1	true	core2-1.0.140.jar=bb49921a259d05b2bfd182c466cbed8580e2c749f48876ccd93ea4634cf705ff,peer-1.0.7277.jar=bb49921a259d05b2bfd182c466cbed8580e2c749f48876ccd93ea4634cf705ff
datomic/core2/atom/logged/LoggedAtom$fn__20135$state_machine__9975__auto____20154$fn__20156	2	core2-1.0.140.jar,peer-1.0.7277.jar	true	1	true	core2-1.0.140.jar=0ce819b0213e8887d82e6ec7c260f2a0863eee30e293fd7be9a5d55c1fa7e41d,peer-1.0.7277.jar=0ce819b0213e8887d82e6ec7c260f2a0863eee30e293fd7be9a5d55c1fa7e41d
datomic/core2/atom/logged/LoggedAtomImpl	2	core2-1.0.140.jar,peer-1.0.7277.jar	true	1	true	core2-1.0.140.jar=c8cf41fe1aafaa75b7d3a32122b1513d7bd3c69e845de5582c6411bf422fe3a0,peer-1.0.7277.jar=c8cf41fe1aafaa75b7d3a32122b1513d7bd3c69e845de5582c6411bf422fe3a0
datomic/core2/atom/logged__init	2	core2-1.0.140.jar,peer-1.0.7277.jar	true	1	true	core2-1.0.140.jar=6d0b6b515d41a5108e7357b7a7a98f635df8cca404c457c1a0c385e42c79f66b,peer-1.0.7277.jar=6d0b6b515d41a5108e7357b7a7a98f635df8cca404c457c1a0c385e42c79f66b
datomic/core2/atom/spi$fn__20390	2	core2-1.0.140.jar,peer-1.0.7277.jar	true	1	true	core2-1.0.140.jar=a22f38b17d28d0add0048a13412259a2758801b775f217aa4a1f20469f58fe70,peer-1.0.7277.jar=a22f38b17d28d0add0048a13412259a2758801b775f217aa4a1f20469f58fe70
datomic/core2/atom/spi$fn__20396	2	core2-1.0.140.jar,peer-1.0.7277.jar	true	1	true	core2-1.0.140.jar=63494b2854b5da8720b0c56f167f281e7553345920f8b3e6e10832bbd52a4e4c,peer-1.0.7277.jar=63494b2854b5da8720b0c56f167f281e7553345920f8b3e6e10832bbd52a4e4c
datomic/core2/atom/spi$fn__20399	2	core2-1.0.140.jar,peer-1.0.7277.jar	true	1	true	core2-1.0.140.jar=ee7ba9b3a1c2f7d496c1c66bc7cacc5472f6d4c0fee6af0d159e6c29fa33e38e,peer-1.0.7277.jar=ee7ba9b3a1c2f7d496c1c66bc7cacc5472f6d4c0fee6af0d159e6c29fa33e38e
datomic/core2/atom/spi$fn__20399$G__20392__20408	2	core2-1.0.140.jar,peer-1.0.7277.jar	true	1	true	core2-1.0.140.jar=a2a1cea912992f245d1b024524b31445937113ee9fa390e9ee3eaa613e095ffd,peer-1.0.7277.jar=a2a1cea912992f245d1b024524b31445937113ee9fa390e9ee3eaa613e095ffd
datomic/core2/atom/spi$fn__20399$G__20393__20403	2	core2-1.0.140.jar,peer-1.0.7277.jar	true	1	true	core2-1.0.140.jar=76b641724fcf60dde4216e278afb2838f1b681d6f7cda749f4dd4a960701abaf,peer-1.0.7277.jar=76b641724fcf60dde4216e278afb2838f1b681d6f7cda749f4dd4a960701abaf
datomic/core2/atom/spi$fn__20414	2	core2-1.0.140.jar,peer-1.0.7277.jar	true	1	true	core2-1.0.140.jar=d67d96372c97e734934a5fca66ea0ca8de46dd17dc8a6e50c34eff3dab388e77,peer-1.0.7277.jar=d67d96372c97e734934a5fca66ea0ca8de46dd17dc8a6e50c34eff3dab388e77
datomic/core2/atom/spi$fn__20414$G__20394__20421	2	core2-1.0.140.jar,peer-1.0.7277.jar	true	1	true	core2-1.0.140.jar=7bbb581f30cde3ac70ebdbe91ff9b5f158a8e314624727d263c1175fa0d307af,peer-1.0.7277.jar=7bbb581f30cde3ac70ebdbe91ff9b5f158a8e314624727d263c1175fa0d307af
datomic/core2/atom/spi$fn__20414$G__20395__20417	2	core2-1.0.140.jar,peer-1.0.7277.jar	true	1	true	core2-1.0.140.jar=e45b2b29e3484751d0171460fe94313f1306d44cf76a1643a913958012a05f70,peer-1.0.7277.jar=e45b2b29e3484751d0171460fe94313f1306d44cf76a1643a913958012a05f70
datomic/core2/atom/spi$loading__6789__auto____20388	2	core2-1.0.140.jar,peer-1.0.7277.jar	true	1	true	core2-1.0.140.jar=5e866990f97646aa9ea26476ae84f8bbbe925060035ebd263f5e7c571c40efe1,peer-1.0.7277.jar=5e866990f97646aa9ea26476ae84f8bbbe925060035ebd263f5e7c571c40efe1
datomic/core2/atom/spi/DurableAtom	2	core2-1.0.140.jar,peer-1.0.7277.jar	true	1	true	core2-1.0.140.jar=4bb913fda639644779dd5b1cf2c1994b908873f976e3fce112f73cfa7fa2c95b,peer-1.0.7277.jar=4bb913fda639644779dd5b1cf2c1994b908873f976e3fce112f73cfa7fa2c95b
datomic/core2/atom/spi__init	2	core2-1.0.140.jar,peer-1.0.7277.jar	true	1	true	core2-1.0.140.jar=fe6610c8369394f35183f6ce695d105f9fb0bc9c9348457a7319276c08f32823,peer-1.0.7277.jar=fe6610c8369394f35183f6ce695d105f9fb0bc9c9348457a7319276c08f32823
datomic/core2/atom__init	2	core2-1.0.140.jar,peer-1.0.7277.jar	true	1	true	core2-1.0.140.jar=e7a077e9682cb4111a2212f58eac06e723fbcbbce8decb3fdec761f3eafc0398,peer-1.0.7277.jar=e7a077e9682cb4111a2212f58eac06e723fbcbbce8decb3fdec761f3eafc0398
datomic/core2/aws/ddb$attribute_value	2	core2-1.0.140.jar,peer-1.0.7277.jar	true	1	true	core2-1.0.140.jar=31e3d68461da4d3652a964c036734f3c4a698e0e773adf4a2ce58358444fa0ad,peer-1.0.7277.jar=31e3d68461da4d3652a964c036734f3c4a698e0e773adf4a2ce58358444fa0ad
datomic/core2/aws/ddb$conditional_put_request	2	core2-1.0.140.jar,peer-1.0.7277.jar	true	1	true	core2-1.0.140.jar=751fc7f8e4299110acbe18ac78a32cd25b3947eceebbd00e152107e4aab84516,peer-1.0.7277.jar=751fc7f8e4299110acbe18ac78a32cd25b3947eceebbd00e152107e4aab84516
datomic/core2/aws/ddb$de_attribute_value	2	core2-1.0.140.jar,peer-1.0.7277.jar	true	1	true	core2-1.0.140.jar=f6cc03090733f0138d17df47fe61d197128286e44fc04719beb7d3baeec219b9,peer-1.0.7277.jar=f6cc03090733f0138d17df47fe61d197128286e44fc04719beb7d3baeec219b9
datomic/core2/aws/ddb$de_item_map	2	core2-1.0.140.jar,peer-1.0.7277.jar	true	1	true	core2-1.0.140.jar=3e5a6121e97e5d84483b3bbdf38b16abe170644103dedaf050808d39f8b140f3,peer-1.0.7277.jar=3e5a6121e97e5d84483b3bbdf38b16abe170644103dedaf050808d39f8b140f3
datomic/core2/aws/ddb$de_item_map$fn__20437	2	core2-1.0.140.jar,peer-1.0.7277.jar	true	1	true	core2-1.0.140.jar=384fe1a40224a4c70377a50f5d45db14a1d100dc00e018b3059a5143d85a9e35,peer-1.0.7277.jar=384fe1a40224a4c70377a50f5d45db14a1d100dc00e018b3059a5143d85a9e35
datomic/core2/aws/ddb$fn__20429	2	core2-1.0.140.jar,peer-1.0.7277.jar	true	1	true	core2-1.0.140.jar=8c86a4a053cb4941e70ae7aba4f6d92f4a0043cb37d626f16dd0e1cdda983781,peer-1.0.7277.jar=8c86a4a053cb4941e70ae7aba4f6d92f4a0043cb37d626f16dd0e1cdda983781
datomic/core2/aws/ddb$item_map	2	core2-1.0.140.jar,peer-1.0.7277.jar	true	1	true	core2-1.0.140.jar=1f155b81a92f97791c003328a46c71bf4c7ebddd6683264d79d63bc384d25161,peer-1.0.7277.jar=1f155b81a92f97791c003328a46c71bf4c7ebddd6683264d79d63bc384d25161
datomic/core2/aws/ddb$item_map$fn__20432	2	core2-1.0.140.jar,peer-1.0.7277.jar	true	1	true	core2-1.0.140.jar=773144f3268071e004f140e292f623e6e3b5e6f7cf7b6cdece67624b95df81df,peer-1.0.7277.jar=773144f3268071e004f140e292f623e6e3b5e6f7cf7b6cdece67624b95df81df
datomic/core2/aws/ddb$loading__6789__auto____20427	2	core2-1.0.140.jar,peer-1.0.7277.jar	true	1	true	core2-1.0.140.jar=ce92d86ad769aad29a53037480267337453c1aa63d236af9536524911615f63e,peer-1.0.7277.jar=ce92d86ad769aad29a53037480267337453c1aa63d236af9536524911615f63e
datomic/core2/aws/ddb$query_range_request	2	core2-1.0.140.jar,peer-1.0.7277.jar	true	1	true	core2-1.0.140.jar=75b5095aa8b320c77a01eaf3d53056d3574097e96396a7c7aab349173babb504,peer-1.0.7277.jar=75b5095aa8b320c77a01eaf3d53056d3574097e96396a7c7aab349173babb504
datomic/core2/aws/ddb__init	2	core2-1.0.140.jar,peer-1.0.7277.jar	true	1	true	core2-1.0.140.jar=b5f141ae691de22a07a72bf02677f70e445675e2174f2a93242490ade309ed8f,peer-1.0.7277.jar=b5f141ae691de22a07a72bf02677f70e445675e2174f2a93242490ade309ed8f
datomic/core2/aws/s3/aws_api$delete_object_request	2	core2-1.0.140.jar,peer-1.0.7277.jar	true	1	true	core2-1.0.140.jar=39dcae51a1322de4a563d8a448e4e4283fb3a2e041efeea73b2a41aab074e0a6,peer-1.0.7277.jar=39dcae51a1322de4a563d8a448e4e4283fb3a2e041efeea73b2a41aab074e0a6
datomic/core2/aws/s3/aws_api$fn__20448	2	core2-1.0.140.jar,peer-1.0.7277.jar	true	1	true	core2-1.0.140.jar=58ab327de2c1598f16357627f8882160f6883d489720fadf9e49757dede2a027,peer-1.0.7277.jar=58ab327de2c1598f16357627f8882160f6883d489720fadf9e49757dede2a027
datomic/core2/aws/s3/aws_api$get_bytes	2	core2-1.0.140.jar,peer-1.0.7277.jar	true	1	true	core2-1.0.140.jar=5b202379b15cbe4654855cad1480bd21d5bfbdfc329d7c3460dbb0d86bdc444f,peer-1.0.7277.jar=5b202379b15cbe4654855cad1480bd21d5bfbdfc329d7c3460dbb0d86bdc444f
datomic/core2/aws/s3/aws_api$get_bytes$fn__20487	2	core2-1.0.140.jar,peer-1.0.7277.jar	true	1	true	core2-1.0.140.jar=7c99d2e2012960000ba723371cf39ea5a18eb74f7e7e8bf5eddd6db982ececfa,peer-1.0.7277.jar=7c99d2e2012960000ba723371cf39ea5a18eb74f7e7e8bf5eddd6db982ececfa
datomic/core2/aws/s3/aws_api$get_bytes$fn__20487$G__20462__20488	2	core2-1.0.140.jar,peer-1.0.7277.jar	true	1	true	core2-1.0.140.jar=65e0a0b34484b089725f4d98e1bf5a17081387bfc6de495cb4645275e65a978b,peer-1.0.7277.jar=65e0a0b34484b089725f4d98e1bf5a17081387bfc6de495cb4645275e65a978b
datomic/core2/aws/s3/aws_api$get_bytes$fn__20487$G__20463__20490	2	core2-1.0.140.jar,peer-1.0.7277.jar	true	1	true	core2-1.0.140.jar=59931a2dd85b155028fec9d88cbc5f70ce517b4b16a737b091dc6bbcd5f5db6e,peer-1.0.7277.jar=59931a2dd85b155028fec9d88cbc5f70ce517b4b16a737b091dc6bbcd5f5db6e
datomic/core2/aws/s3/aws_api$get_bytes$fn__20487$G__20464__20492	2	core2-1.0.140.jar,peer-1.0.7277.jar	true	1	true	core2-1.0.140.jar=2a4da00dac1ff605fc738848d8d6e510c39567486edadf6111d03dd70286e1fc,peer-1.0.7277.jar=2a4da00dac1ff605fc738848d8d6e510c39567486edadf6111d03dd70286e1fc
datomic/core2/aws/s3/aws_api$get_bytes$fn__20487$G__20465__20494	2	core2-1.0.140.jar,peer-1.0.7277.jar	true	1	true	core2-1.0.140.jar=a772d2e0e91cf8021ade844c40754aca263f6f91a99af14912afecf91f655238,peer-1.0.7277.jar=a772d2e0e91cf8021ade844c40754aca263f6f91a99af14912afecf91f655238
datomic/core2/aws/s3/aws_api$get_bytes$fn__20487$G__20466__20496	2	core2-1.0.140.jar,peer-1.0.7277.jar	true	1	true	core2-1.0.140.jar=b176c4283f26e3fa1ff7de155143b2d2f45bb81cd2b7cf90766adc6d4dd455cc,peer-1.0.7277.jar=b176c4283f26e3fa1ff7de155143b2d2f45bb81cd2b7cf90766adc6d4dd455cc
datomic/core2/aws/s3/aws_api$get_bytes$fn__20487$state_machine__9975__auto____20498	2	core2-1.0.140.jar,peer-1.0.7277.jar	true	1	true	core2-1.0.140.jar=d4e9eaecbc870241452c171e693572b2b1e69ce01f95a46235498bdaa2d7cf16,peer-1.0.7277.jar=d4e9eaecbc870241452c171e693572b2b1e69ce01f95a46235498bdaa2d7cf16
datomic/core2/aws/s3/aws_api$get_bytes$fn__20487$state_machine__9975__auto____20498$fn__20500	2	core2-1.0.140.jar,peer-1.0.7277.jar	true	1	true	core2-1.0.140.jar=4452b77035209a117abacdf65e533f241eccdfa7550a8ebc468d0c204f5b9a7b,peer-1.0.7277.jar=4452b77035209a117abacdf65e533f241eccdfa7550a8ebc468d0c204f5b9a7b
datomic/core2/aws/s3/aws_api$get_bytes$fn__20487$state_machine__9975__auto____20498$fn__20500$fn__20503	2	core2-1.0.140.jar,peer-1.0.7277.jar	true	1	true	core2-1.0.140.jar=674adea493f7e582ba8f59cbe50d6e7027fb675484f3372169c8302929c52bb0,peer-1.0.7277.jar=674adea493f7e582ba8f59cbe50d6e7027fb675484f3372169c8302929c52bb0
datomic/core2/aws/s3/aws_api$get_object_request	2	core2-1.0.140.jar,peer-1.0.7277.jar	true	1	true	core2-1.0.140.jar=9b7c9c9b7c469390ff5412757030b26ad9bb1fa54a9345bac887ad11a72fe266,peer-1.0.7277.jar=9b7c9c9b7c469390ff5412757030b26ad9bb1fa54a9345bac887ad11a72fe266
datomic/core2/aws/s3/aws_api$loading__6789__auto____20446	2	core2-1.0.140.jar,peer-1.0.7277.jar	true	1	true	core2-1.0.140.jar=e684be9075c44348c2806f43e112f9f0af4a888b9fba6c531a7027087e88eac1,peer-1.0.7277.jar=e684be9075c44348c2806f43e112f9f0af4a888b9fba6c531a7027087e88eac1
datomic/core2/aws/s3/aws_api$put_object_request	2	core2-1.0.140.jar,peer-1.0.7277.jar	true	1	true	core2-1.0.140.jar=dc18ad6dabf150650749ac342e8d09559e574bd268ca7645be2f0bcc0cc7408f,peer-1.0.7277.jar=dc18ad6dabf150650749ac342e8d09559e574bd268ca7645be2f0bcc0cc7408f
datomic/core2/aws/s3/aws_api__init	2	core2-1.0.140.jar,peer-1.0.7277.jar	true	1	true	core2-1.0.140.jar=0d9b2decb9f106f95cf320bf14a4d7e48bded532de2e4cdf275bd149e2adae5a,peer-1.0.7277.jar=0d9b2decb9f106f95cf320bf14a4d7e48bded532de2e4cdf275bd149e2adae5a
datomic/core2/aws/s3/sdkv1$client	2	core2-1.0.140.jar,peer-1.0.7277.jar	true	1	true	core2-1.0.140.jar=b79a482cc691cc2dd71cdde8c83702a23159b4ac01fa1c8c3e588ca16712ae84,peer-1.0.7277.jar=b79a482cc691cc2dd71cdde8c83702a23159b4ac01fa1c8c3e588ca16712ae84
datomic/core2/aws/s3/sdkv1$delete_object	2	core2-1.0.140.jar,peer-1.0.7277.jar	true	1	true	core2-1.0.140.jar=7700847cd71f406bf58ed23fa170369973cfc9cb13da435f957d7c4087fb2553,peer-1.0.7277.jar=7700847cd71f406bf58ed23fa170369973cfc9cb13da435f957d7c4087fb2553
datomic/core2/aws/s3/sdkv1$fn__20524	2	core2-1.0.140.jar,peer-1.0.7277.jar	true	1	true	core2-1.0.140.jar=f449d034d1496fcf5688aaebc56a35d5190f665e4819e496fade69180574bff6,peer-1.0.7277.jar=f449d034d1496fcf5688aaebc56a35d5190f665e4819e496fade69180574bff6
datomic/core2/aws/s3/sdkv1$get_bytes	2	core2-1.0.140.jar,peer-1.0.7277.jar	true	1	true	core2-1.0.140.jar=be518628134dcecf3843fbb8b26b9e0db6606015486949f8b1867dc3a9a58205,peer-1.0.7277.jar=be518628134dcecf3843fbb8b26b9e0db6606015486949f8b1867dc3a9a58205
datomic/core2/aws/s3/sdkv1$get_object	2	core2-1.0.140.jar,peer-1.0.7277.jar	true	1	true	core2-1.0.140.jar=e53f11edf32e7773a7d0e503bc74f855a562d17164badd8db88f156d62bed2e8,peer-1.0.7277.jar=e53f11edf32e7773a7d0e503bc74f855a562d17164badd8db88f156d62bed2e8
datomic/core2/aws/s3/sdkv1$loading__6789__auto____20522	2	core2-1.0.140.jar,peer-1.0.7277.jar	true	1	true	core2-1.0.140.jar=4d86aaf06b53843fbfe9cdd187660e226f8c56bcee9e1eab0bfb4c6b162ab65c,peer-1.0.7277.jar=4d86aaf06b53843fbfe9cdd187660e226f8c56bcee9e1eab0bfb4c6b162ab65c
datomic/core2/aws/s3/sdkv1$put_object	2	core2-1.0.140.jar,peer-1.0.7277.jar	true	1	true	core2-1.0.140.jar=95b3754a8ffaba1791af45db3732c0fbc7770969fc793e16d7d8d10f78083aa4,peer-1.0.7277.jar=95b3754a8ffaba1791af45db3732c0fbc7770969fc793e16d7d8d10f78083aa4
datomic/core2/aws/s3/sdkv1$s3_service	2	core2-1.0.140.jar,peer-1.0.7277.jar	true	1	true	core2-1.0.140.jar=4b6239a3ec0b6921f5b640cbff306ce6a962117c59765415357d64cbea0cf3c4,peer-1.0.7277.jar=4b6239a3ec0b6921f5b640cbff306ce6a962117c59765415357d64cbea0cf3c4
datomic/core2/aws/s3/sdkv1$s3_service_with_default_retry	2	core2-1.0.140.jar,peer-1.0.7277.jar	true	1	true	core2-1.0.140.jar=303946720375a296bb60d89c18bf4f3b0437257e77e481786477cea8066e8414,peer-1.0.7277.jar=303946720375a296bb60d89c18bf4f3b0437257e77e481786477cea8066e8414
datomic/core2/aws/s3/sdkv1$throwable__GT_anom	2	core2-1.0.140.jar,peer-1.0.7277.jar	true	1	true	core2-1.0.140.jar=56b430bcdb0d7abe614409baecf4654c648d8ea826523d10ccccb6283da1a2b9,peer-1.0.7277.jar=56b430bcdb0d7abe614409baecf4654c648d8ea826523d10ccccb6283da1a2b9
datomic/core2/aws/s3/sdkv1$throwable_category	2	core2-1.0.140.jar,peer-1.0.7277.jar	true	1	true	core2-1.0.140.jar=e2749b63f4cc6f463260d5f0d8f0f087eb74b8b31a3b9150c14d62a77c1aa55b,peer-1.0.7277.jar=e2749b63f4cc6f463260d5f0d8f0f087eb74b8b31a3b9150c14d62a77c1aa55b
datomic/core2/aws/s3/sdkv1$wrap_ex_handler	2	core2-1.0.140.jar,peer-1.0.7277.jar	true	1	true	core2-1.0.140.jar=04d15802e27878672e7820ff2e035898ba6bf94befb3e8c46a2d03f87af6e222,peer-1.0.7277.jar=04d15802e27878672e7820ff2e035898ba6bf94befb3e8c46a2d03f87af6e222
datomic/core2/aws/s3/sdkv1$wrap_ex_handler$fn__20533	2	core2-1.0.140.jar,peer-1.0.7277.jar	true	1	true	core2-1.0.140.jar=cfccf9a8d7366a72e4344e5bc5919a564bccf4f15571b2549e225d18f79dbc7d,peer-1.0.7277.jar=cfccf9a8d7366a72e4344e5bc5919a564bccf4f15571b2549e225d18f79dbc7d
datomic/core2/aws/s3/sdkv1__init	2	core2-1.0.140.jar,peer-1.0.7277.jar	true	1	true	core2-1.0.140.jar=69c00e24d8046c6ae90d538dae9369f0e5a4e075cfadd627b1d6ec309c9d2b7c,peer-1.0.7277.jar=69c00e24d8046c6ae90d538dae9369f0e5a4e075cfadd627b1d6ec309c9d2b7c
datomic/core2/datafy$_datafy_declared_fields_fn	2	core2-1.0.140.jar,peer-1.0.7277.jar	true	1	true	core2-1.0.140.jar=436f85eb39562d87a99c9d2d0abc50e613ad29244438a5a8f4e32afbc0df0c23,peer-1.0.7277.jar=436f85eb39562d87a99c9d2d0abc50e613ad29244438a5a8f4e32afbc0df0c23
datomic/core2/datafy$_datafy_declared_fields_fn$fn__20545	2	core2-1.0.140.jar,peer-1.0.7277.jar	true	1	true	core2-1.0.140.jar=bf02a84838d60e737076240d322f0ae39798ef6a7e4703c66897a1883a7b80b4,peer-1.0.7277.jar=bf02a84838d60e737076240d322f0ae39798ef6a7e4703c66897a1883a7b80b4
datomic/core2/datafy$_datafy_declared_fields_fn$fn__20547	2	core2-1.0.140.jar,peer-1.0.7277.jar	true	1	true	core2-1.0.140.jar=f546203013fb8e5534ad63ae9d11d9c9d3ce346848d5cec345a524e02e1a4117,peer-1.0.7277.jar=f546203013fb8e5534ad63ae9d11d9c9d3ce346848d5cec345a524e02e1a4117
datomic/core2/datafy$datafy_declared_fields	2	core2-1.0.140.jar,peer-1.0.7277.jar	true	1	true	core2-1.0.140.jar=d349ceb6621dd2ceed76e4359135646dca85d236e855ae875869acb9e480742f,peer-1.0.7277.jar=d349ceb6621dd2ceed76e4359135646dca85d236e855ae875869acb9e480742f
datomic/core2/datafy$fn__20543	2	core2-1.0.140.jar,peer-1.0.7277.jar	true	1	true	core2-1.0.140.jar=95735fef3f731a247691d8dddcda2a7f06dae866675647117c4c417f2e20780b,peer-1.0.7277.jar=95735fef3f731a247691d8dddcda2a7f06dae866675647117c4c417f2e20780b
datomic/core2/datafy$loading__6789__auto____20541	2	core2-1.0.140.jar,peer-1.0.7277.jar	true	1	true	core2-1.0.140.jar=f8951601792479d71b7b05665cf96782ca45cc0abfe2486fe2480255ea8c44e2,peer-1.0.7277.jar=f8951601792479d71b7b05665cf96782ca45cc0abfe2486fe2480255ea8c44e2
datomic/core2/datafy$val_navs	2	core2-1.0.140.jar,peer-1.0.7277.jar	true	1	true	core2-1.0.140.jar=d091b92274eb67fb39290e44b7ef5ea76277d725d8ab05af3446bbf9b6c90975,peer-1.0.7277.jar=d091b92274eb67fb39290e44b7ef5ea76277d725d8ab05af3446bbf9b6c90975
datomic/core2/datafy$val_navs$fn__20551	2	core2-1.0.140.jar,peer-1.0.7277.jar	true	1	true	core2-1.0.140.jar=474794bb1d75f844564ee71248de942a639f84541ecabc631635332ba3201ee7,peer-1.0.7277.jar=474794bb1d75f844564ee71248de942a639f84541ecabc631635332ba3201ee7
datomic/core2/datafy$with_nav	2	core2-1.0.140.jar,peer-1.0.7277.jar	true	1	true	core2-1.0.140.jar=48e2c15dd6301f5e5e66fc1e999460f4251b1069b7030c46c5b5c703b9669a04,peer-1.0.7277.jar=48e2c15dd6301f5e5e66fc1e999460f4251b1069b7030c46c5b5c703b9669a04
datomic/core2/datafy__init	2	core2-1.0.140.jar,peer-1.0.7277.jar	true	1	true	core2-1.0.140.jar=5de5ff0077ecd5a89e133c5f7198447cbcc2909c68c8f43bba5b0a8ea1d7af22,peer-1.0.7277.jar=5de5ff0077ecd5a89e133c5f7198447cbcc2909c68c8f43bba5b0a8ea1d7af22
datomic/core2/log$append	2	core2-1.0.140.jar,peer-1.0.7277.jar	true	1	true	core2-1.0.140.jar=73f3ab60f58e145921dec379e50f4cd559d994b8d498526d0247aee63311d4e3,peer-1.0.7277.jar=73f3ab60f58e145921dec379e50f4cd559d994b8d498526d0247aee63311d4e3
datomic/core2/log$ensure_tombstone	2	core2-1.0.140.jar,peer-1.0.7277.jar	true	1	true	core2-1.0.140.jar=c07253baebb05db89900322ecb8862a0a3fa2622efd7bb0f7b1a7d837d488d84,peer-1.0.7277.jar=c07253baebb05db89900322ecb8862a0a3fa2622efd7bb0f7b1a7d837d488d84
datomic/core2/log$ensure_tombstone$fn__20596	2	core2-1.0.140.jar,peer-1.0.7277.jar	true	1	true	core2-1.0.140.jar=edc330892936fe5f6429f9c5ac5c6b17ab6ae1a824761c9e75f5f50e17bbfb7b,peer-1.0.7277.jar=edc330892936fe5f6429f9c5ac5c6b17ab6ae1a824761c9e75f5f50e17bbfb7b
datomic/core2/log$ensure_tombstone$fn__20596$G__20565__20597	2	core2-1.0.140.jar,peer-1.0.7277.jar	true	1	true	core2-1.0.140.jar=a0feea81cf8f97445e3e934f83a43c4243645789deb23eda2de2c5f112da1a00,peer-1.0.7277.jar=a0feea81cf8f97445e3e934f83a43c4243645789deb23eda2de2c5f112da1a00
datomic/core2/log$ensure_tombstone$fn__20596$G__20566__20599	2	core2-1.0.140.jar,peer-1.0.7277.jar	true	1	true	core2-1.0.140.jar=2505ccc141c752f647f9e32dc1320268bf483d835502d6980a8abe2ef3e71f51,peer-1.0.7277.jar=2505ccc141c752f647f9e32dc1320268bf483d835502d6980a8abe2ef3e71f51
datomic/core2/log$ensure_tombstone$fn__20596$state_machine__9975__auto____20601	2	core2-1.0.140.jar,peer-1.0.7277.jar	true	1	true	core2-1.0.140.jar=69ed169ce4faf09466b3cd053f078e621541dbfd8edb45fe9cec459ee9b50300,peer-1.0.7277.jar=69ed169ce4faf09466b3cd053f078e621541dbfd8edb45fe9cec459ee9b50300
datomic/core2/log$ensure_tombstone$fn__20596$state_machine__9975__auto____20601$fn__20603	2	core2-1.0.140.jar,peer-1.0.7277.jar	true	1	true	core2-1.0.140.jar=ffd7a8ae4a9e6eb6a947599d93bf562b0d4046644370a42b5e2f1d5e4c8b6aee,peer-1.0.7277.jar=ffd7a8ae4a9e6eb6a947599d93bf562b0d4046644370a42b5e2f1d5e4c8b6aee
datomic/core2/log$fn__20558	2	core2-1.0.140.jar,peer-1.0.7277.jar	true	1	true	core2-1.0.140.jar=d82da28ed40bd446a8fc397aa1a33b6ad1ed140a574659b7f751b6e604c3f13c,peer-1.0.7277.jar=d82da28ed40bd446a8fc397aa1a33b6ad1ed140a574659b7f751b6e604c3f13c
datomic/core2/log$loading__6789__auto____20556	2	core2-1.0.140.jar,peer-1.0.7277.jar	true	1	true	core2-1.0.140.jar=c691c84c437cf960d132105bc5d554e5421058564a6984dca417e60d8b1940a4,peer-1.0.7277.jar=c691c84c437cf960d132105bc5d554e5421058564a6984dca417e60d8b1940a4
datomic/core2/log$scan	2	core2-1.0.140.jar,peer-1.0.7277.jar	true	1	true	core2-1.0.140.jar=9d8bef3a35a601ad94c25b529531ae9070a703e684ad21a14d5742affcfe21bc,peer-1.0.7277.jar=9d8bef3a35a601ad94c25b529531ae9070a703e684ad21a14d5742affcfe21bc
datomic/core2/log/ddb$append_request	2	core2-1.0.140.jar,peer-1.0.7277.jar	true	1	true	core2-1.0.140.jar=3c9dc582cd80a8dc11ca236d23977e15c63611a9f1fc0ea47d89ae552287a1ff,peer-1.0.7277.jar=3c9dc582cd80a8dc11ca236d23977e15c63611a9f1fc0ea47d89ae552287a1ff
datomic/core2/log/ddb$create	2	core2-1.0.140.jar,peer-1.0.7277.jar	true	1	true	core2-1.0.140.jar=d7cef260abf8de40095dc5793d5ac042484d00ed4a74d92d5b2bff08f31c1fce,peer-1.0.7277.jar=d7cef260abf8de40095dc5793d5ac042484d00ed4a74d92d5b2bff08f31c1fce
datomic/core2/log/ddb$ddb_item__GT_log_item	2	core2-1.0.140.jar,peer-1.0.7277.jar	true	1	true	core2-1.0.140.jar=d972fb5ff326fdda5b3fbe1b262a4fd15f75bd9b470fd2de0c76229fbb2fb718,peer-1.0.7277.jar=d972fb5ff326fdda5b3fbe1b262a4fd15f75bd9b470fd2de0c76229fbb2fb718
datomic/core2/log/ddb$fn__20636	2	core2-1.0.140.jar,peer-1.0.7277.jar	true	1	true	core2-1.0.140.jar=9e51ed082e02c233ad9c8ef3b433ac17bed11b1d0a08ddd7ab9f14f886e23046,peer-1.0.7277.jar=9e51ed082e02c233ad9c8ef3b433ac17bed11b1d0a08ddd7ab9f14f886e23046
datomic/core2/log/ddb$fn__20642	2	core2-1.0.140.jar,peer-1.0.7277.jar	true	1	true	core2-1.0.140.jar=66ffd34948f09eef16b6b193b883a1be098a65b0cdc99a106fd490bc8bcc5207,peer-1.0.7277.jar=66ffd34948f09eef16b6b193b883a1be098a65b0cdc99a106fd490bc8bcc5207
datomic/core2/log/ddb$fn__20642$__GT_Log__20858	2	core2-1.0.140.jar,peer-1.0.7277.jar	true	1	true	core2-1.0.140.jar=85554741e9d9a20e50133ce81026e8ea1091ccedfe5153c5e7f3ffe656259480,peer-1.0.7277.jar=85554741e9d9a20e50133ce81026e8ea1091ccedfe5153c5e7f3ffe656259480
datomic/core2/log/ddb$loading__6789__auto____20634	2	core2-1.0.140.jar,peer-1.0.7277.jar	true	1	true	core2-1.0.140.jar=e34352064c77b48bc28264df2affd6607046a32049f0146ea60bba40700f3e74,peer-1.0.7277.jar=e34352064c77b48bc28264df2affd6607046a32049f0146ea60bba40700f3e74
datomic/core2/log/ddb/Log	2	core2-1.0.140.jar,peer-1.0.7277.jar	true	1	true	core2-1.0.140.jar=516b3ded1dc21643b487dff0fbd5f01327aae5fab204e5997b89bbe089d62c2e,peer-1.0.7277.jar=516b3ded1dc21643b487dff0fbd5f01327aae5fab204e5997b89bbe089d62c2e
datomic/core2/log/ddb/Log$fn__20770	2	core2-1.0.140.jar,peer-1.0.7277.jar	true	1	true	core2-1.0.140.jar=658a1efd31ebbdcec481943723ced3e0d46765f2d901caadf1d8bfcad74d0fb8,peer-1.0.7277.jar=658a1efd31ebbdcec481943723ced3e0d46765f2d901caadf1d8bfcad74d0fb8
datomic/core2/log/ddb/Log$fn__20770$G__20651__20771	2	core2-1.0.140.jar,peer-1.0.7277.jar	true	1	true	core2-1.0.140.jar=a3a03cc53f61ed6b317ccdb6fd929f4d150a0a441cde10235d9bb46afa59f01d,peer-1.0.7277.jar=a3a03cc53f61ed6b317ccdb6fd929f4d150a0a441cde10235d9bb46afa59f01d
datomic/core2/log/ddb/Log$fn__20770$G__20652__20773	2	core2-1.0.140.jar,peer-1.0.7277.jar	true	1	true	core2-1.0.140.jar=6b4da725d27319591a5c32363e6fe993f27c4c442170a536a9c7364e74911cb1,peer-1.0.7277.jar=6b4da725d27319591a5c32363e6fe993f27c4c442170a536a9c7364e74911cb1
datomic/core2/log/ddb/Log$fn__20770$G__20653__20775	2	core2-1.0.140.jar,peer-1.0.7277.jar	true	1	true	core2-1.0.140.jar=d279e40dfb1a2de0e57c9ba9fce205dc0ffc2c0f8873e439c79a8b45893d6847,peer-1.0.7277.jar=d279e40dfb1a2de0e57c9ba9fce205dc0ffc2c0f8873e439c79a8b45893d6847
datomic/core2/log/ddb/Log$fn__20770$G__20654__20777	2	core2-1.0.140.jar,peer-1.0.7277.jar	true	1	true	core2-1.0.140.jar=e0571e9293dd5c2b4eae442094be6f1759288e7913553515ca37612866e91ae5,peer-1.0.7277.jar=e0571e9293dd5c2b4eae442094be6f1759288e7913553515ca37612866e91ae5
datomic/core2/log/ddb/Log$fn__20770$G__20655__20779	2	core2-1.0.140.jar,peer-1.0.7277.jar	true	1	true	core2-1.0.140.jar=94af6081f6d81bc2d70a5cd5f948cc6ded0b3daa992ca0fddc7ac601e2ca80d2,peer-1.0.7277.jar=94af6081f6d81bc2d70a5cd5f948cc6ded0b3daa992ca0fddc7ac601e2ca80d2
datomic/core2/log/ddb/Log$fn__20770$G__20656__20781	2	core2-1.0.140.jar,peer-1.0.7277.jar	true	1	true	core2-1.0.140.jar=119042eabd1719296267af7cd1ff9f1b3856ea818a9026fc75217634c5afa844,peer-1.0.7277.jar=119042eabd1719296267af7cd1ff9f1b3856ea818a9026fc75217634c5afa844
datomic/core2/log/ddb/Log$fn__20770$G__20657__20783	2	core2-1.0.140.jar,peer-1.0.7277.jar	true	1	true	core2-1.0.140.jar=f7de58928e74b136ba1fe82bdba3b5dd3dd6bc2adba9dc2ef4aeee65abfea89d,peer-1.0.7277.jar=f7de58928e74b136ba1fe82bdba3b5dd3dd6bc2adba9dc2ef4aeee65abfea89d
datomic/core2/log/ddb/Log$fn__20770$G__20658__20785	2	core2-1.0.140.jar,peer-1.0.7277.jar	true	1	true	core2-1.0.140.jar=a5caa38573c775968d3424a10d2269bc7edcd99aa45aecbbdb1aa3ce09e3f6a3,peer-1.0.7277.jar=a5caa38573c775968d3424a10d2269bc7edcd99aa45aecbbdb1aa3ce09e3f6a3
datomic/core2/log/ddb/Log$fn__20770$G__20659__20787	2	core2-1.0.140.jar,peer-1.0.7277.jar	true	1	true	core2-1.0.140.jar=e6837beb4202818d0640ff656542e66d7248f85217000d14b28cf0d9770b849c,peer-1.0.7277.jar=e6837beb4202818d0640ff656542e66d7248f85217000d14b28cf0d9770b849c
datomic/core2/log/ddb/Log$fn__20770$G__20660__20789	2	core2-1.0.140.jar,peer-1.0.7277.jar	true	1	true	core2-1.0.140.jar=ea1563ac2dc3554654613eedbba6ac8bdc53ffab6c5b8fe34410cdc5a3beab8f,peer-1.0.7277.jar=ea1563ac2dc3554654613eedbba6ac8bdc53ffab6c5b8fe34410cdc5a3beab8f
datomic/core2/log/ddb/Log$fn__20770$G__20661__20791	2	core2-1.0.140.jar,peer-1.0.7277.jar	true	1	true	core2-1.0.140.jar=0e7157eae521e16f8e668cf297adfd47144e76e91e17ff97fdb62b5141d93ea7,peer-1.0.7277.jar=0e7157eae521e16f8e668cf297adfd47144e76e91e17ff97fdb62b5141d93ea7
datomic/core2/log/ddb/Log$fn__20770$G__20662__20793	2	core2-1.0.140.jar,peer-1.0.7277.jar	true	1	true	core2-1.0.140.jar=641c6730f6ba87e6d02531205521e09b832fb23c12fb497b6ad0d060b207dfd2,peer-1.0.7277.jar=641c6730f6ba87e6d02531205521e09b832fb23c12fb497b6ad0d060b207dfd2
datomic/core2/log/ddb/Log$fn__20770$G__20663__20795	2	core2-1.0.140.jar,peer-1.0.7277.jar	true	1	true	core2-1.0.140.jar=1a8d80c459710063ae7e0ae26db157814444a28fbc098b8240f8975fe26fb8b7,peer-1.0.7277.jar=1a8d80c459710063ae7e0ae26db157814444a28fbc098b8240f8975fe26fb8b7
datomic/core2/log/ddb/Log$fn__20770$state_machine__9975__auto____20797	2	core2-1.0.140.jar,peer-1.0.7277.jar	true	1	true	core2-1.0.140.jar=693f085f32239285cf6d04987ac136c4af64216bc1b4239b15c55342890f5972,peer-1.0.7277.jar=693f085f32239285cf6d04987ac136c4af64216bc1b4239b15c55342890f5972
datomic/core2/log/ddb/Log$fn__20770$state_machine__9975__auto____20797$fn__20800	2	core2-1.0.140.jar,peer-1.0.7277.jar	true	1	true	core2-1.0.140.jar=f25f631beb44a2f9b34804fe472558b2012e156fd0c98d4d1e47feb1abedf358,peer-1.0.7277.jar=f25f631beb44a2f9b34804fe472558b2012e156fd0c98d4d1e47feb1abedf358
datomic/core2/log/ddb/Log$next_r__20646	2	core2-1.0.140.jar,peer-1.0.7277.jar	true	1	true	core2-1.0.140.jar=52ebff6304a5957619ab3fa154b4f32586647ac1a379afafe3d66b82b4d39158,peer-1.0.7277.jar=52ebff6304a5957619ab3fa154b4f32586647ac1a379afafe3d66b82b4d39158
datomic/core2/log/ddb/Log$query__20644	2	core2-1.0.140.jar,peer-1.0.7277.jar	true	1	true	core2-1.0.140.jar=ed6ffb9b111dbf588e3e3cd937d61108c25eb46f76a5e071562d8ab51735b04d,peer-1.0.7277.jar=ed6ffb9b111dbf588e3e3cd937d61108c25eb46f76a5e071562d8ab51735b04d
datomic/core2/log/ddb__init	2	core2-1.0.140.jar,peer-1.0.7277.jar	true	1	true	core2-1.0.140.jar=34bb046439b23ef72b00dd31ea84f686e917d62fcd7d3524af3da21f79943946,peer-1.0.7277.jar=34bb046439b23ef72b00dd31ea84f686e917d62fcd7d3524af3da21f79943946
datomic/core2/log/mem$create	2	core2-1.0.140.jar,peer-1.0.7277.jar	true	1	true	core2-1.0.140.jar=5fdfad93efa91bf537ba71409790ee25c4b13b2074a8f23f14085cb1d775fa55,peer-1.0.7277.jar=5fdfad93efa91bf537ba71409790ee25c4b13b2074a8f23f14085cb1d775fa55
datomic/core2/log/mem$fn__20866	2	core2-1.0.140.jar,peer-1.0.7277.jar	true	1	true	core2-1.0.140.jar=f2de5f99531463eb6cd45f2f619e6c9c1f71d5acd59df01b3a9254a7ec665d6c,peer-1.0.7277.jar=f2de5f99531463eb6cd45f2f619e6c9c1f71d5acd59df01b3a9254a7ec665d6c
datomic/core2/log/mem$fn__20869	2	core2-1.0.140.jar,peer-1.0.7277.jar	true	1	true	core2-1.0.140.jar=debf0cb550226d49012ae1507491c508cfdac95ae75f27d0e4866cb92669f0f9,peer-1.0.7277.jar=debf0cb550226d49012ae1507491c508cfdac95ae75f27d0e4866cb92669f0f9
datomic/core2/log/mem$fn__20869$__GT_Log__20882	2	core2-1.0.140.jar,peer-1.0.7277.jar	true	1	true	core2-1.0.140.jar=fcab8799abfd234344cd2a88451fc3675ce0b9501ca887e62473af141da7cf02,peer-1.0.7277.jar=fcab8799abfd234344cd2a88451fc3675ce0b9501ca887e62473af141da7cf02
datomic/core2/log/mem$loading__6789__auto____20864	2	core2-1.0.140.jar,peer-1.0.7277.jar	true	1	true	core2-1.0.140.jar=2b3d2eb8a9b308c302b0c66f727d4ac042b360cfdb5e9fe1c826bc4cdfe56bf4,peer-1.0.7277.jar=2b3d2eb8a9b308c302b0c66f727d4ac042b360cfdb5e9fe1c826bc4cdfe56bf4
datomic/core2/log/mem/Log	2	core2-1.0.140.jar,peer-1.0.7277.jar	true	1	true	core2-1.0.140.jar=b4cf14f28b0c288da69d8c8c16c43fb0ede55bcbf8f2e9eb152e21747f2e87ee,peer-1.0.7277.jar=b4cf14f28b0c288da69d8c8c16c43fb0ede55bcbf8f2e9eb152e21747f2e87ee
datomic/core2/log/mem/Log$fn__20873	2	core2-1.0.140.jar,peer-1.0.7277.jar	true	1	true	core2-1.0.140.jar=00fce8de1d5b84655477b27f70e32a4233fad20e32cfd57b228e7e3109e02e7a,peer-1.0.7277.jar=00fce8de1d5b84655477b27f70e32a4233fad20e32cfd57b228e7e3109e02e7a
datomic/core2/log/mem/Log$fn__20878	2	core2-1.0.140.jar,peer-1.0.7277.jar	true	1	true	core2-1.0.140.jar=3519f385d8f448888cd12ea9885b18be8c25fbf4063b2250a909cb047715b208,peer-1.0.7277.jar=3519f385d8f448888cd12ea9885b18be8c25fbf4063b2250a909cb047715b208
datomic/core2/log/mem__init	2	core2-1.0.140.jar,peer-1.0.7277.jar	true	1	true	core2-1.0.140.jar=b501bf77933cf6d3ea3722c97840736e8bc3c5c77c73a7bee1c3f702886450b4,peer-1.0.7277.jar=b501bf77933cf6d3ea3722c97840736e8bc3c5c77c73a7bee1c3f702886450b4
datomic/core2/log/spi$fn__20888	2	core2-1.0.140.jar,peer-1.0.7277.jar	true	1	true	core2-1.0.140.jar=4076ab007da3b9f36b4fafca951d3bf1f2576554ce2a153d6a3ca5e3e3f65597,peer-1.0.7277.jar=4076ab007da3b9f36b4fafca951d3bf1f2576554ce2a153d6a3ca5e3e3f65597
datomic/core2/log/spi$fn__20892	2	core2-1.0.140.jar,peer-1.0.7277.jar	true	1	true	core2-1.0.140.jar=a68a13f45629cba5d260037dc9626d25fcf92b5aa40dbf78b7dd476e0c6278a9,peer-1.0.7277.jar=a68a13f45629cba5d260037dc9626d25fcf92b5aa40dbf78b7dd476e0c6278a9
datomic/core2/log/spi$fn__20895	2	core2-1.0.140.jar,peer-1.0.7277.jar	true	1	true	core2-1.0.140.jar=95151b4d9d69a149b0f1a2d5c8860ccd572ddf58548f2b804445c653c2860b91,peer-1.0.7277.jar=95151b4d9d69a149b0f1a2d5c8860ccd572ddf58548f2b804445c653c2860b91
datomic/core2/log/spi$fn__20895$G__20890__20904	2	core2-1.0.140.jar,peer-1.0.7277.jar	true	1	true	core2-1.0.140.jar=3027136f76ff0ef2ca57b8f326071fe560cd2b36cacb928762500b1e96e24609,peer-1.0.7277.jar=3027136f76ff0ef2ca57b8f326071fe560cd2b36cacb928762500b1e96e24609
datomic/core2/log/spi$fn__20895$G__20891__20899	2	core2-1.0.140.jar,peer-1.0.7277.jar	true	1	true	core2-1.0.140.jar=9b38fd1f06d8331b5222d510ad505323bde8b77dc9613fa77004228be721fec2,peer-1.0.7277.jar=9b38fd1f06d8331b5222d510ad505323bde8b77dc9613fa77004228be721fec2
datomic/core2/log/spi$fn__20912	2	core2-1.0.140.jar,peer-1.0.7277.jar	true	1	true	core2-1.0.140.jar=0f42d27b5603f3b17aa23b51d3d3a0e10c7ece6f18afd420320ce6f3c00ae623,peer-1.0.7277.jar=0f42d27b5603f3b17aa23b51d3d3a0e10c7ece6f18afd420320ce6f3c00ae623
datomic/core2/log/spi$fn__20915	2	core2-1.0.140.jar,peer-1.0.7277.jar	true	1	true	core2-1.0.140.jar=557f0d1c7d382f90f3b48cbfdf0144a4f80c1b18e9ed37857fd0f55e97dd158e,peer-1.0.7277.jar=557f0d1c7d382f90f3b48cbfdf0144a4f80c1b18e9ed37857fd0f55e97dd158e
datomic/core2/log/spi$fn__20915$G__20910__20922	2	core2-1.0.140.jar,peer-1.0.7277.jar	true	1	true	core2-1.0.140.jar=f120321520c80240c43772f703e3ecf4ae0ed94e3af74bd4825886839c5a1a5e,peer-1.0.7277.jar=f120321520c80240c43772f703e3ecf4ae0ed94e3af74bd4825886839c5a1a5e
datomic/core2/log/spi$fn__20915$G__20911__20918	2	core2-1.0.140.jar,peer-1.0.7277.jar	true	1	true	core2-1.0.140.jar=7deec034a06286713a6a688ea34fcb84ca2ff3b4577f04ba9b22a10d4976ae21,peer-1.0.7277.jar=7deec034a06286713a6a688ea34fcb84ca2ff3b4577f04ba9b22a10d4976ae21
datomic/core2/log/spi$fn__20930	2	core2-1.0.140.jar,peer-1.0.7277.jar	true	1	true	core2-1.0.140.jar=8e5a6f93f4dec8ed7475a2c7739648479f255fc168fd66d8c700d9930967e73f,peer-1.0.7277.jar=8e5a6f93f4dec8ed7475a2c7739648479f255fc168fd66d8c700d9930967e73f
datomic/core2/log/spi$fn__20933	2	core2-1.0.140.jar,peer-1.0.7277.jar	true	1	true	core2-1.0.140.jar=3ad7e888cbaf3c1b4cd72d176dc095540dde96c3e44e49614bcf93fb256d2f5e,peer-1.0.7277.jar=3ad7e888cbaf3c1b4cd72d176dc095540dde96c3e44e49614bcf93fb256d2f5e
datomic/core2/log/spi$fn__20933$G__20928__20940	2	core2-1.0.140.jar,peer-1.0.7277.jar	true	1	true	core2-1.0.140.jar=2235c13db5d239429247e98ff72c9b2f72b2585a184c02425cafd4c4707b3f1c,peer-1.0.7277.jar=2235c13db5d239429247e98ff72c9b2f72b2585a184c02425cafd4c4707b3f1c
datomic/core2/log/spi$fn__20933$G__20929__20936	2	core2-1.0.140.jar,peer-1.0.7277.jar	true	1	true	core2-1.0.140.jar=ef18202789ff80e57c078f8ffe8d51b653eafccf1dc7cc78194a18e0cbc88c50,peer-1.0.7277.jar=ef18202789ff80e57c078f8ffe8d51b653eafccf1dc7cc78194a18e0cbc88c50
datomic/core2/log/spi$fn__20950	2	core2-1.0.140.jar,peer-1.0.7277.jar	true	1	true	core2-1.0.140.jar=9f78a930df5e70b1ae2ea0bf668429774f6de6dea0f9bd95499792dce63e9ecc,peer-1.0.7277.jar=9f78a930df5e70b1ae2ea0bf668429774f6de6dea0f9bd95499792dce63e9ecc
datomic/core2/log/spi$fn__20953	2	core2-1.0.140.jar,peer-1.0.7277.jar	true	1	true	core2-1.0.140.jar=18301b33909ee2955bee2c246aa9eda41aa24e662af1cd087d855af80ae4b34a,peer-1.0.7277.jar=18301b33909ee2955bee2c246aa9eda41aa24e662af1cd087d855af80ae4b34a
datomic/core2/log/spi$fn__20953$G__20946__20960	2	core2-1.0.140.jar,peer-1.0.7277.jar	true	1	true	core2-1.0.140.jar=72671f991353ea03d162c7ca10a3063fbcda84cc1068d4845004578e8cd31e4a,peer-1.0.7277.jar=72671f991353ea03d162c7ca10a3063fbcda84cc1068d4845004578e8cd31e4a
datomic/core2/log/spi$fn__20953$G__20947__20956	2	core2-1.0.140.jar,peer-1.0.7277.jar	true	1	true	core2-1.0.140.jar=a7611b14c9d352b654a1a54562c1e6675cc96803317884dc70a39363fd389599,peer-1.0.7277.jar=a7611b14c9d352b654a1a54562c1e6675cc96803317884dc70a39363fd389599
datomic/core2/log/spi$fn__20966	2	core2-1.0.140.jar,peer-1.0.7277.jar	true	1	true	core2-1.0.140.jar=9ca5a391ddcf7edbe8312c74fa208e7bc2f07bfeb51dc3f5c35f1ddfe429eeb0,peer-1.0.7277.jar=9ca5a391ddcf7edbe8312c74fa208e7bc2f07bfeb51dc3f5c35f1ddfe429eeb0
datomic/core2/log/spi$fn__20966$G__20948__20973	2	core2-1.0.140.jar,peer-1.0.7277.jar	true	1	true	core2-1.0.140.jar=3c0f135bc8e5e43b63450e3f97d69655621241e76f0e861cadf55b51aca0af69,peer-1.0.7277.jar=3c0f135bc8e5e43b63450e3f97d69655621241e76f0e861cadf55b51aca0af69
datomic/core2/log/spi$fn__20966$G__20949__20969	2	core2-1.0.140.jar,peer-1.0.7277.jar	true	1	true	core2-1.0.140.jar=f4a810746ea59d7b9cdb9a44522b03446be3c3e1c338f762c31121b5d4ec5767,peer-1.0.7277.jar=f4a810746ea59d7b9cdb9a44522b03446be3c3e1c338f762c31121b5d4ec5767
datomic/core2/log/spi$loading__6789__auto____20886	2	core2-1.0.140.jar,peer-1.0.7277.jar	true	1	true	core2-1.0.140.jar=16c166553d95c1dca19a08ea5c25ee650c11761a323114d7b3ce1bfddffc0867,peer-1.0.7277.jar=16c166553d95c1dca19a08ea5c25ee650c11761a323114d7b3ce1bfddffc0867
datomic/core2/log/spi$normalize_scan_opts	2	core2-1.0.140.jar,peer-1.0.7277.jar	true	1	true	core2-1.0.140.jar=dc9ae3ef6f32d3e36cc4b5f659107452cc3b6a1cb7c6be2a39b31b464c7d1063,peer-1.0.7277.jar=dc9ae3ef6f32d3e36cc4b5f659107452cc3b6a1cb7c6be2a39b31b464c7d1063
datomic/core2/log/spi$result	2	core2-1.0.140.jar,peer-1.0.7277.jar	true	1	true	core2-1.0.140.jar=28d6b3dca937d8d43f08bc43270554b9596cb5297e824b77e699241501e4d73f,peer-1.0.7277.jar=28d6b3dca937d8d43f08bc43270554b9596cb5297e824b77e699241501e4d73f
datomic/core2/log/spi/Append	2	core2-1.0.140.jar,peer-1.0.7277.jar	true	1	true	core2-1.0.140.jar=fd9dff67d84b5809d0b9393094dd4dbb134915db92350622a1a562416a316a9c,peer-1.0.7277.jar=fd9dff67d84b5809d0b9393094dd4dbb134915db92350622a1a562416a316a9c
datomic/core2/log/spi/Delete	2	core2-1.0.140.jar,peer-1.0.7277.jar	true	1	true	core2-1.0.140.jar=d621f2ade0ed9c18c7cc8723665016832e4884fd351828c630ff862078bbba3f,peer-1.0.7277.jar=d621f2ade0ed9c18c7cc8723665016832e4884fd351828c630ff862078bbba3f
datomic/core2/log/spi/Item	2	core2-1.0.140.jar,peer-1.0.7277.jar	true	1	true	core2-1.0.140.jar=2682b2c01efd8a1f43d870c965e9e9e62aa1b799d1ec30b4667577e01c5f7564,peer-1.0.7277.jar=2682b2c01efd8a1f43d870c965e9e9e62aa1b799d1ec30b4667577e01c5f7564
datomic/core2/log/spi/Scan	2	core2-1.0.140.jar,peer-1.0.7277.jar	true	1	true	core2-1.0.140.jar=2dd81edfa1d0018cb4a43f919c95aaace592224422a8b89c6475c421f0185800,peer-1.0.7277.jar=2dd81edfa1d0018cb4a43f919c95aaace592224422a8b89c6475c421f0185800
datomic/core2/log/spi__init	2	core2-1.0.140.jar,peer-1.0.7277.jar	true	1	true	core2-1.0.140.jar=5471c5800f51ed2dd5a3edf34fdf9868f66083e14e26097cf956eb6136fae8b0,peer-1.0.7277.jar=5471c5800f51ed2dd5a3edf34fdf9868f66083e14e26097cf956eb6136fae8b0
datomic/core2/log__init	2	core2-1.0.140.jar,peer-1.0.7277.jar	true	1	true	core2-1.0.140.jar=681d8fc71b7ca19827ddb9cd12528e8cd129c14e735e221e6e8ef0fd43855722,peer-1.0.7277.jar=681d8fc71b7ca19827ddb9cd12528e8cd129c14e735e221e6e8ef0fd43855722
datomic/core2/retry$calc_exp_backoff	2	core2-1.0.140.jar,peer-1.0.7277.jar	true	1	true	core2-1.0.140.jar=1141b4145376de046329c009645f043b4d68aa39074874e1ad560cbf6993e09d,peer-1.0.7277.jar=1141b4145376de046329c009645f043b4d68aa39074874e1ad560cbf6993e09d
datomic/core2/retry$exp	2	core2-1.0.140.jar,peer-1.0.7277.jar	true	1	true	core2-1.0.140.jar=77a128a98e1a16f6da7142ce58786498e8be4cf8587509b14c10ec462ad0f2e4,peer-1.0.7277.jar=77a128a98e1a16f6da7142ce58786498e8be4cf8587509b14c10ec462ad0f2e4
datomic/core2/retry$fn__20986	2	core2-1.0.140.jar,peer-1.0.7277.jar	true	1	true	core2-1.0.140.jar=0d065d5d2207d9ac1e97e4c50ffb61f1150c8791397e9d6445ddbd6264969c4a,peer-1.0.7277.jar=0d065d5d2207d9ac1e97e4c50ffb61f1150c8791397e9d6445ddbd6264969c4a
datomic/core2/retry$full_jitter	2	core2-1.0.140.jar,peer-1.0.7277.jar	true	1	true	core2-1.0.140.jar=049a89b24906f25b4ebba903216ef4a910f00356a51f62e9447063617dfcf195,peer-1.0.7277.jar=049a89b24906f25b4ebba903216ef4a910f00356a51f62e9447063617dfcf195
datomic/core2/retry$limiting_retry	2	core2-1.0.140.jar,peer-1.0.7277.jar	true	1	true	core2-1.0.140.jar=6cca474c888e1cae763d1e4cf7ca85e7ad678ae3821dde4d68447154ca084dba,peer-1.0.7277.jar=6cca474c888e1cae763d1e4cf7ca85e7ad678ae3821dde4d68447154ca084dba
datomic/core2/retry$linear	2	core2-1.0.140.jar,peer-1.0.7277.jar	true	1	true	core2-1.0.140.jar=22fa3eacef7fea3a3c57011406b7a29ee4f077eda4370fea58c38864c0e65b95,peer-1.0.7277.jar=22fa3eacef7fea3a3c57011406b7a29ee4f077eda4370fea58c38864c0e65b95
datomic/core2/retry$loading__6789__auto____20984	2	core2-1.0.140.jar,peer-1.0.7277.jar	true	1	true	core2-1.0.140.jar=d5d9dc30d314bb4cd422891ef93164f54c3d46093694d1f03900eb994a1b8734,peer-1.0.7277.jar=d5d9dc30d314bb4cd422891ef93164f54c3d46093694d1f03900eb994a1b8734
datomic/core2/retry$retry	2	core2-1.0.140.jar,peer-1.0.7277.jar	true	1	true	core2-1.0.140.jar=a4dc20029b23336f2adb4e49aac4685cd8983b50543cd086cde31b2f3f856f32,peer-1.0.7277.jar=a4dc20029b23336f2adb4e49aac4685cd8983b50543cd086cde31b2f3f856f32
datomic/core2/retry__init	2	core2-1.0.140.jar,peer-1.0.7277.jar	true	1	true	core2-1.0.140.jar=02915d80b1d21930565ed2bf65aacbfe9fdc135138c3f790c36f172fdb8dca81,peer-1.0.7277.jar=02915d80b1d21930565ed2bf65aacbfe9fdc135138c3f790c36f172fdb8dca81
datomic/core2/thread$cached_thread_pool	2	core2-1.0.140.jar,peer-1.0.7277.jar	true	1	true	core2-1.0.140.jar=7b84a5712ee268c2a908da0edce18460ad5df3bd3445945617362c21578814e9,peer-1.0.7277.jar=7b84a5712ee268c2a908da0edce18460ad5df3bd3445945617362c21578814e9
datomic/core2/thread$clojure_name__GT_metric_name	2	core2-1.0.140.jar,peer-1.0.7277.jar	true	1	true	core2-1.0.140.jar=472a6ec2e0ebe73c00be8807bf4f5f3b11e49bb83833144ccb2b785e8552c19d,peer-1.0.7277.jar=472a6ec2e0ebe73c00be8807bf4f5f3b11e49bb83833144ccb2b785e8552c19d
datomic/core2/thread$daemon_factory	2	core2-1.0.140.jar,peer-1.0.7277.jar	true	1	true	core2-1.0.140.jar=13a5caec9a8a6f79aefb1ba8fba6befdf7653a4367e15877b69ab44d7b2fe8c5,peer-1.0.7277.jar=13a5caec9a8a6f79aefb1ba8fba6befdf7653a4367e15877b69ab44d7b2fe8c5
datomic/core2/thread$daemon_factory$reify__21010	2	core2-1.0.140.jar,peer-1.0.7277.jar	true	1	true	core2-1.0.140.jar=e2feb0c740f293a047263dcef028a068a50ea5accc1761b9724ca8bbc998075e,peer-1.0.7277.jar=e2feb0c740f293a047263dcef028a068a50ea5accc1761b9724ca8bbc998075e
datomic/core2/thread$fixed_thread_pool	2	core2-1.0.140.jar,peer-1.0.7277.jar	true	1	true	core2-1.0.140.jar=68e4d7387ef4c9b7691a217949d3941854d3416778830fddbbbb826599fdd5d0,peer-1.0.7277.jar=68e4d7387ef4c9b7691a217949d3941854d3416778830fddbbbb826599fdd5d0
datomic/core2/thread$fn__21003	2	core2-1.0.140.jar,peer-1.0.7277.jar	true	1	true	core2-1.0.140.jar=6af12ac09ab384b3329dcdd8c0dec2775ee4b28af4ddbbd2c1817d32855f0032,peer-1.0.7277.jar=6af12ac09ab384b3329dcdd8c0dec2775ee4b28af4ddbbd2c1817d32855f0032
datomic/core2/thread$fn__21041	2	core2-1.0.140.jar,peer-1.0.7277.jar	true	1	true	core2-1.0.140.jar=02652cf036326c0e4473b7eb3e44d058f41e7d7429d95868725867bef329521c,peer-1.0.7277.jar=02652cf036326c0e4473b7eb3e44d058f41e7d7429d95868725867bef329521c
datomic/core2/thread$fn__21041$__GT_ObservableThreadPool__21043	2	core2-1.0.140.jar,peer-1.0.7277.jar	true	1	true	core2-1.0.140.jar=f495be5d1be1409a31c80b9e1e78d603d0585fca16f5256f79b605a06dc02dff,peer-1.0.7277.jar=f495be5d1be1409a31c80b9e1e78d603d0585fca16f5256f79b605a06dc02dff
datomic/core2/thread$fn__21047	2	core2-1.0.140.jar,peer-1.0.7277.jar	true	1	true	core2-1.0.140.jar=877b0b64a765746ab55bc908b318d7c1be1c4272176013296727d701c3f52210,peer-1.0.7277.jar=877b0b64a765746ab55bc908b318d7c1be1c4272176013296727d701c3f52210
datomic/core2/thread$fn__21047$fn__21048	2	core2-1.0.140.jar,peer-1.0.7277.jar	true	1	true	core2-1.0.140.jar=f9f1391711c8bb6212e3908621f54d475256e5208a3d19d02635031c5c34cb06,peer-1.0.7277.jar=f9f1391711c8bb6212e3908621f54d475256e5208a3d19d02635031c5c34cb06
datomic/core2/thread$fn__21053	2	core2-1.0.140.jar,peer-1.0.7277.jar	true	1	true	core2-1.0.140.jar=07c81f76ce314bc6ecd55fc07dc69522d2e3cd8a399f58f9a723f1cc21402236,peer-1.0.7277.jar=07c81f76ce314bc6ecd55fc07dc69522d2e3cd8a399f58f9a723f1cc21402236
datomic/core2/thread$fn__21055	2	core2-1.0.140.jar,peer-1.0.7277.jar	true	1	true	core2-1.0.140.jar=43d0397c20cfc283d35153730f3821bb400336105c180640109e2216251ab025,peer-1.0.7277.jar=43d0397c20cfc283d35153730f3821bb400336105c180640109e2216251ab025
datomic/core2/thread$handoff_thread_pool	2	core2-1.0.140.jar,peer-1.0.7277.jar	true	1	true	core2-1.0.140.jar=60e2e0844fa82bf6db4cbf108193fb3cb6f3b63c06d2c5599675ec635d2ec323,peer-1.0.7277.jar=60e2e0844fa82bf6db4cbf108193fb3cb6f3b63c06d2c5599675ec635d2ec323
datomic/core2/thread$loading__6789__auto____21001	2	core2-1.0.140.jar,peer-1.0.7277.jar	true	1	true	core2-1.0.140.jar=793ae44276ffff43c41d6ed2f9fe1b3dad2945352d218e999a4c36ac501ca6a9,peer-1.0.7277.jar=793ae44276ffff43c41d6ed2f9fe1b3dad2945352d218e999a4c36ac501ca6a9
datomic/core2/thread$observable_thread_pool	2	core2-1.0.140.jar,peer-1.0.7277.jar	true	1	true	core2-1.0.140.jar=e75d5427fe63ee177f8af8f1a6bbd9c2243d3909ebf01f7382c239476b2d45cc,peer-1.0.7277.jar=e75d5427fe63ee177f8af8f1a6bbd9c2243d3909ebf01f7382c239476b2d45cc
datomic/core2/thread$observable_thread_pool$fn__21059	2	core2-1.0.140.jar,peer-1.0.7277.jar	true	1	true	core2-1.0.140.jar=21beb65ef21070cf1b60ec694a7bf50e3e3e4c136dca7b28df19e229dc78ea35,peer-1.0.7277.jar=21beb65ef21070cf1b60ec694a7bf50e3e3e4c136dca7b28df19e229dc78ea35
datomic/core2/thread$observable_thread_pool$reify__21057	2	core2-1.0.140.jar,peer-1.0.7277.jar	true	1	true	core2-1.0.140.jar=84734df5f71dc1c7470f03beafbe982aac46e233c29f3985e22ad8ed6de41bea,peer-1.0.7277.jar=84734df5f71dc1c7470f03beafbe982aac46e233c29f3985e22ad8ed6de41bea
datomic/core2/thread$pfuture	2	core2-1.0.140.jar,peer-1.0.7277.jar	true	1	true	core2-1.0.140.jar=a024be99aba486e25315614795185028bca0b3588eff5d414c0b46d23a45bb7d,peer-1.0.7277.jar=a024be99aba486e25315614795185028bca0b3588eff5d414c0b46d23a45bb7d
datomic/core2/thread$pfuture$reify__21007	2	core2-1.0.140.jar,peer-1.0.7277.jar	true	1	true	core2-1.0.140.jar=edf58b83cbfb5ac38e97c54164ff8438a9e010857bdcd4c0cf32e95708f9bc49,peer-1.0.7277.jar=edf58b83cbfb5ac38e97c54164ff8438a9e010857bdcd4c0cf32e95708f9bc49
datomic/core2/thread$pfuture_ch	2	core2-1.0.140.jar,peer-1.0.7277.jar	true	1	true	core2-1.0.140.jar=6c281d053c3d08748d1e1b6b307457b7fcac6c92c005f47d809560cb580c4e26,peer-1.0.7277.jar=6c281d053c3d08748d1e1b6b307457b7fcac6c92c005f47d809560cb580c4e26
datomic/core2/thread$pfuture_ch$fn__21016	2	core2-1.0.140.jar,peer-1.0.7277.jar	true	1	true	core2-1.0.140.jar=5af55ed94d2fc093582fed3b9395928d7d2c4d5d939096dd95323380ba135bf4,peer-1.0.7277.jar=5af55ed94d2fc093582fed3b9395928d7d2c4d5d939096dd95323380ba135bf4
datomic/core2/thread$pmap_n	2	core2-1.0.140.jar,peer-1.0.7277.jar	true	1	true	core2-1.0.140.jar=d238ed69c558959404cc4d364b66b9510c4e2f8d81211f74d26c67687488a814,peer-1.0.7277.jar=d238ed69c558959404cc4d364b66b9510c4e2f8d81211f74d26c67687488a814
datomic/core2/thread$pmap_n$fn__21021	2	core2-1.0.140.jar,peer-1.0.7277.jar	true	1	true	core2-1.0.140.jar=407671081219a072b0546873f73a03677fda37a0cf7cc87fcf53977d659d0e4e,peer-1.0.7277.jar=407671081219a072b0546873f73a03677fda37a0cf7cc87fcf53977d659d0e4e
datomic/core2/thread$pmap_n$fn__21021$fn__21022	2	core2-1.0.140.jar,peer-1.0.7277.jar	true	1	true	core2-1.0.140.jar=39a80b6b393aa71cb089fbf917132370f0605196af3a8b50140f4ceef90dda24,peer-1.0.7277.jar=39a80b6b393aa71cb089fbf917132370f0605196af3a8b50140f4ceef90dda24
datomic/core2/thread$pmap_n$fn__21038	2	core2-1.0.140.jar,peer-1.0.7277.jar	true	1	true	core2-1.0.140.jar=1fa052ca4f2a9513cbd76745d10c8127438010897869961e773dbdc5cf51b9ea,peer-1.0.7277.jar=1fa052ca4f2a9513cbd76745d10c8127438010897869961e773dbdc5cf51b9ea
datomic/core2/thread$pmap_n$step__21026	2	core2-1.0.140.jar,peer-1.0.7277.jar	true	1	true	core2-1.0.140.jar=391ae91b5ee4fe8a00a6ec1f086988ac105f2f92cfee76bee5008f42472fb146,peer-1.0.7277.jar=391ae91b5ee4fe8a00a6ec1f086988ac105f2f92cfee76bee5008f42472fb146
datomic/core2/thread$pmap_n$step__21026$fn__21030	2	core2-1.0.140.jar,peer-1.0.7277.jar	true	1	true	core2-1.0.140.jar=dfa9edc0bb8317a3614c28acabbcd46b01343836203f19a277b7826e8d7ce359,peer-1.0.7277.jar=dfa9edc0bb8317a3614c28acabbcd46b01343836203f19a277b7826e8d7ce359
datomic/core2/thread$pmap_n$step__21034	2	core2-1.0.140.jar,peer-1.0.7277.jar	true	1	true	core2-1.0.140.jar=89931877c73cddd325d485706e359643ebbd47a0fdf1271da8279bd8ea8e439d,peer-1.0.7277.jar=89931877c73cddd325d485706e359643ebbd47a0fdf1271da8279bd8ea8e439d
datomic/core2/thread$pmap_n$step__21034$fn__21035	2	core2-1.0.140.jar,peer-1.0.7277.jar	true	1	true	core2-1.0.140.jar=57a47a6276161eb2a76c9401299446bbdd20402212ec9befd002966745b21939,peer-1.0.7277.jar=57a47a6276161eb2a76c9401299446bbdd20402212ec9befd002966745b21939
datomic/core2/thread$pthread	2	core2-1.0.140.jar,peer-1.0.7277.jar	true	1	true	core2-1.0.140.jar=56a368566ed92536238f12a867403dfc41a2c39b76821c9a768767392148d99a,peer-1.0.7277.jar=56a368566ed92536238f12a867403dfc41a2c39b76821c9a768767392148d99a
datomic/core2/thread$pthread_fn	2	core2-1.0.140.jar,peer-1.0.7277.jar	true	1	true	core2-1.0.140.jar=3db8aea46bed8a807e6cbde70123c32db9e598f250d17ea435896247b71ca635,peer-1.0.7277.jar=3db8aea46bed8a807e6cbde70123c32db9e598f250d17ea435896247b71ca635
datomic/core2/thread$result_chan	2	core2-1.0.140.jar,peer-1.0.7277.jar	true	1	true	core2-1.0.140.jar=d745aea8f7016d22836a1a127b669c85a6da71fddf2f0f3bbd0d390be55ec44b,peer-1.0.7277.jar=d745aea8f7016d22836a1a127b669c85a6da71fddf2f0f3bbd0d390be55ec44b
datomic/core2/thread$thread_pool	2	core2-1.0.140.jar,peer-1.0.7277.jar	true	1	true	core2-1.0.140.jar=7136a8d5663ac9bbfb235acfe7d8767c33d78191b5680044a94427148898f9a6,peer-1.0.7277.jar=7136a8d5663ac9bbfb235acfe7d8767c33d78191b5680044a94427148898f9a6
datomic/core2/thread/ObservableThreadPool	2	core2-1.0.140.jar,peer-1.0.7277.jar	true	1	true	core2-1.0.140.jar=567566b687f739c00909f0b6cfbcbbb567dabd2cef756f46f19fa618fb9dc2da,peer-1.0.7277.jar=567566b687f739c00909f0b6cfbcbbb567dabd2cef756f46f19fa618fb9dc2da
datomic/core2/thread__init	2	core2-1.0.140.jar,peer-1.0.7277.jar	true	1	true	core2-1.0.140.jar=4b40786094ae86585a66a30be40d60354927ec0ff60f74d18ecb5bb3fb7bf79c,peer-1.0.7277.jar=4b40786094ae86585a66a30be40d60354927ec0ff60f74d18ecb5bb3fb7bf79c
datomic/core2/val_store$delete	2	core2-1.0.140.jar,peer-1.0.7277.jar	true	1	true	core2-1.0.140.jar=52b80df37bc4503dbcd09d2077e8157f13ee9c482842680c295f6e33264d0af8,peer-1.0.7277.jar=52b80df37bc4503dbcd09d2077e8157f13ee9c482842680c295f6e33264d0af8
datomic/core2/val_store$fn__21073	2	core2-1.0.140.jar,peer-1.0.7277.jar	true	1	true	core2-1.0.140.jar=325c0443eaeb072c2a1aebe43059a47b537119a704fe0e45fbc18cabb81a5989,peer-1.0.7277.jar=325c0443eaeb072c2a1aebe43059a47b537119a704fe0e45fbc18cabb81a5989
datomic/core2/val_store$get	2	core2-1.0.140.jar,peer-1.0.7277.jar	true	1	true	core2-1.0.140.jar=0f4315fb8ebd73d3d9f023152504cc8687d4a8c732bbb59975c04ab3a0493264,peer-1.0.7277.jar=0f4315fb8ebd73d3d9f023152504cc8687d4a8c732bbb59975c04ab3a0493264
datomic/core2/val_store$loading__6789__auto____21071	2	core2-1.0.140.jar,peer-1.0.7277.jar	true	1	true	core2-1.0.140.jar=52005af1a6fbed25bbb57f984ec2f17ea7a2962e66e407cfe5f8dd639d789bf6,peer-1.0.7277.jar=52005af1a6fbed25bbb57f984ec2f17ea7a2962e66e407cfe5f8dd639d789bf6
datomic/core2/val_store$put	2	core2-1.0.140.jar,peer-1.0.7277.jar	true	1	true	core2-1.0.140.jar=6e8e26971c2c5e271eb8e1f6950c3d92d82662f5d9509e7750c664a26eed5278,peer-1.0.7277.jar=6e8e26971c2c5e271eb8e1f6950c3d92d82662f5d9509e7750c664a26eed5278
datomic/core2/val_store/double_store$create	2	core2-1.0.140.jar,peer-1.0.7277.jar	true	1	true	core2-1.0.140.jar=9f6243e328b8ba88064911556a80732e0efd3c55e025edc6563e1ba50f617804,peer-1.0.7277.jar=9f6243e328b8ba88064911556a80732e0efd3c55e025edc6563e1ba50f617804
datomic/core2/val_store/double_store$fn__21080	2	core2-1.0.140.jar,peer-1.0.7277.jar	true	1	true	core2-1.0.140.jar=b147d4ff3d5701747a0c45b91a6fd230ecc2ee54ee15d630d36f51945c96dd6f,peer-1.0.7277.jar=b147d4ff3d5701747a0c45b91a6fd230ecc2ee54ee15d630d36f51945c96dd6f
datomic/core2/val_store/double_store$fn__21086	2	core2-1.0.140.jar,peer-1.0.7277.jar	true	1	true	core2-1.0.140.jar=535e3ac01a13226093c7e08beb68a6cc9ca3144584f94401e3dd9edc71797846,peer-1.0.7277.jar=535e3ac01a13226093c7e08beb68a6cc9ca3144584f94401e3dd9edc71797846
datomic/core2/val_store/double_store$fn__21086$__GT_ValStore__21248	2	core2-1.0.140.jar,peer-1.0.7277.jar	true	1	true	core2-1.0.140.jar=f78f0d89e951c90ab0b6902b8f487f4f40d89c3b254cd933400a04e067e3fdae,peer-1.0.7277.jar=f78f0d89e951c90ab0b6902b8f487f4f40d89c3b254cd933400a04e067e3fdae
datomic/core2/val_store/double_store$get_from_near_store_QMARK_	2	core2-1.0.140.jar,peer-1.0.7277.jar	true	1	true	core2-1.0.140.jar=7d71e2674d173ff23cfb3faef7b9e4c0ce208815220b79977c20f0f84b087816,peer-1.0.7277.jar=7d71e2674d173ff23cfb3faef7b9e4c0ce208815220b79977c20f0f84b087816
datomic/core2/val_store/double_store$loading__6789__auto____21078	2	core2-1.0.140.jar,peer-1.0.7277.jar	true	1	true	core2-1.0.140.jar=fa57b95acdd1d0933a63bf1b75c36fda7618ac4da16a7a35fc459de48935a8a8,peer-1.0.7277.jar=fa57b95acdd1d0933a63bf1b75c36fda7618ac4da16a7a35fc459de48935a8a8
datomic/core2/val_store/double_store$read_repair_near_store_QMARK_	2	core2-1.0.140.jar,peer-1.0.7277.jar	true	1	true	core2-1.0.140.jar=2bc2808acdacaab29927d99c40ec20a8eeff606914ead089af0c7e42fe42b726,peer-1.0.7277.jar=2bc2808acdacaab29927d99c40ec20a8eeff606914ead089af0c7e42fe42b726
datomic/core2/val_store/double_store/ValStore	2	core2-1.0.140.jar,peer-1.0.7277.jar	true	1	true	core2-1.0.140.jar=8bc7de401664e9e1e19a3a5548c46ab40bf90e5398461c99d423b76ed38a2987,peer-1.0.7277.jar=8bc7de401664e9e1e19a3a5548c46ab40bf90e5398461c99d423b76ed38a2987
datomic/core2/val_store/double_store/ValStore$fn__21186	2	core2-1.0.140.jar,peer-1.0.7277.jar	true	1	true	core2-1.0.140.jar=276e7fa5afc7ee5bb1d9596916f9e6b0bf7b1adb584f3f2333de49543a79b5b5,peer-1.0.7277.jar=276e7fa5afc7ee5bb1d9596916f9e6b0bf7b1adb584f3f2333de49543a79b5b5
datomic/core2/val_store/double_store/ValStore$fn__21186$G__21087__21187	2	core2-1.0.140.jar,peer-1.0.7277.jar	true	1	true	core2-1.0.140.jar=de3cd6a2ec02900062bbaada4dce70ee0d08d9738b536f0779272d650bd29b71,peer-1.0.7277.jar=de3cd6a2ec02900062bbaada4dce70ee0d08d9738b536f0779272d650bd29b71
datomic/core2/val_store/double_store/ValStore$fn__21186$G__21088__21189	2	core2-1.0.140.jar,peer-1.0.7277.jar	true	1	true	core2-1.0.140.jar=d11056428ba647cb724c60d3d20cdc86172a0b72af1f4106b0aa795f039cf675,peer-1.0.7277.jar=d11056428ba647cb724c60d3d20cdc86172a0b72af1f4106b0aa795f039cf675
datomic/core2/val_store/double_store/ValStore$fn__21186$G__21089__21191	2	core2-1.0.140.jar,peer-1.0.7277.jar	true	1	true	core2-1.0.140.jar=d186ae8c6f5d809166f26421517806ed304b8dbf77f1368cdb98dbbeabd2baa5,peer-1.0.7277.jar=d186ae8c6f5d809166f26421517806ed304b8dbf77f1368cdb98dbbeabd2baa5
datomic/core2/val_store/double_store/ValStore$fn__21186$G__21090__21193	2	core2-1.0.140.jar,peer-1.0.7277.jar	true	1	true	core2-1.0.140.jar=ad575b5072a332a636fda1f092517e517bf2b4141551afe631110ba4ad883fb5,peer-1.0.7277.jar=ad575b5072a332a636fda1f092517e517bf2b4141551afe631110ba4ad883fb5
datomic/core2/val_store/double_store/ValStore$fn__21186$G__21091__21195	2	core2-1.0.140.jar,peer-1.0.7277.jar	true	1	true	core2-1.0.140.jar=ad346fca8dc9b8b6a9cb0b17512187fd4570f32f75891bbde8b798b0cf1cdafa,peer-1.0.7277.jar=ad346fca8dc9b8b6a9cb0b17512187fd4570f32f75891bbde8b798b0cf1cdafa
datomic/core2/val_store/double_store/ValStore$fn__21186$G__21092__21197	2	core2-1.0.140.jar,peer-1.0.7277.jar	true	1	true	core2-1.0.140.jar=55958a6a5cac3ab4942e431b655d9abe91874d14baa7a2cb322f3ea68e907017,peer-1.0.7277.jar=55958a6a5cac3ab4942e431b655d9abe91874d14baa7a2cb322f3ea68e907017
datomic/core2/val_store/double_store/ValStore$fn__21186$G__21093__21199	2	core2-1.0.140.jar,peer-1.0.7277.jar	true	1	true	core2-1.0.140.jar=1ffd18a6a52611f2a812300847b2e9f3996450a6d4b0753024f68aa4c441112d,peer-1.0.7277.jar=1ffd18a6a52611f2a812300847b2e9f3996450a6d4b0753024f68aa4c441112d
datomic/core2/val_store/double_store/ValStore$fn__21186$state_machine__9975__auto____21201	2	core2-1.0.140.jar,peer-1.0.7277.jar	true	1	true	core2-1.0.140.jar=594ddfd04b69f2abc2711509c613f378a0200fd03376eae6e788b96f86e790ce,peer-1.0.7277.jar=594ddfd04b69f2abc2711509c613f378a0200fd03376eae6e788b96f86e790ce
datomic/core2/val_store/double_store/ValStore$fn__21186$state_machine__9975__auto____21201$fn__21203	2	core2-1.0.140.jar,peer-1.0.7277.jar	true	1	true	core2-1.0.140.jar=bc33f6a3c261dbcbf9fd6564c4314cba0e2a13d48fc4858c03055f993b5abda3,peer-1.0.7277.jar=bc33f6a3c261dbcbf9fd6564c4314cba0e2a13d48fc4858c03055f993b5abda3
datomic/core2/val_store/double_store/ValStore$fn__21186$state_machine__9975__auto____21201$fn__21203$fn__21205	2	core2-1.0.140.jar,peer-1.0.7277.jar	true	1	true	core2-1.0.140.jar=d323e5126137e8c50bce8b0bf6a53f2e326c62987225b81b908d18fd246d168b,peer-1.0.7277.jar=d323e5126137e8c50bce8b0bf6a53f2e326c62987225b81b908d18fd246d168b
datomic/core2/val_store/double_store__init	2	core2-1.0.140.jar,peer-1.0.7277.jar	true	1	true	core2-1.0.140.jar=4ff8a0e6974bca6156569eb701bcc8bd649c01fb8b624669fc8ae54bbf88856d,peer-1.0.7277.jar=4ff8a0e6974bca6156569eb701bcc8bd649c01fb8b624669fc8ae54bbf88856d
datomic/core2/val_store/fs$create	2	core2-1.0.140.jar,peer-1.0.7277.jar	true	1	true	core2-1.0.140.jar=c2814c24c08fbbe8d422007889bff5765a0a13050346ddcf600d7e1dc098b5e5,peer-1.0.7277.jar=c2814c24c08fbbe8d422007889bff5765a0a13050346ddcf600d7e1dc098b5e5
datomic/core2/val_store/fs$fn__21257	2	core2-1.0.140.jar,peer-1.0.7277.jar	true	1	true	core2-1.0.140.jar=424bef2cc1430761286fd2c84292363db4b2b7864e4b522c076e790c90a38800,peer-1.0.7277.jar=424bef2cc1430761286fd2c84292363db4b2b7864e4b522c076e790c90a38800
datomic/core2/val_store/fs$fn__21271	2	core2-1.0.140.jar,peer-1.0.7277.jar	true	1	true	core2-1.0.140.jar=0a86c791bd88f623cccf98488278a2a974dc1b5645dbafa5ded1a5b92ec7901f,peer-1.0.7277.jar=0a86c791bd88f623cccf98488278a2a974dc1b5645dbafa5ded1a5b92ec7901f
datomic/core2/val_store/fs$fn__21274	2	core2-1.0.140.jar,peer-1.0.7277.jar	true	1	true	core2-1.0.140.jar=1b4ef8d9baacca46dfa80bcaa887edef60df3b13ae0ad524188bb58e33ac9267,peer-1.0.7277.jar=1b4ef8d9baacca46dfa80bcaa887edef60df3b13ae0ad524188bb58e33ac9267
datomic/core2/val_store/fs$fn__21274$G__21267__21283	2	core2-1.0.140.jar,peer-1.0.7277.jar	true	1	true	core2-1.0.140.jar=48d585c1934bf6fc644d78992472b221857715ee93a8c7b16b6167b39370edd9,peer-1.0.7277.jar=48d585c1934bf6fc644d78992472b221857715ee93a8c7b16b6167b39370edd9
datomic/core2/val_store/fs$fn__21274$G__21268__21278	2	core2-1.0.140.jar,peer-1.0.7277.jar	true	1	true	core2-1.0.140.jar=b90d87d844e93c5586e207b793a7508c322e8c0a4880ee71b0d8affd118b8102,peer-1.0.7277.jar=b90d87d844e93c5586e207b793a7508c322e8c0a4880ee71b0d8affd118b8102
datomic/core2/val_store/fs$fn__21289	2	core2-1.0.140.jar,peer-1.0.7277.jar	true	1	true	core2-1.0.140.jar=79d2f99b5cd6446e1e2b92460414591889f6d53d9bffdbffea2cd646e781edf9,peer-1.0.7277.jar=79d2f99b5cd6446e1e2b92460414591889f6d53d9bffdbffea2cd646e781edf9
datomic/core2/val_store/fs$fn__21289$G__21265__21298	2	core2-1.0.140.jar,peer-1.0.7277.jar	true	1	true	core2-1.0.140.jar=8b9c77f665a2431a741081576c003b3d67adfd2c5fc1cc5688dfe910b787e5d3,peer-1.0.7277.jar=8b9c77f665a2431a741081576c003b3d67adfd2c5fc1cc5688dfe910b787e5d3
datomic/core2/val_store/fs$fn__21289$G__21266__21293	2	core2-1.0.140.jar,peer-1.0.7277.jar	true	1	true	core2-1.0.140.jar=1dd459e45ad16ae0761b6922ea70915fc8b2fc15baa0b0b8be2992cbe29aaa86,peer-1.0.7277.jar=1dd459e45ad16ae0761b6922ea70915fc8b2fc15baa0b0b8be2992cbe29aaa86
datomic/core2/val_store/fs$fn__21304	2	core2-1.0.140.jar,peer-1.0.7277.jar	true	1	true	core2-1.0.140.jar=48e1cd76a5a548c45cddd747033da89ebe89548aa309829de982d77b12ad988a,peer-1.0.7277.jar=48e1cd76a5a548c45cddd747033da89ebe89548aa309829de982d77b12ad988a
datomic/core2/val_store/fs$fn__21304$G__21269__21315	2	core2-1.0.140.jar,peer-1.0.7277.jar	true	1	true	core2-1.0.140.jar=54ab95db3b9dbd1b7827b6f14b67be57048420e2207c98786f1a2746b9f26413,peer-1.0.7277.jar=54ab95db3b9dbd1b7827b6f14b67be57048420e2207c98786f1a2746b9f26413
datomic/core2/val_store/fs$fn__21304$G__21270__21309	2	core2-1.0.140.jar,peer-1.0.7277.jar	true	1	true	core2-1.0.140.jar=a132f6b580cf37df705f5e46e1b37ef730f804f881070be68a2abcf2d3a31ee3,peer-1.0.7277.jar=a132f6b580cf37df705f5e46e1b37ef730f804f881070be68a2abcf2d3a31ee3
datomic/core2/val_store/fs$fn__21324	2	core2-1.0.140.jar,peer-1.0.7277.jar	true	1	true	core2-1.0.140.jar=0fab6f5149070bed26c28379bfbb2b4190bcbc73e96f9b96839f99a0e3172ada,peer-1.0.7277.jar=0fab6f5149070bed26c28379bfbb2b4190bcbc73e96f9b96839f99a0e3172ada
datomic/core2/val_store/fs$fn__21324$__GT_FS__21338	2	core2-1.0.140.jar,peer-1.0.7277.jar	true	1	true	core2-1.0.140.jar=41872256c04299d04d4f5610bde7f8d0e722480bf041ae9cfcce711c89ab4111,peer-1.0.7277.jar=41872256c04299d04d4f5610bde7f8d0e722480bf041ae9cfcce711c89ab4111
datomic/core2/val_store/fs$loading__6789__auto____21255	2	core2-1.0.140.jar,peer-1.0.7277.jar	true	1	true	core2-1.0.140.jar=fd044627910b1849b7784c910c1fb9c72d1c803fec2b4d396460b83b49910f50,peer-1.0.7277.jar=fd044627910b1849b7784c910c1fb9c72d1c803fec2b4d396460b83b49910f50
datomic/core2/val_store/fs$wrap_metric_handler	2	core2-1.0.140.jar,peer-1.0.7277.jar	true	1	true	core2-1.0.140.jar=0e7f116ace6cf373a3db96ec41cccc1c45d221bcf1cd6475be735a7b994986dc,peer-1.0.7277.jar=0e7f116ace6cf373a3db96ec41cccc1c45d221bcf1cd6475be735a7b994986dc
datomic/core2/val_store/fs$wrap_metric_handler$fn__21259	2	core2-1.0.140.jar,peer-1.0.7277.jar	true	1	true	core2-1.0.140.jar=63c0c2c44d28111dab2282b96ad7f7197cf4e8d274125eb94c694e194d47e4e8,peer-1.0.7277.jar=63c0c2c44d28111dab2282b96ad7f7197cf4e8d274125eb94c694e194d47e4e8
datomic/core2/val_store/fs$wrap_op	2	core2-1.0.140.jar,peer-1.0.7277.jar	true	1	true	core2-1.0.140.jar=d09754ed5fb2f5826c2c50140dbe5c011863865f1be50b2c448f6cc751d384a4,peer-1.0.7277.jar=d09754ed5fb2f5826c2c50140dbe5c011863865f1be50b2c448f6cc751d384a4
datomic/core2/val_store/fs$wrap_op$fn__21262	2	core2-1.0.140.jar,peer-1.0.7277.jar	true	1	true	core2-1.0.140.jar=7293cf781db923daba361d1129780065b391400f5ff9b11eefefd692f9e65c13,peer-1.0.7277.jar=7293cf781db923daba361d1129780065b391400f5ff9b11eefefd692f9e65c13
datomic/core2/val_store/fs/FS	2	core2-1.0.140.jar,peer-1.0.7277.jar	true	1	true	core2-1.0.140.jar=cbeb6b66708c83a43ee668874e47710ab49faf60a55ea6fa87b485135d464055,peer-1.0.7277.jar=cbeb6b66708c83a43ee668874e47710ab49faf60a55ea6fa87b485135d464055
datomic/core2/val_store/fs/FS$doit__21325	2	core2-1.0.140.jar,peer-1.0.7277.jar	true	1	true	core2-1.0.140.jar=039a9fe2b324806f684bbaf90460692278f9eb7c942595b4b91da7be067e259c,peer-1.0.7277.jar=039a9fe2b324806f684bbaf90460692278f9eb7c942595b4b91da7be067e259c
datomic/core2/val_store/fs/FS$fn__21327	2	core2-1.0.140.jar,peer-1.0.7277.jar	true	1	true	core2-1.0.140.jar=48914c578d46bb6e8bca441ddbe2d15b3dafe456bd080f24ab3b75056a4b9e0d,peer-1.0.7277.jar=48914c578d46bb6e8bca441ddbe2d15b3dafe456bd080f24ab3b75056a4b9e0d
datomic/core2/val_store/fs/FS$fn__21329	2	core2-1.0.140.jar,peer-1.0.7277.jar	true	1	true	core2-1.0.140.jar=253cce66073aa11b5c61c9a49105f8b5ead7f9936c3970eab65ae018f2336893,peer-1.0.7277.jar=253cce66073aa11b5c61c9a49105f8b5ead7f9936c3970eab65ae018f2336893
datomic/core2/val_store/fs/FS$fn__21331	2	core2-1.0.140.jar,peer-1.0.7277.jar	true	1	true	core2-1.0.140.jar=d81228109fb0c156937dc44067732fca7839d0c8a91d5e7171c0726c8c46b987,peer-1.0.7277.jar=d81228109fb0c156937dc44067732fca7839d0c8a91d5e7171c0726c8c46b987
datomic/core2/val_store/fs/FS$fn__21333	2	core2-1.0.140.jar,peer-1.0.7277.jar	true	1	true	core2-1.0.140.jar=a52c418ff9a03aea5a654323442d781e1aaa6015ae0167bf5ae6f53a67d769e6,peer-1.0.7277.jar=a52c418ff9a03aea5a654323442d781e1aaa6015ae0167bf5ae6f53a67d769e6
datomic/core2/val_store/fs/Impl	2	core2-1.0.140.jar,peer-1.0.7277.jar	true	1	true	core2-1.0.140.jar=d60ed4f142d5278f260b79ae5d154d20a52c9fa997a492a364aaff3e131e7f88,peer-1.0.7277.jar=d60ed4f142d5278f260b79ae5d154d20a52c9fa997a492a364aaff3e131e7f88
datomic/core2/val_store/fs__init	2	core2-1.0.140.jar,peer-1.0.7277.jar	true	1	true	core2-1.0.140.jar=c2316f8879807baa382943ba2d5751a9f2be59621fbf5e9a42981a4041470985,peer-1.0.7277.jar=c2316f8879807baa382943ba2d5751a9f2be59621fbf5e9a42981a4041470985
datomic/core2/val_store/s3$fn__21349	2	core2-1.0.140.jar,peer-1.0.7277.jar	true	1	true	core2-1.0.140.jar=a3fb238dc5e2d88a05f12b94429a5ba8277e788ef108cc090f3513b92d3fce21,peer-1.0.7277.jar=a3fb238dc5e2d88a05f12b94429a5ba8277e788ef108cc090f3513b92d3fce21
datomic/core2/val_store/s3$go_with_metrics	2	core2-1.0.140.jar,peer-1.0.7277.jar	true	1	true	core2-1.0.140.jar=d80795f76566433108b79b5f9a25be9c89c7561c4eeb505fd5b0949ff1487383,peer-1.0.7277.jar=d80795f76566433108b79b5f9a25be9c89c7561c4eeb505fd5b0949ff1487383
datomic/core2/val_store/s3$go_with_metrics$fn__21378	2	core2-1.0.140.jar,peer-1.0.7277.jar	true	1	true	core2-1.0.140.jar=ff2e1883020f1f947185c0ce782bfc28493c21bfbc19092c2895fe3be5d125e0,peer-1.0.7277.jar=ff2e1883020f1f947185c0ce782bfc28493c21bfbc19092c2895fe3be5d125e0
datomic/core2/val_store/s3$go_with_metrics$fn__21378$G__21352__21379	2	core2-1.0.140.jar,peer-1.0.7277.jar	true	1	true	core2-1.0.140.jar=77355da22e3570f6719a5746e5af1a781683c8c950c4491bd435418ba7808ddd,peer-1.0.7277.jar=77355da22e3570f6719a5746e5af1a781683c8c950c4491bd435418ba7808ddd
datomic/core2/val_store/s3$go_with_metrics$fn__21378$G__21353__21381	2	core2-1.0.140.jar,peer-1.0.7277.jar	true	1	true	core2-1.0.140.jar=9a3ffc47a23d0622879d7ebab1273e4674afd45d4dda713e31f433f29bb2af93,peer-1.0.7277.jar=9a3ffc47a23d0622879d7ebab1273e4674afd45d4dda713e31f433f29bb2af93
datomic/core2/val_store/s3$go_with_metrics$fn__21378$G__21354__21383	2	core2-1.0.140.jar,peer-1.0.7277.jar	true	1	true	core2-1.0.140.jar=d315c7aa44423d8d1712c3bb8b548a6b2a95a5f0f7c5de271c6cec68b8c50007,peer-1.0.7277.jar=d315c7aa44423d8d1712c3bb8b548a6b2a95a5f0f7c5de271c6cec68b8c50007
datomic/core2/val_store/s3$go_with_metrics$fn__21378$G__21355__21385	2	core2-1.0.140.jar,peer-1.0.7277.jar	true	1	true	core2-1.0.140.jar=f35b8b30c9e45f0335fea6374cd0a977707a426bbc5d053812407da1fec93fc2,peer-1.0.7277.jar=f35b8b30c9e45f0335fea6374cd0a977707a426bbc5d053812407da1fec93fc2
datomic/core2/val_store/s3$go_with_metrics$fn__21378$state_machine__9975__auto____21387	2	core2-1.0.140.jar,peer-1.0.7277.jar	true	1	true	core2-1.0.140.jar=85dce39871d829d5a5311f09ce4cb475e369e1d8ba14ed57977f4ec5cb2d013f,peer-1.0.7277.jar=85dce39871d829d5a5311f09ce4cb475e369e1d8ba14ed57977f4ec5cb2d013f
datomic/core2/val_store/s3$go_with_metrics$fn__21378$state_machine__9975__auto____21387$fn__21389	2	core2-1.0.140.jar,peer-1.0.7277.jar	true	1	true	core2-1.0.140.jar=0d48f7f760990ff69ad68027be2c99e4b1b43ef9297097b1c37ecb70d63689cd,peer-1.0.7277.jar=0d48f7f760990ff69ad68027be2c99e4b1b43ef9297097b1c37ecb70d63689cd
datomic/core2/val_store/s3$loading__6789__auto____21347	2	core2-1.0.140.jar,peer-1.0.7277.jar	true	1	true	core2-1.0.140.jar=2359395879563b14c44ef1164f4a0b379c2745c3a0063a0c6da54dab879e4ebc,peer-1.0.7277.jar=2359395879563b14c44ef1164f4a0b379c2745c3a0063a0c6da54dab879e4ebc
datomic/core2/val_store/s3$retry_handler	2	core2-1.0.140.jar,peer-1.0.7277.jar	true	1	true	core2-1.0.140.jar=85ce7741cc638a3b7286aa017eeed40938379f12e6825cac34266172d1686f59,peer-1.0.7277.jar=85ce7741cc638a3b7286aa017eeed40938379f12e6825cac34266172d1686f59
datomic/core2/val_store/s3$retry_handler$fn__21417	2	core2-1.0.140.jar,peer-1.0.7277.jar	true	1	true	core2-1.0.140.jar=1e2b150084dcf02cb628409a2def705988e0d249bed763ab495fdae7d00dd071,peer-1.0.7277.jar=1e2b150084dcf02cb628409a2def705988e0d249bed763ab495fdae7d00dd071
datomic/core2/val_store/s3$retry_handler$fn__21417$fn__21418	2	core2-1.0.140.jar,peer-1.0.7277.jar	true	1	true	core2-1.0.140.jar=f3bae10f5fd5b9d4f4f1ff0d3c02ae334e5dd220f01bc6821d4fe95e91a71032,peer-1.0.7277.jar=f3bae10f5fd5b9d4f4f1ff0d3c02ae334e5dd220f01bc6821d4fe95e91a71032
datomic/core2/val_store/s3$retry_handler$metric_cb__21414	2	core2-1.0.140.jar,peer-1.0.7277.jar	true	1	true	core2-1.0.140.jar=624a4a9b8c2b4904e8c39629627b84a0fe5e78e56ea5ac6bf3839ccd51ae753f,peer-1.0.7277.jar=624a4a9b8c2b4904e8c39629627b84a0fe5e78e56ea5ac6bf3839ccd51ae753f
datomic/core2/val_store/s3$storage_key	2	core2-1.0.140.jar,peer-1.0.7277.jar	true	1	true	core2-1.0.140.jar=17374be57151c6e10c952022cc168064b5774b4ee8cbb752f3a78a16d522b5d5,peer-1.0.7277.jar=17374be57151c6e10c952022cc168064b5774b4ee8cbb752f3a78a16d522b5d5
datomic/core2/val_store/s3$wrap_metric_handler	2	core2-1.0.140.jar,peer-1.0.7277.jar	true	1	true	core2-1.0.140.jar=c25bfe28de5cd90f2551b57794fef77fb84486ab855ec37d526c0c1be0c391f1,peer-1.0.7277.jar=c25bfe28de5cd90f2551b57794fef77fb84486ab855ec37d526c0c1be0c391f1
datomic/core2/val_store/s3$wrap_metric_handler$fn__21408	2	core2-1.0.140.jar,peer-1.0.7277.jar	true	1	true	core2-1.0.140.jar=05bcfce54ecbed11ff63fc62e5b9af1208fc2887f39331e88a6ba6ce6b0ecf9d,peer-1.0.7277.jar=05bcfce54ecbed11ff63fc62e5b9af1208fc2887f39331e88a6ba6ce6b0ecf9d
datomic/core2/val_store/s3/aws_api$create	2	core2-1.0.140.jar,peer-1.0.7277.jar	true	1	true	core2-1.0.140.jar=20f0663e48df4fc17506fe3e0a7fd11b612c69e4d4db0a01fe742387a105f655,peer-1.0.7277.jar=20f0663e48df4fc17506fe3e0a7fd11b612c69e4d4db0a01fe742387a105f655
datomic/core2/val_store/s3/aws_api$fn__21424	2	core2-1.0.140.jar,peer-1.0.7277.jar	true	1	true	core2-1.0.140.jar=2ed7373f295e507de1a6380862bb575b4363e27447589d48fdd90338ec1faa84,peer-1.0.7277.jar=2ed7373f295e507de1a6380862bb575b4363e27447589d48fdd90338ec1faa84
datomic/core2/val_store/s3/aws_api$fn__21427	2	core2-1.0.140.jar,peer-1.0.7277.jar	true	1	true	core2-1.0.140.jar=be036bf127b56d6621f08a4fc85e91d09a85b7d0c4bc5d72f8f41c61d99b35a1,peer-1.0.7277.jar=be036bf127b56d6621f08a4fc85e91d09a85b7d0c4bc5d72f8f41c61d99b35a1
datomic/core2/val_store/s3/aws_api$fn__21427$__GT_ValStore__21666	2	core2-1.0.140.jar,peer-1.0.7277.jar	true	1	true	core2-1.0.140.jar=9f23c23913b8ac5e96ce5f3a3c60fcd4e56a5bbe4402a676c15d1a72b5ce6dff,peer-1.0.7277.jar=9f23c23913b8ac5e96ce5f3a3c60fcd4e56a5bbe4402a676c15d1a72b5ce6dff
datomic/core2/val_store/s3/aws_api$loading__6789__auto____21422	2	core2-1.0.140.jar,peer-1.0.7277.jar	true	1	true	core2-1.0.140.jar=5f92149bc104e25a57a113428c9c8647c8e340dc556a7dbf87f6d20ba2136a51,peer-1.0.7277.jar=5f92149bc104e25a57a113428c9c8647c8e340dc556a7dbf87f6d20ba2136a51
datomic/core2/val_store/s3/aws_api/ValStore	2	core2-1.0.140.jar,peer-1.0.7277.jar	true	1	true	core2-1.0.140.jar=16ba75c85b14e58fcccead977efdf39f376ec1d364e940e812aa61e7d24f929d,peer-1.0.7277.jar=16ba75c85b14e58fcccead977efdf39f376ec1d364e940e812aa61e7d24f929d
datomic/core2/val_store/s3/aws_api/ValStore$fn__21429	2	core2-1.0.140.jar,peer-1.0.7277.jar	true	1	true	core2-1.0.140.jar=3ba93f90adb041e9e41e893d7d1a43540d0637e7164d62d28ea27a28b9fa511b,peer-1.0.7277.jar=3ba93f90adb041e9e41e893d7d1a43540d0637e7164d62d28ea27a28b9fa511b
datomic/core2/val_store/s3/aws_api/ValStore$fn__21429$fn__21479	2	core2-1.0.140.jar,peer-1.0.7277.jar	true	1	true	core2-1.0.140.jar=8faa40e34e6a180d655aa246e4b284c650b9b19c55cb8b4c923fb77de9a819d2,peer-1.0.7277.jar=8faa40e34e6a180d655aa246e4b284c650b9b19c55cb8b4c923fb77de9a819d2
datomic/core2/val_store/s3/aws_api/ValStore$fn__21429$fn__21479$G__21430__21480	2	core2-1.0.140.jar,peer-1.0.7277.jar	true	1	true	core2-1.0.140.jar=71fe20940361a34f3d6cbf5a7c48486fbed63142e7c2b67ba253aee640f86eea,peer-1.0.7277.jar=71fe20940361a34f3d6cbf5a7c48486fbed63142e7c2b67ba253aee640f86eea
datomic/core2/val_store/s3/aws_api/ValStore$fn__21429$fn__21479$G__21431__21482	2	core2-1.0.140.jar,peer-1.0.7277.jar	true	1	true	core2-1.0.140.jar=b0d744815a7580ea531c552ee3f58eae6a64e5d9c1dad029e5b5c5bfe40f5d7b,peer-1.0.7277.jar=b0d744815a7580ea531c552ee3f58eae6a64e5d9c1dad029e5b5c5bfe40f5d7b
datomic/core2/val_store/s3/aws_api/ValStore$fn__21429$fn__21479$G__21432__21484	2	core2-1.0.140.jar,peer-1.0.7277.jar	true	1	true	core2-1.0.140.jar=08a9250ab5d131adf8427dc5843f8c7d6fdb2a807d83bb6d23ebdf7c67726fb5,peer-1.0.7277.jar=08a9250ab5d131adf8427dc5843f8c7d6fdb2a807d83bb6d23ebdf7c67726fb5
datomic/core2/val_store/s3/aws_api/ValStore$fn__21429$fn__21479$G__21433__21486	2	core2-1.0.140.jar,peer-1.0.7277.jar	true	1	true	core2-1.0.140.jar=230990c834cf07c01c371af9bd0af096be7909696cf5940071f44b3acd3dbc9a,peer-1.0.7277.jar=230990c834cf07c01c371af9bd0af096be7909696cf5940071f44b3acd3dbc9a
datomic/core2/val_store/s3/aws_api/ValStore$fn__21429$fn__21479$G__21434__21488	2	core2-1.0.140.jar,peer-1.0.7277.jar	true	1	true	core2-1.0.140.jar=1f441b69edd2300d5cddd5380f24b514b60db2e10799d2fb47ec735eefde997d,peer-1.0.7277.jar=1f441b69edd2300d5cddd5380f24b514b60db2e10799d2fb47ec735eefde997d
datomic/core2/val_store/s3/aws_api/ValStore$fn__21429$fn__21479$G__21435__21490	2	core2-1.0.140.jar,peer-1.0.7277.jar	true	1	true	core2-1.0.140.jar=4118fa63bd5bd6849e428434e49cee40f15b2474b24fa3c33b03649baa56aa65,peer-1.0.7277.jar=4118fa63bd5bd6849e428434e49cee40f15b2474b24fa3c33b03649baa56aa65
datomic/core2/val_store/s3/aws_api/ValStore$fn__21429$fn__21479$G__21436__21492	2	core2-1.0.140.jar,peer-1.0.7277.jar	true	1	true	core2-1.0.140.jar=166704109f2eaf53ba2eaf3f592d4824cf91d1728177310db84e82fc919f97a3,peer-1.0.7277.jar=166704109f2eaf53ba2eaf3f592d4824cf91d1728177310db84e82fc919f97a3
datomic/core2/val_store/s3/aws_api/ValStore$fn__21429$fn__21479$G__21437__21494	2	core2-1.0.140.jar,peer-1.0.7277.jar	true	1	true	core2-1.0.140.jar=6a6c95b5bd5fcc688f5101e6343324e2b5b7246ecc06233439b6d0c7adadbd76,peer-1.0.7277.jar=6a6c95b5bd5fcc688f5101e6343324e2b5b7246ecc06233439b6d0c7adadbd76
datomic/core2/val_store/s3/aws_api/ValStore$fn__21429$fn__21479$G__21438__21496	2	core2-1.0.140.jar,peer-1.0.7277.jar	true	1	true	core2-1.0.140.jar=bd212a2af9220932ff5add4e6558a9119b2dddff4ff7217b5c91fb25807d4b49,peer-1.0.7277.jar=bd212a2af9220932ff5add4e6558a9119b2dddff4ff7217b5c91fb25807d4b49
datomic/core2/val_store/s3/aws_api/ValStore$fn__21429$fn__21479$G__21439__21498	2	core2-1.0.140.jar,peer-1.0.7277.jar	true	1	true	core2-1.0.140.jar=1d271096350135263fac105bdb6fe80a3709ad8250f9c472a55353978e0caa7d,peer-1.0.7277.jar=1d271096350135263fac105bdb6fe80a3709ad8250f9c472a55353978e0caa7d
datomic/core2/val_store/s3/aws_api/ValStore$fn__21429$fn__21479$state_machine__9975__auto____21500	2	core2-1.0.140.jar,peer-1.0.7277.jar	true	1	true	core2-1.0.140.jar=753bbc5d1c1ac901aaabced58a672e7e6e78f1890574d191a4448942504ea0a9,peer-1.0.7277.jar=753bbc5d1c1ac901aaabced58a672e7e6e78f1890574d191a4448942504ea0a9
datomic/core2/val_store/s3/aws_api/ValStore$fn__21429$fn__21479$state_machine__9975__auto____21500$fn__21502	2	core2-1.0.140.jar,peer-1.0.7277.jar	true	1	true	core2-1.0.140.jar=8b3de5002b8b4e70678a6837bfef261b340b1cba72126d86b87c68293a2259a4,peer-1.0.7277.jar=8b3de5002b8b4e70678a6837bfef261b340b1cba72126d86b87c68293a2259a4
datomic/core2/val_store/s3/aws_api/ValStore$fn__21531	2	core2-1.0.140.jar,peer-1.0.7277.jar	true	1	true	core2-1.0.140.jar=186d83dd3bfc95fc67edd42058d8fd375d0fb541393935f605129e2c42395ab5,peer-1.0.7277.jar=186d83dd3bfc95fc67edd42058d8fd375d0fb541393935f605129e2c42395ab5
datomic/core2/val_store/s3/aws_api/ValStore$fn__21531$fn__21566	2	core2-1.0.140.jar,peer-1.0.7277.jar	true	1	true	core2-1.0.140.jar=160afc5af7a52465bb581d99100a2b890fef0d7e1861a7ae37b7d1aae3087b3d,peer-1.0.7277.jar=160afc5af7a52465bb581d99100a2b890fef0d7e1861a7ae37b7d1aae3087b3d
datomic/core2/val_store/s3/aws_api/ValStore$fn__21531$fn__21566$G__21532__21567	2	core2-1.0.140.jar,peer-1.0.7277.jar	true	1	true	core2-1.0.140.jar=28ecf050aa2a30cc4f3f247c0635e8095f1c1eae4793d46397201e1970e5e31c,peer-1.0.7277.jar=28ecf050aa2a30cc4f3f247c0635e8095f1c1eae4793d46397201e1970e5e31c
datomic/core2/val_store/s3/aws_api/ValStore$fn__21531$fn__21566$G__21533__21569	2	core2-1.0.140.jar,peer-1.0.7277.jar	true	1	true	core2-1.0.140.jar=9ec50f0decafd033f0664b078fcf87b4ecad6e920758e12ca4474e28729a71ba,peer-1.0.7277.jar=9ec50f0decafd033f0664b078fcf87b4ecad6e920758e12ca4474e28729a71ba
datomic/core2/val_store/s3/aws_api/ValStore$fn__21531$fn__21566$G__21534__21571	2	core2-1.0.140.jar,peer-1.0.7277.jar	true	1	true	core2-1.0.140.jar=7c6849d1d009ea0fdd8659267a07e9347de8664f953a04fb97e35dab6f4e8d69,peer-1.0.7277.jar=7c6849d1d009ea0fdd8659267a07e9347de8664f953a04fb97e35dab6f4e8d69
datomic/core2/val_store/s3/aws_api/ValStore$fn__21531$fn__21566$G__21535__21573	2	core2-1.0.140.jar,peer-1.0.7277.jar	true	1	true	core2-1.0.140.jar=f4689b8a5b48401e52913690cc49f16dd39135935ae44f46f02e9953120f49bf,peer-1.0.7277.jar=f4689b8a5b48401e52913690cc49f16dd39135935ae44f46f02e9953120f49bf
datomic/core2/val_store/s3/aws_api/ValStore$fn__21531$fn__21566$G__21536__21575	2	core2-1.0.140.jar,peer-1.0.7277.jar	true	1	true	core2-1.0.140.jar=f5061c991ebd9ff63830fad8700dbeda69facda2dbbf8232e8ae69e98c158963,peer-1.0.7277.jar=f5061c991ebd9ff63830fad8700dbeda69facda2dbbf8232e8ae69e98c158963
datomic/core2/val_store/s3/aws_api/ValStore$fn__21531$fn__21566$G__21537__21577	2	core2-1.0.140.jar,peer-1.0.7277.jar	true	1	true	core2-1.0.140.jar=de6634811e2400816bd79b32fab31f553eca9fcd134433953ee9038b376a5b86,peer-1.0.7277.jar=de6634811e2400816bd79b32fab31f553eca9fcd134433953ee9038b376a5b86
datomic/core2/val_store/s3/aws_api/ValStore$fn__21531$fn__21566$state_machine__9975__auto____21579	2	core2-1.0.140.jar,peer-1.0.7277.jar	true	1	true	core2-1.0.140.jar=ece33c6317690a772004aec9410f7537ff1b1fa9c6d18d4295d882cd04e39dfb,peer-1.0.7277.jar=ece33c6317690a772004aec9410f7537ff1b1fa9c6d18d4295d882cd04e39dfb
datomic/core2/val_store/s3/aws_api/ValStore$fn__21531$fn__21566$state_machine__9975__auto____21579$fn__21581	2	core2-1.0.140.jar,peer-1.0.7277.jar	true	1	true	core2-1.0.140.jar=0358ba91ac8cb6d94249bb60527c9b38e5f8ffc783782d526a9bbe24bba7b2e6,peer-1.0.7277.jar=0358ba91ac8cb6d94249bb60527c9b38e5f8ffc783782d526a9bbe24bba7b2e6
datomic/core2/val_store/s3/aws_api/ValStore$fn__21601	2	core2-1.0.140.jar,peer-1.0.7277.jar	true	1	true	core2-1.0.140.jar=2e12a071b2d59bf8f062ec4116556d57226816bb96bad2174d31e695545502e8,peer-1.0.7277.jar=2e12a071b2d59bf8f062ec4116556d57226816bb96bad2174d31e695545502e8
datomic/core2/val_store/s3/aws_api/ValStore$fn__21601$fn__21631	2	core2-1.0.140.jar,peer-1.0.7277.jar	true	1	true	core2-1.0.140.jar=83d76ece5d1f4e6b44e9f746b17d83e2de4a868f9b252b2fbcd6361113814bcb,peer-1.0.7277.jar=83d76ece5d1f4e6b44e9f746b17d83e2de4a868f9b252b2fbcd6361113814bcb
datomic/core2/val_store/s3/aws_api/ValStore$fn__21601$fn__21631$G__21602__21632	2	core2-1.0.140.jar,peer-1.0.7277.jar	true	1	true	core2-1.0.140.jar=3986dfff0b56b67cccaf17dd437b6728ed7da4e3ab3178b4602f73fa70b0624f,peer-1.0.7277.jar=3986dfff0b56b67cccaf17dd437b6728ed7da4e3ab3178b4602f73fa70b0624f
datomic/core2/val_store/s3/aws_api/ValStore$fn__21601$fn__21631$G__21603__21634	2	core2-1.0.140.jar,peer-1.0.7277.jar	true	1	true	core2-1.0.140.jar=3d63b09e7e8e79048668fab85721587347531b48c4cad5c3e0b07b275ce9e102,peer-1.0.7277.jar=3d63b09e7e8e79048668fab85721587347531b48c4cad5c3e0b07b275ce9e102
datomic/core2/val_store/s3/aws_api/ValStore$fn__21601$fn__21631$G__21604__21636	2	core2-1.0.140.jar,peer-1.0.7277.jar	true	1	true	core2-1.0.140.jar=bbc4e54b0cc0e316339bad3b780ce601172982f96834a82d59595796cecf2400,peer-1.0.7277.jar=bbc4e54b0cc0e316339bad3b780ce601172982f96834a82d59595796cecf2400
datomic/core2/val_store/s3/aws_api/ValStore$fn__21601$fn__21631$G__21605__21638	2	core2-1.0.140.jar,peer-1.0.7277.jar	true	1	true	core2-1.0.140.jar=c340f0b5fab400b6427abaef4ed13d6ee17c8befd198e0f205172c425438e6d6,peer-1.0.7277.jar=c340f0b5fab400b6427abaef4ed13d6ee17c8befd198e0f205172c425438e6d6
datomic/core2/val_store/s3/aws_api/ValStore$fn__21601$fn__21631$G__21606__21640	2	core2-1.0.140.jar,peer-1.0.7277.jar	true	1	true	core2-1.0.140.jar=328864a74ec8d6092fbb05c12023316c2e9c7d5f022b3d68e778418cc40f8381,peer-1.0.7277.jar=328864a74ec8d6092fbb05c12023316c2e9c7d5f022b3d68e778418cc40f8381
datomic/core2/val_store/s3/aws_api/ValStore$fn__21601$fn__21631$G__21607__21642	2	core2-1.0.140.jar,peer-1.0.7277.jar	true	1	true	core2-1.0.140.jar=c5d7256cc9b4376a045a96c28b6c61e494ec9a07da81d50b43b893d3fecf6a74,peer-1.0.7277.jar=c5d7256cc9b4376a045a96c28b6c61e494ec9a07da81d50b43b893d3fecf6a74
datomic/core2/val_store/s3/aws_api/ValStore$fn__21601$fn__21631$state_machine__9975__auto____21644	2	core2-1.0.140.jar,peer-1.0.7277.jar	true	1	true	core2-1.0.140.jar=1213837b7b516f445c8b35c8cd7963f48c66d83a054924c33bc90ea609b4523b,peer-1.0.7277.jar=1213837b7b516f445c8b35c8cd7963f48c66d83a054924c33bc90ea609b4523b
datomic/core2/val_store/s3/aws_api/ValStore$fn__21601$fn__21631$state_machine__9975__auto____21644$fn__21646	2	core2-1.0.140.jar,peer-1.0.7277.jar	true	1	true	core2-1.0.140.jar=79eb76f78524a452d692bd2a5469a667e9771888f2f5e7c5a1abacc06d909120,peer-1.0.7277.jar=79eb76f78524a452d692bd2a5469a667e9771888f2f5e7c5a1abacc06d909120
datomic/core2/val_store/s3/aws_api__init	2	core2-1.0.140.jar,peer-1.0.7277.jar	true	1	true	core2-1.0.140.jar=3d91e15ad8f6db45e8a8cfda28eec06d72c5b0102b1d55309f7f1d916a48cd74,peer-1.0.7277.jar=3d91e15ad8f6db45e8a8cfda28eec06d72c5b0102b1d55309f7f1d916a48cd74
datomic/core2/val_store/s3/sdkv1$create	2	core2-1.0.140.jar,peer-1.0.7277.jar	true	1	true	core2-1.0.140.jar=3d84f5976cf2602141d43cacc689bddab352c51798f934cd7b387a392f8657e9,peer-1.0.7277.jar=3d84f5976cf2602141d43cacc689bddab352c51798f934cd7b387a392f8657e9
datomic/core2/val_store/s3/sdkv1$fn__21676	2	core2-1.0.140.jar,peer-1.0.7277.jar	true	1	true	core2-1.0.140.jar=69ba124cb6263afc0617b08a46c52ca2f2ee805d2e13b6cca4ac8c1a2835acd6,peer-1.0.7277.jar=69ba124cb6263afc0617b08a46c52ca2f2ee805d2e13b6cca4ac8c1a2835acd6
datomic/core2/val_store/s3/sdkv1$fn__21686	2	core2-1.0.140.jar,peer-1.0.7277.jar	true	1	true	core2-1.0.140.jar=b9244d2f6b757ac5861fd4c7abfd4712e61de049a547cc9f043f2ebb9b246a98,peer-1.0.7277.jar=b9244d2f6b757ac5861fd4c7abfd4712e61de049a547cc9f043f2ebb9b246a98
datomic/core2/val_store/s3/sdkv1$fn__21689	2	core2-1.0.140.jar,peer-1.0.7277.jar	true	1	true	core2-1.0.140.jar=7ea23063f296e12bfa6e93b583140f2650e78d32a8893741597ddacb8f4cccee,peer-1.0.7277.jar=7ea23063f296e12bfa6e93b583140f2650e78d32a8893741597ddacb8f4cccee
datomic/core2/val_store/s3/sdkv1$fn__21689$G__21678__21698	2	core2-1.0.140.jar,peer-1.0.7277.jar	true	1	true	core2-1.0.140.jar=d614c0fb64576c753ee6e467802a61e407421bff96c6e40b6e4baa9ac91825b2,peer-1.0.7277.jar=d614c0fb64576c753ee6e467802a61e407421bff96c6e40b6e4baa9ac91825b2
datomic/core2/val_store/s3/sdkv1$fn__21689$G__21679__21693	2	core2-1.0.140.jar,peer-1.0.7277.jar	true	1	true	core2-1.0.140.jar=ca3abc1964f716f5a765674a434f6d115d6d8ef495fd1f3867613d032c1d75ea,peer-1.0.7277.jar=ca3abc1964f716f5a765674a434f6d115d6d8ef495fd1f3867613d032c1d75ea
datomic/core2/val_store/s3/sdkv1$fn__21704	2	core2-1.0.140.jar,peer-1.0.7277.jar	true	1	true	core2-1.0.140.jar=aedfdf4865fd43672335f64e01a7daa69661dc7d3f79639f89b98b9cb28fa3ac,peer-1.0.7277.jar=aedfdf4865fd43672335f64e01a7daa69661dc7d3f79639f89b98b9cb28fa3ac
datomic/core2/val_store/s3/sdkv1$fn__21704$G__21680__21715	2	core2-1.0.140.jar,peer-1.0.7277.jar	true	1	true	core2-1.0.140.jar=2ed520810358fa1631032abd0342a101d6bc3abc61b220643bf4f276d7afb3ab,peer-1.0.7277.jar=2ed520810358fa1631032abd0342a101d6bc3abc61b220643bf4f276d7afb3ab
datomic/core2/val_store/s3/sdkv1$fn__21704$G__21681__21709	2	core2-1.0.140.jar,peer-1.0.7277.jar	true	1	true	core2-1.0.140.jar=14ca1c943709d982a110ef5ba615351671f66442b24f30dad0147df9d0dfd989,peer-1.0.7277.jar=14ca1c943709d982a110ef5ba615351671f66442b24f30dad0147df9d0dfd989
datomic/core2/val_store/s3/sdkv1$fn__21721	2	core2-1.0.140.jar,peer-1.0.7277.jar	true	1	true	core2-1.0.140.jar=0bb97a249cdf7d79ffda1256e3d36a84f4de70a5153172d7c5a853f8c55b7867,peer-1.0.7277.jar=0bb97a249cdf7d79ffda1256e3d36a84f4de70a5153172d7c5a853f8c55b7867
datomic/core2/val_store/s3/sdkv1$fn__21721$G__21684__21736	2	core2-1.0.140.jar,peer-1.0.7277.jar	true	1	true	core2-1.0.140.jar=ec7986c5ca9ab9e884d57f9c559175dc4fa1926e4368a886a861e00e0005cc4d,peer-1.0.7277.jar=ec7986c5ca9ab9e884d57f9c559175dc4fa1926e4368a886a861e00e0005cc4d
datomic/core2/val_store/s3/sdkv1$fn__21721$G__21685__21728	2	core2-1.0.140.jar,peer-1.0.7277.jar	true	1	true	core2-1.0.140.jar=72e3ec756df76922f0ceaa2f9cfdbbff3ce7e2ab91a8c356f95a6dba8d2aceb7,peer-1.0.7277.jar=72e3ec756df76922f0ceaa2f9cfdbbff3ce7e2ab91a8c356f95a6dba8d2aceb7
datomic/core2/val_store/s3/sdkv1$fn__21742	2	core2-1.0.140.jar,peer-1.0.7277.jar	true	1	true	core2-1.0.140.jar=8325925cc272c8d4d19408a8165ff369cfa11315ba657f32d7f00fdf39bfe58e,peer-1.0.7277.jar=8325925cc272c8d4d19408a8165ff369cfa11315ba657f32d7f00fdf39bfe58e
datomic/core2/val_store/s3/sdkv1$fn__21742$G__21682__21751	2	core2-1.0.140.jar,peer-1.0.7277.jar	true	1	true	core2-1.0.140.jar=8fa2cbc1fa7fc08ce9fa941eafd093933c0eb4d0924f369810961cd572dc1df4,peer-1.0.7277.jar=8fa2cbc1fa7fc08ce9fa941eafd093933c0eb4d0924f369810961cd572dc1df4
datomic/core2/val_store/s3/sdkv1$fn__21742$G__21683__21746	2	core2-1.0.140.jar,peer-1.0.7277.jar	true	1	true	core2-1.0.140.jar=31d5279d434a589a5f6ee22cc5a35cdb2b93f2e38e948b948292d02c31588327,peer-1.0.7277.jar=31d5279d434a589a5f6ee22cc5a35cdb2b93f2e38e948b948292d02c31588327
datomic/core2/val_store/s3/sdkv1$fn__21761	2	core2-1.0.140.jar,peer-1.0.7277.jar	true	1	true	core2-1.0.140.jar=8f12080bfdcaa5176fa44fe27b7fb15ac9cf1865b56c4d97adee417064ba1360,peer-1.0.7277.jar=8f12080bfdcaa5176fa44fe27b7fb15ac9cf1865b56c4d97adee417064ba1360
datomic/core2/val_store/s3/sdkv1$fn__21761$__GT_ValStore__21772	2	core2-1.0.140.jar,peer-1.0.7277.jar	true	1	true	core2-1.0.140.jar=d1f25b2803b2692ec23c04bbe587e74c70c78f1245e920c61ee8918bb00471d2,peer-1.0.7277.jar=d1f25b2803b2692ec23c04bbe587e74c70c78f1245e920c61ee8918bb00471d2
datomic/core2/val_store/s3/sdkv1$loading__6789__auto____21674	2	core2-1.0.140.jar,peer-1.0.7277.jar	true	1	true	core2-1.0.140.jar=e2003f500cf601f2b11accf239ffb6b4b43b910fa4e8b23c4e4893feb730dc07,peer-1.0.7277.jar=e2003f500cf601f2b11accf239ffb6b4b43b910fa4e8b23c4e4893feb730dc07
datomic/core2/val_store/s3/sdkv1/Impl	2	core2-1.0.140.jar,peer-1.0.7277.jar	true	1	true	core2-1.0.140.jar=174d2444575bc0ffdae541769eeced0d53bbae31d933d62019beb7a11e24ae24,peer-1.0.7277.jar=174d2444575bc0ffdae541769eeced0d53bbae31d933d62019beb7a11e24ae24
datomic/core2/val_store/s3/sdkv1/ValStore	2	core2-1.0.140.jar,peer-1.0.7277.jar	true	1	true	core2-1.0.140.jar=5dfbce959790081273cafe0cfaf1c6a1d7a4bcbd0c36804e5f732f8bcd191426,peer-1.0.7277.jar=5dfbce959790081273cafe0cfaf1c6a1d7a4bcbd0c36804e5f732f8bcd191426
datomic/core2/val_store/s3/sdkv1/ValStore$fn__21764	2	core2-1.0.140.jar,peer-1.0.7277.jar	true	1	true	core2-1.0.140.jar=51ca0977128c57b8fdfa3e6d7d2d07311a36fd7de9f0ab279ee6af92d23400be,peer-1.0.7277.jar=51ca0977128c57b8fdfa3e6d7d2d07311a36fd7de9f0ab279ee6af92d23400be
datomic/core2/val_store/s3/sdkv1/ValStore$fn__21766	2	core2-1.0.140.jar,peer-1.0.7277.jar	true	1	true	core2-1.0.140.jar=49f74052320fedd1437182928ce14ce067ae119b3ea0ad5bb2c5d58b81f6ed1f,peer-1.0.7277.jar=49f74052320fedd1437182928ce14ce067ae119b3ea0ad5bb2c5d58b81f6ed1f
datomic/core2/val_store/s3/sdkv1/ValStore$fn__21768	2	core2-1.0.140.jar,peer-1.0.7277.jar	true	1	true	core2-1.0.140.jar=2a65c35341a9be79c49812a3f38feb5c7c160b55bb9cc2e100dee5a0c3360b9d,peer-1.0.7277.jar=2a65c35341a9be79c49812a3f38feb5c7c160b55bb9cc2e100dee5a0c3360b9d
datomic/core2/val_store/s3/sdkv1__init	2	core2-1.0.140.jar,peer-1.0.7277.jar	true	1	true	core2-1.0.140.jar=d343b6c519a2367453d8bb2e4ca90b091e0d73f887edeb9a62adce24bb4c5143,peer-1.0.7277.jar=d343b6c519a2367453d8bb2e4ca90b091e0d73f887edeb9a62adce24bb4c5143
datomic/core2/val_store/s3__init	2	core2-1.0.140.jar,peer-1.0.7277.jar	true	1	true	core2-1.0.140.jar=69660fddb6ff84f492bac0c3ec57a939cd3f80e13fd06d59437421a124a7f58e,peer-1.0.7277.jar=69660fddb6ff84f492bac0c3ec57a939cd3f80e13fd06d59437421a124a7f58e
datomic/core2/val_store/spi$fn__21785	2	core2-1.0.140.jar,peer-1.0.7277.jar	true	1	true	core2-1.0.140.jar=08695eb044e3eea7ddbf2e6cca80af43e1b7436d68d2ba095d5a2e31ff2f29e3,peer-1.0.7277.jar=08695eb044e3eea7ddbf2e6cca80af43e1b7436d68d2ba095d5a2e31ff2f29e3
datomic/core2/val_store/spi$fn__21789	2	core2-1.0.140.jar,peer-1.0.7277.jar	true	1	true	core2-1.0.140.jar=bbf7131f34881fd64bb2dcc6662d2af50f608231aacd8714576bc045162642c9,peer-1.0.7277.jar=bbf7131f34881fd64bb2dcc6662d2af50f608231aacd8714576bc045162642c9
datomic/core2/val_store/spi$fn__21792	2	core2-1.0.140.jar,peer-1.0.7277.jar	true	1	true	core2-1.0.140.jar=dcaf9cec3500bcf11e4da6315b79365e858d37e09727da2bdbff0885bf295344,peer-1.0.7277.jar=dcaf9cec3500bcf11e4da6315b79365e858d37e09727da2bdbff0885bf295344
datomic/core2/val_store/spi$fn__21792$G__21787__21803	2	core2-1.0.140.jar,peer-1.0.7277.jar	true	1	true	core2-1.0.140.jar=7b18c734ddb98a90477abb63a453d0e39ea1adb34704dfcd8af9ac9af6eb7c4e,peer-1.0.7277.jar=7b18c734ddb98a90477abb63a453d0e39ea1adb34704dfcd8af9ac9af6eb7c4e
datomic/core2/val_store/spi$fn__21792$G__21788__21797	2	core2-1.0.140.jar,peer-1.0.7277.jar	true	1	true	core2-1.0.140.jar=3111f461af50fb13e5b5075fb67dc55e6b0288cebb5426b53f7eeaa46bf3f8b6,peer-1.0.7277.jar=3111f461af50fb13e5b5075fb67dc55e6b0288cebb5426b53f7eeaa46bf3f8b6
datomic/core2/val_store/spi$fn__21811	2	core2-1.0.140.jar,peer-1.0.7277.jar	true	1	true	core2-1.0.140.jar=c2bd1679bea1bd9734b47dda194c4012ad49a9f7aac2f29712e6a7494e15a8e8,peer-1.0.7277.jar=c2bd1679bea1bd9734b47dda194c4012ad49a9f7aac2f29712e6a7494e15a8e8
datomic/core2/val_store/spi$fn__21814	2	core2-1.0.140.jar,peer-1.0.7277.jar	true	1	true	core2-1.0.140.jar=9a333032811f54e1fbcca853f5b175a2a231786bcda5d2223cab189046588098,peer-1.0.7277.jar=9a333032811f54e1fbcca853f5b175a2a231786bcda5d2223cab189046588098
datomic/core2/val_store/spi$fn__21814$G__21809__21823	2	core2-1.0.140.jar,peer-1.0.7277.jar	true	1	true	core2-1.0.140.jar=b4d546cf09dd8aa23a4b5e401c5d2181bf47d4bbfa618c5be08b6b8164e3f047,peer-1.0.7277.jar=b4d546cf09dd8aa23a4b5e401c5d2181bf47d4bbfa618c5be08b6b8164e3f047
datomic/core2/val_store/spi$fn__21814$G__21810__21818	2	core2-1.0.140.jar,peer-1.0.7277.jar	true	1	true	core2-1.0.140.jar=a7c985c34cc727268685faf4a689c9a0c994433c0831c4d1306be1598bdc08b9,peer-1.0.7277.jar=a7c985c34cc727268685faf4a689c9a0c994433c0831c4d1306be1598bdc08b9
datomic/core2/val_store/spi$fn__21831	2	core2-1.0.140.jar,peer-1.0.7277.jar	true	1	true	core2-1.0.140.jar=998d7c0725a5dce4d2220d9aafdc66caea5c87268468753e72e5d85d367bf99d,peer-1.0.7277.jar=998d7c0725a5dce4d2220d9aafdc66caea5c87268468753e72e5d85d367bf99d
datomic/core2/val_store/spi$fn__21834	2	core2-1.0.140.jar,peer-1.0.7277.jar	true	1	true	core2-1.0.140.jar=48607d2b44c54088be29611c4890538faec2e03fa28b6b295411ae3eb2110f98,peer-1.0.7277.jar=48607d2b44c54088be29611c4890538faec2e03fa28b6b295411ae3eb2110f98
datomic/core2/val_store/spi$fn__21834$G__21829__21843	2	core2-1.0.140.jar,peer-1.0.7277.jar	true	1	true	core2-1.0.140.jar=3ef6160739b7f7b48378824c1975140d875fc360f9fddb27f21b82e017d5f8e8,peer-1.0.7277.jar=3ef6160739b7f7b48378824c1975140d875fc360f9fddb27f21b82e017d5f8e8
datomic/core2/val_store/spi$fn__21834$G__21830__21838	2	core2-1.0.140.jar,peer-1.0.7277.jar	true	1	true	core2-1.0.140.jar=5c65bd042020a426271ba67971cd7cde8edff04d67d84e38154e731bfd57c527,peer-1.0.7277.jar=5c65bd042020a426271ba67971cd7cde8edff04d67d84e38154e731bfd57c527
datomic/core2/val_store/spi$loading__6789__auto____21783	2	core2-1.0.140.jar,peer-1.0.7277.jar	true	1	true	core2-1.0.140.jar=f3cc432f82c9bf1b5436e2b3ac11768b56b11716fffa4afabb97ff5079fe6058,peer-1.0.7277.jar=f3cc432f82c9bf1b5436e2b3ac11768b56b11716fffa4afabb97ff5079fe6058
datomic/core2/val_store/spi$no_val_error	2	core2-1.0.140.jar,peer-1.0.7277.jar	true	1	true	core2-1.0.140.jar=5aae662af938bba23f9ef1973478013eaeb3ad7058182a27f2046c69dcfd9a58,peer-1.0.7277.jar=5aae662af938bba23f9ef1973478013eaeb3ad7058182a27f2046c69dcfd9a58
datomic/core2/val_store/spi$partition_key	2	core2-1.0.140.jar,peer-1.0.7277.jar	true	1	true	core2-1.0.140.jar=327e4f891bf7cec83d438d2ceb1999828de6709a4a0cdc483151c578756fa323,peer-1.0.7277.jar=327e4f891bf7cec83d438d2ceb1999828de6709a4a0cdc483151c578756fa323
datomic/core2/val_store/spi$splice_partition_key	2	core2-1.0.140.jar,peer-1.0.7277.jar	true	1	true	core2-1.0.140.jar=e56e8ada404d4709cf5a5506c489038b92dd8cf7c183cb2cc63e01dcf3a369cc,peer-1.0.7277.jar=e56e8ada404d4709cf5a5506c489038b92dd8cf7c183cb2cc63e01dcf3a369cc
datomic/core2/val_store/spi$val_op_succeeded_QMARK_	2	core2-1.0.140.jar,peer-1.0.7277.jar	true	1	true	core2-1.0.140.jar=457622440a2decc3f11f74761a08d95c05de639a9d261e08fd1011b6c0dd7d52,peer-1.0.7277.jar=457622440a2decc3f11f74761a08d95c05de639a9d261e08fd1011b6c0dd7d52
datomic/core2/val_store/spi/Delete	2	core2-1.0.140.jar,peer-1.0.7277.jar	true	1	true	core2-1.0.140.jar=676458bef10c81781438dd7da44a4996d19e6fb5fe12223a259110da93a4d95a,peer-1.0.7277.jar=676458bef10c81781438dd7da44a4996d19e6fb5fe12223a259110da93a4d95a
datomic/core2/val_store/spi/Get	2	core2-1.0.140.jar,peer-1.0.7277.jar	true	1	true	core2-1.0.140.jar=ee15c3830d6268968093065514d4176cace1215421e6852ffa8f5602c2a5fe2b,peer-1.0.7277.jar=ee15c3830d6268968093065514d4176cace1215421e6852ffa8f5602c2a5fe2b
datomic/core2/val_store/spi/Put	2	core2-1.0.140.jar,peer-1.0.7277.jar	true	1	true	core2-1.0.140.jar=933ca33814a4eb67508cbb05231968f7904cb4764e5d5888993a82a0e2f6ac72,peer-1.0.7277.jar=933ca33814a4eb67508cbb05231968f7904cb4764e5d5888993a82a0e2f6ac72
datomic/core2/val_store/spi__init	2	core2-1.0.140.jar,peer-1.0.7277.jar	true	1	true	core2-1.0.140.jar=ceed99a4fa5fcf0853360e93833fa83f4102516fd4e39024b6432bbfeabc20c4,peer-1.0.7277.jar=ceed99a4fa5fcf0853360e93833fa83f4102516fd4e39024b6432bbfeabc20c4
datomic/core2/val_store__init	2	core2-1.0.140.jar,peer-1.0.7277.jar	true	1	true	core2-1.0.140.jar=5a13ef5f7908ae83fd9c4cade94735b0d8e32b965cf98c432d3c3ecd628bbf41,peer-1.0.7277.jar=5a13ef5f7908ae83fd9c4cade94735b0d8e32b965cf98c432d3c3ecd628bbf41
jline/ANSIBuffer	2	jline-0.9.9.jar,jline-win-1.0.jar	false			
jline/ANSIBuffer$ANSICodes	2	jline-0.9.9.jar,jline-win-1.0.jar	false			
jline/ArgumentCompletor	2	jline-0.9.9.jar,jline-win-1.0.jar	false			
jline/ArgumentCompletor$AbstractArgumentDelimiter	2	jline-0.9.9.jar,jline-win-1.0.jar	false			
jline/ArgumentCompletor$ArgumentDelimiter	2	jline-0.9.9.jar,jline-win-1.0.jar	false			
jline/ArgumentCompletor$ArgumentList	2	jline-0.9.9.jar,jline-win-1.0.jar	false			
jline/ArgumentCompletor$WhitespaceArgumentDelimiter	2	jline-0.9.9.jar,jline-win-1.0.jar	false			
jline/CandidateCycleCompletionHandler	2	jline-0.9.9.jar,jline-win-1.0.jar	false			
jline/CandidateListCompletionHandler	2	jline-0.9.9.jar,jline-win-1.0.jar	false			
jline/ClassNameCompletor	2	jline-0.9.9.jar,jline-win-1.0.jar	false			
jline/CompletionHandler	2	jline-0.9.9.jar,jline-win-1.0.jar	false			
jline/Completor	2	jline-0.9.9.jar,jline-win-1.0.jar	false			
jline/ConsoleOperations	2	jline-0.9.9.jar,jline-win-1.0.jar	false			
jline/ConsoleReader	2	jline-0.9.9.jar,jline-win-1.0.jar	false			
jline/ConsoleReaderInputStream	2	jline-0.9.9.jar,jline-win-1.0.jar	false			
jline/ConsoleReaderInputStream$ConsoleEnumeration	2	jline-0.9.9.jar,jline-win-1.0.jar	false			
jline/ConsoleReaderInputStream$ConsoleLineInputStream	2	jline-0.9.9.jar,jline-win-1.0.jar	false			
jline/ConsoleRunner	2	jline-0.9.9.jar,jline-win-1.0.jar	false			
jline/CursorBuffer	2	jline-0.9.9.jar,jline-win-1.0.jar	false			
jline/FileNameCompletor	2	jline-0.9.9.jar,jline-win-1.0.jar	false			
jline/History	2	jline-0.9.9.jar,jline-win-1.0.jar	false			
jline/MultiCompletor	2	jline-0.9.9.jar,jline-win-1.0.jar	false			
jline/NullCompletor	2	jline-0.9.9.jar,jline-win-1.0.jar	false			
jline/SimpleCompletor	2	jline-0.9.9.jar,jline-win-1.0.jar	false			
jline/SimpleCompletor$NoOpFilter	2	jline-0.9.9.jar,jline-win-1.0.jar	false			
jline/SimpleCompletor$SimpleCompletorFilter	2	jline-0.9.9.jar,jline-win-1.0.jar	false			
jline/Terminal	2	jline-0.9.9.jar,jline-win-1.0.jar	false			
jline/UnixTerminal	2	jline-0.9.9.jar,jline-win-1.0.jar	false			
jline/UnixTerminal$1	2	jline-0.9.9.jar,jline-win-1.0.jar	false			
jline/UnsupportedTerminal	2	jline-0.9.9.jar,jline-win-1.0.jar	false			
jline/UnsupportedTerminal$1	2	jline-0.9.9.jar,jline-win-1.0.jar	false			
jline/WindowsTerminal	2	jline-0.9.9.jar,jline-win-1.0.jar	false			
jline/WindowsTerminal$1	2	jline-0.9.9.jar,jline-win-1.0.jar	false			
module-info	8	asm-9.2.jar,caffeine-3.1.5.jar,commons-io-2.15.1.jar,jackson-annotations-2.13.4.jar,jackson-core-2.13.4.jar,jackson-databind-2.13.4.2.jar,jackson-dataformat-cbor-2.12.6.jar,jaxb-api-2.4.0-b180830.0359.jar	false			caffeine-3.1.5.jar=a0a8c04eed014b6c4149fca07cc96d0ea0b30c770664b5986508bfd6a0d0ddae,commons-io-2.15.1.jar=b55ef08cb637101ac55ea8775fa9330b754b2f3460c3846f19efe8570aa7c063
