keyword	total	namespaces
:*	1	datomic.pull:1
:AcceptIndexMsec	2	datomic.db:1,datomic.slf4j:1
:AddIndexMsec	2	datomic.index:1,datomic.slf4j:1
:Alarm	1	datomic.monitor:1
:AttributeValueList	2	datomic.core2.aws.ddb:2
:AvailableMB	2	datomic.aws-monitor:1,datomic.monitor:1
:B	3	datomic.core2.aws.ddb:3
:BOOL	2	datomic.core2.aws.ddb:2
:Body	2	datomic.core2.aws.s3.aws-api:2
:Bucket	3	datomic.core2.aws.s3.aws-api:3
:CacheStackRepair	1	datomic.kv-cache:1
:ComparisonOperator	2	datomic.core2.aws.ddb:2
:CompressMsec	1	datomic.slf4j:1
:ConsistentRead	1	datomic.core2.aws.ddb:1
:ContentLength	2	datomic.core2.aws.s3.aws-api:2
:Count	1	datomic.core2.log.ddb:1
:CreateEntireIndexMsec	1	datomic.slf4j:1
:CreateFulltextIndexMsec	2	datomic.fulltext:1,datomic.slf4j:1
:Datoms	1	datomic.stats:1
:DbAddFulltextMsec	2	datomic.db:1,datomic.slf4j:1
:DdbPutChunkMsec	2	datomic.ddb-values:1,datomic.slf4j:1
:DecompressFressianMsec	1	datomic.slf4j:1
:DecompressMsec	1	datomic.slf4j:1
:DefressianMsec	1	datomic.slf4j:1
:DeleteObject	1	datomic.core2.aws.s3.aws-api:1
:DeserializeNsec	1	datomic.fressian:1
:DirLoads	2	datomic.domain:2
:ExciseIOQueueCount	2	datomic.log:2
:ExciseSegments	1	datomic.index:1
:Exists	2	datomic.core2.aws.ddb:2
:Expected	1	datomic.core2.aws.ddb:1
:FressianMsec	1	datomic.slf4j:1
:FulltextSegments	1	datomic.stats:1
:FulltextWriteMsec	1	datomic.slf4j:1
:FulltextWriteNsec	1	datomic.cluster:1
:FutureBoundExceeded	1	datomic.future:1
:GarbageDeletedCount	1	datomic.garbage:1
:GarbageSegments	1	datomic.garbage:1
:GetObject	1	datomic.core2.aws.s3.aws-api:1
:HeartMonitorMsec	1	datomic.aws-monitor:1
:HeartbeatMsec	1	datomic.aws-monitor:1
:I	2	datomic.index:2
:IndexDatoms	1	datomic.stats:1
:IndexDirWrites	1	datomic.index:1
:IndexIOQueueCount	2	datomic.index:2
:IndexPacingMsec	1	datomic.index:1
:IndexSegments	1	datomic.stats:1
:IndexWriteBatchCount	1	datomic.index:1
:IndexWriteMsec	1	datomic.slf4j:1
:IndexWriteNsec	1	datomic.cluster:1
:IndexWriteQueueCount	1	datomic.index:1
:IndexWrites	1	datomic.index:1
:Item	1	datomic.core2.aws.ddb:1
:Items	2	datomic.core2.log.ddb:2
:Key	3	datomic.core2.aws.s3.aws-api:3
:KeyConditions	1	datomic.core2.aws.ddb:1
:LastEvaluatedKey	1	datomic.core2.log.ddb:1
:Limit	1	datomic.core2.aws.ddb:1
:LocalMemcache	1	datomic.memcached:1
:LocalMemcachedGetFailedNsec	1	datomic.memcached:1
:LocalMemcachedGetMissedNsec	1	datomic.memcached:1
:LocalMemcachedGetQueueFullNsec	1	datomic.memcached:1
:LocalMemcachedGetSucceededNsec	1	datomic.memcached:1
:LocalMemcachedGetTimeoutNsec	1	datomic.memcached:1
:LocalMemcachedPutFailedNsec	1	datomic.memcached:1
:LocalMemcachedPutSucceededNsec	1	datomic.memcached:1
:LogIngestBytes	2	datomic.aws-monitor:1,datomic.log:1
:LogIngestMsec	2	datomic.aws-monitor:1,datomic.log:1
:LogWriteMsec	2	datomic.log:1,datomic.slf4j:1
:M	3	datomic.index:3
:Memcache	1	datomic.memcached:1
:MemcacheItemTooLarge	1	datomic.memcached:1
:MemcachedGetFailedMsec	1	datomic.aws-monitor:1
:MemcachedGetFailedNsec	1	datomic.memcached:1
:MemcachedGetMissedNsec	1	datomic.memcached:1
:MemcachedGetQueueFullNsec	1	datomic.memcached:1
:MemcachedGetSucceededMsec	1	datomic.aws-monitor:1
:MemcachedGetSucceededNsec	1	datomic.memcached:1
:MemcachedGetTimeoutNsec	1	datomic.memcached:1
:MemcachedPutFailedMsec	1	datomic.aws-monitor:1
:MemcachedPutFailedNsec	1	datomic.memcached:1
:MemcachedPutSucceededMsec	1	datomic.aws-monitor:1
:MemcachedPutSucceededNsec	1	datomic.memcached:1
:MemoryIndexFillMsec	1	datomic.aws-monitor:1
:MemoryIndexMB	1	datomic.aws-monitor:1
:MetricsFail	1	datomic.process-monitor:1
:MetricsReport	1	datomic.process-monitor:1
:N	7	datomic.core2.aws.ddb:3,datomic.core2.log.ddb:1,datomic.index:3
:ObjectCache	2	datomic.domain:2
:ObjectCacheCount	1	datomic.cache.caffeine:1
:PeerAcceptNewMsec	2	datomic.peer:1,datomic.slf4j:1
:PeerFulltextBatch	1	datomic.peer:1
:PeerIntegrateLuceneMsec	1	datomic.slf4j:1
:PodGarbageDeletedCount	1	datomic.garbage.pod:1
:PodGarbageItems	1	datomic.garbage.pod:1
:PodGetMsec	2	datomic.kv-cluster:1,datomic.slf4j:1
:PodUpdateMsec	2	datomic.kv-cluster:1,datomic.slf4j:1
:PutItem	1	datomic.core2.aws.ddb:1
:PutObject	1	datomic.core2.aws.s3.aws-api:1
:Query	1	datomic.core2.aws.ddb:1
:ReaderMemcachedPutFailedMusec	1	datomic.aws-monitor:1
:ReaderMemcachedPutMusec	1	datomic.aws-monitor:1
:S	5	datomic.core2.aws.ddb:3,datomic.index:2
:SQLValidationQueryFailed	2	datomic.kv-sql-ext:2
:ScanIndexForward	1	datomic.core2.aws.ddb:1
:SelfDestruct	1	datomic.process-monitor:1
:StorageCreateFSMsec	2	datomic.clusterfs:1,datomic.slf4j:1
:StorageDeleteBackoffMsec	3	datomic.ddb-s3-cluster:2,datomic.kv-cluster:1
:StorageGCFailed	1	datomic.garbage:1
:StorageGetBackoffMsec	2	datomic.aws-monitor:1,datomic.kv-cluster:1
:StorageGetBytes	2	datomic.aws-monitor:1,datomic.kv-cluster:1
:StorageGetMsec	2	datomic.kv-cluster:1,datomic.slf4j:1
:StoragePutBackoffMsec	2	datomic.aws-monitor:1,datomic.kv-cluster:1
:StoragePutBytes	2	datomic.aws-monitor:1,datomic.kv-cluster:1
:StoragePutMsec	2	datomic.kv-cluster:1,datomic.slf4j:1
:StorageSemaphoreTimeout	1	datomic.kv-cluster:1
:TI	2	datomic.index:2
:TableName	2	datomic.core2.aws.ddb:2
:ToolsPaceReadMsec	1	datomic.tools:1
:TransactionApplyNsec	2	datomic.transaction:2
:TransactionBytes	1	datomic.aws-monitor:1
:TransactionMsec	1	datomic.slf4j:1
:TransactionNsec	2	datomic.transaction:2
:UnhandledException	18	datomic.artemis-client:3,datomic.backup:2,datomic.common:2,datomic.connector:3,datomic.fulltext:1,datomic.peer:2,datomic.process:2,datomic.reconnector2:3
:Valcache	2	datomic.coordination:1,datomic.valcache-direct:1
:ValcacheGetExceptionNsec	1	datomic.valcache-direct:1
:ValcacheGetFailedMsec	1	datomic.aws-monitor:1
:ValcacheGetInFlight	1	datomic.valcache.puts-pool-impl:1
:ValcacheGetMissedNsec	1	datomic.valcache-direct:1
:ValcacheGetSucceededMsec	1	datomic.aws-monitor:1
:ValcacheGetSucceededNsec	1	datomic.valcache-direct:1
:ValcachePutFailException	1	datomic.valcache-direct:1
:ValcachePutFailFull	1	datomic.valcache.puts-pool-impl:1
:ValcachePutFailSize	1	datomic.valcache-direct:1
:ValcachePutFailedMsec	1	datomic.aws-monitor:1
:ValcachePutInFlight	1	datomic.valcache.puts-pool-impl:1
:ValcachePutNsec	1	datomic.valcache.puts-pool-impl:1
:ValcachePutQueueLength	1	datomic.valcache.puts-pool-impl:1
:ValcachePutSucceededMsec	1	datomic.aws-monitor:1
:ValcacheWriteNsec	1	datomic.valcache-direct:1
:ValueSize	1	datomic.aws-monitor:1
:WriterMemcachedPutFailedMusec	1	datomic.aws-monitor:1
:WriterMemcachedPutMusec	1	datomic.aws-monitor:1
:__n	2	datomic.ddb-values:2
:_keys	3	datomic.db:2,datomic.pull:1
:a	89	datomic.builtins:5,datomic.db:30,datomic.excise:4,datomic.extensions:1,datomic.fulltext:2,datomic.index:10,datomic.integrity:16,datomic.pull:3,datomic.query:2,datomic.stats:9,datomic.tools:5,datomic.tools.index-checks:2
:a-freqs	1	datomic.stats:1
:absent	5	datomic.cluster:1,datomic.index:4
:ack-batch-size	1	datomic.artemis-client:1
:action	1	datomic.peer:1
:actionPrefix	5	datomic.cloudwatch:5
:actionsEnabled	2	datomic.cloudwatch:2
:active	3	datomic.coordination:1,datomic.garbage:2
:added	14	datomic.api:3,datomic.db:3,datomic.index:1,datomic.integrity:6,datomic.tools:1
:adopted-db	2	datomic.adopter:1,datomic.peer:1
:aevt	77	datomic.db:16,datomic.excise:1,datomic.extensions:3,datomic.index:15,datomic.integrity:24,datomic.pull:3,datomic.stats:8,datomic.tools:4,datomic.tools.index-checks:2,datomic.treewalk:1
:aevt-hist	8	datomic.index:5,datomic.integrity:2,datomic.treewalk:1
:aevt-main	9	datomic.index:7,datomic.integrity:1,datomic.treewalk:1
:aevt-mid	8	datomic.index:5,datomic.integrity:2,datomic.treewalk:1
:aevt-total	2	datomic.integrity:2
:after	2	datomic.external-sort:2
:aid	1	datomic.index:1
:alarmActions	1	datomic.cloudwatch:1
:alarmArn	1	datomic.cloudwatch:1
:alarmConfigurationUpdatedTimestamp	1	datomic.cloudwatch:1
:alarmDescription	1	datomic.cloudwatch:1
:alarmName	1	datomic.cloudwatch:1
:alarmNamePrefix	5	datomic.cloudwatch:5
:alarmNames	7	datomic.cloudwatch:7
:alarmTypes	5	datomic.cloudwatch:5
:alert	1	datomic.cast2slf4j:1
:alg	2	datomic.crypto:2
:algorithm	2	datomic.crypto:2
:allow-duplicates	1	datomic.integrity:1
:allowed-clients	2	datomic.coordination:2
:alt-host	6	datomic.connector:2,datomic.coordination:3,datomic.peer:1
:analyze	2	datomic.fulltext-index:1,datomic.lucene:1
:analyzer	3	datomic.lucene:3
:analyzer-fn	1	datomic.lucene:1
:anom	4	datomic.core2.atom.logged:4
:api	5	datomic.db:1,datomic.pull:2,datomic.query:2
:applied-at	2	datomic.transaction:2
:apply-msec	3	datomic.transaction:3
:archivalSummary	1	datomic.ddb:1
:archiveStatus	1	datomic.s3-api:1
:arg	1	datomic.peer:1
:arglists	321	datomic.api:10,datomic.artemis-client:8,datomic.assert:1,datomic.backup:6,datomic.btset:6,datomic.cache.caffeine:1,datomic.catalog:1,datomic.cli:2,datomic.cloudwatch:3,datomic.cluster:1,datomic.common:3,datomic.config:5,datomic.connector:3,datomic.core2.atom.logged:3,datomic.core2.log.ddb:2,datomic.core2.val-store.double-store:2,datomic.crypto:1,datomic.datalog:1,datomic.db:86,datomic.db-io:1,datomic.ddb:8,datomic.ddb-cluster:1,datomic.ddb-s3-cluster:7,datomic.error:1,datomic.excise:9,datomic.extension-resolver:9,datomic.extensions:3,datomic.external-sort:1,datomic.fressian:4,datomic.function:2,datomic.future:1,datomic.garbage:1,datomic.garbage.fressian:2,datomic.garbage.pod:1,datomic.index:17,datomic.integrity:1,datomic.io:12,datomic.iter:6,datomic.kv-cluster:3,datomic.kv-dynamo:2,datomic.log:3,datomic.lucene:15,datomic.memcached:7,datomic.monitor:1,datomic.peer:1,datomic.pull:5,datomic.query:10,datomic.query.support:1,datomic.s3-api:17,datomic.slf4j:2,datomic.stats:2,datomic.tools:2,datomic.transaction:2,datomic.uri:2,datomic.valcache:13,datomic.valcache-direct:1
:args	4	datomic.cli:1,datomic.ddb:1,datomic.query:2
:arguments	2	datomic.error:1,datomic.pull:1
:argvars	10	datomic.datalog:10
:arity	1	datomic.datafy:1
:arules	2	datomic.datalog:1,datomic.query:1
:as	1459	datomic.adopter:2,datomic.aggregation:2,datomic.api:6,datomic.artemis-client:16,datomic.assert:2,datomic.async:2,datomic.aws:2,datomic.aws-detect:6,datomic.aws-monitor:10,datomic.backup:50,datomic.btset:2,datomic.builtins:8,datomic.cache:14,datomic.cache.caffeine:6,datomic.callback:6,datomic.cassandra:6,datomic.cassandra-v4:6,datomic.cassandra-values:12,datomic.cassandra-values-v4:12,datomic.cast2slf4j:8,datomic.catalog:10,datomic.cleanup:4,datomic.cli:10,datomic.cloudwatch:6,datomic.cluster:10,datomic.cluster-stack:24,datomic.clusterfs:14,datomic.combined-cluster:2,datomic.common:12,datomic.config:10,datomic.config-ext:2,datomic.connector:29,datomic.coordination:26,datomic.coordination-ext:10,datomic.core2.anomalies:2,datomic.core2.async:4,datomic.core2.atom:4,datomic.core2.atom.logged:11,datomic.core2.aws.s3.aws-api:6,datomic.core2.aws.s3.sdkv1:4,datomic.core2.log:4,datomic.core2.log.ddb:14,datomic.core2.log.mem:6,datomic.core2.log.spi:4,datomic.core2.thread:4,datomic.core2.val-store:2,datomic.core2.val-store.double-store:8,datomic.core2.val-store.fs:14,datomic.core2.val-store.s3:10,datomic.core2.val-store.s3.aws-api:14,datomic.core2.val-store.s3.sdkv1:10,datomic.core2.val-store.spi:4,datomic.crypto:6,datomic.datafy:6,datomic.datalog:24,datomic.db:36,datomic.db-io:14,datomic.ddb:8,datomic.ddb-cluster:18,datomic.ddb-s3-cluster:48,datomic.ddb-values:12,datomic.domain:34,datomic.error:4,datomic.excise:8,datomic.extension-resolver:6,datomic.extensions:4,datomic.external-sort:8,datomic.external-sort-datoms:8,datomic.fressian:18,datomic.fulltext:22,datomic.fulltext-index:6,datomic.function:7,datomic.future:6,datomic.garbage:36,datomic.garbage.fressian:2,datomic.garbage.pod:14,datomic.h2:6,datomic.index:48,datomic.integrity:60,datomic.io:6,datomic.iter:2,datomic.kv-cache:10,datomic.kv-cassandra:16,datomic.kv-cassandra2:10,datomic.kv-cassandra3:6,datomic.kv-cluster:22,datomic.kv-dynamo:8,datomic.kv-dynamo-skv:10,datomic.kv-hotrod:4,datomic.kv-mem:2,datomic.kv-sql:12,datomic.kv-sql-ext:14,datomic.log:34,datomic.lucene:3,datomic.memcached:18,datomic.memory:8,datomic.monitor:4,datomic.peer:64,datomic.process:6,datomic.process-monitor:16,datomic.pull:18,datomic.qtune:12,datomic.query:30,datomic.query.support:2,datomic.reconnector2:4,datomic.s3:10,datomic.s3-api:4,datomic.s3-kv:6,datomic.simple-kv:2,datomic.slf4j:8,datomic.sql:4,datomic.stats:12,datomic.tools:46,datomic.tools.index-checks:6,datomic.transaction:18,datomic.treewalk:4,datomic.uri:8,datomic.val-cluster:12,datomic.valcache:5,datomic.valcache-direct:22,datomic.valcache.puts-pool-impl:8,datomic.validators:2
:as-of-t	8	datomic.index:8
:as-uri	4	datomic.io:4
:asOfT	3	datomic.db:3
:asserting	5	datomic.db:3,datomic.fulltext:2
:assertions	2	datomic.integrity:2
:async-shutdown	5	datomic.artemis-client:5
:atime	4	datomic.valcache:4
:atom	13	datomic.cloudwatch:2,datomic.datafy:8,datomic.datalog:1,datomic.ddb:2
:attempts	2	datomic.common:1,datomic.kv-cluster:1
:attr	2	datomic.fulltext:1,datomic.integrity:1
:attrPred	5	datomic.db:5
:attrPreds	2	datomic.db:2
:attribute	9	datomic.db:9
:attributeDefinitions	13	datomic.ddb:13
:attributeName	12	datomic.ddb:12
:attributeType	6	datomic.ddb:6
:attributeValueList	5	datomic.ddb:5
:attributes	5	datomic.ddb:4,datomic.index:1
:attributesToGet	6	datomic.ddb:5,datomic.ddb-values:1
:attrid	1	datomic.integrity:1
:attrmap	4	datomic.integrity:2,datomic.stats:1,datomic.treewalk:1
:attrs	5	datomic.core2.aws.ddb:1,datomic.core2.log.ddb:1,datomic.index:1,datomic.integrity:1,datomic.stats:1
:author	25	datomic.db:5,datomic.excise:5,datomic.fulltext:5,datomic.fulltext-index:5,datomic.index:5
:auto-commit-acks	1	datomic.artemis-client:1
:auto-commit-sends	1	datomic.artemis-client:1
:auto-discovery	3	datomic.config:2,datomic.memcached:1
:avet	60	datomic.db:18,datomic.index:13,datomic.integrity:20,datomic.pull:3,datomic.stats:4,datomic.tools.index-checks:1,datomic.treewalk:1
:avet-hist	10	datomic.index:7,datomic.integrity:2,datomic.treewalk:1
:avet-main	11	datomic.index:9,datomic.integrity:1,datomic.treewalk:1
:avet-mid	8	datomic.index:5,datomic.integrity:2,datomic.treewalk:1
:avet-total	2	datomic.integrity:2
:aws-access-key-id	4	datomic.aws:2,datomic.aws-monitor:1,datomic.uri:1
:aws-cloudwatch-dimension-value	2	datomic.aws-monitor:2
:aws-cloudwatch-region	2	datomic.aws-monitor:2
:aws-dynamodb-table	7	datomic.ddb-s3-cluster:3,datomic.tools:1,datomic.uri:3
:aws-region	6	datomic.ddb-s3-cluster:3,datomic.tools:1,datomic.uri:2
:aws-s3-path	3	datomic.s3-kv:1,datomic.uri:2
:aws-secret-key	4	datomic.aws:2,datomic.aws-monitor:1,datomic.uri:1
:aws/error	1	datomic.ddb:1
:b	7	datomic.ddb:6,datomic.integrity:1
:bOOL	7	datomic.ddb:7
:bS	6	datomic.ddb:6
:backoff	9	datomic.backup:1,datomic.catalog:2,datomic.common:2,datomic.core2.async:1,datomic.core2.val-store.s3:1,datomic.ddb-s3-cluster:1,datomic.peer:1
:backoff-ms	2	datomic.core2.retry:2
:backup-uri	1	datomic.backup:1
:backup-version	2	datomic.backup:2
:backup/claim-failed	2	datomic.backup:2
:backup/db	1	datomic.backup:1
:backup/read-failed	1	datomic.backup:1
:backup/roots-failed	2	datomic.backup:2
:backup/segment	1	datomic.backup:1
:backup/value-failed	1	datomic.backup:1
:backup/version	8	datomic.backup:8
:backward	6	datomic.core2.atom.logged:1,datomic.core2.log:1,datomic.core2.log.ddb:2,datomic.core2.log.mem:1,datomic.core2.log.spi:1
:base	10	datomic.clusterfs:4,datomic.core2.val-store.s3:1,datomic.ddb-s3-cluster:1,datomic.fulltext:1,datomic.integrity:1,datomic.s3-kv:2
:basefs	2	datomic.fulltext:2
:baseid	2	datomic.fulltext:2
:basis-db	2	datomic.adopter:1,datomic.peer:1
:basis-t	6	datomic.db:1,datomic.integrity:4,datomic.peer:1
:basisT	22	datomic.adopter:1,datomic.db:13,datomic.index:3,datomic.integrity:1,datomic.peer:3,datomic.tools:1
:bbuf	2	datomic.valcache-direct:1,datomic.valcache.puts-pool-impl:1
:bbuf-size	1	datomic.ddb-values:1
:bean	2	datomic.datafy:2
:before	2	datomic.external-sort:2
:begin	81	datomic.backup:5,datomic.cassandra-values:7,datomic.cassandra-values-v4:7,datomic.cluster:3,datomic.clusterfs:3,datomic.connector:4,datomic.coordination:1,datomic.db:2,datomic.ddb-values:6,datomic.fulltext:5,datomic.garbage:2,datomic.index:10,datomic.integrity:4,datomic.kv-cluster:8,datomic.log:3,datomic.peer:4,datomic.process-monitor:2,datomic.slf4j:1,datomic.tools:1,datomic.val-cluster:3
:bigdec	1	datomic.db:1
:bigint	2	datomic.db:2
:billingMode	10	datomic.ddb:10
:billingModeSummary	1	datomic.ddb:1
:bind-type	3	datomic.datalog:3
:bindings	9	datomic.assert:1,datomic.integrity:8
:binds	8	datomic.datalog:8
:binds-in	1	datomic.datalog:1
:binds-out	1	datomic.datalog:1
:birth-level	9	datomic.db:3,datomic.index:6
:body	9	datomic.core2.aws.s3.aws-api:1,datomic.core2.log.ddb:4,datomic.core2.log.mem:3,datomic.core2.val-store.s3.aws-api:1
:bool	1	datomic.db:1
:bpd	1	datomic.index:1
:branch	2	datomic.integrity:2
:browse	1	datomic.artemis-client:1
:bucket	20	datomic.coordination-ext:1,datomic.core2.aws.s3.aws-api:5,datomic.core2.val-store.s3.aws-api:4,datomic.core2.val-store.s3.sdkv1:1,datomic.ddb-s3-cluster:4,datomic.s3-kv:2,datomic.uri:3
:bucket-prefix	3	datomic.ddb-s3-cluster:3
:bucketKeyEnabled	6	datomic.s3-api:6
:bucketName	15	datomic.s3:1,datomic.s3-api:14
:buf	22	datomic.backup:1,datomic.catalog:1,datomic.cluster:4,datomic.cluster-stack:2,datomic.domain:4,datomic.garbage:1,datomic.integrity:1,datomic.kv-cluster:4,datomic.log:2,datomic.tools:1,datomic.val-cluster:1
:bufs	7	datomic.log:7
:bufsize	9	datomic.cassandra-values:2,datomic.cassandra-values-v4:2,datomic.ddb-values:2,datomic.kv-cluster:2,datomic.val-cluster:1
:build	1	datomic.index:1
:buildRevision	5	datomic.index:5
:byte-count	1	datomic.clusterfs:1
:bytes	4	datomic.db:1,datomic.index:1,datomic.kv-cluster:1,datomic.log:1
:cache-1	2	datomic.cache:1,datomic.kv-cache:1
:cache-2	2	datomic.cache:1,datomic.kv-cache:1
:cache-bytes	1	datomic.domain:1
:cache-get	2	datomic.cache.caffeine:2
:cache/create	1	datomic.domain:1
:cacheControl	6	datomic.s3-api:6
:cacheResponseMetadata	5	datomic.aws:5
:card-1-collision	2	datomic.tools.index-checks:2
:cardinality	15	datomic.db:12,datomic.pull:2,datomic.tools:1
:cas	2	datomic.valcache:2
:cass	4	datomic.coordination-ext:1,datomic.uri:3
:cass2	4	datomic.coordination-ext:1,datomic.uri:3
:cass3	4	datomic.coordination-ext:1,datomic.uri:3
:cassandra-values/delete-value	2	datomic.cassandra-values:1,datomic.cassandra-values-v4:1
:cassandra-values/delete-value-chunk	2	datomic.cassandra-values:1,datomic.cassandra-values-v4:1
:cassandra-values/get-value	4	datomic.cassandra-values:2,datomic.cassandra-values-v4:2
:cassandra-values/get-value-chunk	2	datomic.cassandra-values:1,datomic.cassandra-values-v4:1
:cassandra-values/put	2	datomic.cassandra-values:1,datomic.cassandra-values-v4:1
:cassandra-values/put-value	2	datomic.cassandra-values:1,datomic.cassandra-values-v4:1
:cassandra-values/put-value-chunk	2	datomic.cassandra-values:1,datomic.cassandra-values-v4:1
:catalog	1	datomic.tools:1
:catalog/db-does-not-exist	1	datomic.backup:1
:cause	1	datomic.kv-cluster:1
:ch	6	datomic.core2.async:1,datomic.core2.log:1,datomic.core2.log.ddb:1,datomic.core2.log.mem:1,datomic.core2.log.spi:2
:check	15	datomic.integrity:15
:child-node-ids	4	datomic.treewalk:4
:children	18	datomic.garbage:17,datomic.garbage.fressian:1
:childrenOfAlarmName	5	datomic.cloudwatch:5
:chunk	1	datomic.integrity:1
:chunk-size	9	datomic.clusterfs:6,datomic.core2.log.ddb:1,datomic.fulltext:2
:chunks	19	datomic.cassandra:2,datomic.cassandra-v4:2,datomic.cassandra-values:5,datomic.cassandra-values-v4:5,datomic.clusterfs:1,datomic.ddb-values:1,datomic.kv-cassandra2:1,datomic.kv-cassandra3:1,datomic.kv-cluster:1
:class	1	datomic.cache:1
:classname	1	datomic.error:1
:clause	3	datomic.datalog:3
:cleanup	2	datomic.peer:1,datomic.reconnector2:1
:clear	3	datomic.cache.caffeine:1,datomic.cache.impl:1,datomic.queue:1
:client	9	datomic.core2.aws.s3.aws-api:1,datomic.core2.log.ddb:1,datomic.core2.val-store.s3.aws-api:2,datomic.core2.val-store.s3.sdkv1:1,datomic.ddb-s3-cluster:1,datomic.memcached:3
:client-conf	2	datomic.core2.aws.s3.sdkv1:1,datomic.ddb-s3-cluster:1
:clientExecutionTimeout	8	datomic.aws:5,datomic.config:2,datomic.ddb-s3-cluster:1
:clojure	1	datomic.function:1
:cloneRoot	2	datomic.s3-api:2
:cloneSource	2	datomic.s3-api:2
:close-cache-1?	1	datomic.cache:1
:close-cache-2?	1	datomic.cache:1
:close-subreaders	2	datomic.fulltext:1,datomic.lucene:1
:cloud-compat	2	datomic.db:2
:cls	1	datomic.datafy:1
:cluster	36	datomic.coordination-ext:2,datomic.db-io:3,datomic.garbage:1,datomic.index:1,datomic.integrity:14,datomic.kv-cassandra:3,datomic.kv-cassandra2:3,datomic.kv-cluster:1,datomic.peer:1,datomic.tools:7
:cluster-callback	5	datomic.cassandra:1,datomic.coordination-ext:2,datomic.kv-cassandra:1,datomic.kv-cassandra2:1
:cluster-conf	3	datomic.db-io:1,datomic.peer:2
:cluster/write-vals	1	datomic.cluster:1
:clusterfs	5	datomic.cluster:2,datomic.clusterfs:2,datomic.integrity:1
:clusterfs/create-file	1	datomic.clusterfs:1
:clusterfs/create-files	1	datomic.clusterfs:1
:clusterfs/create-fs	3	datomic.clusterfs:2,datomic.slf4j:1
:clusterfs/write-val	2	datomic.cluster:1,datomic.slf4j:1
:cmp	4	datomic.external-sort:1,datomic.external-sort-datoms:2,datomic.index:1
:cnt	1	datomic.index:1
:code	9	datomic.artemis-client:2,datomic.fressian:1,datomic.function:5,datomic.s3-api:1
:coerce	1	datomic.cli:1
:coerce-v	5	datomic.db:5
:cognitect.anomalies/busy	2	datomic.core2.anomalies:1,datomic.core2.val-store.fs:1
:cognitect.anomalies/category	38	datomic.api:2,datomic.cluster-stack:2,datomic.common:1,datomic.core2.anomalies:13,datomic.core2.async:3,datomic.core2.atom.logged:5,datomic.core2.aws.s3.sdkv1:1,datomic.core2.log.mem:1,datomic.core2.val-store.fs:1,datomic.core2.val-store.spi:1,datomic.error:3,datomic.extension-resolver:2,datomic.peer:1,datomic.query.support:1,datomic.tools:1
:cognitect.anomalies/conflict	4	datomic.api:1,datomic.core2.anomalies:1,datomic.core2.log.mem:1,datomic.error:1
:cognitect.anomalies/fault	9	datomic.cluster-stack:1,datomic.core2.anomalies:2,datomic.core2.async:1,datomic.core2.aws.s3.sdkv1:2,datomic.core2.val-store.spi:1,datomic.error:1,datomic.tools:1
:cognitect.anomalies/forbidden	3	datomic.core2.anomalies:2,datomic.core2.aws.s3.sdkv1:1
:cognitect.anomalies/incorrect	7	datomic.api:2,datomic.core2.anomalies:1,datomic.core2.atom.logged:1,datomic.error:1,datomic.extension-resolver:1,datomic.query.support:1
:cognitect.anomalies/interrupted	2	datomic.core2.async:2
:cognitect.anomalies/message	23	datomic.api:2,datomic.common:2,datomic.core2.anomalies:2,datomic.core2.async:1,datomic.core2.atom.logged:5,datomic.core2.aws.s3.sdkv1:1,datomic.core2.log.mem:1,datomic.core2.val-store.fs:1,datomic.core2.val-store.spi:1,datomic.error:3,datomic.extension-resolver:1,datomic.peer:1,datomic.query.support:1,datomic.tools:1
:cognitect.anomalies/not-found	5	datomic.common:1,datomic.core2.anomalies:2,datomic.core2.atom.logged:1,datomic.core2.aws.s3.sdkv1:1
:cognitect.anomalies/unavailable	5	datomic.core2.anomalies:1,datomic.core2.atom.logged:3,datomic.peer:1
:column	523	datomic.api:10,datomic.artemis-client:8,datomic.assert:4,datomic.aws-monitor:3,datomic.backup:8,datomic.btset:8,datomic.cache:1,datomic.cache.caffeine:2,datomic.cassandra-values:3,datomic.cassandra-values-v4:3,datomic.cast2slf4j:1,datomic.catalog:2,datomic.cli:2,datomic.cloudwatch:3,datomic.cluster:4,datomic.cluster-stack:1,datomic.common:4,datomic.config:9,datomic.connector:3,datomic.coordination:2,datomic.core2.atom.logged:3,datomic.core2.log.ddb:2,datomic.core2.val-store.double-store:2,datomic.crypto:2,datomic.datalog:12,datomic.db:148,datomic.db-io:1,datomic.ddb:8,datomic.ddb-cluster:1,datomic.ddb-s3-cluster:13,datomic.ddb-values:2,datomic.domain:1,datomic.error:1,datomic.excise:10,datomic.extension-resolver:10,datomic.extensions:3,datomic.external-sort:2,datomic.fressian:4,datomic.fulltext:1,datomic.function:2,datomic.future:1,datomic.garbage:1,datomic.garbage.fressian:2,datomic.garbage.pod:2,datomic.h2:1,datomic.index:27,datomic.integrity:2,datomic.io:12,datomic.iter:6,datomic.kv-cache:1,datomic.kv-cluster:16,datomic.kv-dynamo:2,datomic.kv-sql:1,datomic.kv-sql-ext:1,datomic.kv-store:1,datomic.log:4,datomic.lucene:15,datomic.math:8,datomic.memcached:9,datomic.memory:6,datomic.memory-size:6,datomic.monitor:1,datomic.peer:5,datomic.process-monitor:1,datomic.pull:5,datomic.query:10,datomic.query.support:1,datomic.s3-api:17,datomic.simple-kv:1,datomic.slf4j:2,datomic.stats:2,datomic.tools:3,datomic.transaction:2,datomic.uri:2,datomic.val-cluster:3,datomic.valcache:33,datomic.valcache-direct:2
:common/retry	1	datomic.common:1
:commonPrefixes	6	datomic.s3-api:6
:comp-ct	2	datomic.db:2
:comp-pf-ms	3	datomic.db:3
:comp-tx-ms	3	datomic.db:3
:comparisonOperator	6	datomic.cloudwatch:1,datomic.ddb:5
:complete	6	datomic.garbage:6
:completed	2	datomic.peer:2
:compositeAlarms	1	datomic.cloudwatch:1
:concurrency	6	datomic.backup:4,datomic.valcache:2
:conditionExpression	10	datomic.ddb:10
:conditionalOperator	10	datomic.ddb:10
:config-timeout-msec	3	datomic.config:2,datomic.memcached:1
:conflict	7	datomic.backup:1,datomic.catalog:2,datomic.cluster:1,datomic.kv-cluster:3
:connectionMaxIdleMillis	5	datomic.aws:5
:connectionTTL	5	datomic.aws:5
:connectionTimeout	8	datomic.aws:5,datomic.config:2,datomic.ddb-s3-cluster:1
:connector	2	datomic.peer:2
:connector/notify-cleanup	1	datomic.connector:1
:connector/notify-loop	1	datomic.connector:1
:connector/updater-cleanup	1	datomic.connector:1
:connector/updater-loop	1	datomic.connector:1
:considered-datoms	2	datomic.db:2
:consistentRead	8	datomic.ddb:5,datomic.ddb-values:1,datomic.kv-dynamo:1,datomic.kv-dynamo-skv:1
:const	126	datomic.aws-monitor:2,datomic.backup:1,datomic.btset:2,datomic.cache.caffeine:1,datomic.cassandra-values:1,datomic.cassandra-values-v4:1,datomic.catalog:1,datomic.cluster:3,datomic.common:1,datomic.config:1,datomic.coordination:2,datomic.datalog:8,datomic.db:50,datomic.ddb-s3-cluster:1,datomic.external-sort:1,datomic.fulltext:1,datomic.index:3,datomic.kv-cluster:1,datomic.kv-sql:1,datomic.log:1,datomic.math:7,datomic.memory:6,datomic.memory-size:6,datomic.peer:2,datomic.simple-kv:1,datomic.tools:1,datomic.valcache:19,datomic.valcache-direct:1
:constituents	4	datomic.db:4
:construct	3	datomic.query:3
:construct-fn	1	datomic.query:1
:construct-fn-src	1	datomic.query:1
:constructor	26	datomic.aws:1,datomic.cloudwatch:8,datomic.datafy:1,datomic.ddb:13,datomic.s3-api:3
:consts	5	datomic.datalog:5
:consumedCapacity	3	datomic.ddb:3
:content-length	4	datomic.core2.aws.s3.aws-api:1,datomic.core2.val-store.s3.aws-api:2,datomic.core2.val-store.s3.sdkv1:1
:contentDisposition	6	datomic.s3-api:6
:contentEncoding	7	datomic.s3:1,datomic.s3-api:6
:contentLanguage	6	datomic.s3-api:6
:contentLength	8	datomic.s3:1,datomic.s3-api:6,datomic.s3-kv:1
:contentMD5	6	datomic.s3-api:6
:contentMd5	1	datomic.s3-api:1
:contentRange	1	datomic.s3-api:1
:contentType	7	datomic.s3-api:7
:context	3	datomic.error:1,datomic.future:1,datomic.pull:1
:coord/lookup-endpoint	1	datomic.coordination:1
:copied	2	datomic.backup:2
:core-threads	2	datomic.core2.thread:1,datomic.ddb-s3-cluster:1
:couchbase	4	datomic.coordination-ext:1,datomic.uri:3
:count	65	datomic.aws-monitor:1,datomic.clusterfs:1,datomic.core2.thread:3,datomic.core2.val-store.double-store:1,datomic.core2.val-store.fs:1,datomic.core2.val-store.s3:3,datomic.core2.val-store.s3.aws-api:2,datomic.core2.val-store.s3.sdkv1:2,datomic.external-sort:2,datomic.garbage:7,datomic.index:18,datomic.integrity:15,datomic.log:1,datomic.monitor:1,datomic.stats:7
:counter	2	datomic.valcache:2
:counts	8	datomic.cloudwatch:5,datomic.index:3
:crc32	1	datomic.io:1
:create	6	datomic.core2.val-store.s3:4,datomic.core2.val-store.s3.aws-api:1,datomic.core2.val-store.s3.sdkv1:1
:create-database	1	datomic.peer:1
:create-file-writer-fn	2	datomic.external-sort:1,datomic.external-sort-datoms:1
:create-log-val	2	datomic.integrity:2
:create-val	2	datomic.cluster:2
:created	22	datomic.backup:1,datomic.cassandra-values:1,datomic.cassandra-values-v4:1,datomic.catalog:1,datomic.cluster:3,datomic.cluster-stack:2,datomic.clusterfs:1,datomic.core2.val-store.fs:1,datomic.core2.val-store.s3.aws-api:1,datomic.core2.val-store.s3.sdkv1:1,datomic.ddb-values:1,datomic.fulltext:1,datomic.garbage:2,datomic.kv-cluster:1,datomic.log:2,datomic.peer:1,datomic.val-cluster:1
:creationDate	1	datomic.s3-api:1
:creationDateTime	1	datomic.ddb:1
:creds	2	datomic.aws-monitor:2
:creds-provider	1	datomic.core2.aws.s3.sdkv1:1
:cstore	4	datomic.fulltext:2,datomic.index:2
:current	4	datomic.integrity:4
:current-datoms	2	datomic.integrity:2
:customQueryParameters	2	datomic.s3-api:2
:customRequestHeaders	2	datomic.s3-api:2
:d	2	datomic.tools.index-checks:2
:d/l	10	datomic.backup:2,datomic.log:8
:d/r	14	datomic.backup:2,datomic.integrity:1,datomic.log:11
:d/v	2	datomic.backup:1,datomic.log:1
:d1	5	datomic.db:1,datomic.tools.index-checks:4
:d2	5	datomic.db:1,datomic.tools.index-checks:4
:daemon/thread-completed	1	datomic.async:1
:daemon/thread-started	1	datomic.async:1
:data	29	datomic.backup:2,datomic.db:4,datomic.extensions:1,datomic.integrity:3,datomic.log:9,datomic.peer:1,datomic.tools:2,datomic.tools.index-checks:1,datomic.transaction:2,datomic.valcache.puts-pool:1,datomic.valcache.puts-pool-impl:3
:data-count	15	datomic.integrity:6,datomic.stats:9
:data-dir	11	datomic.coordination:1,datomic.h2:10
:data-source	2	datomic.coordination-ext:1,datomic.kv-sql-ext:1
:data-type	2	datomic.valcache:2
:datapointsToAlarm	1	datomic.cloudwatch:1
:datasource	4	datomic.h2:1,datomic.kv-sql-ext:2,datomic.sql:1
:datom	33	datomic.db:2,datomic.integrity:31
:datom-count	1	datomic.transaction:1
:datomic.cache/getx-sentinel-42	2	datomic.cache:2
:datomic.cluster-stack/closer	1	datomic.cluster-stack:1
:datomic.cluster-stack/cluster-result	1	datomic.cluster-stack:1
:datomic.common/getx-sentinel-42	2	datomic.common:2
:datomic.core2.anomalies/exception	1	datomic.core2.anomalies:1
:datomic.core2.atom.logged/invalid-value	1	datomic.core2.atom.logged:1
:datomic.core2.atom.logged/state	1	datomic.core2.atom.logged:1
:datomic.core2.aws.ddb/value	1	datomic.core2.aws.ddb:1
:datomic.core2.log.mem/header	1	datomic.core2.log.mem:1
:datomic.core2.log.mem/tail	1	datomic.core2.log.mem:1
:datomic.core2.val-store.fs/k	1	datomic.core2.val-store.fs:1
:datomic.core2.val-store.fs/key	1	datomic.core2.val-store.fs:1
:datomic.core2.val-store.opts/partition	2	datomic.core2.val-store.fs:1,datomic.core2.val-store.s3:1
:datomic.core2.val-store.opts/reset-cache	2	datomic.core2.val-store.double-store:1,datomic.domain:1
:datomic.core2.val-store.opts/skip-cache	4	datomic.backup:2,datomic.core2.val-store.double-store:2
:datomic.core2.val-store.s3.sdkv1/bucket	1	datomic.core2.val-store.s3.sdkv1:1
:datomic.core2.val-store.s3.sdkv1/k	1	datomic.core2.val-store.s3.sdkv1:1
:datomic.core2.val-store.s3.sdkv1/prefix	1	datomic.core2.val-store.s3.sdkv1:1
:datomic.core2.val-store.s3/key	2	datomic.core2.val-store.s3:2
:datomic.core2.val-store.s3/op	1	datomic.core2.val-store.s3:1
:datomic.core2.val-store.s3/retry	1	datomic.core2.val-store.s3:1
:datomic.core2.val-store.spi/key	1	datomic.core2.val-store.spi:1
:datomic.crypto/hmac-missing	1	datomic.crypto:1
:datomic.crypto/validate-hmac-failed	1	datomic.crypto:1
:datomic.db/trace	1	datomic.db:1
:datomic.future/nil	2	datomic.cluster-stack:1,datomic.future:1
:datomic.future/unfilled	1	datomic.future:1
:datomic.garbage/mark	4	datomic.garbage:2,datomic.index:1,datomic.kv-cluster:1
:datomic.kv-cache/closer	1	datomic.kv-cache:1
:datomic.memcached/reset-spy-client	1	datomic.memcached:1
:datomic.peer/shutdown	2	datomic.peer:2
:datomic.tools/cause	1	datomic.tools:1
:datomic.valcache/eviction-threshold-mb	2	datomic.valcache:2
:datomic.valcache/host	1	datomic.valcache:1
:datomic.valcache/path	2	datomic.valcache:2
:datomic.valcache/port	1	datomic.valcache:1
:datomic/cancelled	5	datomic.api:1,datomic.builtins:3,datomic.error:1
:datomic/deleted	10	datomic.catalog:8,datomic.garbage:1,datomic.peer:1
:datomic/eval-exception	1	datomic.error:1
:datomic/fn	1	datomic.db:1
:datomic/rev	4	datomic.catalog:3,datomic.peer:1
:datoms	7	datomic.db:3,datomic.index:1,datomic.integrity:2,datomic.stats:1
:db	21	datomic.cluster:1,datomic.db-io:4,datomic.index:1,datomic.integrity:1,datomic.kv-cluster:2,datomic.log:6,datomic.peer:1,datomic.query:2,datomic.tools:2,datomic.tools.index-checks:1
:db-after	6	datomic.db:3,datomic.peer:3
:db-before	2	datomic.db:1,datomic.peer:1
:db-id	38	datomic.backup:10,datomic.catalog:8,datomic.connector:2,datomic.coordination:3,datomic.db-io:1,datomic.ddb-s3-cluster:1,datomic.garbage:1,datomic.kv-cluster:1,datomic.log:1,datomic.peer:9,datomic.uri:1
:db-name	47	datomic.backup:2,datomic.catalog:1,datomic.coordination:1,datomic.garbage:1,datomic.peer:11,datomic.uri:31
:db-storage	1	datomic.tools:1
:db-uri	1	datomic.peer:1
:db.alter/attribute	5	datomic.db:5
:db.attr/preds	6	datomic.db:6
:db.bootstrap/part	4	datomic.db:3,datomic.tools.index-checks:1
:db.cardinality/many	16	datomic.db:16
:db.cardinality/one	28	datomic.db:27,datomic.tools:1
:db.entity/attrs	2	datomic.db:2
:db.entity/preds	2	datomic.db:2
:db.error/attr-pred	2	datomic.db:2
:db.error/attr-pred-on-system-attr	1	datomic.db:1
:db.error/attribute-ident-missing	1	datomic.db:1
:db.error/attribute-not-indexed	4	datomic.db:4
:db.error/backup-version	1	datomic.backup:1
:db.error/cannot-retarget-ident	1	datomic.db:1
:db.error/cardinality-violation	1	datomic.db:1
:db.error/cas-failed	1	datomic.builtins:1
:db.error/components-must-be-refs	1	datomic.db:1
:db.error/connection-released	4	datomic.peer:4
:db.error/constituent-of-a-composite-must-be-card-one	1	datomic.db:1
:db.error/create-database-failed	1	datomic.peer:1
:db.error/cycle-in-affinity	1	datomic.db:1
:db.error/data-function-compile-failed	1	datomic.db:1
:db.error/datom-cannot-be-altered	1	datomic.db:1
:db.error/datoms-conflict	1	datomic.db:1
:db.error/db-exists	1	datomic.peer:1
:db.error/db-not-found	2	datomic.peer:2
:db.error/entity-attr	1	datomic.db:1
:db.error/entity-pred	1	datomic.db:1
:db.error/future-tx-instant	1	datomic.db:1
:db.error/implicit-part-out-of-range	1	datomic.db:1
:db.error/incompatible-schema-install	1	datomic.db:1
:db.error/index-version	1	datomic.index:1
:db.error/insufficient-binding	1	datomic.datalog:1
:db.error/invalid-aggregate	1	datomic.query:1
:db.error/invalid-alter-attribute	2	datomic.db:2
:db.error/invalid-attr-spec	2	datomic.pull:2
:db.error/invalid-attr-subspec	1	datomic.pull:1
:db.error/invalid-cas	1	datomic.builtins:1
:db.error/invalid-cas-many	1	datomic.builtins:1
:db.error/invalid-clause	1	datomic.datalog:1
:db.error/invalid-config-value	1	datomic.config:1
:db.error/invalid-data-function	1	datomic.db:1
:db.error/invalid-data-source	4	datomic.datalog:4
:db.error/invalid-datom	1	datomic.db:1
:db.error/invalid-db-uri	3	datomic.peer:2,datomic.uri:1
:db.error/invalid-element-change	1	datomic.db:1
:db.error/invalid-entity-id	1	datomic.db:1
:db.error/invalid-force-partition-map	1	datomic.db:1
:db.error/invalid-install-attribute	1	datomic.db:1
:db.error/invalid-limit	1	datomic.pull:1
:db.error/invalid-lookup-ref	1	datomic.db:1
:db.error/invalid-match-partition-map	1	datomic.db:1
:db.error/invalid-memory-config	1	datomic.config:1
:db.error/invalid-nested-entity	1	datomic.db:1
:db.error/invalid-pull	5	datomic.pull:4,datomic.query:1
:db.error/invalid-recur-limit	1	datomic.pull:1
:db.error/invalid-sql-connection	2	datomic.kv-sql-ext:1,datomic.sql:1
:db.error/invalid-tuple-attrs	1	datomic.db:1
:db.error/invalid-tuple-kind	1	datomic.db:1
:db.error/invalid-tuple-length	1	datomic.db:1
:db.error/invalid-tuple-type	1	datomic.db:1
:db.error/invalid-tuple-types	1	datomic.db:1
:db.error/invalid-tuple-value	1	datomic.db:1
:db.error/invalid-value-type	1	datomic.db:1
:db.error/log-conversion	1	datomic.log:1
:db.error/log-version	1	datomic.log:1
:db.error/lookup-ref-attr-not-unique	1	datomic.db:1
:db.error/lookup-ref-not-supported	1	datomic.db:1
:db.error/map-key-collision	1	datomic.db:1
:db.error/multiple-tx-instants	1	datomic.db:1
:db.error/nil-input	1	datomic.pull:1
:db.error/nil-keyword	1	datomic.db:1
:db.error/nil-value	2	datomic.db:2
:db.error/not-a-binding-form	1	datomic.datalog:1
:db.error/not-a-cardinality	1	datomic.db:1
:db.error/not-a-config-property	1	datomic.config:1
:db.error/not-a-data-function	2	datomic.db:2
:db.error/not-a-db-id	1	datomic.db:1
:db.error/not-a-keyword	2	datomic.db:2
:db.error/not-a-partition	2	datomic.db:2
:db.error/not-a-value-type	1	datomic.db:1
:db.error/not-an-attribute	1	datomic.db:1
:db.error/not-an-entity	3	datomic.db:3
:db.error/not-enough-memory	1	datomic.config:1
:db.error/not-in-system-partition	1	datomic.db:1
:db.error/not-supported-in-cloud	1	datomic.db:1
:db.error/not-transaction-data	1	datomic.db:1
:db.error/or-binding-empty	1	datomic.datalog:1
:db.error/past-tx-instant	1	datomic.db:1
:db.error/pattern-not-bound	1	datomic.query:1
:db.error/peer-queue-exceeded	2	datomic.peer:2
:db.error/peer-transactor-mismatch	1	datomic.coordination:1
:db.error/pred-return	3	datomic.db:3
:db.error/read-transactor-location-failed	1	datomic.coordination:1
:db.error/rename-database-failed	1	datomic.peer:1
:db.error/reset-tx-instant	1	datomic.db:1
:db.error/schema-attribute-missing	1	datomic.db:1
:db.error/schema-count-exceeded	1	datomic.db:1
:db.error/schema-without-install	1	datomic.db:1
:db.error/source-lang-not-supported	2	datomic.db:1,datomic.function:1
:db.error/tempid-not-an-entity	1	datomic.db:1
:db.error/too-few-inputs	1	datomic.query:1
:db.error/transaction-timeout	1	datomic.peer:1
:db.error/transactor-not-registered	1	datomic.peer:1
:db.error/tuple-of-attrs-must-be-card-one	2	datomic.db:2
:db.error/type-on-non-tuple	1	datomic.db:1
:db.error/unable-to-read-log-tail	1	datomic.log:1
:db.error/unbound-query-variables	1	datomic.query:1
:db.error/unfound-construct-variables	1	datomic.query:1
:db.error/unique-conflict	1	datomic.db:1
:db.error/unique-not-allowed	2	datomic.db:2
:db.error/unique-violation	1	datomic.db:1
:db.error/unique-without-index	1	datomic.db:1
:db.error/unsupported-alter-schema	1	datomic.db:1
:db.error/unsupported-protocol	1	datomic.coordination:1
:db.error/wrong-type-for-attribute	1	datomic.db:1
:db.excise/attrs	5	datomic.db:3,datomic.excise:1,datomic.integrity:1
:db.excise/before	4	datomic.db:3,datomic.excise:1
:db.excise/beforeT	4	datomic.db:3,datomic.excise:1
:db.fn/cas	3	datomic.db:3
:db.fn/retractEntity	4	datomic.db:3,datomic.tools:1
:db.install/_attribute	2	datomic.db:2
:db.install/_function	2	datomic.db:2
:db.install/_valueType	8	datomic.db:8
:db.install/attribute	34	datomic.db:30,datomic.tools:4
:db.install/function	7	datomic.db:7
:db.install/partition	9	datomic.db:9
:db.install/valueType	14	datomic.db:14
:db.lang/clojure	6	datomic.db:6
:db.lang/java	4	datomic.db:4
:db.part/db	59	datomic.db:59
:db.part/tx	6	datomic.db:6
:db.part/user	6	datomic.config:1,datomic.db:5
:db.sys/partiallyIndexed	5	datomic.db:5
:db.sys/reId	7	datomic.db:5,datomic.tools.index-checks:2
:db.type/bigdec	3	datomic.db:3
:db.type/bigint	3	datomic.db:3
:db.type/boolean	10	datomic.db:10
:db.type/bytes	5	datomic.db:5
:db.type/double	3	datomic.db:3
:db.type/float	2	datomic.db:2
:db.type/fn	5	datomic.db:5
:db.type/instant	7	datomic.db:7
:db.type/keyword	13	datomic.db:13
:db.type/long	7	datomic.db:7
:db.type/ref	28	datomic.db:26,datomic.integrity:2
:db.type/string	8	datomic.db:8
:db.type/symbol	4	datomic.db:4
:db.type/tuple	8	datomic.db:8
:db.type/uri	3	datomic.db:3
:db.type/uuid	3	datomic.db:3
:db.unique/identity	7	datomic.db:6,datomic.tools:1
:db.unique/value	6	datomic.db:5,datomic.tools:1
:db/accept-index	2	datomic.db:1,datomic.slf4j:1
:db/add	49	datomic.builtins:1,datomic.db:46,datomic.tools:2
:db/add-fulltext	2	datomic.db:1,datomic.slf4j:1
:db/cardinality	41	datomic.db:41
:db/cas	2	datomic.db:2
:db/code	12	datomic.db:12
:db/doc	3	datomic.db:3
:db/ensure	3	datomic.db:3
:db/error	33	datomic.connector:3,datomic.crypto:2,datomic.db:16,datomic.error:10,datomic.peer:2
:db/errors	2	datomic.db:2
:db/excise	9	datomic.db:4,datomic.excise:2,datomic.index:1,datomic.integrity:2
:db/fn	7	datomic.db:7
:db/force-partition	1	datomic.db:1
:db/fulltext	9	datomic.db:9
:db/id	27	datomic.backup:1,datomic.db:17,datomic.excise:3,datomic.integrity:3,datomic.pull:2,datomic.query:1
:db/ident	46	datomic.db:46
:db/index	12	datomic.db:11,datomic.index:1
:db/isComponent	8	datomic.db:8
:db/lang	11	datomic.db:11
:db/match-partition	1	datomic.db:1
:db/noHistory	8	datomic.db:7,datomic.tools:1
:db/query	1	datomic.db:1
:db/retract	7	datomic.builtins:1,datomic.db:3,datomic.tools:3
:db/retractEntity	2	datomic.db:2
:db/system-tx	5	datomic.db:5
:db/tupleAttrs	6	datomic.db:6
:db/tupleType	6	datomic.db:6
:db/tupleTypes	4	datomic.db:4
:db/txInstant	14	datomic.db:13,datomic.integrity:1
:db/unique	12	datomic.db:11,datomic.index:1
:db/valueType	44	datomic.db:43,datomic.integrity:1
:db1	15	datomic.integrity:15
:db2	15	datomic.integrity:15
:dbid	10	datomic.garbage:1,datomic.pull:9
:ddb	10	datomic.coordination-ext:1,datomic.ddb-cluster:1,datomic.tools:1,datomic.uri:7
:ddb+s3	7	datomic.coordination-ext:1,datomic.ddb-s3-cluster:1,datomic.integrity:1,datomic.tools:1,datomic.uri:3
:ddb-local	5	datomic.coordination-ext:1,datomic.uri:4
:ddb-s3-cluster/missing-configuration	1	datomic.ddb-s3-cluster:1
:ddb-values/delete-value	1	datomic.ddb-values:1
:ddb-values/delete-value-chunk	1	datomic.ddb-values:1
:ddb-values/get-deitem-consistent-retry	1	datomic.ddb-values:1
:ddb-values/get-value	1	datomic.ddb-values:1
:ddb-values/get-value-chunk	1	datomic.ddb-values:1
:ddb-values/put	1	datomic.ddb-values:1
:ddb-values/put-value	1	datomic.ddb-values:1
:ddb-values/put-value-chunk	2	datomic.ddb-values:1,datomic.slf4j:1
:debug	1	datomic.slf4j:1
:decrypt	2	datomic.crypto:2
:dedup-ct	2	datomic.db:2
:dedup-pf-ms	3	datomic.db:3
:dedup-tx-ms	3	datomic.db:3
:default	55	datomic.api:1,datomic.aws:1,datomic.backup:2,datomic.cli:5,datomic.connector:2,datomic.coordination:2,datomic.core2.aws.ddb:1,datomic.core2.aws.s3.sdkv1:2,datomic.core2.thread:1,datomic.core2.val-store.s3.aws-api:1,datomic.core2.val-store.s3.sdkv1:1,datomic.datafy:5,datomic.db:11,datomic.ddb:1,datomic.error:1,datomic.index:3,datomic.integrity:2,datomic.io:1,datomic.kv-sql-ext:1,datomic.peer:2,datomic.pull:5,datomic.query:1,datomic.slf4j:1,datomic.uri:1,datomic.valcache.puts-pool:1
:delete	10	datomic.core2.val-store.fs:3,datomic.core2.val-store.s3:4,datomic.core2.val-store.s3.aws-api:1,datomic.core2.val-store.s3.sdkv1:1,datomic.s3:1
:delete-database	1	datomic.peer:1
:delete-pool	2	datomic.core2.val-store.fs:1,datomic.ddb-s3-cluster:1
:delete-requests	2	datomic.fulltext:2
:deleteMarker	1	datomic.s3-api:1
:deleteMarkerVersionId	1	datomic.s3-api:1
:deleted	8	datomic.catalog:1,datomic.cluster-stack:1,datomic.core2.val-store.fs:1,datomic.core2.val-store.s3.aws-api:1,datomic.core2.val-store.s3.sdkv1:1,datomic.garbage:2,datomic.peer:1
:deleted-bytes	1	datomic.valcache:1
:deleted-files	1	datomic.valcache:1
:deletedObjects	3	datomic.s3:2,datomic.s3-api:1
:deletionProtectionEnabled	12	datomic.ddb:12
:delimiter	13	datomic.s3:1,datomic.s3-api:12
:desc	8	datomic.integrity:3,datomic.kv-sql:1,datomic.log:4
:deserialize	2	datomic.core2.atom.logged:1,datomic.fressian:1
:deserialize-ns	1	datomic.fressian:1
:dev	6	datomic.cast2slf4j:1,datomic.config:1,datomic.coordination-ext:2,datomic.uri:2
:dhist	2	datomic.integrity:2
:di	3	datomic.index:3
:didx	1	datomic.integrity:1
:diffs	2	datomic.integrity:2
:dimensions	23	datomic.aws-monitor:1,datomic.cloudwatch:22
:dir	14	datomic.clusterfs:1,datomic.domain:6,datomic.external-sort-datoms:1,datomic.fulltext:2,datomic.index:3,datomic.integrity:1
:dir-from	1	datomic.garbage:1
:dir-id	1	datomic.log:1
:dir-map	2	datomic.log:2
:dir-t	3	datomic.integrity:3
:dir-to	1	datomic.garbage:1
:direction	6	datomic.core2.atom.logged:1,datomic.core2.log:1,datomic.core2.log.ddb:1,datomic.core2.log.mem:1,datomic.core2.log.spi:2
:directory	4	datomic.fulltext:2,datomic.fulltext-index:2
:dirid	1	datomic.integrity:1
:dirids	4	datomic.index:4
:dirnode-size	2	datomic.index:2
:dirs-ahead	2	datomic.index:2
:dirs-written	6	datomic.index:6
:disableHostPrefixInjection	5	datomic.aws:5
:disableSocketProxy	5	datomic.aws:5
:disabled	13	datomic.db:13
:displayName	1	datomic.s3-api:1
:dnsResolver	5	datomic.aws:5
:doc	28	datomic.api:2,datomic.aws-monitor:1,datomic.cli:5,datomic.cluster:3,datomic.combined-cluster:1,datomic.core2.atom:1,datomic.core2.log:1,datomic.core2.log.ddb:1,datomic.core2.log.mem:1,datomic.db:1,datomic.ddb-s3-cluster:1,datomic.excise:1,datomic.fulltext:1,datomic.fulltext-index:1,datomic.index:1,datomic.integrity:2,datomic.log:1,datomic.monitor:1,datomic.valcache:1,datomic.validators:1
:does-not-exist	3	datomic.catalog:3
:done	8	datomic.backup:1,datomic.cluster:1,datomic.fressian:1,datomic.peer:4,datomic.queue:1
:double	1	datomic.db:1
:drain	3	datomic.backup:1,datomic.fressian:1,datomic.queue:1
:dup-datoms	2	datomic.db:2
:dynamic	10	datomic.assert:3,datomic.cassandra-values:1,datomic.cassandra-values-v4:1,datomic.datalog:1,datomic.ddb-values:1,datomic.index:1,datomic.kv-store:1,datomic.math:1
:dynamodb	1	datomic.ddb:1
:e	62	datomic.builtins:5,datomic.db:19,datomic.excise:5,datomic.extensions:1,datomic.fulltext:2,datomic.index:3,datomic.integrity:10,datomic.log:1,datomic.pull:3,datomic.query:2,datomic.stats:3,datomic.tools:5,datomic.tools.index-checks:3
:eTag	2	datomic.s3-api:2
:eavt	55	datomic.builtins:3,datomic.db:8,datomic.excise:2,datomic.index:11,datomic.integrity:21,datomic.stats:3,datomic.tools:1,datomic.tools.index-checks:5,datomic.treewalk:1
:eavt-hist	7	datomic.index:5,datomic.integrity:1,datomic.treewalk:1
:eavt-main	9	datomic.index:7,datomic.integrity:1,datomic.treewalk:1
:eavt-mid	7	datomic.index:5,datomic.integrity:1,datomic.treewalk:1
:efs-path	3	datomic.ddb-s3-cluster:3
:efs.delete.failed.msec	1	datomic.core2.val-store.fs:1
:efs.delete.succeeded.msec	1	datomic.core2.val-store.fs:1
:efs.get.failed.msec	1	datomic.core2.val-store.fs:1
:efs.get.succeeded.msec	1	datomic.core2.val-store.fs:1
:efs.hits	1	datomic.core2.val-store.fs:1
:efs.put.failed.msec	1	datomic.core2.val-store.fs:1
:efs.put.succeeded.msec	1	datomic.core2.val-store.fs:1
:eidx	3	datomic.integrity:3
:elements	14	datomic.db:12,datomic.index:1,datomic.integrity:1
:else	98	datomic.btset:5,datomic.cassandra:1,datomic.cassandra-v4:1,datomic.cluster-stack:1,datomic.common:5,datomic.datafy:1,datomic.datalog:23,datomic.db:18,datomic.error:1,datomic.excise:1,datomic.index:23,datomic.kv-hotrod:1,datomic.kv-mem:1,datomic.kv-sql:1,datomic.kv-sql-ext:1,datomic.memcached:2,datomic.peer:1,datomic.pull:2,datomic.qtune:1,datomic.query:2,datomic.sql:1,datomic.stats:1,datomic.val-cluster:2,datomic.valcache:1,datomic.valcache-direct:1
:encodingType	12	datomic.s3-api:12
:encrypt	3	datomic.crypto:3
:encrypt-channel	3	datomic.connector:1,datomic.coordination:2
:end	89	datomic.backup:5,datomic.cassandra-values:7,datomic.cassandra-values-v4:7,datomic.cluster:3,datomic.clusterfs:3,datomic.connector:4,datomic.coordination:1,datomic.db:2,datomic.ddb-values:6,datomic.fulltext:5,datomic.garbage:6,datomic.index:10,datomic.integrity:4,datomic.kv-cluster:9,datomic.log:3,datomic.peer:7,datomic.process-monitor:2,datomic.slf4j:1,datomic.tools:1,datomic.val-cluster:3
:end-ms	1	datomic.core2.retry:1
:endTime	5	datomic.cloudwatch:5
:ensure	22	datomic.kv-cassandra:2,datomic.kv-cassandra2:2,datomic.kv-cassandra3:2,datomic.kv-cluster:2,datomic.kv-dynamo:3,datomic.kv-dynamo-skv:5,datomic.kv-hotrod:2,datomic.kv-mem:2,datomic.kv-sql:2
:entity	18	datomic.db:16,datomic.integrity:2
:enum	2	datomic.datafy:2
:err	1	datomic.cli:1
:error	5	datomic.connector:1,datomic.core2.async:1,datomic.core2.aws.s3.sdkv1:1,datomic.error:1,datomic.transaction:1
:error-data	1	datomic.error:1
:errorCode	1	datomic.ddb:1
:errors	1	datomic.s3:1
:etag	13	datomic.cluster:2,datomic.kv-cluster:4,datomic.log:7
:eval	1	datomic.assert:1
:evaluateLowSampleCountPercentile	1	datomic.cloudwatch:1
:evaluationPeriods	1	datomic.cloudwatch:1
:evaluationState	1	datomic.cloudwatch:1
:event	173	datomic.async:2,datomic.backup:6,datomic.cassandra-values:7,datomic.cassandra-values-v4:7,datomic.cast2slf4j:1,datomic.cluster:4,datomic.clusterfs:4,datomic.common:1,datomic.connector:8,datomic.coordination:1,datomic.db:2,datomic.ddb:1,datomic.ddb-values:6,datomic.domain:2,datomic.fulltext:5,datomic.future:1,datomic.garbage:5,datomic.h2:1,datomic.index:34,datomic.integrity:4,datomic.kv-cluster:14,datomic.kv-sql:1,datomic.kv-sql-ext:2,datomic.log:10,datomic.memcached:3,datomic.peer:16,datomic.process-monitor:3,datomic.slf4j:2,datomic.tools:1,datomic.transaction:3,datomic.val-cluster:3,datomic.valcache:10,datomic.valcache-direct:3
:event/least-pop-slice	1	datomic.index:1
:eviction-file-window	2	datomic.valcache:2
:eviction-interval-secs	3	datomic.config:1,datomic.valcache:2
:eviction-threshold-mb	3	datomic.config:1,datomic.valcache:2
:ex	3	datomic.cast2slf4j:2,datomic.memcached:1
:exception	1	datomic.ddb:1
:excise	4	datomic.db:2,datomic.peer:2
:excise/ents	1	datomic.index:1
:exclude	84	datomic.aggregation:2,datomic.api:2,datomic.assert:2,datomic.btset:2,datomic.cache:2,datomic.cache.impl:2,datomic.common:2,datomic.config:2,datomic.core2.atom:2,datomic.core2.atom.logged:2,datomic.core2.val-store:2,datomic.datalog:2,datomic.db:2,datomic.ddb-values:2,datomic.extension-resolver:2,datomic.extensions:2,datomic.external-sort:2,datomic.fressian:2,datomic.fulltext:2,datomic.function:2,datomic.future:2,datomic.index:2,datomic.integrity:2,datomic.io:2,datomic.iter:2,datomic.kv-cassandra:2,datomic.kv-cassandra2:2,datomic.kv-cassandra3:2,datomic.kv-dynamo:2,datomic.kv-dynamo-skv:2,datomic.kv-hotrod:2,datomic.kv-mem:2,datomic.kv-sql:2,datomic.kv-sql-ext:2,datomic.kv-store:2,datomic.log:2,datomic.query:2,datomic.queue:2,datomic.simple-kv:2,datomic.sql:2,datomic.summary:2,datomic.transaction:2
:exclusiveStartTableName	5	datomic.ddb:5
:exists	13	datomic.backup:1,datomic.catalog:2,datomic.ddb:5,datomic.kv-dynamo:1,datomic.kv-dynamo-skv:1,datomic.peer:1,datomic.s3:2
:exit	1	datomic.cli:1
:expected	16	datomic.ddb:14,datomic.kv-dynamo:1,datomic.kv-dynamo-skv:1
:expectedBucketOwner	6	datomic.s3-api:6
:expiration	1	datomic.s3-api:1
:expirationTime	6	datomic.s3-api:6
:expirationTimeRuleId	6	datomic.s3-api:6
:exponential	8	datomic.kv-cluster:8
:expr	2	datomic.error:1,datomic.pull:1
:expressionAttributeNames	15	datomic.ddb:15
:expressionAttributeValues	10	datomic.ddb:10
:extendedStatistic	1	datomic.cloudwatch:1
:extendedStatistics	5	datomic.cloudwatch:5
:extension-resolver/preload!	1	datomic.domain:1
:extras-length	6	datomic.valcache:6
:extrel	5	datomic.datalog:5
:f	1	datomic.core2.async:1
:factory	4	datomic.coordination-ext:1,datomic.kv-sql-ext:2,datomic.sql:1
:fail	1	datomic.core2.async:1
:fail-fast	1	datomic.index:1
:failed	16	datomic.artemis-client:3,datomic.catalog:4,datomic.cluster:2,datomic.connector:2,datomic.ddb-s3-cluster:3,datomic.kv-cluster:2
:far-store	4	datomic.cluster-stack:2,datomic.core2.val-store.double-store:1,datomic.ddb-s3-cluster:1
:fast-count	2	datomic.cache.caffeine:1,datomic.cache.impl:1
:file	23	datomic.cassandra-values:1,datomic.cassandra-values-v4:1,datomic.cluster-stack:1,datomic.ddb-values:1,datomic.future:4,datomic.kv-cluster:10,datomic.val-cluster:3,datomic.valcache:2
:file-count	1	datomic.clusterfs:1
:file-iter-fn	2	datomic.external-sort:1,datomic.external-sort-datoms:1
:file-window	1	datomic.valcache:1
:fill	3	datomic.backup:1,datomic.fressian:1,datomic.queue:1
:filt	2	datomic.db:2
:find	31	datomic.datalog:2,datomic.db:1,datomic.integrity:2,datomic.qtune:4,datomic.query:18,datomic.query.support:3,datomic.tools:1
:find-bindings	4	datomic.query:4
:find-log	2	datomic.integrity:2
:finish	3	datomic.cluster:2,datomic.log:1
:firstT	1	datomic.log:1
:flags	3	datomic.callback:1,datomic.datafy:2
:float	2	datomic.db:2
:fn	4	datomic.datalog:4
:footer	7	datomic.fressian:3,datomic.garbage:1,datomic.index:1,datomic.log:2
:forbidden	1	datomic.extension-resolver:1
:force	1	datomic.ddb-s3-cluster:1
:forget-garbage	1	datomic.backup:1
:form	9	datomic.assert:1,datomic.integrity:8
:forward	13	datomic.core2.aws.ddb:1,datomic.core2.log.ddb:5,datomic.core2.log.mem:1,datomic.core2.log.spi:1,datomic.pull:5
:fragment	3	datomic.crypto:3
:fressian-tag	3	datomic.db:3
:fressian/decompress	1	datomic.slf4j:1
:fressian/defressian	1	datomic.slf4j:1
:fressian/fressian	1	datomic.slf4j:1
:fressian/tag	23	datomic.db:23
:fressianed-tx	2	datomic.log:2
:from	4	datomic.cluster:2,datomic.db:1,datomic.peer:1
:from-cluster	2	datomic.backup:2
:from-storage	4	datomic.backup:4
:fs	1	datomic.core2.val-store.fs:1
:fs-ns	1	datomic.core2.val-store.fs:1
:fs-vals-path	3	datomic.ddb-s3-cluster:3
:fs.repair	1	datomic.core2.val-store.double-store:1
:ft	1	datomic.index:1
:fulltext	29	datomic.db:10,datomic.fulltext:1,datomic.index:4,datomic.integrity:3,datomic.peer:2,datomic.stats:7,datomic.tools:1,datomic.treewalk:1
:fulltext-hist	6	datomic.index:4,datomic.integrity:1,datomic.treewalk:1
:fulltext/remove-data	2	datomic.fulltext:2
:fut	1	datomic.valcache.puts-pool-impl:1
:garbage	14	datomic.garbage:1,datomic.index:12,datomic.kv-cluster:1
:garbage-count	1	datomic.fulltext:1
:garbage-ids	2	datomic.log:2
:garbage/append-leaf	1	datomic.garbage:1
:garbage/collect	1	datomic.garbage:1
:garbage/collect-dir	1	datomic.garbage:1
:garbage/collected	1	datomic.garbage:1
:garbage/tree	1	datomic.garbage:1
:generalProgressListener	67	datomic.cloudwatch:20,datomic.ddb:40,datomic.s3-api:7
:get	13	datomic.core2.val-store.fs:4,datomic.core2.val-store.s3:6,datomic.core2.val-store.s3.aws-api:1,datomic.core2.val-store.s3.sdkv1:1,datomic.s3:1
:get-fallback-msec	3	datomic.cluster-stack:1,datomic.coordination:1,datomic.core2.val-store.double-store:1
:get-pool	2	datomic.core2.val-store.fs:1,datomic.ddb-s3-cluster:1
:getDeletedObjects	2	datomic.s3-api:2
:getObjectSummaries	2	datomic.s3-api:2
:globalSecondaryIndexUpdates	5	datomic.ddb:5
:globalSecondaryIndexes	6	datomic.ddb:6
:globalTableVersion	1	datomic.ddb:1
:group	4	datomic.query:4
:h2-port	7	datomic.h2:2,datomic.uri:5
:handlers	11	datomic.backup:3,datomic.fressian:3,datomic.garbage:1,datomic.index:1,datomic.integrity:1,datomic.log:2
:has-avet	5	datomic.db:4,datomic.integrity:1
:head	1	datomic.s3:1
:header	19	datomic.core2.atom.logged:8,datomic.core2.log.ddb:4,datomic.core2.log.mem:7
:hi	3	datomic.aws-monitor:1,datomic.monitor:1,datomic.process-monitor:1
:hints	1	datomic.db:1
:history	35	datomic.db:10,datomic.fulltext:1,datomic.index:4,datomic.integrity:17,datomic.stats:3
:history-datoms	4	datomic.integrity:3,datomic.stats:1
:hists	1	datomic.index:1
:hit	5	datomic.cache:3,datomic.domain:2
:host	39	datomic.common:1,datomic.connector:9,datomic.coordination:4,datomic.coordination-ext:6,datomic.h2:2,datomic.kv-cassandra:1,datomic.kv-cassandra2:1,datomic.kv-cassandra3:1,datomic.kv-hotrod:1,datomic.peer:2,datomic.uri:10,datomic.valcache:1
:httpExpiresDate	6	datomic.s3-api:6
:i	5	datomic.core2.retry:3,datomic.core2.val-store.s3:1,datomic.ddb-s3-cluster:1
:id	124	datomic.artemis-client:6,datomic.cassandra:3,datomic.cassandra-v4:3,datomic.cassandra-values:9,datomic.cassandra-values-v4:9,datomic.connector:3,datomic.db:12,datomic.ddb-values:11,datomic.garbage:1,datomic.integrity:7,datomic.kv-cassandra:5,datomic.kv-cassandra2:3,datomic.kv-cassandra3:3,datomic.kv-cluster:8,datomic.kv-dynamo:4,datomic.kv-dynamo-skv:4,datomic.kv-hotrod:2,datomic.kv-mem:1,datomic.kv-sql:5,datomic.log:5,datomic.peer:7,datomic.s3-api:1,datomic.simple-kv:1,datomic.sql:3,datomic.tools:5,datomic.transaction:3
:id-conflict	3	datomic.backup:2,datomic.catalog:1
:id-not-deleted	1	datomic.catalog:1
:id2	12	datomic.cassandra:1,datomic.cassandra-v4:1,datomic.cassandra-values:3,datomic.cassandra-values-v4:3,datomic.kv-cassandra2:2,datomic.kv-cassandra3:2
:ident	5	datomic.db:4,datomic.integrity:1
:ids	1	datomic.db:1
:ids->nodes	4	datomic.backup:4
:idx	17	datomic.db:13,datomic.index:3,datomic.transaction:1
:idxroot	1	datomic.log:1
:immutify	5	datomic.query:5
:imports	5	datomic.fressian:1,datomic.function:4
:in	25	datomic.datalog:2,datomic.db:1,datomic.index:1,datomic.integrity:1,datomic.qtune:6,datomic.query:13,datomic.query.support:1
:in-consts	4	datomic.datalog:1,datomic.query:3
:includeLinkedAccounts	5	datomic.cloudwatch:5
:incremental?	4	datomic.backup:4
:index	73	datomic.cluster:2,datomic.connector:1,datomic.db:18,datomic.fulltext:2,datomic.fulltext-index:1,datomic.index:19,datomic.integrity:19,datomic.lucene:1,datomic.pull:1,datomic.stats:8,datomic.transaction:1
:index+mid-datoms	1	datomic.stats:1
:index-basis-t	2	datomic.integrity:2
:index-datoms	2	datomic.integrity:1,datomic.stats:1
:index-key	1	datomic.index:1
:index-metrics	1	datomic.tools:1
:index-reader	2	datomic.lucene:2
:index-rev	4	datomic.db:2,datomic.peer:2
:index-root	1	datomic.tools:1
:index-root-id	12	datomic.backup:5,datomic.db:3,datomic.index:1,datomic.peer:3
:index-root-key	1	datomic.tools:1
:index-sizes	1	datomic.tools:1
:index-t	1	datomic.log:1
:index-top-node	5	datomic.backup:5
:index/add-avet	2	datomic.index:1,datomic.slf4j:1
:index/build-fulltext	2	datomic.fulltext:1,datomic.slf4j:1
:index/build-fulltext-local	1	datomic.fulltext:1
:index/cleanup-fulltext	1	datomic.fulltext:1
:index/create-index	1	datomic.index:1
:index/drop-avet-segments	1	datomic.index:1
:index/drop-avets	1	datomic.index:1
:index/external-sort	1	datomic.index:1
:index/fulltext-datoms	2	datomic.fulltext:2
:index/fulltext-garbage	1	datomic.fulltext:1
:index/load-index	1	datomic.index:1
:index/mem-index-bytes	1	datomic.index:1
:index/merge-db	1	datomic.index:1
:index/merge-main	1	datomic.index:1
:index/merge-mid	1	datomic.index:1
:index/merge-slice	1	datomic.index:1
:index/merged-index	3	datomic.index:3
:index/repair-disjoined-datoms	1	datomic.index:1
:index/repair-disjoined-db	1	datomic.index:1
:index/repair-disjoined-index	1	datomic.index:1
:index/root-id	1	datomic.backup:1
:index/step-1	1	datomic.index:1
:index/step-2	1	datomic.index:1
:index/version	3	datomic.backup:3
:index/write-val	2	datomic.cluster:1,datomic.slf4j:1
:index/write-vals	1	datomic.index:1
:index/xsegs	1	datomic.index:1
:indexBasisT	17	datomic.adopter:3,datomic.db:5,datomic.db-io:1,datomic.integrity:3,datomic.peer:5
:indexed	4	datomic.db:4
:indexing	19	datomic.db:5,datomic.fulltext:2,datomic.index:3,datomic.integrity:8,datomic.stats:1
:indexingNextT	2	datomic.db:2
:inf	4	datomic.coordination-ext:1,datomic.uri:3
:inflight-lookup-ns	1	datomic.cache:1
:init	1	datomic.assert:1
:initial	2	datomic.peer:2
:input	7	datomic.datalog:4,datomic.db:3
:inst	1	datomic.db:1
:instanceLength	1	datomic.s3-api:1
:insufficientDataActions	1	datomic.cloudwatch:1
:int	1	datomic.db:1
:integrity/crosscheck-dir-segs	1	datomic.integrity:1
:integrity/crosscheck-indexes	1	datomic.integrity:1
:integrity/crosscheck-log	1	datomic.integrity:1
:integrity/validate-t-order	1	datomic.integrity:1
:interval-secs	1	datomic.valcache:1
:invalid-db-name	3	datomic.backup:1,datomic.catalog:2
:io	2	datomic.external-sort:1,datomic.external-sort-datoms:1
:io-context	11	datomic.db:2,datomic.peer:1,datomic.pull:4,datomic.query:4
:io-stats	7	datomic.db:2,datomic.peer:2,datomic.query:2,datomic.transaction:1
:io/gunzip-buffer	1	datomic.slf4j:1
:io/gzip-buffer	1	datomic.slf4j:1
:ip	2	datomic.uri:1,datomic.valcache:1
:ip-validator	1	datomic.valcache:1
:is-component	4	datomic.db:4
:isComponent	6	datomic.db:6
:item	34	datomic.core2.aws.ddb:1,datomic.core2.log.ddb:1,datomic.ddb:10,datomic.ddb-values:5,datomic.index:11,datomic.kv-dynamo:2,datomic.kv-dynamo-skv:2,datomic.queue:2
:item-sizer	2	datomic.external-sort:1,datomic.external-sort-datoms:1
:itemCollectionMetrics	2	datomic.ddb:2
:itemCount	1	datomic.ddb:1
:iter	2	datomic.valcache:2
:iterations	3	datomic.adopter:1,datomic.peer:2
:java	1	datomic.function:1
:join-project	3	datomic.datalog:3
:join-project-with	3	datomic.datalog:3
:k	7	datomic.backup:6,datomic.coordination:1
:key	105	datomic.backup:3,datomic.cache:1,datomic.cluster:5,datomic.coordination:1,datomic.core2.aws.s3.aws-api:5,datomic.core2.val-store.s3.aws-api:3,datomic.crypto:2,datomic.db:1,datomic.db-io:1,datomic.ddb:14,datomic.ddb-cluster:1,datomic.ddb-s3-cluster:1,datomic.ddb-values:4,datomic.garbage:4,datomic.index:23,datomic.integrity:5,datomic.kv-cluster:6,datomic.kv-dynamo:2,datomic.kv-dynamo-skv:1,datomic.log:1,datomic.memcached:1,datomic.process.events:1,datomic.s3:1,datomic.s3-api:4,datomic.stats:9,datomic.tools:3,datomic.val-cluster:1,datomic.valcache-direct:1
:key-fn	5	datomic.backup:1,datomic.cache:2,datomic.domain:2
:key-length	6	datomic.valcache:6
:key-size-max	1	datomic.stats:1
:key-size-mean	1	datomic.stats:1
:key-size-min	1	datomic.stats:1
:key-size-stddev	1	datomic.stats:1
:keySchema	8	datomic.ddb:8
:keyStorePassword	1	datomic.connector:1
:keyStorePath	1	datomic.connector:1
:keyType	6	datomic.ddb:6
:keydata	8	datomic.index:8
:keyfn	5	datomic.pull:5
:keys	51	datomic.artemis-client:2,datomic.aws:1,datomic.cloudwatch:8,datomic.connector:1,datomic.core2.atom.logged:2,datomic.datafy:1,datomic.db:1,datomic.ddb:13,datomic.ddb-s3-cluster:5,datomic.extension-resolver:1,datomic.log:1,datomic.lucene:4,datomic.memcached:1,datomic.pull:1,datomic.query:1,datomic.query.support:3,datomic.s3-api:3,datomic.valcache:2
:kmsCmkId	1	datomic.s3-api:1
:ks	4	datomic.backup:4
:kv-cluster/create-val	3	datomic.kv-cluster:1,datomic.slf4j:2
:kv-cluster/delete	1	datomic.kv-cluster:1
:kv-cluster/delete-reference	1	datomic.kv-cluster:1
:kv-cluster/get-pod	2	datomic.kv-cluster:1,datomic.slf4j:1
:kv-cluster/get-pod-meta	1	datomic.kv-cluster:1
:kv-cluster/get-ref	1	datomic.kv-cluster:1
:kv-cluster/get-val	2	datomic.kv-cluster:1,datomic.slf4j:1
:kv-cluster/pod-size	1	datomic.kv-cluster:1
:kv-cluster/reset-ref	1	datomic.cluster:1
:kv-cluster/retry	1	datomic.kv-cluster:1
:kv-cluster/semaphore-timeout	1	datomic.kv-cluster:1
:kv-cluster/set-ref	1	datomic.kv-cluster:1
:kv-cluster/set-ref-resume	1	datomic.kv-cluster:1
:kv-cluster/touch-ref	1	datomic.cluster:1
:kv-cluster/update-pod	3	datomic.kv-cluster:2,datomic.slf4j:1
:kv-sql/put-failed	1	datomic.kv-sql:1
:kvc	1	datomic.kv-cluster:1
:kvc.repair	1	datomic.cluster-stack:1
:kw	8	datomic.db:7,datomic.integrity:1
:l	6	datomic.ddb:6
:lang	6	datomic.fressian:1,datomic.function:5
:last-d	7	datomic.index:7
:lastDecreaseDateTime	1	datomic.ddb:1
:lastEvaluatedTableName	1	datomic.ddb:1
:lastIncreaseDateTime	1	datomic.ddb:1
:lastModified	7	datomic.s3-api:7
:latestStreamArn	1	datomic.ddb:1
:latestStreamLabel	1	datomic.ddb:1
:leaf	2	datomic.integrity:2
:leaf-ts	1	datomic.log:1
:leaves	2	datomic.integrity:2
:legal-keys	26	datomic.aws:1,datomic.cloudwatch:8,datomic.datafy:1,datomic.ddb:13,datomic.s3-api:3
:length	8	datomic.clusterfs:4,datomic.index:1,datomic.integrity:1,datomic.valcache:2
:level	2	datomic.slf4j:2
:lifecycle/ha	1	datomic.config:1
:limit	23	datomic.core2.atom.logged:1,datomic.core2.aws.ddb:1,datomic.core2.log:1,datomic.core2.log.ddb:2,datomic.core2.log.mem:1,datomic.core2.log.spi:1,datomic.ddb:5,datomic.fulltext:1,datomic.pull:7,datomic.query:1,datomic.valcache.puts-pool-impl:2
:limited-edition	7	datomic.config:3,datomic.coordination:2,datomic.uri:2
:line	18	datomic.cassandra-values:1,datomic.cassandra-values-v4:1,datomic.cluster-stack:1,datomic.ddb-values:1,datomic.integrity:1,datomic.kv-cluster:10,datomic.val-cluster:3
:linear	15	datomic.ddb-s3-cluster:2,datomic.kv-cluster:13
:list	8	datomic.datafy:2,datomic.datalog:5,datomic.db:1
:listBuckets	2	datomic.s3-api:2
:lmc.repair	1	datomic.cluster-stack:1
:lo	3	datomic.aws-monitor:1,datomic.monitor:1,datomic.process-monitor:1
:local-datacenter	3	datomic.coordination-ext:1,datomic.kv-cassandra3:1,datomic.uri:1
:local-file	1	datomic.clusterfs:1
:local-id	2	datomic.db:2
:local-index-basis	1	datomic.db:1
:local-memcached	1	datomic.memcached:1
:local-memcached-ns	1	datomic.memcached:1
:localAddress	5	datomic.aws:5
:localSecondaryIndexes	6	datomic.ddb:6
:log	7	datomic.core2.atom.logged:2,datomic.db-io:2,datomic.log:1,datomic.tools:1,datomic.tools.index-checks:1
:log-fn	1	datomic.integrity:1
:log-key	2	datomic.log:2
:log-only	2	datomic.tools.index-checks:2
:log-retry	5	datomic.backup:1,datomic.catalog:2,datomic.common:1,datomic.peer:1
:log-root-disk-bytes	1	datomic.tools:1
:log-root-id	5	datomic.backup:5
:log-root-key	1	datomic.tools:1
:log-root-mem-bytes	1	datomic.tools:1
:log-root-node	5	datomic.backup:5
:log-segments	1	datomic.tools:1
:log-tail	5	datomic.backup:4,datomic.tools:1
:log-tail-size	1	datomic.tools:1
:log/add-next	2	datomic.log:1,datomic.slf4j:1
:log/catchup	1	datomic.log:1
:log/catchup-fulltext	1	datomic.log:1
:log/excise-replace-rightmost	1	datomic.log:1
:log/load-segments	1	datomic.log:1
:log/overlap	1	datomic.log:1
:log/read-tail	1	datomic.log:1
:log/root-id	1	datomic.backup:1
:log/tail	1	datomic.backup:1
:log/version	3	datomic.backup:3
:log/write-excise-val	1	datomic.log:1
:log/write-tail	1	datomic.log:1
:long-name	12	datomic.cli:10,datomic.integrity:2
:lookup	4	datomic.backup:4
:m	6	datomic.ddb:6
:main	1	datomic.integrity:1
:main-offset	1	datomic.index:1
:main-pop	1	datomic.index:1
:main-ratio	1	datomic.index:1
:main-segs	2	datomic.index:2
:make-input-stream	1	datomic.io:1
:map	72	datomic.aws:1,datomic.cassandra:4,datomic.cassandra-v4:4,datomic.cassandra-values:5,datomic.cassandra-values-v4:5,datomic.cloudwatch:8,datomic.datafy:4,datomic.datalog:1,datomic.ddb:13,datomic.kv-cassandra:5,datomic.kv-cassandra2:5,datomic.kv-cassandra3:5,datomic.kv-sql:4,datomic.s3-api:3,datomic.sql:5
:marker	12	datomic.s3-api:12
:max	1	datomic.lucene:1
:max-bytes	1	datomic.valcache-direct:1
:max-chunk-size	4	datomic.external-sort:1,datomic.external-sort-datoms:2,datomic.index:1
:max-gb	2	datomic.config:2
:max-rate	1	datomic.artemis-client:1
:max-retries	7	datomic.backup:1,datomic.catalog:2,datomic.common:2,datomic.kv-cluster:1,datomic.peer:1
:max-threads	2	datomic.core2.thread:1,datomic.ddb-s3-cluster:1
:max-value-bytes	1	datomic.coordination:1
:maxConnections	7	datomic.aws:5,datomic.config:2
:maxConsecutiveRetriesBeforeThrottling	5	datomic.aws:5
:maxErrorRetry	7	datomic.aws:5,datomic.config:1,datomic.kv-dynamo-skv:1
:maxKeys	12	datomic.s3-api:12
:maxRecords	5	datomic.cloudwatch:5
:maximum	6	datomic.aws-monitor:1,datomic.cloudwatch:5
:mc.repair	1	datomic.cluster-stack:1
:mdev	3	datomic.uri:3
:mean	2	datomic.math:1,datomic.stats:1
:mem	10	datomic.garbage:1,datomic.peer:5,datomic.tools:1,datomic.uri:3
:members	3	datomic.callback:1,datomic.datafy:1,datomic.error:1
:memcached	1	datomic.memcached:1
:memcached-ns	1	datomic.memcached:1
:memcached/connect	1	datomic.memcached:1
:memcached/item-too-large	1	datomic.memcached:1
:memidx	33	datomic.db:19,datomic.fulltext:2,datomic.integrity:8,datomic.peer:2,datomic.stats:1,datomic.tools:1
:memidx-max	1	datomic.memory:1
:memlog	7	datomic.db:5,datomic.log:1,datomic.peer:1
:memory-mb	1	datomic.tools:1
:memory-size	34	datomic.domain:5,datomic.memory-size:29
:merge	1	datomic.index:1
:merge-main	1	datomic.index:1
:merge-mid	1	datomic.index:1
:merge-slice	1	datomic.index:1
:message	9	datomic.connector:4,datomic.peer:3,datomic.s3-api:1,datomic.slf4j:1
:method	1	datomic.s3-api:1
:metric	1	datomic.cast2slf4j:1
:metric-names	3	datomic.memcached:3
:metric-prefix	1	datomic.coordination:1
:metricAlarms	1	datomic.cloudwatch:1
:metricData	8	datomic.aws-monitor:1,datomic.cloudwatch:7
:metricName	18	datomic.aws-monitor:2,datomic.cloudwatch:16
:metrics	3	datomic.cloudwatch:1,datomic.monitor:1,datomic.process-monitor:1
:metrics/initializing	1	datomic.process-monitor:1
:metrics/report	1	datomic.process-monitor:1
:metrics/started	1	datomic.process-monitor:1
:metrics?	4	datomic.core2.thread:3,datomic.datalog:1
:metricsCallback	1	datomic.process-monitor:1
:mid-index	30	datomic.db:13,datomic.index:3,datomic.integrity:11,datomic.stats:3
:mid-index-datoms	2	datomic.integrity:1,datomic.stats:1
:mid-ratio	1	datomic.index:1
:mid-segs	2	datomic.index:2
:mids	1	datomic.index:1
:minimum	6	datomic.aws-monitor:1,datomic.cloudwatch:5
:miss	7	datomic.cache:3,datomic.domain:4
:missing	1	datomic.common:1
:missing-segments	1	datomic.backup:1
:mode	3	datomic.index:3
:monitor/logrotate	1	datomic.config:1
:monitor/metrics	2	datomic.config:1,datomic.peer:1
:monitoring	1	datomic.cloudwatch:1
:msec	115	datomic.adopter:1,datomic.backup:5,datomic.cassandra-values:7,datomic.cassandra-values-v4:7,datomic.cluster:4,datomic.clusterfs:3,datomic.connector:4,datomic.coordination:1,datomic.core2.val-store.fs:1,datomic.core2.val-store.s3:2,datomic.db:2,datomic.ddb-values:6,datomic.fulltext:5,datomic.garbage:2,datomic.index:14,datomic.integrity:19,datomic.kv-cluster:9,datomic.log:4,datomic.peer:7,datomic.process-monitor:2,datomic.slf4j:1,datomic.tools:1,datomic.transaction:3,datomic.val-cluster:3,datomic.valcache:2
:msg	6	datomic.core2.val-store.fs:1,datomic.core2.val-store.s3:3,datomic.memcached:1,datomic.valcache:1
:must	4	datomic.fulltext:2,datomic.lucene:2
:must_not	2	datomic.lucene:2
:n	26	datomic.cassandra-values:3,datomic.cassandra-values-v4:3,datomic.ddb:10,datomic.ddb-values:4,datomic.integrity:4,datomic.kv-dynamo:1,datomic.kv-dynamo-skv:1
:n-segs	2	datomic.index:2
:nS	6	datomic.ddb:6
:nULL	7	datomic.ddb:7
:name	563	datomic.api:10,datomic.artemis-client:8,datomic.assert:4,datomic.async:2,datomic.aws-monitor:6,datomic.backup:10,datomic.btset:8,datomic.cache:2,datomic.cache.caffeine:2,datomic.callback:1,datomic.cassandra-values:3,datomic.cassandra-values-v4:3,datomic.cast2slf4j:2,datomic.catalog:2,datomic.cli:2,datomic.cloudwatch:15,datomic.cluster:4,datomic.cluster-stack:1,datomic.common:4,datomic.config:9,datomic.connector:3,datomic.coordination:2,datomic.core2.atom.logged:3,datomic.core2.log.ddb:2,datomic.core2.thread:6,datomic.core2.val-store.double-store:3,datomic.core2.val-store.fs:2,datomic.core2.val-store.s3:5,datomic.core2.val-store.s3.aws-api:2,datomic.core2.val-store.s3.sdkv1:2,datomic.crypto:2,datomic.datafy:1,datomic.datalog:13,datomic.db:148,datomic.db-io:1,datomic.ddb:8,datomic.ddb-cluster:1,datomic.ddb-s3-cluster:18,datomic.ddb-values:2,datomic.domain:1,datomic.error:1,datomic.excise:10,datomic.extension-resolver:10,datomic.extensions:3,datomic.external-sort:3,datomic.fressian:4,datomic.fulltext:1,datomic.function:2,datomic.future:1,datomic.garbage:1,datomic.garbage.fressian:2,datomic.garbage.pod:2,datomic.h2:1,datomic.index:27,datomic.integrity:1,datomic.io:12,datomic.iter:6,datomic.kv-cache:1,datomic.kv-cluster:9,datomic.kv-dynamo:2,datomic.kv-sql:1,datomic.kv-sql-ext:1,datomic.kv-store:1,datomic.log:4,datomic.lucene:15,datomic.math:8,datomic.memcached:9,datomic.memory:6,datomic.memory-size:6,datomic.monitor:1,datomic.peer:5,datomic.process-monitor:1,datomic.pull:5,datomic.query:10,datomic.query.support:1,datomic.s3:2,datomic.s3-api:18,datomic.simple-kv:1,datomic.slf4j:2,datomic.stats:2,datomic.tools:3,datomic.transaction:2,datomic.uri:2,datomic.valcache:33,datomic.valcache-direct:2
:name-already-taken	1	datomic.catalog:1
:name-conflict	2	datomic.backup:1,datomic.catalog:1
:namespace	17	datomic.aws-monitor:1,datomic.cloudwatch:16
:near-store	4	datomic.cluster-stack:2,datomic.core2.val-store.double-store:1,datomic.ddb-s3-cluster:1
:near-store-get-timeout-msec	2	datomic.ddb-s3-cluster:2
:needs-source	4	datomic.datalog:4
:needsAVET	7	datomic.db:7
:new	3	datomic.catalog:3
:new-index	2	datomic.index:2
:new-name	1	datomic.peer:1
:newid	1	datomic.log:1
:next-t	25	datomic.core2.atom.logged:1,datomic.core2.log:2,datomic.core2.log.mem:3,datomic.index:3,datomic.integrity:15,datomic.peer:1
:nextMarker	6	datomic.s3-api:6
:nextT	23	datomic.db:17,datomic.index:4,datomic.log:1,datomic.tools:1
:nextToken	11	datomic.cloudwatch:11
:nil-data	1	datomic.index:1
:nil-des	1	datomic.index:1
:no-db-name	1	datomic.peer:1
:no-history	4	datomic.db:4
:no-op	1	datomic.cluster-stack:1
:noHistory	6	datomic.db:6
:nohistory	4	datomic.integrity:4
:nohistory-dropped	2	datomic.integrity:2
:nonProxyHosts	5	datomic.aws:5
:not-found	2	datomic.extension-resolver:2
:ns	505	datomic.api:10,datomic.artemis-client:8,datomic.assert:4,datomic.aws-monitor:3,datomic.backup:8,datomic.btset:8,datomic.cache:1,datomic.cache.caffeine:2,datomic.cassandra-values:2,datomic.cassandra-values-v4:2,datomic.cast2slf4j:1,datomic.catalog:2,datomic.cli:2,datomic.cloudwatch:3,datomic.cluster:4,datomic.common:4,datomic.config:9,datomic.connector:3,datomic.coordination:2,datomic.core2.atom.logged:3,datomic.core2.log.ddb:2,datomic.core2.val-store.double-store:2,datomic.crypto:2,datomic.datalog:12,datomic.db:148,datomic.db-io:1,datomic.ddb:8,datomic.ddb-cluster:1,datomic.ddb-s3-cluster:13,datomic.ddb-values:1,datomic.domain:1,datomic.error:1,datomic.excise:10,datomic.extension-resolver:10,datomic.extensions:3,datomic.external-sort:2,datomic.fressian:4,datomic.fulltext:1,datomic.function:2,datomic.future:1,datomic.garbage:1,datomic.garbage.fressian:2,datomic.garbage.pod:2,datomic.h2:1,datomic.index:27,datomic.integrity:1,datomic.io:12,datomic.iter:6,datomic.kv-cache:1,datomic.kv-cluster:6,datomic.kv-dynamo:2,datomic.kv-sql:1,datomic.kv-sql-ext:1,datomic.kv-store:1,datomic.log:4,datomic.lucene:15,datomic.math:8,datomic.memcached:9,datomic.memory:6,datomic.memory-size:6,datomic.monitor:1,datomic.peer:5,datomic.process-monitor:1,datomic.pull:5,datomic.query:10,datomic.query.support:1,datomic.s3-api:17,datomic.simple-kv:1,datomic.slf4j:2,datomic.stats:2,datomic.tools:3,datomic.transaction:2,datomic.uri:2,datomic.valcache:33,datomic.valcache-direct:2
:nthreads	13	datomic.backup:2,datomic.cache:1,datomic.cassandra-values:1,datomic.cassandra-values-v4:1,datomic.core2.thread:1,datomic.datalog:1,datomic.ddb-s3-cluster:1,datomic.ddb-values:1,datomic.external-sort:1,datomic.kv-cluster:3
:numberOfDecreasesToday	1	datomic.ddb:1
:oKActions	1	datomic.cloudwatch:1
:obj	3	datomic.cluster:3
:object-cache-count	1	datomic.tools:1
:object-to-data	32	datomic.cloudwatch:4,datomic.datafy:3,datomic.ddb:14,datomic.s3-api:11
:objectLockLegalHoldStatus	1	datomic.s3-api:1
:objectLockMode	1	datomic.s3-api:1
:objectLockRetainUntilDate	1	datomic.s3-api:1
:objectSummaries	4	datomic.s3:3,datomic.s3-api:1
:ocache	2	datomic.domain:2
:offer-b	1	datomic.queue:1
:offer-nb	1	datomic.queue:1
:offset	8	datomic.index:7,datomic.query:1
:offsets	3	datomic.index:3
:ok	44	datomic.backup:2,datomic.cluster:2,datomic.cluster-stack:1,datomic.datafy:1,datomic.ddb-s3-cluster:1,datomic.garbage:5,datomic.garbage.pod:1,datomic.index:2,datomic.kv-cassandra:2,datomic.kv-cassandra2:2,datomic.kv-cassandra3:2,datomic.kv-cluster:3,datomic.kv-dynamo:2,datomic.kv-dynamo-skv:1,datomic.kv-hotrod:2,datomic.kv-mem:2,datomic.kv-sql:2,datomic.peer:1,datomic.reconnector2:2,datomic.s3-api:3,datomic.s3-kv:2,datomic.tools:2,datomic.val-cluster:1
:ok?	3	datomic.core2.retry:2,datomic.core2.val-store.s3:1
:old	2	datomic.catalog:2
:old-endpoint	1	datomic.peer:1
:old-password	5	datomic.h2:5
:old-storage-admin-password	1	datomic.h2:1
:old-storage-datomic-password	1	datomic.h2:1
:old-user	6	datomic.h2:6
:olddev	3	datomic.uri:3
:older-than	2	datomic.garbage:1,datomic.peer:1
:oldid	1	datomic.log:1
:olookup	29	datomic.db-io:3,datomic.index:3,datomic.integrity:13,datomic.log:2,datomic.stats:1,datomic.tools:7
:omit-norms	1	datomic.lucene:1
:on-failure	5	datomic.artemis-client:1,datomic.connector:2,datomic.core2.retry:1,datomic.core2.val-store.s3:1
:on-repair	2	datomic.cache:1,datomic.kv-cache:1
:on-success	2	datomic.core2.retry:1,datomic.core2.val-store.s3:1
:once	5	datomic.common:1,datomic.future:4
:ongoingRestore	6	datomic.s3-api:6
:only	15	datomic.aws:2,datomic.btset:2,datomic.datafy:2,datomic.db:2,datomic.fulltext:2,datomic.function:1,datomic.index:2,datomic.monitor:2
:op	6	datomic.core2.aws.ddb:2,datomic.core2.aws.s3.aws-api:3,datomic.db:1
:opcode	11	datomic.valcache:11
:optionalObjectAttributes	6	datomic.s3-api:6
:options	1	datomic.transaction:1
:opts	1	datomic.val-cluster:1
:or	4	datomic.artemis-client:1,datomic.ddb-s3-cluster:2,datomic.memcached:1
:out	2	datomic.cli:1,datomic.index:1
:override-endpoint	13	datomic.aws:2,datomic.cloudwatch:2,datomic.ddb:2,datomic.ddb-cluster:2,datomic.kv-dynamo-skv:1,datomic.s3-api:2,datomic.uri:2
:owner	2	datomic.s3-api:2
:owningAccount	5	datomic.cloudwatch:5
:p	10	datomic.core2.aws.ddb:2,datomic.core2.log.ddb:7,datomic.db:1
:pairs	4	datomic.integrity:4
:parameter-types	2	datomic.callback:1,datomic.error:1
:params	13	datomic.ddb-cluster:1,datomic.fressian:1,datomic.function:5,datomic.uri:6
:parentsOfAlarmName	5	datomic.cloudwatch:5
:part	17	datomic.db:13,datomic.integrity:3,datomic.transaction:1
:partCount	1	datomic.s3-api:1
:partition	1	datomic.cluster:1
:password	40	datomic.artemis-client:2,datomic.config:2,datomic.connector:1,datomic.coordination:2,datomic.coordination-ext:4,datomic.domain:1,datomic.h2:17,datomic.kv-cassandra:1,datomic.kv-cassandra2:1,datomic.kv-cassandra3:1,datomic.memcached:1,datomic.uri:6,datomic.valcache:1
:path	13	datomic.config:1,datomic.core2.val-store.fs:1,datomic.ddb-s3-cluster:1,datomic.fulltext:4,datomic.integrity:1,datomic.valcache:4,datomic.valcache-direct:1
:paths	1	datomic.integrity:1
:pattern	2	datomic.query:2
:peer	1	datomic.tools:1
:peer-config	1	datomic.tools:1
:peer-version	3	datomic.coordination:3
:peer/accept-new	2	datomic.peer:1,datomic.slf4j:1
:peer/admin-request	1	datomic.connector:1
:peer/adopt-completed	1	datomic.peer:1
:peer/adopt-failed	1	datomic.peer:1
:peer/cache-connection	1	datomic.peer:1
:peer/connect-transactor	1	datomic.peer:1
:peer/create-connection-impl	1	datomic.peer:1
:peer/ensure-schema-level	1	datomic.peer:1
:peer/get-connection	1	datomic.peer:1
:peer/hornet-connect	1	datomic.connector:1
:peer/hornet-connect-failed	1	datomic.connector:1
:peer/hornet-reuse-factory	1	datomic.connector:1
:peer/integrate-lucene	1	datomic.slf4j:1
:peer/notify-data	1	datomic.peer:1
:peer/request-failed	1	datomic.connector:1
:peer/request-timed-out	1	datomic.connector:1
:peer/sync	2	datomic.peer:2
:peer/transact	3	datomic.peer:3
:peer/transactor-admin-request	1	datomic.peer:1
:peer/transactor-connection-failed	1	datomic.peer:1
:pending	1	datomic.promise:1
:pending-txes	1	datomic.peer:1
:period	6	datomic.cloudwatch:6
:pf-stats	1	datomic.transaction:1
:phase	168	datomic.backup:10,datomic.cassandra-values:14,datomic.cassandra-values-v4:14,datomic.cluster:6,datomic.clusterfs:6,datomic.connector:8,datomic.coordination:2,datomic.db:4,datomic.ddb-values:12,datomic.fulltext:10,datomic.garbage:4,datomic.index:20,datomic.integrity:8,datomic.kv-cluster:17,datomic.log:6,datomic.peer:13,datomic.process-monitor:4,datomic.slf4j:2,datomic.tools:2,datomic.val-cluster:6
:pid	1	datomic.slf4j:1
:pod-garbage-handler	3	datomic.ddb-s3-cluster:2,datomic.kv-cluster:1
:pod-key	5	datomic.integrity:1,datomic.kv-cluster:4
:pod-update-resume	1	datomic.kv-cluster:1
:policyText	1	datomic.s3-api:1
:poll-b	2	datomic.queue:2
:poll-nb	2	datomic.queue:2
:port	26	datomic.common:1,datomic.connector:3,datomic.coordination:2,datomic.coordination-ext:5,datomic.kv-cassandra:1,datomic.kv-cassandra2:1,datomic.kv-cassandra3:1,datomic.kv-hotrod:1,datomic.peer:2,datomic.uri:8,datomic.valcache:1
:pre-acknowledge	4	datomic.artemis-client:1,datomic.connector:3
:pred	6	datomic.backup:1,datomic.catalog:2,datomic.common:1,datomic.core2.async:1,datomic.peer:1
:preds	1	datomic.datalog:1
:preemptiveBasicProxyAuth	5	datomic.aws:5
:prefix	18	datomic.backup:1,datomic.clusterfs:1,datomic.core2.val-store.s3.aws-api:1,datomic.core2.val-store.s3.sdkv1:1,datomic.ddb-s3-cluster:1,datomic.s3:1,datomic.s3-api:12
:present	1	datomic.index:1
:prev	5	datomic.integrity:1,datomic.kv-cluster:4
:previous-root-id	1	datomic.peer:1
:previous-t	1	datomic.peer:1
:private	273	datomic.artemis-client:2,datomic.assert:1,datomic.aws-monitor:1,datomic.backup:7,datomic.btset:2,datomic.cache:1,datomic.cache.caffeine:2,datomic.cast2slf4j:1,datomic.catalog:1,datomic.cli:2,datomic.common:3,datomic.config:8,datomic.connector:3,datomic.core2.atom.logged:3,datomic.core2.log.ddb:2,datomic.core2.val-store.double-store:2,datomic.datalog:1,datomic.db:89,datomic.db-io:1,datomic.ddb-cluster:1,datomic.ddb-s3-cluster:12,datomic.domain:1,datomic.error:1,datomic.excise:10,datomic.extension-resolver:10,datomic.extensions:3,datomic.external-sort:1,datomic.fressian:1,datomic.function:2,datomic.future:1,datomic.garbage:1,datomic.garbage.fressian:2,datomic.garbage.pod:2,datomic.h2:1,datomic.index:23,datomic.integrity:1,datomic.iter:1,datomic.kv-cache:1,datomic.kv-cluster:5,datomic.kv-dynamo:2,datomic.kv-sql-ext:1,datomic.log:3,datomic.lucene:1,datomic.memcached:9,datomic.monitor:1,datomic.peer:3,datomic.process-monitor:1,datomic.pull:5,datomic.query:10,datomic.query.support:1,datomic.slf4j:2,datomic.stats:2,datomic.tools:2,datomic.uri:2,datomic.valcache:14,datomic.valcache-direct:2
:pro	2	datomic.config:2
:problems	1	datomic.tools.index-checks:1
:prog-fn	4	datomic.external-sort:1,datomic.external-sort-datoms:2,datomic.index:1
:progress	6	datomic.backup:4,datomic.integrity:2
:projectionExpression	5	datomic.ddb:5
:prom	3	datomic.peer:3
:prompt	1	datomic.assert:1
:property	2	datomic.config:2
:protocol	39	datomic.aws:5,datomic.coordination:3,datomic.ddb-s3-cluster:1,datomic.garbage:1,datomic.integrity:1,datomic.kv-cluster:1,datomic.peer:5,datomic.tools:2,datomic.uri:20
:protocol/dev	1	datomic.config:1
:provisionedThroughput	13	datomic.ddb:11,datomic.tools:2
:proxyAuthenticationMethods	5	datomic.aws:5
:proxyDomain	5	datomic.aws:5
:proxyHost	5	datomic.aws:5
:proxyPassword	5	datomic.aws:5
:proxyPort	5	datomic.aws:5
:proxyProtocol	5	datomic.aws:5
:proxyUsername	5	datomic.aws:5
:proxyWorkstation	5	datomic.aws:5
:public	3	datomic.callback:2,datomic.datafy:1
:pull	5	datomic.pull:1,datomic.query:4
:pull-many	1	datomic.pull:1
:pull/duplicate-attribute	2	datomic.pull:2
:put	7	datomic.cache.caffeine:1,datomic.cache.impl:1,datomic.core2.val-store.fs:3,datomic.queue:1,datomic.s3:1
:put-pool	2	datomic.core2.val-store.fs:1,datomic.ddb-s3-cluster:1
:puts-pool	1	datomic.valcache-direct:1
:qseq	1	datomic.query:1
:qualified-name	1	datomic.aws-monitor:1
:query	7	datomic.kv-sql-ext:2,datomic.query:5
:query-stats	1	datomic.query:1
:query-stats/clause	1	datomic.datalog:1
:r	10	datomic.core2.aws.ddb:2,datomic.core2.log.ddb:8
:raet	21	datomic.db:3,datomic.index:10,datomic.integrity:5,datomic.stats:2,datomic.treewalk:1
:raet-hist	7	datomic.index:5,datomic.integrity:1,datomic.treewalk:1
:raet-main	9	datomic.index:7,datomic.integrity:1,datomic.treewalk:1
:raet-mid	7	datomic.index:5,datomic.integrity:1,datomic.treewalk:1
:range-starts	2	datomic.datalog:1,datomic.query:1
:range-whiles	2	datomic.datalog:1,datomic.query:1
:raw	11	datomic.db:11
:rawMetadata	1	datomic.s3-api:1
:read-all	1	datomic.backup:1
:read-at	3	datomic.transaction:3
:read-concurrency	2	datomic.backup:1,datomic.kv-cluster:1
:read-handlers	2	datomic.artemis-client:2
:read-pool	2	datomic.core2.val-store.s3.sdkv1:1,datomic.ddb-s3-cluster:1
:readCapacityUnits	8	datomic.ddb:6,datomic.tools:2
:readLimit	2	datomic.s3-api:2
:recentlyActive	5	datomic.cloudwatch:5
:reconnect	3	datomic.peer:2,datomic.reconnector2:1
:reconnecting	1	datomic.reconnector2:1
:record-kv	1	datomic.memcached:1
:recur	192	datomic.cluster-stack:9,datomic.core2.async:22,datomic.core2.atom.logged:65,datomic.core2.aws.s3.aws-api:3,datomic.core2.log:9,datomic.core2.log.ddb:29,datomic.core2.val-store.double-store:12,datomic.core2.val-store.s3:3,datomic.core2.val-store.s3.aws-api:12,datomic.future:11,datomic.garbage.pod:17
:ref	1	datomic.db:1
:ref-key	3	datomic.kv-cluster:3
:refer	88	datomic.aggregation:2,datomic.btset:2,datomic.cluster:2,datomic.cluster-stack:2,datomic.core2.async:2,datomic.core2.atom:2,datomic.core2.atom.logged:4,datomic.core2.aws.s3.aws-api:4,datomic.core2.log:4,datomic.core2.log.ddb:4,datomic.core2.log.mem:2,datomic.core2.thread:2,datomic.core2.val-store.double-store:4,datomic.core2.val-store.fs:4,datomic.core2.val-store.s3:4,datomic.core2.val-store.s3.aws-api:4,datomic.core2.val-store.s3.sdkv1:2,datomic.datalog:2,datomic.db:4,datomic.extension-resolver:2,datomic.extensions:2,datomic.external-sort:2,datomic.function:2,datomic.future:2,datomic.garbage.pod:2,datomic.index:2,datomic.integrity:2,datomic.log:6,datomic.memcached:2,datomic.query:2,datomic.val-cluster:2,datomic.valcache:2,datomic.valcache-direct:2
:refresh-msec	1	datomic.core2.atom.logged:1
:region	25	datomic.aws:2,datomic.aws-monitor:1,datomic.cloudwatch:2,datomic.core2.aws.s3.sdkv1:1,datomic.ddb:2,datomic.ddb-cluster:2,datomic.ddb-s3-cluster:7,datomic.kv-dynamo-skv:1,datomic.s3-api:2,datomic.tools:3,datomic.uri:2
:rel	5	datomic.datalog:5
:related-class	29	datomic.cloudwatch:3,datomic.datafy:1,datomic.ddb:8,datomic.s3-api:17
:release-object-cache	1	datomic.peer:1
:remove	2	datomic.cache.caffeine:1,datomic.cache.impl:1
:removed	1	datomic.catalog:1
:rename-database	1	datomic.peer:1
:renamed-to	2	datomic.catalog:1,datomic.peer:1
:repair-metric	3	datomic.cluster-stack:2,datomic.core2.val-store.double-store:1
:repair?	1	datomic.coordination:1
:replacements	2	datomic.log:2
:replicaUpdates	5	datomic.ddb:5
:replicas	1	datomic.ddb:1
:replicationStatus	1	datomic.s3-api:1
:reqcnt	2	datomic.datalog:2
:request	9	datomic.connector:3,datomic.core2.aws.ddb:2,datomic.core2.aws.s3.aws-api:3,datomic.peer:1
:request-gc	1	datomic.peer:1
:request-index	1	datomic.peer:1
:requestClientOptions	2	datomic.s3-api:2
:requestCredentials	67	datomic.cloudwatch:20,datomic.ddb:40,datomic.s3-api:7
:requestCredentialsProvider	67	datomic.cloudwatch:20,datomic.ddb:40,datomic.s3-api:7
:requestId	1	datomic.ddb:1
:requestMetricCollector	67	datomic.cloudwatch:20,datomic.ddb:40,datomic.s3-api:7
:requestParameters	1	datomic.s3-api:1
:requestTimeout	8	datomic.aws:5,datomic.config:2,datomic.ddb-s3-cluster:1
:requested	1	datomic.db:1
:requesterCharged	13	datomic.s3-api:13
:requesterPays	6	datomic.s3-api:6
:required	2	datomic.cli:1,datomic.integrity:1
:requires	5	datomic.fressian:1,datomic.function:4
:res-ct	2	datomic.db:2
:res-pf-ms	3	datomic.db:3
:res-tx-ms	3	datomic.db:3
:resolved-conf	2	datomic.db-io:2
:responseHeaders	1	datomic.s3-api:1
:responseMetadataCacheSize	5	datomic.aws:5
:restore/collision	2	datomic.backup:2
:restore/create-db-failed	1	datomic.backup:1
:restore/db	1	datomic.backup:1
:restore/invalid-db-name	1	datomic.backup:1
:restore/no-roots	1	datomic.backup:1
:restore/read-failed	1	datomic.backup:1
:restore/roots-missing	1	datomic.backup:1
:restore/segment	1	datomic.backup:1
:restoreExpirationTime	6	datomic.s3-api:6
:restoreStatus	1	datomic.s3-api:1
:restoreSummary	1	datomic.ddb:1
:result	19	datomic.cli:1,datomic.cluster-stack:4,datomic.common:1,datomic.connector:2,datomic.core2.retry:1,datomic.core2.val-store.fs:2,datomic.core2.val-store.s3:1,datomic.core2.val-store.s3.aws-api:2,datomic.core2.val-store.s3.sdkv1:2,datomic.core2.val-store.spi:1,datomic.ddb-s3-cluster:1,datomic.qtune:1
:ret	3	datomic.db:1,datomic.query:2
:retriable?	2	datomic.core2.val-store.s3:1,datomic.ddb-s3-cluster:1
:retry-fn	2	datomic.core2.val-store.s3.sdkv1:1,datomic.ddb-s3-cluster:1
:retryMode	5	datomic.aws:5
:retryPolicy	7	datomic.aws:5,datomic.core2.aws.s3.sdkv1:2
:retryable?	3	datomic.kv-sql:1,datomic.kv-store:2
:retrying-delete	3	datomic.ddb-s3-cluster:2,datomic.kv-cluster:1
:return	1	datomic.connector:1
:return-hints	1	datomic.db:1
:returnConsumedCapacity	15	datomic.ddb:15
:returnItemCollectionMetrics	10	datomic.ddb:10
:returnValues	13	datomic.ddb:10,datomic.ddb-values:2,datomic.kv-dynamo:1
:returnValuesOnConditionCheckFailure	10	datomic.ddb:10
:returned	246	datomic.backup:15,datomic.cassandra-values:21,datomic.cassandra-values-v4:21,datomic.cluster:9,datomic.clusterfs:9,datomic.connector:12,datomic.coordination:3,datomic.db:6,datomic.ddb-values:18,datomic.fulltext:15,datomic.garbage:6,datomic.index:30,datomic.integrity:12,datomic.kv-cluster:27,datomic.log:9,datomic.peer:12,datomic.process-monitor:6,datomic.slf4j:3,datomic.tools:3,datomic.val-cluster:9
:rev	88	datomic.cassandra:4,datomic.cassandra-v4:4,datomic.cassandra-values:4,datomic.cassandra-values-v4:4,datomic.catalog:1,datomic.cluster:8,datomic.db:3,datomic.ddb-s3-cluster:4,datomic.garbage:1,datomic.index:6,datomic.kv-cassandra:5,datomic.kv-cassandra2:5,datomic.kv-cassandra3:5,datomic.kv-cluster:15,datomic.kv-mem:1,datomic.kv-sql:5,datomic.log:8,datomic.sql:5
:reverse	6	datomic.pull:6
:ri	3	datomic.index:3
:ridx	1	datomic.integrity:1
:root	12	datomic.integrity:5,datomic.stats:1,datomic.valcache:5,datomic.valcache-direct:1
:root-from	1	datomic.garbage:1
:root-id	12	datomic.db:3,datomic.index:3,datomic.log:4,datomic.peer:2
:root-key	3	datomic.integrity:3
:root-map	1	datomic.index:1
:root-to	1	datomic.garbage:1
:rootid	1	datomic.integrity:1
:rows-in	1	datomic.datalog:1
:rows-out	2	datomic.datalog:2
:s	13	datomic.ddb:10,datomic.kv-dynamo:1,datomic.kv-dynamo-skv:1,datomic.valcache:1
:s3	8	datomic.core2.val-store.s3.aws-api:1,datomic.core2.val-store.s3.sdkv1:1,datomic.s3-api:1,datomic.s3-kv:2,datomic.uri:3
:s3-name	2	datomic.s3:2
:s3-ns	2	datomic.core2.val-store.s3:2
:s3-vals-bucket	3	datomic.ddb-s3-cluster:3
:s3-vals-prefix	3	datomic.ddb-s3-cluster:3
:s3.delete.failed.msec	1	datomic.core2.val-store.s3:1
:s3.delete.retry.failed	1	datomic.core2.val-store.s3:1
:s3.delete.retry.succeeded	1	datomic.core2.val-store.s3:1
:s3.delete.succeeded.msec	1	datomic.core2.val-store.s3:1
:s3.get.bytes	2	datomic.core2.val-store.s3.aws-api:1,datomic.core2.val-store.s3.sdkv1:1
:s3.get.failed.msec	1	datomic.core2.val-store.s3:1
:s3.get.retry.failed	1	datomic.core2.val-store.s3:1
:s3.get.retry.succeeded	1	datomic.core2.val-store.s3:1
:s3.get.succeeded.msec	1	datomic.core2.val-store.s3:1
:s3.hits	1	datomic.core2.val-store.s3:1
:s3.put.bytes	2	datomic.core2.val-store.s3.aws-api:1,datomic.core2.val-store.s3.sdkv1:1
:s3.put.failed.msec	1	datomic.core2.val-store.s3:1
:s3.put.retry.failed	1	datomic.core2.val-store.s3:1
:s3.put.retry.succeeded	1	datomic.core2.val-store.s3:1
:s3.put.succeeded.msec	1	datomic.core2.val-store.s3:1
:sS	6	datomic.ddb:6
:sSEAlgorithm	7	datomic.s3-api:7
:sSEAwsKmsEncryptionContext	1	datomic.s3-api:1
:sSEAwsKmsKeyId	1	datomic.s3-api:1
:sSECustomerAlgorithm	6	datomic.s3-api:6
:sSECustomerKey	1	datomic.s3-api:1
:sSECustomerKeyMd5	6	datomic.s3-api:6
:sSEDescription	1	datomic.ddb:1
:sSESpecification	10	datomic.ddb:10
:sampleCount	6	datomic.aws-monitor:1,datomic.cloudwatch:5
:sasl	3	datomic.valcache:3
:scalar	6	datomic.datalog:5,datomic.query:1
:sched	1	datomic.datalog:1
:schema	6	datomic.db:4,datomic.peer:2
:schema-level	15	datomic.db:8,datomic.index:6,datomic.peer:1
:sdkClientExecutionTimeout	67	datomic.cloudwatch:20,datomic.ddb:40,datomic.s3-api:7
:sdkHttpMetadata	9	datomic.cloudwatch:1,datomic.ddb:8
:sdkRequestTimeout	67	datomic.cloudwatch:20,datomic.ddb:40,datomic.s3-api:7
:sdkResponseMetadata	10	datomic.cloudwatch:1,datomic.ddb:8,datomic.ddb-values:1
:search	2	datomic.fulltext:2
:seconds	1	datomic.future:1
:secureRandom	5	datomic.aws:5
:seek-tx-impl	1	datomic.log:1
:seg	24	datomic.index:5,datomic.integrity:19
:seg-count	6	datomic.clusterfs:1,datomic.stats:5
:seg-t	3	datomic.integrity:3
:segid	11	datomic.index:9,datomic.integrity:2
:segids	3	datomic.index:3
:segidx	1	datomic.integrity:1
:segmented	5	datomic.index:5
:segments	2	datomic.db:1,datomic.garbage:1
:selector	1	datomic.pull:1
:self	2	datomic.datafy:2
:separated	5	datomic.index:5
:sequential	1	datomic.datalog:1
:serialize	2	datomic.core2.atom.logged:2
:serialize-par	2	datomic.index:2
:server	2	datomic.h2:2
:server-specs	1	datomic.domain:1
:serverSideEncryption	6	datomic.s3-api:6
:servers	5	datomic.config:2,datomic.coordination:1,datomic.memcached:2
:serviceName	1	datomic.ddb:1
:session	8	datomic.coordination-ext:1,datomic.kv-cassandra:2,datomic.kv-cassandra2:2,datomic.kv-cassandra3:3
:session-callback	2	datomic.cassandra-v4:1,datomic.coordination-ext:1
:set	1	datomic.datalog:1
:shared-pool?	2	datomic.backup:1,datomic.kv-cluster:1
:short-name	4	datomic.cli:3,datomic.integrity:1
:should	2	datomic.lucene:2
:shutdown	1	datomic.process:1
:shutdown-client?	1	datomic.memcached:1
:shutdown-state	2	datomic.peer:1,datomic.reconnector2:1
:signerOverride	5	datomic.aws:5
:sinceT	2	datomic.db:2
:size	14	datomic.cassandra-values:1,datomic.cassandra-values-v4:1,datomic.clusterfs:1,datomic.ddb-values:1,datomic.external-sort:2,datomic.io:1,datomic.log:6,datomic.s3-api:1
:skip	3	datomic.core2.val-store.fs:1,datomic.core2.val-store.s3:1,datomic.index:1
:skip-efs	3	datomic.ddb-s3-cluster:1,datomic.integrity:1,datomic.uri:1
:skipped	4	datomic.backup:4
:slurp-bytes	1	datomic.io:1
:socketTimeout	8	datomic.aws:5,datomic.config:2,datomic.ddb-s3-cluster:1
:sort	2	datomic.integrity:2
:source	2	datomic.valcache-direct:1,datomic.valcache.puts-pool:1
:sparse-vs	1	datomic.stats:1
:spec	3	datomic.integrity:3
:sql	4	datomic.coordination-ext:1,datomic.uri:3
:sql-driver-class	2	datomic.coordination-ext:1,datomic.kv-sql-ext:1
:sql-driver-params	2	datomic.coordination-ext:1,datomic.kv-sql-ext:1
:sql-initial-size	2	datomic.coordination-ext:1,datomic.kv-sql-ext:1
:sql-password	2	datomic.coordination-ext:1,datomic.kv-sql-ext:1
:sql-url	9	datomic.coordination-ext:1,datomic.h2:4,datomic.kv-sql-ext:2,datomic.uri:2
:sql-user	2	datomic.coordination-ext:1,datomic.kv-sql-ext:1
:sql/validation-query-failed	2	datomic.kv-sql-ext:2
:ssl	9	datomic.coordination-ext:3,datomic.kv-cassandra:1,datomic.kv-cassandra2:1,datomic.kv-cassandra3:1,datomic.uri:3
:sslEnabled	1	datomic.connector:1
:stage	5	datomic.index:5
:standby	1	datomic.coordination:1
:start	9	datomic.garbage:6,datomic.peer:2,datomic.pull:1
:start-database	1	datomic.peer:1
:start-ms	1	datomic.core2.retry:1
:startTime	5	datomic.cloudwatch:5
:started-at	2	datomic.transaction:2
:starts	5	datomic.datalog:5
:state	2	datomic.peer:1,datomic.reconnector2:1
:stateReason	1	datomic.cloudwatch:1
:stateReasonData	1	datomic.cloudwatch:1
:stateTransitionedTimestamp	1	datomic.cloudwatch:1
:stateUpdatedTimestamp	1	datomic.cloudwatch:1
:stateValue	6	datomic.cloudwatch:6
:static	3	datomic.callback:2,datomic.datafy:1
:statistic	1	datomic.cloudwatch:1
:statisticValues	6	datomic.aws-monitor:1,datomic.cloudwatch:5
:statistics	5	datomic.cloudwatch:5
:stats-mismatch	1	datomic.integrity:1
:statusCode	1	datomic.ddb:1
:stddev	2	datomic.math:1,datomic.stats:1
:storage-access	1	datomic.h2:1
:storage-admin-password	2	datomic.h2:2
:storage-datomic-password	3	datomic.h2:3
:storage/invalid-uri	1	datomic.backup:1
:storage/sse-not-available	1	datomic.backup:1
:storage/update-password	1	datomic.h2:1
:storageClass	2	datomic.s3-api:2
:storageHasAVET	6	datomic.db:6
:storageResolution	5	datomic.cloudwatch:5
:store	2	datomic.fulltext-index:1,datomic.lucene:1
:stored-index-basis	1	datomic.db:1
:streamSpecification	11	datomic.ddb:11
:strict	2	datomic.integrity:2
:string	1	datomic.db:1
:strs	4	datomic.query:1,datomic.query.support:3
:subspec	5	datomic.pull:5
:subtrees	4	datomic.treewalk:4
:succeeded	2	datomic.backup:2
:success	3	datomic.ddb-s3-cluster:3
:sum	9	datomic.aws-monitor:2,datomic.cloudwatch:5,datomic.monitor:1,datomic.process-monitor:1
:summary	3	datomic.summary:2,datomic.tools.index-checks:1
:sym	1	datomic.db:1
:sym-name	6	datomic.config:3,datomic.db:3
:sym-namespace	2	datomic.config:1,datomic.db:1
:syms	4	datomic.query:1,datomic.query.support:3
:sync	2	datomic.connector:1,datomic.peer:1
:sync-writes	2	datomic.cluster:2
:synced	1	datomic.cluster:1
:system	8	datomic.ddb-s3-cluster:4,datomic.uri:4
:system-eids	2	datomic.db:2
:system-root	32	datomic.coordination-ext:1,datomic.ddb-cluster:1,datomic.s3-kv:1,datomic.tools:1,datomic.uri:28
:t	83	datomic.backup:8,datomic.core2.atom.logged:1,datomic.core2.log:2,datomic.core2.log.ddb:4,datomic.core2.log.mem:3,datomic.core2.log.spi:2,datomic.db:12,datomic.db-io:1,datomic.extensions:1,datomic.integrity:21,datomic.kv-cluster:1,datomic.log:16,datomic.peer:7,datomic.tools:3,datomic.transaction:1
:table	20	datomic.coordination-ext:3,datomic.core2.aws.ddb:2,datomic.core2.log.ddb:3,datomic.ddb:1,datomic.kv-cassandra:1,datomic.kv-cassandra2:1,datomic.kv-cassandra3:1,datomic.tools:2,datomic.uri:6
:table-name	4	datomic.ddb-s3-cluster:4
:tableArn	1	datomic.ddb:1
:tableClass	10	datomic.ddb:10
:tableClassSummary	1	datomic.ddb:1
:tableDescription	3	datomic.ddb:3
:tableId	1	datomic.ddb:1
:tableName	49	datomic.ddb:36,datomic.ddb-values:6,datomic.kv-dynamo:3,datomic.kv-dynamo-skv:2,datomic.tools:2
:tableNames	1	datomic.ddb:1
:tableSizeBytes	1	datomic.ddb:1
:tableStatus	1	datomic.ddb:1
:tag	279	datomic.api:16,datomic.artemis-client:15,datomic.aws:9,datomic.backup:1,datomic.btset:11,datomic.cache.caffeine:1,datomic.cloudwatch:3,datomic.cluster:1,datomic.common:5,datomic.crypto:2,datomic.datafy:3,datomic.datalog:9,datomic.db:69,datomic.ddb:8,datomic.excise:2,datomic.extensions:1,datomic.external-sort:1,datomic.fressian:3,datomic.function:1,datomic.index:8,datomic.integrity:7,datomic.io:25,datomic.iter:14,datomic.janino:1,datomic.log:1,datomic.lucene:26,datomic.math:1,datomic.memcached:4,datomic.peer:1,datomic.query:3,datomic.s3-api:17,datomic.transaction:3,datomic.valcache:6,datomic.valcache-direct:1
:tags	5	datomic.ddb:5
:tail	13	datomic.integrity:3,datomic.kv-cluster:7,datomic.log:3
:tail-1	1	datomic.integrity:1
:tail-2	1	datomic.integrity:1
:tail-desc	2	datomic.log:2
:tail-t	1	datomic.log:1
:tailid	1	datomic.kv-cluster:1
:take	4	datomic.artemis-client:1,datomic.fressian:1,datomic.queue:2
:tempids	4	datomic.db:2,datomic.peer:2
:tenant	4	datomic.cluster:1,datomic.index:1,datomic.kv-cluster:2
:then	1	datomic.query.support:1
:threads	3	datomic.external-sort:1,datomic.valcache.puts-pool-impl:2
:threshold	1	datomic.cloudwatch:1
:threshold-mb	1	datomic.valcache:1
:thresholdMetricId	1	datomic.cloudwatch:1
:threw	410	datomic.backup:25,datomic.cassandra-values:35,datomic.cassandra-values-v4:35,datomic.cluster:15,datomic.clusterfs:15,datomic.connector:20,datomic.coordination:5,datomic.db:10,datomic.ddb-values:30,datomic.fulltext:25,datomic.garbage:10,datomic.index:50,datomic.integrity:20,datomic.kv-cluster:45,datomic.log:15,datomic.peer:20,datomic.process-monitor:10,datomic.slf4j:5,datomic.tools:5,datomic.val-cluster:15
:thunk	3	datomic.valcache.puts-pool-impl:3
:tid	1	datomic.slf4j:1
:tier	4	datomic.integrity:2,datomic.stats:2
:timeout	12	datomic.datalog:2,datomic.qtune:6,datomic.query:3,datomic.query.support:1
:timeout-ms	2	datomic.core2.async:2
:timeout-msec	1	datomic.memcached:1
:timestamp	10	datomic.cloudwatch:5,datomic.coordination:2,datomic.peer:1,datomic.queue:2
:tlsKeyManagersProvider	5	datomic.aws:5
:tmp-path	1	datomic.valcache:1
:to	3	datomic.cluster:1,datomic.db:1,datomic.peer:1
:to-cluster	2	datomic.backup:2
:to-metric-data-helper	2	datomic.aws-monitor:2
:to-storage	2	datomic.backup:2
:to-uri	2	datomic.backup:2
:tombstone	4	datomic.core2.atom.logged:2,datomic.core2.log:2
:tools/replace-index	1	datomic.tools:1
:total-body-length	7	datomic.valcache:7
:total-datoms	4	datomic.integrity:4
:total-segments	1	datomic.backup:1
:transactor/ensure-index-and-log	1	datomic.log:1
:treatMissingData	1	datomic.cloudwatch:1
:truncated	7	datomic.s3:1,datomic.s3-api:6
:trustStorePassword	1	datomic.connector:1
:trustStorePath	1	datomic.connector:1
:ts	2	datomic.backup:2
:tstamp	6	datomic.garbage:6
:ttl	3	datomic.artemis-client:1,datomic.connector:1,datomic.coordination:1
:tuple	7	datomic.datalog:5,datomic.db:1,datomic.query:1
:tuple-elem?	13	datomic.db:13
:tupleAttrs	9	datomic.db:9
:tupleRefOffsets	4	datomic.db:4
:tupleType	6	datomic.db:6
:tupleTypes	8	datomic.db:8
:tx	24	datomic.connector:1,datomic.db:3,datomic.integrity:14,datomic.log:3,datomic.tools.index-checks:2,datomic.transaction:1
:tx-data	2	datomic.db:1,datomic.peer:1
:tx-fn-ms	3	datomic.db:3
:tx-stats	3	datomic.db:2,datomic.transaction:1
:tx/process	3	datomic.slf4j:1,datomic.transaction:2
:txes	12	datomic.db:3,datomic.integrity:4,datomic.log:5
:txid	3	datomic.transaction:3
:txids	1	datomic.log:1
:type	27	datomic.cluster:4,datomic.datafy:2,datomic.db:1,datomic.domain:1,datomic.integrity:9,datomic.peer:1,datomic.summary:1,datomic.tools.index-checks:7,datomic.transaction:1
:types	1	datomic.datafy:1
:ucheck-ct	2	datomic.db:2
:ucheck-pf-ms	3	datomic.db:3
:ucheck-tx-ms	3	datomic.db:3
:undeleted	1	datomic.catalog:1
:unique	16	datomic.db:14,datomic.tools:2
:unique-collision	2	datomic.tools.index-checks:2
:unit	13	datomic.aws-monitor:2,datomic.cloudwatch:11
:units	15	datomic.core2.thread:3,datomic.core2.val-store.double-store:1,datomic.core2.val-store.fs:2,datomic.core2.val-store.s3:5,datomic.core2.val-store.s3.aws-api:2,datomic.core2.val-store.s3.sdkv1:2
:unknown	3	datomic.backup:2,datomic.cluster-stack:1
:unreadable-segments	1	datomic.backup:1
:unsent-updates-queue	1	datomic.peer:1
:update/create-index	1	datomic.slf4j:1
:upgrade-schema	2	datomic.peer:2
:uri	13	datomic.backup:1,datomic.db:1,datomic.garbage:1,datomic.integrity:7,datomic.peer:2,datomic.uri:1
:useExpectContinue	5	datomic.aws:5
:useGzip	5	datomic.aws:5
:useReaper	5	datomic.aws:5
:useTcpKeepAlive	5	datomic.aws:5
:useThrottleRetries	5	datomic.aws:5
:user	17	datomic.coordination-ext:3,datomic.h2:8,datomic.kv-cassandra:1,datomic.kv-cassandra2:1,datomic.kv-cassandra3:1,datomic.uri:3
:userAgent	5	datomic.aws:5
:userAgentPrefix	5	datomic.aws:5
:userAgentSuffix	5	datomic.aws:5
:userMetadata	6	datomic.s3-api:6
:username	18	datomic.artemis-client:2,datomic.config:2,datomic.coordination:2,datomic.h2:10,datomic.memcached:1,datomic.valcache:1
:uuid	39	datomic.clusterfs:2,datomic.db:1,datomic.garbage:7,datomic.integrity:12,datomic.log:9,datomic.peer:5,datomic.treewalk:3
:v	104	datomic.backup:4,datomic.builtins:4,datomic.cassandra-values:4,datomic.cassandra-values-v4:4,datomic.db:21,datomic.ddb-values:8,datomic.fulltext:2,datomic.index:2,datomic.integrity:12,datomic.kv-cassandra:3,datomic.kv-cassandra2:3,datomic.kv-cassandra3:3,datomic.kv-cluster:6,datomic.kv-dynamo-skv:2,datomic.kv-hotrod:4,datomic.kv-sql:3,datomic.pull:2,datomic.query:1,datomic.simple-kv:2,datomic.stats:1,datomic.tools:8,datomic.tools.index-checks:3,datomic.valcache-direct:1,datomic.valcache.puts-pool-impl:1
:v-new	2	datomic.builtins:2
:v-old	3	datomic.builtins:3
:vaet	24	datomic.builtins:1,datomic.db:11,datomic.excise:1,datomic.index:1,datomic.integrity:9,datomic.tools.index-checks:1
:val	68	datomic.cassandra:4,datomic.cassandra-v4:4,datomic.cassandra-values:6,datomic.cassandra-values-v4:6,datomic.cluster-stack:5,datomic.core2.val-store:2,datomic.core2.val-store.double-store:3,datomic.core2.val-store.fs:3,datomic.core2.val-store.s3.aws-api:3,datomic.core2.val-store.s3.sdkv1:4,datomic.core2.val-store.spi:3,datomic.ddb-s3-cluster:3,datomic.kv-cassandra:4,datomic.kv-cassandra2:4,datomic.kv-cassandra3:4,datomic.kv-sql:3,datomic.sql:5,datomic.val-cluster:2
:val-cluster/create-val	1	datomic.val-cluster:1
:val-cluster/delete	1	datomic.val-cluster:1
:val-cluster/get-val	1	datomic.val-cluster:1
:val-fn	4	datomic.cache:2,datomic.domain:2
:val-key	4	datomic.kv-cluster:2,datomic.val-cluster:2
:valcache	1	datomic.valcache-direct:1
:valcache-direct/start	1	datomic.valcache-direct:1
:valcache-ns	1	datomic.valcache-direct:1
:valcache/direct-init	1	datomic.valcache:1
:valcache/get-exception	1	datomic.valcache-direct:1
:valcache/invalid-uuid	1	datomic.valcache:1
:valcache/io-exception	1	datomic.valcache:1
:valcache/item-too-large	1	datomic.valcache-direct:1
:valcache/put-exception	1	datomic.valcache:1
:valcache/reject-ip	1	datomic.valcache:1
:valcache/socket-exception	1	datomic.valcache:1
:valcache/start	1	datomic.valcache:1
:valfn	5	datomic.pull:5
:valid	4	datomic.integrity:4
:validate	2	datomic.integrity:2
:validateAfterInactivityMillis	5	datomic.aws:5
:validator	2	datomic.core2.atom.logged:1,datomic.index:1
:vals	8	datomic.garbage:8
:value	62	datomic.artemis-client:1,datomic.aws-monitor:2,datomic.cast2slf4j:1,datomic.cloudwatch:17,datomic.config:1,datomic.connector:2,datomic.core2.atom.logged:12,datomic.core2.aws.s3.aws-api:1,datomic.core2.thread:3,datomic.core2.val-store.double-store:1,datomic.core2.val-store.fs:2,datomic.core2.val-store.s3:5,datomic.core2.val-store.s3.aws-api:3,datomic.core2.val-store.s3.sdkv1:2,datomic.db:1,datomic.ddb:5,datomic.extension-resolver:1,datomic.kv-dynamo:1,datomic.kv-dynamo-skv:1
:value-type	5	datomic.db:3,datomic.integrity:2
:valueType	1	datomic.db:1
:values	5	datomic.cloudwatch:5
:var	2	datomic.query:2
:variables	2	datomic.query:2
:vbucket-id	2	datomic.valcache:2
:vc-port	2	datomic.coordination:2
:vc.repair	1	datomic.cluster-stack:1
:vcnt	1	datomic.cluster:1
:verify-backup/unreadable-segment	1	datomic.backup:1
:verify/list-prefix	1	datomic.backup:1
:verify/roots-missing	1	datomic.backup:1
:verifyHost	1	datomic.connector:1
:version	10	datomic.coordination:3,datomic.index:3,datomic.lucene:3,datomic.peer:1
:version-prefix	1	datomic.cli:1
:versionId	4	datomic.s3-api:4
:visited-bytes	1	datomic.valcache:1
:visited-files	1	datomic.valcache:1
:vkey	1	datomic.kv-cluster:1
:vtypeid	5	datomic.db:4,datomic.pull:1
:warmup	1	datomic.qtune:1
:was	1	datomic.db:1
:where	26	datomic.datalog:2,datomic.db:1,datomic.integrity:2,datomic.qtune:5,datomic.query:14,datomic.query.support:1,datomic.tools:1
:whiles	5	datomic.datalog:5
:wildcard	3	datomic.pull:3
:window	3	datomic.index:3
:window-size	1	datomic.artemis-client:1
:with	11	datomic.db:1,datomic.qtune:2,datomic.query:7,datomic.query.support:1
:with-key-summary	2	datomic.stats:1,datomic.tools:1
:work	4	datomic.index:4
:write-concurrency	2	datomic.backup:1,datomic.kv-cluster:1
:write-handlers	2	datomic.artemis-client:2
:write-pool	2	datomic.core2.val-store.s3.sdkv1:1,datomic.ddb-s3-cluster:1
:writeCapacityUnits	6	datomic.ddb:6
:writer	4	datomic.fulltext-index:4
:written	7	datomic.index:7
:x1	2	datomic.math:1,datomic.peer:1
:x2	2	datomic.math:1,datomic.peer:1
:xa	1	datomic.artemis-client:1
:xform	2	datomic.pull:2
:xforms	5	datomic.extension-resolver:5
:xmx	1	datomic.memory:1
:xpreds	1	datomic.index:1
:y1	2	datomic.math:1,datomic.peer:1
:y2	2	datomic.math:1,datomic.peer:1
:zeroByteContent	1	datomic.s3-api:1
