source_namespace	source_var	target	count
datomic.adopter	adopt-index	datomic.db/accept-txes	2
datomic.adopter	adopt-index	datomic.db/memlog-txes-since	2
datomic.aggregation	max	datomic.common/compare	2
datomic.aggregation	min	datomic.common/compare	2
datomic.aggregation	sample	datomic.math/reservoir-sample	1
datomic.api	cancel	datomic.fressian/fressianable?	1
datomic.api	datoms	datomic.db/datoms	1
datomic.api	implicit-part	datomic.db/implicit-part	1
datomic.api	implicit-part-id	datomic.db/implicit-part-id	1
datomic.api	index-pull	datomic.pull/dereffed-index-pull	1
datomic.api	invoke	datomic.db/invoke	1
datomic.api	q	datomic.query/q	1
datomic.api	qseq	datomic.query/qseq	1
datomic.api	query	datomic.query/query	1
datomic.api	seek-datoms	datomic.db/seek-datoms	1
datomic.artemis-client	RpcClient	datomic.monitor/alarm	1
datomic.artemis-client	RpcClient	datomic.slf4j/caused-by	1
datomic.artemis-client	RpcClient	datomic.slf4j/process	1
datomic.artemis-client	RpcServer	datomic.monitor/alarm	1
datomic.artemis-client	RpcServer	datomic.slf4j/caused-by	1
datomic.artemis-client	RpcServer	datomic.slf4j/process	1
datomic.artemis-client	SessionFactoryBundle	datomic.common/require-keys	1
datomic.artemis-client	SessionFactoryBundle	datomic.monitor/alarm	1
datomic.artemis-client	SessionFactoryBundle	datomic.slf4j/caused-by	1
datomic.artemis-client	SessionFactoryBundle	datomic.slf4j/process	1
datomic.artemis-client	create-deserializer	datomic.fressian/clojure-read-handlers	1
datomic.artemis-client	create-deserializer	datomic.fressian/create-reader	1
datomic.artemis-client	create-fressian-message	datomic.fressian/create-writer	1
datomic.artemis-client	create-rpc-client	datomic.cache/create-response-map	1
datomic.artemis-client	create-rpc-client	datomic.cache/remove	1
datomic.artemis-client	create-rpc-client	datomic.error/report	8
datomic.artemis-client	create-rpc-client	datomic.error/runonce	4
datomic.artemis-client	create-rpc-server	datomic.error/report	10
datomic.artemis-client	create-rpc-server	datomic.error/runonce	5
datomic.artemis-client	create-rpc-server	datomic.slf4j/caused-by	1
datomic.artemis-client	create-rpc-server	datomic.slf4j/process	1
datomic.artemis-client	create-serializer	datomic.fressian/clojure-write-handlers	1
datomic.artemis-client	create-serializer	datomic.fressian/create-writer	1
datomic.artemis-client	create-session-factory	datomic.error/report	4
datomic.artemis-client	create-session-factory	datomic.error/runonce	2
datomic.artemis-client	create-temporary-queue	datomic.common/rand-uuid	1
datomic.artemis-client	delete-queue	datomic.error/report	1
datomic.artemis-client	fressian-producer	datomic.slf4j/caused-by	1
datomic.artemis-client	fressian-producer	datomic.slf4j/process	1
datomic.artemis-client	read-batch	datomic.fressian/create-reader	1
datomic.artemis-client	read-batch	datomic.fressian/read-batch	1
datomic.artemis-client	rpc-request	datomic.cache/put	1
datomic.artemis-client	rpc-request	datomic.common/rand-uuid	1
datomic.assert	assert	datomic.assert/*assert-handler*	2
datomic.async	daemon	datomic.slf4j/process	2
datomic.aws	client-config	datomic.datafy/data-to-object	1
datomic.aws	data-to-object	datomic.datafy/data-to-object	1
datomic.aws	data-to-object	datomic.datafy/property-to-object	40
datomic.aws	defclient	datomic.aws/credentials	2
datomic.aws	defclient	datomic.aws/endpoint-for	1
datomic.aws	defclient	datomic.aws/newclient	5
datomic.aws	defclient	datomic.datafy/data-to-object	1
datomic.aws	defclient	datomic.datafy/type-descriptor	1
datomic.aws-monitor	cloudwatch-reporter-ref	datomic.config/property	5
datomic.aws-monitor	create-cloudwatch-reporter	datomic.cloudwatch/client	1
datomic.aws-monitor	report-metrics	datomic.cloudwatch/put-metrics	2
datomic.aws-monitor	units	datomic.slf4j/event->timing	1
datomic.backup	ValueBackup	datomic.common/pfuture	2
datomic.backup	ValueBackup	datomic.error/raise	2
datomic.backup	ValueBackup	datomic.slf4j/format-as-msec	1
datomic.backup	ValueBackup	datomic.slf4j/process	2
datomic.backup	ValueRestore	datomic.common/pfuture	2
datomic.backup	ValueRestore	datomic.error/raise	1
datomic.backup	ValueRestore	datomic.slf4j/format-as-msec	1
datomic.backup	ValueRestore	datomic.slf4j/process	2
datomic.backup	backup->mem	datomic.common/require-keys	1
datomic.backup	backup->mem	datomic.error/state	1
datomic.backup	backup-branch-pool	datomic.common/thread-pool	1
datomic.backup	backup-branch-size	datomic.config/property	1
datomic.backup	backup-concurrency	datomic.config/property	2
datomic.backup	backup-db	datomic.coordination/resolve-db-name	1
datomic.backup	backup-db	datomic.domain/system-cache-olookup	1
datomic.backup	backup-db	datomic.error/raise	1
datomic.backup	backup-db	datomic.monitor/alarm	1
datomic.backup	backup-db	datomic.slf4j/caused-by	1
datomic.backup	backup-db	datomic.slf4j/format-as-msec	1
datomic.backup	backup-db	datomic.slf4j/process	3
datomic.backup	backup-db	datomic.uri/parse-db	1
datomic.backup	backup-roots	datomic.fressian/byte-buf	1
datomic.backup	backup-roots	datomic.fressian/user-write-handlers	1
datomic.backup	backup-seg-ids	datomic.treewalk/db-seq	1
datomic.backup	claim	datomic.io/string->bbuf	1
datomic.backup	claimed-by	datomic.io/bbuf->string	1
datomic.backup	create-backup-job	datomic.common/getx	2
datomic.backup	create-backup-job	datomic.fressian/defressian	1
datomic.backup	create-backup-job	datomic.index/index-ref-key-name	1
datomic.backup	create-backup-job	datomic.index/valid-version	1
datomic.backup	create-backup-job	datomic.io/alias-buf-bytes	1
datomic.backup	create-backup-job	datomic.log/last-tree-tx	1
datomic.backup	create-backup-job	datomic.log/max-t	2
datomic.backup	create-backup-job	datomic.log/read-handlers	1
datomic.backup	create-backup-job	datomic.log/read-tail-descriptor	1
datomic.backup	create-backup-job	datomic.treewalk/create-parent-node	2
datomic.backup	create-backup-job	datomic.treewalk/index-top-walker	1
datomic.backup	create-backup-job	datomic.treewalk/log-root-walker	1
datomic.backup	create-cluster	datomic.config/property	2
datomic.backup	create-cluster	datomic.coordination/create-db-cluster	1
datomic.backup	create-ids->nodes	datomic.treewalk/create-ids->nodes	1
datomic.backup	create-restore-job	datomic.error/raise	1
datomic.backup	create-restore-job	datomic.treewalk/create-parent-node	2
datomic.backup	create-restore-job	datomic.treewalk/index-top-walker	1
datomic.backup	create-restore-job	datomic.treewalk/log-root-walker	1
datomic.backup	create-restore-target	datomic.catalog/create-database	1
datomic.backup	create-restore-target	datomic.coordination/cluster-conf->resolved-conf	1
datomic.backup	create-restore-target	datomic.coordination/create-system-cluster	1
datomic.backup	create-restore-target	datomic.error/arg	3
datomic.backup	create-restore-target	datomic.error/raise	1
datomic.backup	create-restore-target	datomic.uri/parse-db	1
datomic.backup	create-storage*	datomic.error/arg	1
datomic.backup	create-storage*	datomic.error/arg	1
datomic.backup	create-storage*	datomic.require/require-and-run	1
datomic.backup	create-storage*	datomic.require/require-and-run	1
datomic.backup	create-value-backup	datomic.config/property	1
datomic.backup	ensure-claim	datomic.error/arg	1
datomic.backup	ensure-claim	datomic.error/raise	1
datomic.backup	gc-deleted-dbs	datomic.garbage/gc-deleted-dbs	1
datomic.backup	maybe-segset-storage	datomic.config/property	1
datomic.backup	mem->backup	datomic.common/require-keys	1
datomic.backup	missing-seg-ids	datomic.common/pfuture	1
datomic.backup	missing-seg-ids	datomic.queue/queue-seq	1
datomic.backup	missing-seg-ids	datomic.slf4j/format-as-msec	1
datomic.backup	missing-seg-ids	datomic.slf4j/process	2
datomic.backup	pool-size	datomic.config/property	2
datomic.backup	read-roots	datomic.fressian/defressian	1
datomic.backup	read-roots	datomic.fressian/user-read-handlers	1
datomic.backup	require-latest-t	datomic.error/raise	1
datomic.backup	restore-db	datomic.garbage/ensure-root-ref	1
datomic.backup	restore-db	datomic.monitor/alarm	1
datomic.backup	restore-db	datomic.slf4j/caused-by	1
datomic.backup	restore-db	datomic.slf4j/format-as-msec	1
datomic.backup	restore-db	datomic.slf4j/process	3
datomic.backup	restore-roots	datomic.cluster/reset-pod	1
datomic.backup	restore-roots	datomic.cluster/reset-ref	1
datomic.backup	restore-roots	datomic.config/property	1
datomic.backup	restore-roots	datomic.error/raise	2
datomic.backup	restore-roots	datomic.index/index-ref-key-name	1
datomic.backup	restore-roots	datomic.log/tail-pod-key	1
datomic.backup	retry	datomic.common/log-retry	1
datomic.backup	retry	datomic.common/retry-fn	1
datomic.backup	storage-olookup	datomic.cache/lookup-transformer	1
datomic.backup	storage-olookup	datomic.cluster/uuid->val-key	1
datomic.backup	storage-olookup	datomic.domain/common-read-handlers	1
datomic.backup	storage-olookup	datomic.domain/peer-object-lookup	1
datomic.backup	storage-olookup	datomic.domain/system-cache	1
datomic.backup	thread-pool	datomic.common/thread-pool	1
datomic.backup	unreadable-seg-ids	datomic.common/log-and-print	1
datomic.backup	unreadable-seg-ids	datomic.common/pfuture	1
datomic.backup	verify-backup	datomic.error/raise	1
datomic.btset	BTSet	datomic.iter/iter-rseq	1
datomic.btset	BTSet	datomic.iter/iter-seq	1
datomic.btset	bench	datomic.iter/iget	4
datomic.btset	bench	datomic.iter/inext	3
datomic.btset	bench	datomic.iter/iprev	1
datomic.builtins	build-retract-args	datomic.db/datoms	2
datomic.builtins	build-retract-args	datomic.db/resolve-id	2
datomic.builtins	compare-and-swap	datomic.db/attribute	1
datomic.builtins	compare-and-swap	datomic.db/datoms	1
datomic.builtins	compare-and-swap	datomic.db/require-attrid	1
datomic.builtins	compare-and-swap	datomic.error/arg	2
datomic.builtins	compare-and-swap	datomic.error/state	1
datomic.builtins	component-es-set	datomic.db/datoms	1
datomic.cache	getx-uncached	datomic.common/getx	1
datomic.cache	read-ahead	datomic.common/getx	1
datomic.cache	read-ahead-pool	datomic.common/thread-pool	1
datomic.cache	read-ahead-pool	datomic.config/property	1
datomic.cache	read-ahead-pool-prop	datomic.config/property	1
datomic.cache	report-val-fn-fail	datomic.io/describe-bbuf	1
datomic.callback	compile-static-method-callback	datomic.slf4j/process	3
datomic.callback	create-callback	datomic.slf4j/process	1
datomic.cassandra	cluster-from-callback	datomic.callback/create-callback	1
datomic.cassandra	cluster-from-callback	datomic.slf4j/process	3
datomic.cassandra-v4	session-from-callback	datomic.callback/create-callback	1
datomic.cassandra-v4	session-from-callback	datomic.slf4j/process	3
datomic.cassandra-values	chunk-pool	datomic.common/thread-pool	1
datomic.cassandra-values	chunk-pool	datomic.config/property	1
datomic.cassandra-values	delete-value	datomic.cassandra/cql-delete	2
datomic.cassandra-values	delete-value	datomic.cassandra/cql-select	1
datomic.cassandra-values	delete-value	datomic.slf4j/format-as-msec	3
datomic.cassandra-values	delete-value	datomic.slf4j/process	6
datomic.cassandra-values	get-value	datomic.cassandra/cql-select	2
datomic.cassandra-values	get-value	datomic.io/unchunk	1
datomic.cassandra-values	get-value	datomic.slf4j/format-as-msec	2
datomic.cassandra-values	get-value	datomic.slf4j/process	4
datomic.cassandra-values	put-value	datomic.cassandra/cql-insert	2
datomic.cassandra-values	put-value	datomic.future/-future-with-channel-impl	1
datomic.cassandra-values	put-value	datomic.future/add-bounding-warning	1
datomic.cassandra-values	put-value	datomic.future/bounding-warn-seconds	1
datomic.cassandra-values	put-value	datomic.io/chunk	1
datomic.cassandra-values	put-value	datomic.slf4j/format-as-msec	2
datomic.cassandra-values	put-value	datomic.slf4j/process	5
datomic.cassandra-values-v4	chunk-pool	datomic.common/thread-pool	1
datomic.cassandra-values-v4	chunk-pool	datomic.config/property	1
datomic.cassandra-values-v4	delete-value	datomic.cassandra-v4/cql-delete	2
datomic.cassandra-values-v4	delete-value	datomic.cassandra-v4/cql-select	1
datomic.cassandra-values-v4	delete-value	datomic.slf4j/format-as-msec	3
datomic.cassandra-values-v4	delete-value	datomic.slf4j/process	6
datomic.cassandra-values-v4	get-value	datomic.cassandra-v4/cql-select	2
datomic.cassandra-values-v4	get-value	datomic.io/unchunk	1
datomic.cassandra-values-v4	get-value	datomic.slf4j/format-as-msec	2
datomic.cassandra-values-v4	get-value	datomic.slf4j/process	4
datomic.cassandra-values-v4	put-value	datomic.cassandra-v4/cql-insert	2
datomic.cassandra-values-v4	put-value	datomic.future/-future-with-channel-impl	1
datomic.cassandra-values-v4	put-value	datomic.future/add-bounding-warning	1
datomic.cassandra-values-v4	put-value	datomic.future/bounding-warn-seconds	1
datomic.cassandra-values-v4	put-value	datomic.io/chunk	1
datomic.cassandra-values-v4	put-value	datomic.slf4j/format-as-msec	2
datomic.cassandra-values-v4	put-value	datomic.slf4j/process	5
datomic.cast2slf4j	work	datomic.monitor/add-stat	1
datomic.cast2slf4j	work	datomic.slf4j/caused-by	1
datomic.cast2slf4j	work	datomic.slf4j/process	4
datomic.catalog	pod->catalog	datomic.io/bbuf->string	1
datomic.catalog	put-catalog	datomic.cluster/update-pod	1
datomic.catalog	put-catalog	datomic.io/clj->bbuf	1
datomic.catalog	update-catalog	datomic.common/log-retry	1
datomic.catalog	update-catalog	datomic.common/retry-fn	1
datomic.catalog	with-retry	datomic.common/log-retry	1
datomic.catalog	with-retry	datomic.common/retry-fn	1
datomic.cleanup	shared-manager-ref	datomic.error/report	1
datomic.cloudwatch	client	datomic.aws/credentials	6
datomic.cloudwatch	client	datomic.aws/endpoint-for	1
datomic.cloudwatch	client	datomic.datafy/data-to-object	1
datomic.cloudwatch	data-to-object	datomic.datafy/data-to-object	1
datomic.cloudwatch	data-to-object	datomic.datafy/data-to-object	1
datomic.cloudwatch	data-to-object	datomic.datafy/data-to-object	1
datomic.cloudwatch	data-to-object	datomic.datafy/data-to-object	1
datomic.cloudwatch	data-to-object	datomic.datafy/data-to-object	1
datomic.cloudwatch	data-to-object	datomic.datafy/data-to-object	1
datomic.cloudwatch	data-to-object	datomic.datafy/data-to-object	1
datomic.cloudwatch	data-to-object	datomic.datafy/data-to-object	1
datomic.cloudwatch	data-to-object	datomic.datafy/data-to-object	1
datomic.cloudwatch	data-to-object	datomic.datafy/data-to-object	1
datomic.cloudwatch	data-to-object	datomic.datafy/property-to-object	2
datomic.cloudwatch	data-to-object	datomic.datafy/property-to-object	2
datomic.cloudwatch	data-to-object	datomic.datafy/property-to-object	4
datomic.cloudwatch	data-to-object	datomic.datafy/property-to-object	8
datomic.cloudwatch	data-to-object	datomic.datafy/property-to-object	9
datomic.cloudwatch	data-to-object	datomic.datafy/property-to-object	13
datomic.cloudwatch	data-to-object	datomic.datafy/property-to-object	15
datomic.cloudwatch	data-to-object	datomic.datafy/property-to-object	15
datomic.cloudwatch	describe-alarms	datomic.datafy/data-to-object	1
datomic.cloudwatch	get-metric-statistics	datomic.datafy/data-to-object	1
datomic.cloudwatch	list-metrics	datomic.datafy/data-to-object	1
datomic.cloudwatch	property-to-object	datomic.datafy/data-to-object	1
datomic.cloudwatch	property-to-object	datomic.datafy/data-to-object	1
datomic.cloudwatch	property-to-object	datomic.datafy/data-to-object	1
datomic.cloudwatch	property-to-object	datomic.datafy/data-to-object	1
datomic.cloudwatch	property-to-object	datomic.datafy/data-to-object	1
datomic.cloudwatch	property-to-object	datomic.datafy/property-to-object	1
datomic.cloudwatch	property-to-object	datomic.datafy/property-to-object	1
datomic.cloudwatch	property-to-object	datomic.datafy/property-to-object	1
datomic.cloudwatch	property-to-object	datomic.datafy/property-to-object	1
datomic.cloudwatch	property-to-object	datomic.datafy/property-to-object	1
datomic.cloudwatch	put-metrics	datomic.datafy/data-to-object	1
datomic.cluster	QueueingWriter	datomic.promise/delivered	1
datomic.cluster	new-pod-key	datomic.common/rand-uuid	1
datomic.cluster	new-pod-key	datomic.common/rand-uuid	1
datomic.cluster	new-val-key	datomic.common/rand-uuid	1
datomic.cluster	queueing-writer	datomic.promise/settable-future	1
datomic.cluster	reset-ref	datomic.slf4j/format-as-msec	1
datomic.cluster	reset-ref	datomic.slf4j/process	2
datomic.cluster	touch-ref	datomic.slf4j/format-as-msec	1
datomic.cluster	touch-ref	datomic.slf4j/process	2
datomic.cluster	write-vals	datomic.slf4j/format-as-msec	1
datomic.cluster	write-vals	datomic.slf4j/process	2
datomic.cluster	write-vals*	datomic.common/bounded-deref	1
datomic.cluster	write-vals*	datomic.monitor/add-stat	1
datomic.cluster	write-vals*	datomic.slf4j/format-as-msec	1
datomic.cluster	write-vals*	datomic.slf4j/process	1
datomic.cluster-stack	ValStoreOnKvCache	datomic.cache/put	1
datomic.cluster-stack	ValStoreOnKvCache	datomic.core2.anomalies/fault	1
datomic.cluster-stack	ValStoreOnKvCache	datomic.future/-future-with-channel-impl	1
datomic.cluster-stack	ValStoreOnKvCache	datomic.future/add-bounding-warning	1
datomic.cluster-stack	ValStoreOnKvCache	datomic.future/bounding-warn-seconds	1
datomic.cluster-stack	cluster-with-cache	datomic.combined-cluster/combined-cluster	1
datomic.cluster-stack	cluster-with-cache	datomic.core2.val-store.double-store/create	1
datomic.cluster-stack	cluster-with-cache	datomic.val-cluster/val-cluster	1
datomic.cluster-stack	kv-cache-ref	datomic.common/closing-watch	1
datomic.cluster-stack	pool-ref	datomic.common/cached-thread-pool	1
datomic.cluster-stack	start-kv-cache	datomic.common/requiring-resolve!	3
datomic.cluster-stack	start-kv-cache	datomic.config/valcache-args	1
datomic.cluster-stack	start-kv-cache	datomic.core2.val-store.double-store/create	1
datomic.cluster-stack	start-kv-cache	datomic.memcached/start-local-memcached-from-config	1
datomic.cluster-stack	start-kv-cache	datomic.memcached/start-memcached-from-config	1
datomic.cluster-stack	start-kv-cache	datomic.valcache-direct/create	1
datomic.clusterfs	create-file	datomic.cluster/uuid->val-key	1
datomic.clusterfs	create-file	datomic.cluster/write-vals	2
datomic.clusterfs	create-file	datomic.common/rand-uuid	1
datomic.clusterfs	create-file	datomic.slf4j/format-as-msec	1
datomic.clusterfs	create-file	datomic.slf4j/process	2
datomic.clusterfs	create-files	datomic.slf4j/format-as-msec	1
datomic.clusterfs	create-files	datomic.slf4j/process	2
datomic.clusterfs	create-fs	datomic.cluster/uuid->val-key	1
datomic.clusterfs	create-fs	datomic.common/rand-uuid	1
datomic.clusterfs	create-fs	datomic.fressian/fressian-val	1
datomic.clusterfs	create-fs	datomic.monitor/add-stat	1
datomic.clusterfs	create-fs	datomic.slf4j/format-as-msec	1
datomic.clusterfs	create-fs	datomic.slf4j/process	3
datomic.clusterfs	file-chunk-keys	datomic.cluster/uuid->val-key	1
datomic.clusterfs	fressian-chunk-from-channel	datomic.fressian/fressian-val	1
datomic.clusterfs	fressian-chunk-from-channel	datomic.io/alias-buf-bytes	1
datomic.clusterfs	fressian-chunk-from-channel	datomic.io/read-n-bytes	1
datomic.clusterfs	read-handlers	datomic.fressian/clojure-read-handlers	1
datomic.clusterfs	write-handlers	datomic.fressian/clojure-write-handlers	1
datomic.combined-cluster	CombinedCluster	datomic.cluster/close	2
datomic.combined-cluster	CombinedCluster	datomic.cluster/get-ref-store	1
datomic.common	cached-thread-pool	datomic.core2.thread/cached-thread-pool	1
datomic.common	fire	datomic.monitor/alarm	1
datomic.common	fire	datomic.slf4j/warn	1
datomic.common	handoff-thread-pool	datomic.core2.thread/handoff-thread-pool	1
datomic.common	log-and-print	datomic.slf4j/process	1
datomic.common	log-retry	datomic.slf4j/caused-by	1
datomic.common	log-retry	datomic.slf4j/process	2
datomic.common	schedule	datomic.monitor/alarm	1
datomic.common	schedule	datomic.slf4j/caused-by	1
datomic.common	schedule	datomic.slf4j/process	1
datomic.common	thread-pool	datomic.core2.thread/thread-pool	1
datomic.common	with-nano-time	datomic.common/return-or-throw	1
datomic.common	with-nano-time	datomic.common/returning-throwable	1
datomic.config	config-table	datomic.aws-monitor/cloudwatch-reporter	1
datomic.config	property	datomic.error/arg	1
datomic.config	read-system-property	datomic.error/arg	1
datomic.config	validate-properties	datomic.error/arg	2
datomic.config	version	datomic.cli/development-version	1
datomic.config	version	datomic.require/require-and-run	1
datomic.connector	HornetNotifier	datomic.monitor/alarm	1
datomic.connector	HornetNotifier	datomic.slf4j/caused-by	1
datomic.connector	HornetNotifier	datomic.slf4j/process	1
datomic.connector	TransactorHornetConnector	datomic.artemis-client/create-consumer	1
datomic.connector	TransactorHornetConnector	datomic.artemis-client/create-fressian-message	1
datomic.connector	TransactorHornetConnector	datomic.artemis-client/create-producer	1
datomic.connector	TransactorHornetConnector	datomic.artemis-client/create-rpc-client	1
datomic.connector	TransactorHornetConnector	datomic.artemis-client/create-temporary-queue	1
datomic.connector	TransactorHornetConnector	datomic.artemis-client/delete-queue	2
datomic.connector	TransactorHornetConnector	datomic.artemis-client/rpc-request	1
datomic.connector	TransactorHornetConnector	datomic.artemis-client/start-session	3
datomic.connector	TransactorHornetConnector	datomic.cache/clear	2
datomic.connector	TransactorHornetConnector	datomic.common/sync-shutdown	4
datomic.connector	TransactorHornetConnector	datomic.error/report	6
datomic.connector	TransactorHornetConnector	datomic.error/runonce	3
datomic.connector	TransactorHornetConnector	datomic.monitor/alarm	1
datomic.connector	TransactorHornetConnector	datomic.promise/delivered	1
datomic.connector	TransactorHornetConnector	datomic.slf4j/caused-by	1
datomic.connector	TransactorHornetConnector	datomic.slf4j/format-as-msec	2
datomic.connector	TransactorHornetConnector	datomic.slf4j/process	6
datomic.connector	TransactorHornetConnector	datomic.transaction/push-address	1
datomic.connector	TransactorHornetConnector	datomic.transaction/submit-address	1
datomic.connector	TransactorHornetConnector	datomic.transaction/write-handlers	1
datomic.connector	create-hornet-factory	datomic.artemis-client/netty-connector-factory	1
datomic.connector	create-hornet-notifier	datomic.artemis-client/delete-queue	1
datomic.connector	create-hornet-notifier	datomic.artemis-client/read-batch	1
datomic.connector	create-hornet-notifier	datomic.common/sync-shutdown	2
datomic.connector	create-hornet-notifier	datomic.error/runonce	1
datomic.connector	create-hornet-notifier	datomic.monitor/alarm	1
datomic.connector	create-hornet-notifier	datomic.slf4j/caused-by	1
datomic.connector	create-hornet-notifier	datomic.slf4j/format-as-msec	2
datomic.connector	create-hornet-notifier	datomic.slf4j/process	5
datomic.connector	create-hornet-notifier	datomic.transaction/read-handlers	1
datomic.connector	create-transactor-hornet-connector	datomic.config/property	1
datomic.connector	endpoint-error	datomic.slf4j/redact	1
datomic.connector	host-order	datomic.aws-detect/running-in-ec2?	1
datomic.connector	notify	datomic.transaction/peer-message-type	1
datomic.connector	sfb-cache	datomic.cache/create-soft-limited	1
datomic.connector	stop-all-connectors	datomic.cache/cache-keys	1
datomic.connector	stop-all-connectors	datomic.cache/remove	2
datomic.connector	try-hornet-connect	datomic.artemis-client/create-connector	1
datomic.connector	try-hornet-connect	datomic.artemis-client/create-session-factory	1
datomic.connector	try-hornet-connect	datomic.cache/put	1
datomic.connector	try-hornet-connect	datomic.cleanup/register-cleanup	1
datomic.connector	try-hornet-connect	datomic.cleanup/shared-manager-ref	1
datomic.connector	try-hornet-connect	datomic.slf4j/process	3
datomic.coordination	check-peer-version	datomic.config/property	1
datomic.coordination	check-peer-version	datomic.error/arg	2
datomic.coordination	cluster-conf->resolved-conf	datomic.catalog/get-catalog	1
datomic.coordination	cluster-conf->resolved-conf	datomic.catalog/parse-db-conf	1
datomic.coordination	create-cluster	datomic.error/arg	1
datomic.coordination	create-db-cluster	datomic.cluster-stack/cluster-with-cache	1
datomic.coordination	create-db-cluster	datomic.cluster-stack/kv-cache-ref	1
datomic.coordination	create-dev-cluster	datomic.h2/local-jdbc-spec	1
datomic.coordination	create-dev-cluster	datomic.h2/remote-jdbc-spec	1
datomic.coordination	create-dev-cluster	datomic.kv-cluster/kv-cluster	1
datomic.coordination	create-dev-cluster	datomic.kv-sql/from-spec	2
datomic.coordination	db-cache	datomic.cache/create-write-limited	1
datomic.coordination	db-cache	datomic.cache/fn->lookup	1
datomic.coordination	db-cache	datomic.cache/lookup-cache	1
datomic.coordination	init-dev	datomic.h2/init-tcp	1
datomic.coordination	lookup-endpoint	datomic.slf4j/format-as-msec	1
datomic.coordination	lookup-endpoint	datomic.slf4j/process	2
datomic.coordination	vc-password	datomic.codec/bytes->string	1
datomic.coordination	vc-password	datomic.codec/encode-64	1
datomic.coordination-ext	create-cluster	datomic.coordination/create-cluster	1
datomic.coordination-ext	create-cluster	datomic.coordination/create-cluster	1
datomic.coordination-ext	create-cluster	datomic.coordination/create-cluster	1
datomic.coordination-ext	create-cluster	datomic.coordination/create-cluster	1
datomic.coordination-ext	create-cluster	datomic.coordination/create-cluster	1
datomic.coordination-ext	create-cluster	datomic.coordination/create-cluster	1
datomic.coordination-ext	create-cluster	datomic.coordination/create-cluster	1
datomic.coordination-ext	create-cluster	datomic.coordination/create-cluster	1
datomic.coordination-ext	create-cluster	datomic.coordination/create-cluster	1
datomic.coordination-ext	create-cluster	datomic.coordination/create-cluster	1
datomic.coordination-ext	create-cluster	datomic.coordination/create-dev-cluster	1
datomic.coordination-ext	create-cluster	datomic.ddb-cluster/create-connection	1
datomic.coordination-ext	create-cluster	datomic.ddb-cluster/create-connection	1
datomic.coordination-ext	create-cluster	datomic.ddb-s3-cluster/create-connection	1
datomic.coordination-ext	create-cluster	datomic.kv-cassandra/kv-cassandra	1
datomic.coordination-ext	create-cluster	datomic.kv-cassandra2/kv-cassandra	1
datomic.coordination-ext	create-cluster	datomic.kv-cassandra3/kv-cassandra	1
datomic.coordination-ext	create-cluster	datomic.kv-cluster/kv-cluster	1
datomic.coordination-ext	create-cluster	datomic.kv-cluster/kv-cluster	1
datomic.coordination-ext	create-cluster	datomic.kv-cluster/kv-cluster	1
datomic.coordination-ext	create-cluster	datomic.kv-cluster/kv-cluster	1
datomic.coordination-ext	create-cluster	datomic.kv-cluster/kv-cluster	1
datomic.coordination-ext	create-cluster	datomic.kv-cluster/kv-cluster	1
datomic.coordination-ext	create-cluster	datomic.kv-hotrod/kv-infinispan	1
datomic.coordination-ext	create-cluster	datomic.kv-sql-ext/kv-sql	1
datomic.coordination-ext	create-cluster	datomic.require/require-and-run	1
datomic.coordination-ext	create-cluster	datomic.require/require-and-run	1
datomic.coordination-ext	create-cluster	datomic.require/require-and-run	1
datomic.coordination-ext	create-cluster	datomic.require/require-and-run	1
datomic.coordination-ext	create-cluster	datomic.require/require-and-run	1
datomic.coordination-ext	create-cluster	datomic.require/require-and-run	1
datomic.coordination-ext	create-cluster	datomic.require/require-and-run	1
datomic.coordination-ext	create-cluster	datomic.require/require-and-run	1
datomic.coordination-ext	create-cluster	datomic.require/require-and-run	1
datomic.coordination-ext	init-protocol	datomic.coordination/init-dev	1
datomic.coordination-ext	init-protocol	datomic.coordination/init-protocol	1
datomic.core2.anomalies	-slet*	datomic.core2.anomalies/anom	1
datomic.core2.anomalies	ok->	datomic.core2.anomalies/anom	1
datomic.core2.anomalies	returning	datomic.core2.anomalies/fault	1
datomic.core2.async	<!x	datomic.core2.async/channel-closed-error	1
datomic.core2.atom	reset!	datomic.core2.anomalies/anom	1
datomic.core2.atom	swap!	datomic.core2.anomalies/anom	1
datomic.core2.atom.logged	LoggedAtom	datomic.core2.anomalies/anom	17
datomic.core2.atom.logged	LoggedAtom	datomic.core2.anomalies/athrow	1
datomic.core2.atom.logged	LoggedAtom	datomic.core2.log/item-body	1
datomic.core2.atom.logged	LoggedAtom	datomic.core2.log/item-header	1
datomic.core2.atom.logged	LoggedAtom	datomic.core2.log/scan	1
datomic.core2.atom.logged	append-value	datomic.core2.anomalies/anom	1
datomic.core2.atom.logged	append-value	datomic.core2.log/append	1
datomic.core2.atom.logged	create	datomic.core2.anomalies/anom	1
datomic.core2.aws.s3.aws-api	get-bytes	datomic.core2.anomalies/anom	1
datomic.core2.aws.s3.aws-api	get-bytes	datomic.core2.anomalies/fault	1
datomic.core2.aws.s3.aws-api	get-bytes	datomic.core2.async/channel-closed-error	1
datomic.core2.log	ensure-tombstone	datomic.core2.anomalies/anom	1
datomic.core2.log	scan	datomic.core2.log.spi/normalize-scan-opts	1
datomic.core2.log.ddb	Log	datomic.core2.anomalies/anom	1
datomic.core2.log.ddb	Log	datomic.core2.async/put-all!	1
datomic.core2.log.ddb	Log	datomic.core2.aws.ddb/query-range-request	1
datomic.core2.log.ddb	append-request	datomic.core2.aws.ddb/conditional-put-request	1
datomic.core2.log.ddb	ddb-item->log-item	datomic.core2.aws.ddb/de-item-map	1
datomic.core2.log.mem	Log	datomic.core2.algo.search/binary-search	1
datomic.core2.log.mem	Log	datomic.core2.algo.search/fn-comparator	1
datomic.core2.log.mem	Log	datomic.core2.log.spi/result	2
datomic.core2.thread	pthread	datomic.core2.thread/pthread-fn	1
datomic.core2.val-store.double-store	ValStore	datomic.core2.anomalies/anom	1
datomic.core2.val-store.double-store	ValStore	datomic.core2.anomalies/ok?	1
datomic.core2.val-store.double-store	ValStore	datomic.core2.async/channel-closed-error	1
datomic.core2.val-store.double-store	ValStore	datomic.core2.val-store/delete	2
datomic.core2.val-store.double-store	ValStore	datomic.core2.val-store/get	2
datomic.core2.val-store.double-store	ValStore	datomic.core2.val-store/put	3
datomic.core2.val-store.fs	FS	datomic.core2.thread/pfuture-ch	3
datomic.core2.val-store.fs	FS	datomic.core2.val-store.spi/no-val-error	1
datomic.core2.val-store.fs	FS	datomic.core2.val-store.spi/partition-key	1
datomic.core2.val-store.fs	FS	datomic.core2.val-store.spi/splice-partition-key	1
datomic.core2.val-store.fs	wrap-metric-handler	datomic.core2.anomalies/anom	1
datomic.core2.val-store.fs	wrap-metric-handler	datomic.core2.val-store.spi/val-op-succeeded?	1
datomic.core2.val-store.fs	wrap-op	datomic.core2.anomalies/fault	1
datomic.core2.val-store.s3	go-with-metrics	datomic.core2.anomalies/anom	1
datomic.core2.val-store.s3	go-with-metrics	datomic.core2.async/channel-closed-error	1
datomic.core2.val-store.s3	go-with-metrics	datomic.core2.val-store.spi/val-op-succeeded?	1
datomic.core2.val-store.s3	retry-handler	datomic.core2.anomalies/ok?	1
datomic.core2.val-store.s3	retry-handler	datomic.core2.retry/calc-exp-backoff	1
datomic.core2.val-store.s3	retry-handler	datomic.core2.retry/full-jitter	1
datomic.core2.val-store.s3	retry-handler	datomic.core2.retry/limiting-retry	1
datomic.core2.val-store.s3	retry-handler	datomic.core2.retry/retry	1
datomic.core2.val-store.s3	storage-key	datomic.core2.val-store.spi/partition-key	1
datomic.core2.val-store.s3	storage-key	datomic.core2.val-store.spi/splice-partition-key	1
datomic.core2.val-store.s3	wrap-metric-handler	datomic.core2.anomalies/anom	1
datomic.core2.val-store.s3	wrap-metric-handler	datomic.core2.val-store.spi/val-op-succeeded?	1
datomic.core2.val-store.s3.aws-api	ValStore	datomic.core2.anomalies/anom	1
datomic.core2.val-store.s3.aws-api	ValStore	datomic.core2.anomalies/not-found?	1
datomic.core2.val-store.s3.aws-api	ValStore	datomic.core2.anomalies/ok?	2
datomic.core2.val-store.s3.aws-api	ValStore	datomic.core2.async/channel-closed-error	3
datomic.core2.val-store.s3.aws-api	ValStore	datomic.core2.aws.s3.aws-api/delete-object-request	1
datomic.core2.val-store.s3.aws-api	ValStore	datomic.core2.aws.s3.aws-api/get-bytes	1
datomic.core2.val-store.s3.aws-api	ValStore	datomic.core2.aws.s3.aws-api/put-object-request	1
datomic.core2.val-store.s3.aws-api	ValStore	datomic.core2.val-store.s3/go-with-metrics	3
datomic.core2.val-store.s3.aws-api	ValStore	datomic.core2.val-store.s3/storage-key	3
datomic.core2.val-store.s3.aws-api	ValStore	datomic.core2.val-store.spi/no-val-error	1
datomic.core2.val-store.s3.sdkv1	ValStore	datomic.core2.aws.s3.sdkv1/delete-object	1
datomic.core2.val-store.s3.sdkv1	ValStore	datomic.core2.aws.s3.sdkv1/get-bytes	1
datomic.core2.val-store.s3.sdkv1	ValStore	datomic.core2.aws.s3.sdkv1/put-object	1
datomic.core2.val-store.s3.sdkv1	ValStore	datomic.core2.aws.s3.sdkv1/wrap-ex-handler	1
datomic.core2.val-store.s3.sdkv1	ValStore	datomic.core2.thread/pfuture-ch	3
datomic.core2.val-store.s3.sdkv1	ValStore	datomic.core2.val-store.s3/storage-key	4
datomic.core2.val-store.s3.sdkv1	ValStore	datomic.core2.val-store.s3/wrap-metric-handler	1
datomic.core2.val-store.s3.sdkv1	ValStore	datomic.core2.val-store.spi/no-val-error	1
datomic.crypto	combine-fragments	datomic.codec/decode-64	2
datomic.crypto	combine-fragments	datomic.codec/string->bytes	2
datomic.crypto	decrypt	datomic.codec/bytes->string	1
datomic.crypto	decrypt-pk	datomic.codec/bytes->string	1
datomic.crypto	deser-key	datomic.codec/decode-64	1
datomic.crypto	deser-key	datomic.codec/string->bytes	1
datomic.crypto	encrypt	datomic.codec/string->bytes	1
datomic.crypto	encrypt-pk	datomic.codec/string->bytes	1
datomic.crypto	mac	datomic.codec/bytes->string	1
datomic.crypto	mac	datomic.codec/encode-64	1
datomic.crypto	mac	datomic.codec/string->bytes	1
datomic.crypto	random-string	datomic.codec/bytes->string	1
datomic.crypto	random-string	datomic.codec/encode-64	1
datomic.crypto	ser-key	datomic.codec/bytes->string	1
datomic.crypto	ser-key	datomic.codec/encode-64	1
datomic.crypto	spec->public-key	datomic.codec/decode-64	1
datomic.crypto	spec->public-key	datomic.codec/string->bytes	1
datomic.crypto	split-key	datomic.codec/bytes->string	1
datomic.crypto	split-key	datomic.codec/encode-64	1
datomic.crypto	validate-hmac	datomic.io/valid-buf-limit?	1
datomic.datafy	define-data-to-object	datomic.datafy/data-to-object	2
datomic.datafy	define-list-valued-property-to-object	datomic.datafy/list-property-types	1
datomic.datafy	define-map-valued-property-to-object	datomic.datafy/map-property-types	1
datomic.datafy	define-method-to-fn	datomic.datafy/data-to-object	1
datomic.datafy	define-object-to-data	datomic.datafy/ObjectToData	1
datomic.datafy	invoke-getter	datomic.datafy/object-to-data-wrapper	1
datomic.datafy	invoke-setter	datomic.datafy/property-to-object	1
datomic.datalog	attr?	datomic.db/resolve-id	1
datomic.datalog	binding-type	datomic.error/arg	1
datomic.datalog	compile-expr-clause	datomic.datalog/scalar->rel	1
datomic.datalog	compile-expr-clause	datomic.datalog/tuple	1
datomic.datalog	compile-expr-clause	datomic.datalog/tuple->rel	1
datomic.datalog	dbrel	datomic.db/attribute	1
datomic.datalog	dbrel	datomic.db/normalize-kw	1
datomic.datalog	dbrel	datomic.db/require-id	1
datomic.datalog	eval-clause	datomic.error/arg	1
datomic.datalog	normalize-or-join	datomic.error/arg	1
datomic.datalog	qmapv	datomic.common/pooled-mapv	1
datomic.datalog	query-pool	datomic.common/thread-pool	1
datomic.datalog	query-pool	datomic.config/property	1
datomic.datalog	ranges	datomic.extensions/<	1
datomic.datalog	ranges	datomic.extensions/<=	1
datomic.datalog	resolve-id	datomic.db/resolve-id	1
datomic.datalog	rule-cache	datomic.cache/create-computing	1
datomic.datalog	sched-in-order	datomic.common/split-filter	3
datomic.datalog	sched-in-order	datomic.error/arg	1
datomic.db	ALTER_ATTRIBUTE	datomic.db/BOOT-IDS	1
datomic.db	ATTR_CODE	datomic.db/BOOT-IDS	1
datomic.db	ATTR_INSTANT	datomic.db/BOOT-IDS	1
datomic.db	ATTR_LANG	datomic.db/BOOT-IDS	1
datomic.db	AVof	datomic.common/compare	1
datomic.db	CARDINALITY	datomic.db/BOOT-IDS	1
datomic.db	CARDINALITY_MANY	datomic.db/BOOT-IDS	1
datomic.db	CARDINALITY_ONE	datomic.db/BOOT-IDS	1
datomic.db	DB_FN	datomic.db/BOOT-IDS	1
datomic.db	Datum	datomic.common/compare	1
datomic.db	Datum	datomic.db/eid->eidx	1
datomic.db	Datum	datomic.db/eid->part	1
datomic.db	Datum	datomic.db/make-eid	1
datomic.db	Db	datomic.btset/seek	20
datomic.db	Db	datomic.common/equals-with-strict-scale	1
datomic.db	Db	datomic.db/add-log	2
datomic.db	Db	datomic.db/aevt-cmp	1
datomic.db	Db	datomic.db/as-of-t	2
datomic.db	Db	datomic.db/attr-index-range	1
datomic.db	Db	datomic.db/attr-info	1
datomic.db	Db	datomic.db/avet-cmp	1
datomic.db	Db	datomic.db/datoms	1
datomic.db	Db	datomic.db/dget	2
datomic.db	Db	datomic.db/eavt-cmp	1
datomic.db	Db	datomic.db/entid-at	1
datomic.db	Db	datomic.db/entity-error-desc	1
datomic.db	Db	datomic.db/find-aevt	1
datomic.db	Db	datomic.db/find-avet	1
datomic.db	Db	datomic.db/get-hook	3
datomic.db	Db	datomic.db/growvec	2
datomic.db	Db	datomic.db/invoke	1
datomic.db	Db	datomic.db/long-add!	5
datomic.db	Db	datomic.db/raet-cmp	1
datomic.db	Db	datomic.db/require-id	1
datomic.db	Db	datomic.db/require-kw	1
datomic.db	Db	datomic.db/resolve-id	2
datomic.db	Db	datomic.db/resolve-kw	1
datomic.db	Db	datomic.db/retracting-datum	1
datomic.db	Db	datomic.db/retracts?	1
datomic.db	Db	datomic.db/reverse-key?	1
datomic.db	Db	datomic.db/seek-datoms	1
datomic.db	Db	datomic.db/to-kw	1
datomic.db	Db	datomic.db/updates-v?	1
datomic.db	Db	datomic.db/user-proc?	1
datomic.db	Db	datomic.db/with-tx+opts	1
datomic.db	Db	datomic.error/arg	3
datomic.db	Db	datomic.error/state	1
datomic.db	Db	datomic.iter/iterable	1
datomic.db	Db	datomic.iter/merge-iters	4
datomic.db	EAVof	datomic.common/compare	1
datomic.db	EXCISE_ATTRS	datomic.db/BOOT-IDS	1
datomic.db	EXCISE_BEFORE	datomic.db/BOOT-IDS	1
datomic.db	EXCISE_BEFORE_T	datomic.db/BOOT-IDS	1
datomic.db	FULLTEXT	datomic.db/BOOT-IDS	1
datomic.db	IDENT	datomic.db/BOOT-IDS	1
datomic.db	INDEX	datomic.db/BOOT-IDS	1
datomic.db	INSTALL_ATTRIBUTE	datomic.db/BOOT-IDS	1
datomic.db	INSTALL_FUNCTION	datomic.db/BOOT-IDS	1
datomic.db	INSTALL_PARTITION	datomic.db/BOOT-IDS	1
datomic.db	INSTALL_VTYPE	datomic.db/BOOT-IDS	1
datomic.db	IS_COMPONENT	datomic.db/BOOT-IDS	1
datomic.db	LANG_CLOJURE	datomic.db/BOOT-IDS	1
datomic.db	LANG_JAVA	datomic.db/BOOT-IDS	1
datomic.db	MAX_SCHEMA_LEVEL	datomic.db/bootstrap-txes	1
datomic.db	NO_HISTORY	datomic.db/BOOT-IDS	1
datomic.db	OP_ASSERT	datomic.db/BOOT-IDS	1
datomic.db	OP_EXCISE	datomic.db/BOOT-IDS	1
datomic.db	OP_RETRACT	datomic.db/BOOT-IDS	1
datomic.db	PART_SYS	datomic.db/BOOT-IDS	1
datomic.db	PART_TX	datomic.db/BOOT-IDS	1
datomic.db	PART_USER	datomic.db/BOOT-IDS	1
datomic.db	PartitionRequests	datomic.db/eid->part	5
datomic.db	PartitionRequests	datomic.db/reserved-partition?	3
datomic.db	PartitionRequests	datomic.error/arg	1
datomic.db	ProcessExpander	datomic.db/add-tempids-to-errors	1
datomic.db	ProcessExpander	datomic.db/asserting-datum	3
datomic.db	ProcessExpander	datomic.db/calc-tempids	1
datomic.db	ProcessExpander	datomic.db/composites-prefetcher	1
datomic.db	ProcessExpander	datomic.db/datom-tuple-attrs	1
datomic.db	ProcessExpander	datomic.db/eid->part	1
datomic.db	ProcessExpander	datomic.db/filter-assess-tx-datoms	1
datomic.db	ProcessExpander	datomic.db/for-side-effects	1
datomic.db	ProcessExpander	datomic.db/generate-composites	1
datomic.db	ProcessExpander	datomic.db/get-ids	1
datomic.db	ProcessExpander	datomic.db/has-tx-inst?	1
datomic.db	ProcessExpander	datomic.db/install-attrs	1
datomic.db	ProcessExpander	datomic.db/local-tuple	1
datomic.db	ProcessExpander	datomic.db/long-add!	3
datomic.db	ProcessExpander	datomic.db/make-eid	2
datomic.db	ProcessExpander	datomic.db/next-valid-inst	1
datomic.db	ProcessExpander	datomic.db/prefetch-identity	1
datomic.db	ProcessExpander	datomic.db/prefetch-redundancy+uniqueness	2
datomic.db	ProcessExpander	datomic.db/require-attr	2
datomic.db	ProcessExpander	datomic.db/resolve-procid	1
datomic.db	ProcessExpander	datomic.db/retracting-datum	2
datomic.db	ProcessExpander	datomic.db/system-eid	1
datomic.db	ProcessExpander	datomic.db/tempid?	4
datomic.db	ProcessExpander	datomic.error/arg	2
datomic.db	ProcessInpoint	datomic.db/expand-map	1
datomic.db	ProcessInpoint	datomic.db/force-map-keywords	1
datomic.db	ProcessInpoint	datomic.db/inject-retracts!	1
datomic.db	ProcessInpoint	datomic.db/require-attr	1
datomic.db	ProcessInpoint	datomic.db/require-id	1
datomic.db	ProcessInpoint	datomic.db/resolve-id	1
datomic.db	ProcessInpoint	datomic.db/validated-v-for-attr	1
datomic.db	ProcessInpoint	datomic.error/arg	1
datomic.db	SYSTEM_TX	datomic.db/BOOT-IDS	1
datomic.db	SYS_PARTIALLY_INDEXED	datomic.db/BOOT-IDS	1
datomic.db	SYS_RE_ID	datomic.db/BOOT-IDS	1
datomic.db	TYPE_BYTES	datomic.db/BOOT-IDS	1
datomic.db	TYPE_KEYWORD	datomic.db/BOOT-IDS	1
datomic.db	TYPE_LONG	datomic.db/BOOT-IDS	1
datomic.db	TYPE_REF	datomic.db/BOOT-IDS	1
datomic.db	UNIQUE	datomic.db/BOOT-IDS	1
datomic.db	UNIQUE_IDENTITY	datomic.db/BOOT-IDS	1
datomic.db	UNIQUE_VALUE	datomic.db/BOOT-IDS	1
datomic.db	VALUE_TYPE	datomic.db/BOOT-IDS	1
datomic.db	accept-index	datomic.btset/seek	2
datomic.db	accept-index	datomic.db/dget	1
datomic.db	accept-index	datomic.db/fulltext?	1
datomic.db	accept-index	datomic.db/mem-index-set	1
datomic.db	accept-index	datomic.db/recalc-elements	1
datomic.db	accept-index	datomic.db/trim-log	1
datomic.db	accept-index	datomic.fulltext-index/update-fulltext	1
datomic.db	accept-index	datomic.iter/filter	1
datomic.db	accept-index	datomic.iter/inext	1
datomic.db	accept-index	datomic.iter/iter-seq	1
datomic.db	accept-index	datomic.monitor/add-stat	1
datomic.db	accept-index	datomic.slf4j/format-as-msec	1
datomic.db	accept-index	datomic.slf4j/process	2
datomic.db	accept-txes	datomic.db/accept-data-no-check	1
datomic.db	accept-txes	datomic.db/add-fulltext	1
datomic.db	add-avet	datomic.btset/seek	1
datomic.db	add-avet	datomic.db/attribute	1
datomic.db	add-avet	datomic.db/can-immediately-toggle-storage-has-avet?	1
datomic.db	add-avet	datomic.db/datum	1
datomic.db	add-avet	datomic.db/set-element-fields	2
datomic.db	add-avet	datomic.iter/iter-seq	1
datomic.db	add-avet	datomic.iter/take-while	1
datomic.db	add-constituents	datomic.db/require-attrid	1
datomic.db	add-ensured-data	datomic.db/ensure-datom?	1
datomic.db	add-ensured-data	datomic.db/ensure-tx	1
datomic.db	add-ensured-data	datomic.db/long-add!	1
datomic.db	add-fn-src	datomic.db/tempid	1
datomic.db	add-fulltext	datomic.db/fulltext?	1
datomic.db	add-fulltext	datomic.fulltext-index/update-fulltext	1
datomic.db	add-fulltext	datomic.monitor/add-stat	1
datomic.db	add-fulltext	datomic.slf4j/format-as-msec	1
datomic.db	add-fulltext	datomic.slf4j/process	2
datomic.db	add-hook	datomic.db/growvec	1
datomic.db	add-hook	datomic.db/hooks	2
datomic.db	add-unique	datomic.db/attribute	1
datomic.db	add-unique	datomic.db/can-immediately-toggle-storage-has-avet?	1
datomic.db	add-unique	datomic.db/entity-error-desc	2
datomic.db	add-unique	datomic.db/set-element-fields	2
datomic.db	add-unique	datomic.db/unique-violator	1
datomic.db	add-upgrade-data	datomic.db/resolve-id	1
datomic.db	aevt-cmp	datomic.common/compare	1
datomic.db	aevt-cmp	datomic.db/assertion-policy-compare	1
datomic.db	alter-attribute	datomic.db/attr-hook-attr-ids	1
datomic.db	alter-attribute	datomic.db/entity-error-desc	1
datomic.db	alter-attribute	datomic.db/find-alter-fn	1
datomic.db	alter-attribute	datomic.db/get-entity	2
datomic.db	alter-attribute	datomic.db/reserved-keyword?	1
datomic.db	alter-attribute	datomic.error/arg	1
datomic.db	alter-attribute-hook	datomic.db/alter-attribute	1
datomic.db	alter-attribute-hook	datomic.db/entity-error-desc	1
datomic.db	alter-attribute-hook	datomic.db/installed-attribute?	1
datomic.db	alter-attribute-hook	datomic.db/validate-hook-target	1
datomic.db	alter-attribute-hook	datomic.error/arg	2
datomic.db	alter-fns	datomic.db/add-avet	1
datomic.db	alter-fns	datomic.db/add-unique	2
datomic.db	alter-fns	datomic.db/card-many->card-one	1
datomic.db	alter-fns	datomic.db/card-one->card-many	1
datomic.db	alter-fns	datomic.db/create-simple-alter	3
datomic.db	alter-fns	datomic.db/drop-avet	1
datomic.db	alter-fns	datomic.db/drop-unique	2
datomic.db	as-of-t	datomic.db/datum	1
datomic.db	as-of-t	datomic.db/dget	1
datomic.db	as-of-t	datomic.db/eid->eidx	1
datomic.db	as-of-t	datomic.db/resolve-id	1
datomic.db	attr-index-range	datomic.common/compare	1
datomic.db	attr-index-range	datomic.db/datum	1
datomic.db	attr-index-range	datomic.db/require-id	1
datomic.db	attr-index-range	datomic.db/windowed	1
datomic.db	attr-index-range	datomic.error/arg	1
datomic.db	attr-info	datomic.db/attribute	1
datomic.db	attr-info	datomic.db/resolve-id	1
datomic.db	attr-tuple-attrs	datomic.db/require-attr	1
datomic.db	attrs-missing-hooks	datomic.db/attr-hook-attr-ids	1
datomic.db	attrs-missing-hooks	datomic.db/schema-hook-attrs	1
datomic.db	avet-cmp	datomic.common/compare	1
datomic.db	avet-cmp	datomic.db/assertion-policy-compare	1
datomic.db	base-bootstrap-db	datomic.db/bootstrap-db*	1
datomic.db	bootstrap-data-upgrades	datomic.db/BOOT-IDS	1
datomic.db	bootstrap-db	datomic.common/squuid	1
datomic.db	bootstrap-db	datomic.db/base-bootstrap-db	1
datomic.db	bootstrap-db*	datomic.db/add-fulltext	1
datomic.db	bootstrap-db*	datomic.db/asserting-datum	1
datomic.db	bootstrap-db*	datomic.db/bootstrap-data	1
datomic.db	bootstrap-db*	datomic.db/bootstrap-maybe-resolve	1
datomic.db	bootstrap-db*	datomic.db/bootstrap-txes	1
datomic.db	bootstrap-db*	datomic.db/finish-init	1
datomic.db	bootstrap-db*	datomic.db/init-db	1
datomic.db	bootstrap-db*	datomic.db/resolve-id	2
datomic.db	bootstrap-db*	datomic.db/run-hooks	1
datomic.db	bootstrap-maybe-resolve	datomic.db/resolve-id	1
datomic.db	bootstrap-txes	datomic.db/db-docs	1
datomic.db	bootstrap-txes	datomic.db/system-data-fns	1
datomic.db	caching-normalize	datomic.error/arg	1
datomic.db	can-immediately-toggle-storage-has-avet?	datomic.db/has-background-indexing?	1
datomic.db	can-immediately-toggle-storage-has-avet?	datomic.db/has-values?	1
datomic.db	canonicalize-v	datomic.db/wrong-type-for-attribute	1
datomic.db	card-many->card-one	datomic.db/card-one-violator	1
datomic.db	card-many->card-one	datomic.db/set-element-fields	1
datomic.db	card-one->card-many	datomic.db/attribute	1
datomic.db	card-one->card-many	datomic.db/constituent-of	1
datomic.db	card-one-violator	datomic.db/asserting-datum	1
datomic.db	cloud-compat-validator	datomic.db/on-prem-only-aids	1
datomic.db	cloud-compat-validator	datomic.db/on-prem-only-vts	1
datomic.db	cloud-compat-validator	datomic.error/arg	1
datomic.db	complete-indexing	datomic.db/recalc-elements	1
datomic.db	complete-indexing	datomic.db/trim-log	1
datomic.db	composites-prefetcher	datomic.db/prefetch-constituents	1
datomic.db	constituent-of	datomic.db/supports-tuples?	1
datomic.db	create-attr-pred	datomic.common/requiring-resolve!	1
datomic.db	create-attr-pred	datomic.error/arg	2
datomic.db	create-attribute	datomic.db/create-attr-pred	1
datomic.db	create-attribute	datomic.db/map->Attribute	1
datomic.db	create-attribute	datomic.db/require-attr	1
datomic.db	create-card-one-validator	datomic.db/attribute	1
datomic.db	create-card-one-validator	datomic.db/datoms-conflict	1
datomic.db	create-cloud-compat-validator	datomic.db/cloud-compat-validator	1
datomic.db	create-composite	datomic.common/compare	1
datomic.db	create-composite	datomic.db/->EAOpof	2
datomic.db	create-composite	datomic.db/asserting-datum	2
datomic.db	create-composite	datomic.db/attribute	1
datomic.db	create-composite	datomic.db/ea->v	2
datomic.db	create-composite	datomic.db/retracting-datum	2
datomic.db	create-op-validator	datomic.db/datoms-conflict	1
datomic.db	create-schema-validator	datomic.common/compare	1
datomic.db	create-schema-validator	datomic.db/attribute	1
datomic.db	create-schema-validator	datomic.db/datom-error-desc	1
datomic.db	create-schema-validator	datomic.db/dget	1
datomic.db	create-schema-validator	datomic.db/find-eavt	1
datomic.db	create-schema-validator	datomic.db/get-part	1
datomic.db	create-schema-validator	datomic.db/system-schema-datom?	1
datomic.db	create-schema-validator	datomic.error/arg	1
datomic.db	create-unique-value-validator	datomic.db/attribute	1
datomic.db	create-unique-value-validator	datomic.db/datoms-conflict	1
datomic.db	data-needs-index?	datomic.db/t-needing-index-job	1
datomic.db	datom-error-desc	datomic.db/attribute	1
datomic.db	datom-error-desc	datomic.db/entity-error-desc	3
datomic.db	datom-error-desc	datomic.db/v-error-desc	1
datomic.db	datom-tuple-attrs	datomic.db/attr-tuple-attrs	1
datomic.db	datoms	datomic.common/compare	1
datomic.db	datoms	datomic.db/attribute	1
datomic.db	datoms	datomic.db/datum	1
datomic.db	datoms	datomic.db/eid->eidx	1
datomic.db	datoms	datomic.db/maybe-require-ids	1
datomic.db	datoms	datomic.db/resolve-id	2
datomic.db	datoms	datomic.db/windowed	1
datomic.db	datoms	datomic.error/arg	1
datomic.db	datoms	datomic.iter/iterable	1
datomic.db	datoms-conflict	datomic.db/datom-error-desc	2
datomic.db	datoms-conflict	datomic.error/argd	1
datomic.db	datum	datomic.db/asserting-datum	1
datomic.db	datum	datomic.db/resolve-id	2
datomic.db	datum	datomic.db/retracting-datum	1
datomic.db	db	datomic.db/find-last-tx	1
datomic.db	db	datomic.db/finish-init	1
datomic.db	db	datomic.db/load-builtins	1
datomic.db	db	datomic.db/mem-index-set	1
datomic.db	db	datomic.db/memlog	1
datomic.db	db	datomic.db/run-hooks	1
datomic.db	default-partition	datomic.config/property	1
datomic.db	default-partition	datomic.db/explicit-partition	1
datomic.db	default-prefetch-executor	datomic.config/property	2
datomic.db	default-prefetch-executor	datomic.core2.thread/daemon-factory	1
datomic.db	dget	datomic.iter/iget	1
datomic.db	drop-avet	datomic.db/attribute	1
datomic.db	drop-avet	datomic.db/set-element-fields	2
datomic.db	drop-unique	datomic.db/attribute	1
datomic.db	drop-unique	datomic.db/set-element-fields	2
datomic.db	ea->v	datomic.db/datoms	1
datomic.db	eavt-cmp	datomic.common/compare	1
datomic.db	eavt-cmp	datomic.db/assertion-policy-compare	1
datomic.db	empty-tx-stat-registers	datomic.db/tx-stat-keys	1
datomic.db	ensure-datom?	datomic.db/system-eid	1
datomic.db	ensure-entity!	datomic.db/ensure-pred	2
datomic.db	ensure-entity!	datomic.db/entity-error-desc	1
datomic.db	ensure-entity!	datomic.db/missing-attrs	1
datomic.db	ensure-entity!	datomic.error/arg	1
datomic.db	ensure-pred	datomic.common/requiring-resolve!	1
datomic.db	ensure-pred	datomic.db/entity-error-desc	1
datomic.db	ensure-pred	datomic.error/arg	1
datomic.db	ensure-tx	datomic.db/ensure-datom?	2
datomic.db	ensure-tx	datomic.db/ensure-entity!	2
datomic.db	entid-at	datomic.db/datum	1
datomic.db	entid-at	datomic.db/dget	1
datomic.db	entid-at	datomic.db/eid->eidx	1
datomic.db	entid-at	datomic.db/eid->part	1
datomic.db	entid-at	datomic.db/make-eid	1
datomic.db	entid-at	datomic.db/partbits	1
datomic.db	expand-map	datomic.db/expand-submap	1
datomic.db	expand-map	datomic.db/forward-attr	1
datomic.db	expand-map	datomic.db/nested-entity-map?	1
datomic.db	expand-map	datomic.db/process-force-partition	1
datomic.db	expand-map	datomic.db/process-match-partition	1
datomic.db	expand-map	datomic.db/require-attr	1
datomic.db	expand-map	datomic.db/resolve-kw	1
datomic.db	expand-map	datomic.db/tempid	1
datomic.db	expand-submap	datomic.db/attribute	1
datomic.db	expand-submap	datomic.db/expand-map	1
datomic.db	expand-submap	datomic.db/force-map-keywords	1
datomic.db	expand-submap	datomic.db/make-child-id	1
datomic.db	expand-submap	datomic.db/normalize-map	1
datomic.db	extended-resolve-id	datomic.db/resolve-dbid	1
datomic.db	extended-resolve-id	datomic.db/resolve-lookup-ref	1
datomic.db	filter-assess-tx-datoms	datomic.db/asserting-datum	1
datomic.db	filter-assess-tx-datoms	datomic.db/attribute	1
datomic.db	filter-assess-tx-datoms	datomic.db/attrs-missing-hooks	1
datomic.db	filter-assess-tx-datoms	datomic.db/create-card-one-validator	1
datomic.db	filter-assess-tx-datoms	datomic.db/create-cloud-compat-validator	1
datomic.db	filter-assess-tx-datoms	datomic.db/create-deduper	1
datomic.db	filter-assess-tx-datoms	datomic.db/create-op-validator	1
datomic.db	filter-assess-tx-datoms	datomic.db/create-schema-validator	1
datomic.db	filter-assess-tx-datoms	datomic.db/create-unique-value-validator	1
datomic.db	filter-assess-tx-datoms	datomic.db/datom-error-desc	1
datomic.db	filter-assess-tx-datoms	datomic.db/new-ents-not-installed	1
datomic.db	filter-assess-tx-datoms	datomic.error/argd	1
datomic.db	filter-retractions	datomic.common/compare	1
datomic.db	filter-retractions	datomic.db/dget	2
datomic.db	filter-retractions	datomic.iter/iget	1
datomic.db	filter-retractions	datomic.iter/inext	2
datomic.db	find-aevt	datomic.common/compare	2
datomic.db	find-aevt	datomic.db/datum	2
datomic.db	find-aevt	datomic.db/dget	1
datomic.db	find-aevt	datomic.db/filter-retractions	1
datomic.db	find-aevt	datomic.db/require-attrid	1
datomic.db	find-aevt	datomic.iter/take-while	1
datomic.db	find-alter-fn	datomic.db/alter-fns	1
datomic.db	find-alter-fn	datomic.db/create-attr-pred	1
datomic.db	find-alter-fn	datomic.db/entity-error-desc	4
datomic.db	find-alter-fn	datomic.db/system-eid	1
datomic.db	find-avet	datomic.common/compare	2
datomic.db	find-avet	datomic.db/datum	1
datomic.db	find-avet	datomic.db/dget	1
datomic.db	find-avet	datomic.db/filter-retractions	1
datomic.db	find-avet	datomic.db/require-attrid	1
datomic.db	find-avet	datomic.iter/take-while	1
datomic.db	find-eavt	datomic.common/compare	2
datomic.db	find-eavt	datomic.db/datum	2
datomic.db	find-eavt	datomic.db/dget	1
datomic.db	find-eavt	datomic.db/filter-retractions	1
datomic.db	find-eavt	datomic.db/require-attrid	1
datomic.db	find-eavt	datomic.iter/take-while	1
datomic.db	find-last-tx	datomic.btset/seek	2
datomic.db	find-last-tx	datomic.db/asserting-datum	1
datomic.db	find-last-tx	datomic.db/eavt-cmp	1
datomic.db	find-last-tx	datomic.db/make-eid	1
datomic.db	find-last-tx	datomic.iter/merge-iters	1
datomic.db	find-last-tx	datomic.iter/take-while	1
datomic.db	find-raet	datomic.db/datum	1
datomic.db	find-raet	datomic.db/dget	1
datomic.db	find-raet	datomic.db/filter-retractions	1
datomic.db	find-raet	datomic.db/require-attrid	1
datomic.db	find-raet	datomic.db/resolve-id	1
datomic.db	find-raet	datomic.iter/take-while	1
datomic.db	finish-init	datomic.db/add-system-eids	1
datomic.db	finish-init	datomic.db/add-upgrade-data	1
datomic.db	finish-init	datomic.db/bootstrap-data-upgrades	1
datomic.db	force-map-keywords	datomic.db/resolve-id	1
datomic.db	force-map-keywords	datomic.db/to-kw	1
datomic.db	force-map-keywords	datomic.error/arg	1
datomic.db	fulltext-attrs	datomic.db/fulltext?	1
datomic.db	fulltext-attrs	datomic.db/get-entity	1
datomic.db	fulltext?	datomic.db/resolve-id	1
datomic.db	functional-attr-ids	datomic.db/attr-hook-attr-ids	1
datomic.db	generate-composites	datomic.db/create-composite	1
datomic.db	generate-composites	datomic.db/long-add!	2
datomic.db	get-eidx	datomic.db/eid->eidx	1
datomic.db	get-entity	datomic.db/datum	1
datomic.db	get-entity	datomic.db/dget	1
datomic.db	get-entity	datomic.db/resolve-id	1
datomic.db	get-entity	datomic.db/resolve-kw	1
datomic.db	get-entity	datomic.db/windowed	1
datomic.db	get-entity	datomic.iter/inext	1
datomic.db	get-hook	datomic.db/hooks	2
datomic.db	get-ids	datomic.db/default-partition	1
datomic.db	get-ids	datomic.db/dget	1
datomic.db	get-ids	datomic.db/eid->eidx	1
datomic.db	get-ids	datomic.db/find-avet	1
datomic.db	get-ids	datomic.db/make-eid	3
datomic.db	get-ids	datomic.db/require-attr	1
datomic.db	get-ids	datomic.db/tempid?	1
datomic.db	get-ids	datomic.db/valid-partbits?	1
datomic.db	get-ids	datomic.error/arg	2
datomic.db	get-part	datomic.db/eid->part	1
datomic.db	get-prefetch-dispatcher	datomic.db/default-prefetch-executor	1
datomic.db	has-memory-index?	datomic.db/mem-index-set	1
datomic.db	has-tx-inst?	datomic.common/compare	2
datomic.db	has-tx-inst?	datomic.db/dget	1
datomic.db	has-tx-inst?	datomic.db/find-eavt	1
datomic.db	has-tx-inst?	datomic.db/get-eidx	1
datomic.db	has-tx-inst?	datomic.db/get-part	1
datomic.db	has-tx-inst?	datomic.db/make-eid	1
datomic.db	has-tx-inst?	datomic.error/arg	4
datomic.db	has-unique-id?	datomic.db/require-attr	1
datomic.db	has-values?	datomic.db/datoms	1
datomic.db	id-literal	datomic.db/next-id	1
datomic.db	ident-setting-datoms	datomic.db/aevt-cmp	1
datomic.db	ident-setting-datoms	datomic.db/assertion?	1
datomic.db	ident-setting-datoms	datomic.db/datum	3
datomic.db	ident-setting-datoms	datomic.iter/filter	1
datomic.db	ident-setting-datoms	datomic.iter/iter-seq	1
datomic.db	ident-setting-datoms	datomic.iter/merge-iters	1
datomic.db	ident-setting-datoms	datomic.iter/take-while	1
datomic.db	implicit-part	datomic.db/make-eid	1
datomic.db	implicit-part	datomic.error/arg	1
datomic.db	implicit-part-id	datomic.db/eid->eidx	1
datomic.db	implicit-part-id	datomic.db/eid->part	1
datomic.db	index-sort->cmp	datomic.db/aevt-cmp	1
datomic.db	index-sort->cmp	datomic.db/avet-cmp	1
datomic.db	index-sort->cmp	datomic.db/eavt-cmp	1
datomic.db	index-sort->cmp	datomic.db/raet-cmp	1
datomic.db	init-db	datomic.db/BOOT-IDS	1
datomic.db	init-db	datomic.db/MAX_SCHEMA_LEVEL	2
datomic.db	init-db	datomic.db/add-fulltext	1
datomic.db	init-db	datomic.db/asserting-datum	1
datomic.db	init-db	datomic.db/load-builtins	1
datomic.db	init-db	datomic.db/mem-index-set	1
datomic.db	init-db	datomic.db/memlog	1
datomic.db	init-db	datomic.db/require-kw	1
datomic.db	inject-retracts!	datomic.db/datoms	1
datomic.db	install-attribute-errors	datomic.db/functional-attr-ids	1
datomic.db	install-attribute-errors	datomic.db/get-entity	2
datomic.db	install-attribute-errors	datomic.db/installed-attribute?	1
datomic.db	install-attribute-errors	datomic.db/required-schema-attrs	1
datomic.db	install-attribute-errors	datomic.db/tuple-install-errors	1
datomic.db	install-attribute-hook	datomic.db/BOOT-IDS	1
datomic.db	install-attribute-hook	datomic.db/add-constituents	1
datomic.db	install-attribute-hook	datomic.db/create-attribute	1
datomic.db	install-attribute-hook	datomic.db/entity-error-desc	2
datomic.db	install-attribute-hook	datomic.db/get-entity	1
datomic.db	install-attribute-hook	datomic.db/install-attribute-errors	1
datomic.db	install-attribute-hook	datomic.db/needs-avet?	1
datomic.db	install-attribute-hook	datomic.db/resolve-kw	1
datomic.db	install-attribute-hook	datomic.db/validate-hook-target	1
datomic.db	install-attribute-hook	datomic.db/value-type	1
datomic.db	install-attribute-hook	datomic.error/arg	4
datomic.db	install-function-hook	datomic.db/get-entity	1
datomic.db	install-function-hook	datomic.db/safe-compile-function	1
datomic.db	install-function-hook	datomic.error/arg	1
datomic.db	install-partition-hook	datomic.db/validate-hook-target	1
datomic.db	install-vtype-hook	datomic.db/get-entity	1
datomic.db	install-vtype-hook	datomic.db/validate-hook-target	1
datomic.db	install-vtype-hook	datomic.error/arg	1
datomic.db	installed-attribute?	datomic.db/attribute	1
datomic.db	key-hook	datomic.db/prevent-ident-retarget!	1
datomic.db	make-child-id	datomic.db/attribute	1
datomic.db	make-child-id	datomic.db/has-unique-id?	1
datomic.db	make-child-id	datomic.db/tempid	1
datomic.db	make-child-id	datomic.error/arg	1
datomic.db	make-tempid	datomic.db/make-eid	1
datomic.db	max-boot-id	datomic.db/BOOT-IDS	1
datomic.db	maybe-require-ids	datomic.db/attribute	1
datomic.db	maybe-require-ids	datomic.db/require-attrid	1
datomic.db	maybe-require-ids	datomic.db/require-id	2
datomic.db	maybe-require-ids	datomic.db/require-tuple-ids	1
datomic.db	maybe-require-ids	datomic.db/system-eid	1
datomic.db	mem-index-set	datomic.btset/btset	4
datomic.db	mem-index-set	datomic.db/aevt-cmp	1
datomic.db	mem-index-set	datomic.db/avet-cmp	1
datomic.db	mem-index-set	datomic.db/eavt-cmp	1
datomic.db	mem-index-set	datomic.db/raet-cmp	1
datomic.db	memdb-needs-index?	datomic.db/data-needs-index?	2
datomic.db	memdb-needs-index?	datomic.db/memory-db	1
datomic.db	memdb-needs-index?	datomic.db/system-datom?	1
datomic.db	memlog	datomic.db/->MemLog	1
datomic.db	memlog-txes-since	datomic.common/key-comparator	1
datomic.db	nested-entity-map?	datomic.db/attribute	1
datomic.db	new-ents-not-installed	datomic.db/eid->eidx	1
datomic.db	new-ents-not-installed	datomic.db/eid->part	1
datomic.db	new-ents-not-installed	datomic.db/install-attrs	1
datomic.db	next-id	datomic.db/nextid	1
datomic.db	next-valid-inst	datomic.common/compare	1
datomic.db	next-valid-inst	datomic.db/dget	1
datomic.db	next-valid-inst	datomic.db/find-eavt	1
datomic.db	next-valid-inst	datomic.db/make-eid	1
datomic.db	normalize-kw	datomic.db/to-kw	1
datomic.db	normalize-kw	datomic.error/arg	1
datomic.db	on-schema-level	datomic.db/schema-level-fns	1
datomic.db	partbits	datomic.db/eid->eidx	1
datomic.db	partbits	datomic.db/eid->part	1
datomic.db	partbits	datomic.db/resolve-id	1
datomic.db	partbits	datomic.error/arg	1
datomic.db	partition-eid	datomic.db/eid->part	1
datomic.db	partition-eid	datomic.db/make-eid	1
datomic.db	prefetch-constituents	datomic.db/attribute	1
datomic.db	prefetch-constituents	datomic.db/ea->v	1
datomic.db	prefetch-constituents	datomic.db/long-add!	1
datomic.db	prefetch-constituents	datomic.db/prefetch!	1
datomic.db	prefetch-identity	datomic.db/dget	1
datomic.db	prefetch-identity	datomic.db/find-avet	1
datomic.db	prefetch-identity	datomic.db/long-add!	1
datomic.db	prefetch-identity	datomic.db/prefetch!	1
datomic.db	prefetch-identity	datomic.db/tempid?	1
datomic.db	prefetch-redundancy+uniqueness	datomic.common/equals-with-strict-scale	1
datomic.db	prefetch-redundancy+uniqueness	datomic.db/dget	2
datomic.db	prefetch-redundancy+uniqueness	datomic.db/find-aevt	1
datomic.db	prefetch-redundancy+uniqueness	datomic.db/find-avet	1
datomic.db	prefetch-redundancy+uniqueness	datomic.db/long-add!	2
datomic.db	prefetch-redundancy+uniqueness	datomic.db/prefetch!	1
datomic.db	prepare-for-indexing	datomic.db/mem-index-set	1
datomic.db	pretty-datum	datomic.db/eid->eidx	1
datomic.db	pretty-datum	datomic.db/eid->part	1
datomic.db	prevent-ident-retarget!	datomic.db/entity-error-desc	2
datomic.db	prevent-ident-retarget!	datomic.error/arg	1
datomic.db	process-expander	datomic.db/attr-hook-attr-ids	1
datomic.db	process-force-partition	datomic.db/partbits	1
datomic.db	process-force-partition	datomic.error/arg	1
datomic.db	process-match-partition	datomic.error/arg	1
datomic.db	raet-cmp	datomic.common/compare	1
datomic.db	raet-cmp	datomic.db/assertion-policy-compare	1
datomic.db	recalc-elements	datomic.db/needs-avet?	1
datomic.db	require-attr	datomic.db/require-attrid	1
datomic.db	require-attrid	datomic.db/attribute	1
datomic.db	require-attrid	datomic.db/require-id	1
datomic.db	require-attrid	datomic.error/arg	1
datomic.db	require-id	datomic.db/datom-error-desc	2
datomic.db	require-id	datomic.db/resolve-id	2
datomic.db	require-id	datomic.db/string-tempid?	1
datomic.db	require-id	datomic.error/arg	2
datomic.db	require-kw	datomic.db/normalize-kw	1
datomic.db	require-kw	datomic.error/arg	1
datomic.db	require-tuple-ids	datomic.db/resolve-id	1
datomic.db	require-tuple-ids	datomic.db/string-tempid?	1
datomic.db	require-tuple-ids	datomic.error/arg	1
datomic.db	resolve-dbid	datomic.db/make-eid	1
datomic.db	resolve-dbid	datomic.db/make-tempid	1
datomic.db	resolve-dbid	datomic.db/partbits	1
datomic.db	resolve-id	datomic.db/extended-resolve-id	1
datomic.db	resolve-lookup-ref	datomic.db/attr-index-range	1
datomic.db	resolve-lookup-ref	datomic.db/attribute	1
datomic.db	resolve-lookup-ref	datomic.db/require-attrid	1
datomic.db	resolve-lookup-ref	datomic.error/arg	3
datomic.db	resolve-lookup-ref	datomic.iter/iget	1
datomic.db	resolve-procid	datomic.common/qualified-symbol?	1
datomic.db	resolve-procid	datomic.common/requiring-resolve!	1
datomic.db	resolve-procid	datomic.db/resolve-id	1
datomic.db	resolve-procid	datomic.error/arg	1
datomic.db	retracts?	datomic.common/compare	1
datomic.db	reverse-datum-spec	datomic.db/resolve-id	4
datomic.db	reverse-lookup?	datomic.db/reverse-key?	1
datomic.db	rseek-datoms	datomic.db/attribute	1
datomic.db	rseek-datoms	datomic.db/datum	1
datomic.db	rseek-datoms	datomic.db/distinct-last-by	1
datomic.db	rseek-datoms	datomic.db/eid->eidx	1
datomic.db	rseek-datoms	datomic.db/maybe-require-ids	1
datomic.db	rseek-datoms	datomic.db/resolve-id	1
datomic.db	rseek-datoms	datomic.db/reverse-datum-spec	1
datomic.db	rseek-datoms	datomic.db/rseek-index	1
datomic.db	rseek-datoms	datomic.db/windowed	1
datomic.db	rseek-datoms	datomic.error/arg	1
datomic.db	rseek-datoms	datomic.iter/iter-seq	2
datomic.db	rseek-index	datomic.btset/seek	1
datomic.db	rseek-index	datomic.btset/seek-last	1
datomic.db	rseek-index	datomic.db/index-sort->cmp	2
datomic.db	rseek-index	datomic.db/reverse-comparator	1
datomic.db	rseek-index	datomic.iter/drop-while	1
datomic.db	rseek-index	datomic.iter/merge-iters	1
datomic.db	rseek-index	datomic.iter/reversed-iter	1
datomic.db	run-hooks	datomic.db/aevt-cmp	1
datomic.db	run-hooks	datomic.db/assertion?	1
datomic.db	run-hooks	datomic.db/datum	2
datomic.db	run-hooks	datomic.db/dget	2
datomic.db	run-hooks	datomic.db/hooks	1
datomic.db	run-hooks	datomic.db/ident-setting-datoms	1
datomic.db	run-hooks	datomic.db/install-attribute-hook	1
datomic.db	run-hooks	datomic.db/key-hook	1
datomic.db	run-hooks	datomic.db/update-schema-level	1
datomic.db	run-hooks	datomic.iter/filter	1
datomic.db	run-hooks	datomic.iter/inext	1
datomic.db	run-hooks	datomic.iter/merge-iters	1
datomic.db	safe-compile-function	datomic.db/resolve-id	2
datomic.db	safe-compile-function	datomic.db/resolve-kw	1
datomic.db	safe-compile-function	datomic.error/arg	2
datomic.db	safe-compile-function	datomic.janino/java-data-fn	1
datomic.db	scan-aevt	datomic.btset/seek	1
datomic.db	scan-aevt	datomic.db/asserting-datum	1
datomic.db	scan-aevt	datomic.iter/take-while	1
datomic.db	schema-level-fns	datomic.db/TUPLE_SCHEMA_LEVEL	1
datomic.db	schema-level-fns	datomic.db/add-system-eids	1
datomic.db	seek-datoms	datomic.db/attribute	1
datomic.db	seek-datoms	datomic.db/datum	1
datomic.db	seek-datoms	datomic.db/eid->eidx	1
datomic.db	seek-datoms	datomic.db/maybe-require-ids	1
datomic.db	seek-datoms	datomic.db/resolve-id	2
datomic.db	seek-datoms	datomic.db/windowed	1
datomic.db	seek-datoms	datomic.error/arg	1
datomic.db	seek-datoms	datomic.iter/iterable	1
datomic.db	string-tempid	datomic.db/next-id	1
datomic.db	summarize-tx-stats	datomic.db/timing-key?	1
datomic.db	summarize-tx-stats	datomic.monitor/ns->ms	1
datomic.db	supports-tuples?	datomic.db/TUPLE_SCHEMA_LEVEL	1
datomic.db	system-datom?	datomic.db/SYSTEM_ATTRS	1
datomic.db	system-datom?	datomic.db/system-schema-datom?	1
datomic.db	system-schema-datom?	datomic.db/system-schema-namespace?	1
datomic.db	system-tx-hook	datomic.db/update-schema-level	1
datomic.db	t->tx	datomic.db/make-eid	1
datomic.db	t-at-or-since	datomic.db/datum	1
datomic.db	t-at-or-since	datomic.db/dget	1
datomic.db	t-at-or-since	datomic.db/eid->eidx	1
datomic.db	t-at-or-since	datomic.db/resolve-id	1
datomic.db	t-needing-avet	datomic.db/eid->eidx	1
datomic.db	t-needing-avet	datomic.db/has-values?	1
datomic.db	t-needing-excise	datomic.db/eid->eidx	1
datomic.db	t-needing-index-job	datomic.db/t-needing-avet	1
datomic.db	t-needing-index-job	datomic.db/t-needing-excise	1
datomic.db	tempid	datomic.db/make-tempid	1
datomic.db	tempid	datomic.db/next-id	1
datomic.db	tempid	datomic.db/resolve-id	1
datomic.db	tempid	datomic.error/arg	1
datomic.db	timed-tx-stat	datomic.db/long-add!	1
datomic.db	to-kw	datomic.db/caching-normalize	1
datomic.db	trim-log	datomic.common/key-comparator	1
datomic.db	ts-needing-index	datomic.db/memory-db	1
datomic.db	ts-needing-index	datomic.db/t-needing-avet	1
datomic.db	ts-needing-index	datomic.db/t-needing-excise	1
datomic.db	tuple-attr-value-type	datomic.db/attribute	1
datomic.db	tuple-attr-value-type	datomic.db/resolve-id	1
datomic.db	tuple-attr-value-type	datomic.db/tuple-value-types	1
datomic.db	tuple-install-errors	datomic.db/entity-error-desc	1
datomic.db	tuple-install-errors	datomic.db/system-eid	1
datomic.db	tuple-install-errors	datomic.db/tuple-attr-value-type	1
datomic.db	tuple-install-errors	datomic.db/tuple-value-types	2
datomic.db	tx-data-for-latest-schema-level	datomic.db/bootstrap-txes	1
datomic.db	unique-violator	datomic.common/compare	1
datomic.db	unique-violator	datomic.db/asserting-datum	1
datomic.db	update-schema-level	datomic.db/MIN_SCHEMA_LEVEL	1
datomic.db	update-schema-level	datomic.db/bootstrap-txes	2
datomic.db	update-schema-level	datomic.db/on-schema-level	1
datomic.db	updates-v?	datomic.common/compare	1
datomic.db	use-transactor-tempid-range	datomic.db/nextid	1
datomic.db	valid-partbits?	datomic.db/explicit-partition	1
datomic.db	valid-tuple-assert?	datomic.db/tuple-value-types	1
datomic.db	validate-hook-target	datomic.db/eid->part	1
datomic.db	validate-hook-target	datomic.db/entity-error-desc	4
datomic.db	validate-hook-target	datomic.error/arg	2
datomic.db	validated-tuple	datomic.db/coerce-tuple	1
datomic.db	validated-tuple	datomic.db/require-tuple-ids	1
datomic.db	validated-tuple	datomic.db/valid-tuple-assert?	1
datomic.db	validated-v-for-attr	datomic.db/canonicalize-v	1
datomic.db	validated-v-for-attr	datomic.db/require-id	2
datomic.db	validated-v-for-attr	datomic.db/resolve-kw	2
datomic.db	validated-v-for-attr	datomic.db/system-eid	1
datomic.db	validated-v-for-attr	datomic.db/to-kw	1
datomic.db	validated-v-for-attr	datomic.db/validated-tuple	1
datomic.db	validated-v-for-attr	datomic.db/write-handler-lookup	1
datomic.db	validated-v-for-attr	datomic.db/wrong-type-for-attribute	1
datomic.db	validated-v-for-attr	datomic.error/arg	2
datomic.db	windowed	datomic.db/filter-retractions	1
datomic.db	windowed	datomic.iter/filter	2
datomic.db	windowed	datomic.iter/take-while	1
datomic.db	with-tx	datomic.db/add-ensured-data	1
datomic.db	with-tx	datomic.db/add-fulltext	1
datomic.db	with-tx	datomic.db/calc-tempids	1
datomic.db	with-tx	datomic.db/empty-tx-stat-registers	1
datomic.db	with-tx	datomic.db/part-requests	1
datomic.db	with-tx	datomic.db/pf-close!	1
datomic.db	with-tx	datomic.db/process-expander	1
datomic.db	with-tx	datomic.db/summarize-tx-stats	1
datomic.db	with-tx+opts	datomic.db/get-prefetch-dispatcher	1
datomic.db	with-tx+opts	datomic.db/with-tx	1
datomic.db	write-handler-lookup	datomic.fressian/as-lookup	1
datomic.db	write-handler-lookup	datomic.fressian/user-write-handlers	1
datomic.db	wrong-type-for-attribute	datomic.db/resolve-kw	2
datomic.db	wrong-type-for-attribute	datomic.error/arg	1
datomic.db-io	db-resources	datomic.log/catchup	1
datomic.db-io	index-db	datomic.db/db	1
datomic.db-io	index-db	datomic.index/index-ref-key-name	1
datomic.db-io	index-db	datomic.index/load-index	1
datomic.db-io	index-includes-some-log-tail?	datomic.log/last-tree-tx	1
datomic.db-io	load-db-from-basis	datomic.db/db	1
datomic.db-io	load-db-from-basis	datomic.index/find-index-root-id	1
datomic.db-io	load-db-from-basis	datomic.index/load-index	1
datomic.db-io	load-db-from-basis	datomic.log/catchup	1
datomic.db-io	load-db-from-basis	datomic.log/find-log	1
datomic.db-io	log	datomic.log/find-log	1
datomic.db-io	storage-resources	datomic.coordination/create-db-cluster	1
datomic.db-io	storage-resources	datomic.coordination/resolve-db-name	1
datomic.db-io	storage-resources	datomic.domain/system-cache-olookup	1
datomic.db-io	storage-resources	datomic.uri/parse	1
datomic.ddb	client	datomic.aws/credentials	6
datomic.ddb	client	datomic.aws/endpoint-for	1
datomic.ddb	client	datomic.datafy/data-to-object	1
datomic.ddb	create-table	datomic.datafy/data-to-object	1
datomic.ddb	data-to-object	datomic.datafy/data-to-object	1
datomic.ddb	data-to-object	datomic.datafy/data-to-object	1
datomic.ddb	data-to-object	datomic.datafy/data-to-object	1
datomic.ddb	data-to-object	datomic.datafy/data-to-object	1
datomic.ddb	data-to-object	datomic.datafy/data-to-object	1
datomic.ddb	data-to-object	datomic.datafy/data-to-object	1
datomic.ddb	data-to-object	datomic.datafy/data-to-object	1
datomic.ddb	data-to-object	datomic.datafy/data-to-object	1
datomic.ddb	data-to-object	datomic.datafy/data-to-object	1
datomic.ddb	data-to-object	datomic.datafy/data-to-object	1
datomic.ddb	data-to-object	datomic.datafy/data-to-object	1
datomic.ddb	data-to-object	datomic.datafy/data-to-object	1
datomic.ddb	data-to-object	datomic.datafy/data-to-object	1
datomic.ddb	data-to-object	datomic.datafy/data-to-object	1
datomic.ddb	data-to-object	datomic.datafy/data-to-object	1
datomic.ddb	data-to-object	datomic.datafy/property-to-object	2
datomic.ddb	data-to-object	datomic.datafy/property-to-object	2
datomic.ddb	data-to-object	datomic.datafy/property-to-object	2
datomic.ddb	data-to-object	datomic.datafy/property-to-object	4
datomic.ddb	data-to-object	datomic.datafy/property-to-object	7
datomic.ddb	data-to-object	datomic.datafy/property-to-object	7
datomic.ddb	data-to-object	datomic.datafy/property-to-object	8
datomic.ddb	data-to-object	datomic.datafy/property-to-object	10
datomic.ddb	data-to-object	datomic.datafy/property-to-object	13
datomic.ddb	data-to-object	datomic.datafy/property-to-object	16
datomic.ddb	data-to-object	datomic.datafy/property-to-object	17
datomic.ddb	data-to-object	datomic.datafy/property-to-object	17
datomic.ddb	data-to-object	datomic.datafy/property-to-object	18
datomic.ddb	delete-item	datomic.datafy/data-to-object	1
datomic.ddb	delete-table	datomic.datafy/data-to-object	1
datomic.ddb	describe-table	datomic.datafy/data-to-object	1
datomic.ddb	get-item*	datomic.datafy/data-to-object	1
datomic.ddb	list-tables	datomic.datafy/data-to-object	1
datomic.ddb	log-errors	datomic.slf4j/caused-by	1
datomic.ddb	log-errors	datomic.slf4j/process	1
datomic.ddb	property-to-object	datomic.datafy/data-to-object	1
datomic.ddb	property-to-object	datomic.datafy/data-to-object	1
datomic.ddb	property-to-object	datomic.datafy/data-to-object	1
datomic.ddb	property-to-object	datomic.datafy/data-to-object	1
datomic.ddb	property-to-object	datomic.datafy/data-to-object	1
datomic.ddb	property-to-object	datomic.datafy/data-to-object	1
datomic.ddb	property-to-object	datomic.datafy/data-to-object	1
datomic.ddb	property-to-object	datomic.datafy/data-to-object	1
datomic.ddb	property-to-object	datomic.datafy/data-to-object	1
datomic.ddb	property-to-object	datomic.datafy/property-to-object	1
datomic.ddb	property-to-object	datomic.datafy/property-to-object	1
datomic.ddb	property-to-object	datomic.datafy/property-to-object	1
datomic.ddb	property-to-object	datomic.datafy/property-to-object	1
datomic.ddb	property-to-object	datomic.datafy/property-to-object	1
datomic.ddb	property-to-object	datomic.datafy/property-to-object	1
datomic.ddb	property-to-object	datomic.datafy/property-to-object	1
datomic.ddb	property-to-object	datomic.datafy/property-to-object	1
datomic.ddb	property-to-object	datomic.datafy/property-to-object	1
datomic.ddb	put-item*	datomic.datafy/data-to-object	1
datomic.ddb	update-table	datomic.datafy/data-to-object	1
datomic.ddb-cluster	create-connection	datomic.config/ddb-client-args	1
datomic.ddb-cluster	create-connection	datomic.ddb/client	1
datomic.ddb-cluster	create-connection	datomic.kv-cluster/kv-cluster	1
datomic.ddb-cluster	create-connection	datomic.kv-dynamo/kv-dynamo	1
datomic.ddb-cluster	key-path	datomic.cluster/path	1
datomic.ddb-s3-cluster	create-connection-with-efs	datomic.combined-cluster/combined-cluster	1
datomic.ddb-s3-cluster	create-connection-with-efs	datomic.config/ddb-client-args	1
datomic.ddb-s3-cluster	create-connection-with-efs	datomic.config/property	1
datomic.ddb-s3-cluster	create-connection-with-efs	datomic.core2.val-store.double-store/create	1
datomic.ddb-s3-cluster	create-connection-with-efs	datomic.core2.val-store.fs/create	1
datomic.ddb-s3-cluster	create-connection-with-efs	datomic.ddb/client	1
datomic.ddb-s3-cluster	create-connection-with-efs	datomic.garbage.pod/schedule-gc	1
datomic.ddb-s3-cluster	create-connection-with-efs	datomic.kv-cluster/kv-cluster	1
datomic.ddb-s3-cluster	create-connection-with-efs	datomic.kv-cluster/retry-fn	1
datomic.ddb-s3-cluster	create-connection-with-efs	datomic.kv-dynamo/kv-dynamo	1
datomic.ddb-s3-cluster	create-connection-with-efs	datomic.val-cluster/val-cluster	1
datomic.ddb-s3-cluster	create-connection-without-efs	datomic.combined-cluster/combined-cluster	1
datomic.ddb-s3-cluster	create-connection-without-efs	datomic.config/ddb-client-args	1
datomic.ddb-s3-cluster	create-connection-without-efs	datomic.config/property	1
datomic.ddb-s3-cluster	create-connection-without-efs	datomic.ddb/client	1
datomic.ddb-s3-cluster	create-connection-without-efs	datomic.garbage.pod/schedule-gc	1
datomic.ddb-s3-cluster	create-connection-without-efs	datomic.kv-cluster/kv-cluster	1
datomic.ddb-s3-cluster	create-connection-without-efs	datomic.kv-cluster/retry-fn	1
datomic.ddb-s3-cluster	create-connection-without-efs	datomic.kv-dynamo/kv-dynamo	1
datomic.ddb-s3-cluster	create-connection-without-efs	datomic.slf4j/process	1
datomic.ddb-s3-cluster	create-connection-without-efs	datomic.val-cluster/val-cluster	1
datomic.ddb-s3-cluster	create-s3-store	datomic.aws/client-config	1
datomic.ddb-s3-cluster	create-s3-store	datomic.config/property	2
datomic.ddb-s3-cluster	create-s3-store	datomic.config/s3-client-args	1
datomic.ddb-s3-cluster	create-s3-store	datomic.core2.anomalies/anom	1
datomic.ddb-s3-cluster	create-s3-store	datomic.core2.anomalies/not-found?	1
datomic.ddb-s3-cluster	create-s3-store	datomic.core2.aws.s3.sdkv1/s3-service	1
datomic.ddb-s3-cluster	create-s3-store	datomic.core2.val-store.s3.sdkv1/create	1
datomic.ddb-s3-cluster	create-s3-store	datomic.core2.val-store.s3/retry-handler	1
datomic.ddb-s3-cluster	efs-delete-pool	datomic.common/thread-pool	1
datomic.ddb-s3-cluster	efs-delete-pool	datomic.config/property	1
datomic.ddb-s3-cluster	efs-read-pool	datomic.common/cached-thread-pool	1
datomic.ddb-s3-cluster	efs-write-pool	datomic.common/handoff-thread-pool	1
datomic.ddb-s3-cluster	efs-write-pool	datomic.config/property	1
datomic.ddb-s3-cluster	ensure-config	datomic.config/ddb-client-args	1
datomic.ddb-s3-cluster	ensure-config	datomic.ddb/client	1
datomic.ddb-s3-cluster	ensure-config	datomic.kv-cluster/kv-cluster	1
datomic.ddb-s3-cluster	ensure-config	datomic.kv-dynamo/kv-dynamo	1
datomic.ddb-s3-cluster	ensure-system	datomic.cli/fail	2
datomic.ddb-s3-cluster	get-valid-config!	datomic.error/raise	1
datomic.ddb-s3-cluster	get-valid-config!	datomic.kv-cluster/kv-cluster	1
datomic.ddb-s3-cluster	s3-read-pool	datomic.common/cached-thread-pool	1
datomic.ddb-s3-cluster	s3-write-pool	datomic.common/cached-thread-pool	1
datomic.ddb-values	chunk-pool	datomic.common/thread-pool	1
datomic.ddb-values	chunk-pool	datomic.config/property	1
datomic.ddb-values	delete-value	datomic.ddb/create-key	3
datomic.ddb-values	delete-value	datomic.ddb/delete-item	2
datomic.ddb-values	delete-value	datomic.ddb/get-item	1
datomic.ddb-values	delete-value	datomic.slf4j/format-as-msec	2
datomic.ddb-values	delete-value	datomic.slf4j/process	4
datomic.ddb-values	get-deitem	datomic.ddb/create-key	1
datomic.ddb-values	get-deitem	datomic.ddb/deitem	1
datomic.ddb-values	get-deitem	datomic.ddb/get-item	2
datomic.ddb-values	get-deitem	datomic.slf4j/process	1
datomic.ddb-values	get-value	datomic.io/base128->bbuf	2
datomic.ddb-values	get-value	datomic.slf4j/format-as-msec	2
datomic.ddb-values	get-value	datomic.slf4j/process	4
datomic.ddb-values	put-value	datomic.ddb/create-item	2
datomic.ddb-values	put-value	datomic.ddb/put-item	2
datomic.ddb-values	put-value	datomic.future/-future-with-channel-impl	1
datomic.ddb-values	put-value	datomic.future/add-bounding-warning	1
datomic.ddb-values	put-value	datomic.future/bounding-warn-seconds	1
datomic.ddb-values	put-value	datomic.io/bbuf->base128	1
datomic.ddb-values	put-value	datomic.io/remaining	1
datomic.ddb-values	put-value	datomic.monitor/add-stat	1
datomic.ddb-values	put-value	datomic.slf4j/format-as-msec	2
datomic.ddb-values	put-value	datomic.slf4j/process	5
datomic.domain	DeserializingRepairingLookup	datomic.cache/report-val-fn-fail	1
datomic.domain	ValcachePoller	datomic.slf4j/redact	1
datomic.domain	common-read-handlers	datomic.clusterfs/read-handlers	1
datomic.domain	common-read-handlers	datomic.fulltext/read-handlers	1
datomic.domain	common-read-handlers	datomic.garbage.fressian/read-handlers	1
datomic.domain	common-read-handlers	datomic.log/read-handlers	1
datomic.domain	create-object-cache	datomic.cache/create-scaled-weight-limited	1
datomic.domain	create-object-cache	datomic.config/property	1
datomic.domain	create-object-cache	datomic.slf4j/process	1
datomic.domain	defressian	datomic.fressian/val->obj	1
datomic.domain	lookup-with-object-cache	datomic.cache/lookup-cache	1
datomic.domain	lookup-with-object-cache	datomic.monitor/add-stat	2
datomic.domain	peer-object-lookup	datomic.cache/lookup-cache	1
datomic.domain	peer-object-lookup	datomic.cache/lookup-transformer	1
datomic.domain	peer-object-lookup	datomic.cache/lookup-with-inflight-cache	1
datomic.domain	peer-object-lookup	datomic.cluster/uuid->val-key	1
datomic.domain	peer-object-lookup	datomic.fressian/val->obj	1
datomic.domain	peer-object-lookup	datomic.monitor/add-stat	2
datomic.domain	preload-extension-resolver!	datomic.extension-resolver/config-resource	2
datomic.domain	preload-extension-resolver!	datomic.extension-resolver/preload!	1
datomic.domain	preload-extension-resolver!	datomic.slf4j/process	1
datomic.domain	print-method	datomic.summary/write	1
datomic.domain	system-cache-olookup	datomic.cache/lookup-with-inflight-cache	1
datomic.domain	uncached-lookup-factory	datomic.cache/lookup-transformer	1
datomic.domain	uncached-lookup-factory	datomic.cluster/uncached-val-lookup	1
datomic.domain	uncached-lookup-factory	datomic.cluster/uuid->val-key	1
datomic.domain	uncached-lookup-factory	datomic.fressian/val->obj	1
datomic.error	create	datomic.error/anomalize	2
datomic.error	with-unwind	datomic.error/with-unwind*	1
datomic.error	with-unwind*	datomic.error/report	1
datomic.error	with-unwind*	datomic.error/runonce	1
datomic.excise	a-target?	datomic.db/eid->part	1
datomic.excise	bootids	datomic.db/BOOT-IDS	1
datomic.excise	component-es-set	datomic.db/datoms	1
datomic.excise	component-es-set	datomic.excise/component-attr?	1
datomic.excise	create-a->xpreds	datomic.excise/a-target?	1
datomic.excise	create-a->xpreds	datomic.excise/pred	1
datomic.excise	create-a->xpreds	datomic.excise/target	1
datomic.excise	create-as-pred	datomic.excise/create-a->xpreds	1
datomic.excise	create-e->xpreds	datomic.excise/e-target?	1
datomic.excise	create-e->xpreds	datomic.excise/pred-and-extent	1
datomic.excise	create-e->xpreds	datomic.excise/target	1
datomic.excise	create-es-pred	datomic.excise/create-e->xpreds	1
datomic.excise	create-es-pred	datomic.excise/ref-datom?	1
datomic.excise	create-xpreds	datomic.excise/create-as-pred	1
datomic.excise	create-xpreds	datomic.excise/create-es-pred	1
datomic.excise	e-target?	datomic.db/eid->part	1
datomic.excise	get-before-t	datomic.db/as-of-t	1
datomic.excise	keeper?	datomic.excise/bootids	1
datomic.excise	pred	datomic.excise/pred-and-extent	1
datomic.excise	pred-and-extent	datomic.db/attribute	2
datomic.excise	pred-and-extent	datomic.db/datoms	3
datomic.excise	pred-and-extent	datomic.db/eid->eidx	2
datomic.excise	pred-and-extent	datomic.db/eid->part	1
datomic.excise	pred-and-extent	datomic.db/resolve-id	1
datomic.excise	pred-and-extent	datomic.excise/component-es-set	1
datomic.excise	pred-and-extent	datomic.excise/get-before-t	1
datomic.excise	pred-and-extent	datomic.excise/keeper?	1
datomic.excise	ref-datom?	datomic.db/require-attr	1
datomic.excise	target	datomic.db/resolve-id	1
datomic.extension-resolver	allow-list->pred	datomic.common/qualified-symbol?	1
datomic.extension-resolver	resolve!	datomic.common/qualified-symbol?	1
datomic.extension-resolver	wildcard-name?	datomic.common/qualified-symbol?	1
datomic.extensions	-gather	datomic.db/datum	1
datomic.extensions	-gather	datomic.db/resolve-id	1
datomic.extensions	-gather	datomic.db/windowed	1
datomic.extensions	<	datomic.common/compare	1
datomic.extensions	db-attr-splits	datomic.stats/db-attr-splits	1
datomic.extensions	ensure-sv-attrid	datomic.db/attribute	1
datomic.extensions	ensure-sv-attrid	datomic.db/require-attrid	1
datomic.extensions	fulltext	datomic.fulltext/search	1
datomic.extensions	get-else	datomic.db/datoms	1
datomic.extensions	get-some	datomic.db/datoms	1
datomic.extensions	missing?	datomic.db/datoms	1
datomic.extensions	tx-ids	datomic.db/make-eid	1
datomic.external-sort	FileSystemSorter	datomic.common/pooled-mapv	1
datomic.external-sort	FileSystemSorter	datomic.iter/merge-iters	1
datomic.external-sort	FileSystemSorter	datomic.iter/reduce	1
datomic.external-sort	file-system-sorter	datomic.common/compare	1
datomic.external-sort	file-system-sorter	datomic.common/thread-pool	1
datomic.external-sort	file-system-sorter	datomic.config/property	1
datomic.external-sort-datoms	consume-sorted-datoms	datomic.external-sort/file-system-sorter	1
datomic.external-sort-datoms	consume-sorted-datoms	datomic.external-sort/temp-file-io	1
datomic.external-sort-datoms	consume-sorted-datoms	datomic.fressian/reader-iter	1
datomic.external-sort-datoms	create-file-writer	datomic.fressian/create-writer	1
datomic.external-sort-datoms	datom-read-handlers	datomic.db/asserting-datum	1
datomic.external-sort-datoms	datom-read-handlers	datomic.db/make-eid	1
datomic.external-sort-datoms	datom-read-handlers	datomic.db/retracting-datum	1
datomic.external-sort-datoms	datom-read-handlers	datomic.fressian/user-read-handlers	1
datomic.external-sort-datoms	datom-write-handlers	datomic.fressian/user-write-handlers	1
datomic.fressian	byte-buf	datomic.io/bytestream->buf	1
datomic.fressian	fressian-val	datomic.io/gzip-buffer	1
datomic.fressian	read-seq	datomic.queue/queue-seq	1
datomic.fressian	record-latencies	datomic.monitor/add-stat	1
datomic.fressian	user-read-handlers	datomic.function/construct	1
datomic.fressian	val->obj	datomic.common/return-or-throw	1
datomic.fulltext	ClusteredFulltext	datomic.common/getx	1
datomic.fulltext	ClusteredFulltext	datomic.fulltext/cluster-directory	1
datomic.fulltext	SearchIterator	datomic.lucene/get-field	3
datomic.fulltext	SearchIterator	datomic.lucene/long-value	2
datomic.fulltext	SearchIterator	datomic.lucene/string-value	1
datomic.fulltext	add-chunked-data-to-writer	datomic.fulltext-index/datum->doc	2
datomic.fulltext	add-chunked-data-to-writer	datomic.lucene/add-documents	2
datomic.fulltext	add-chunked-data-to-writer	datomic.slf4j/format-as-msec	2
datomic.fulltext	add-chunked-data-to-writer	datomic.slf4j/process	4
datomic.fulltext	add-data-to-writer	datomic.fulltext-index/datum->doc	2
datomic.fulltext	add-data-to-writer	datomic.lucene/add-document	2
datomic.fulltext	build-index	datomic.common/getx	2
datomic.fulltext	build-index	datomic.db/scan-aevt	1
datomic.fulltext	build-index	datomic.fulltext/do-indexing-job	2
datomic.fulltext	build-index	datomic.fulltext/separate-history	1
datomic.fulltext	build-index	datomic.fulltext/write-changed-val	2
datomic.fulltext	build-index	datomic.iter/iter-seq	1
datomic.fulltext	build-index	datomic.monitor/add-stat	1
datomic.fulltext	build-index	datomic.slf4j/format-as-msec	1
datomic.fulltext	build-index	datomic.slf4j/process	3
datomic.fulltext	clustered-fulltext	datomic.common/getx	1
datomic.fulltext	create-index-on-dir	datomic.fulltext/add-chunked-data-to-writer	1
datomic.fulltext	create-index-on-dir	datomic.fulltext/remove-data-from-reader	1
datomic.fulltext	create-index-on-dir	datomic.lucene/index-writer	1
datomic.fulltext	create-indexing-job	datomic.common/create-temp-directory	1
datomic.fulltext	create-indexing-job	datomic.fulltext/cluster-directory	1
datomic.fulltext	create-indexing-job	datomic.fulltext/hybrid-dir	1
datomic.fulltext	create-indexing-job	datomic.fulltext/null-dir	1
datomic.fulltext	create-indexing-job	datomic.fulltext/work-dir	1
datomic.fulltext	create-indexing-job	datomic.lucene/fs-directory	1
datomic.fulltext	do-indexing-job	datomic.common/delete-file-recursively	1
datomic.fulltext	do-indexing-job	datomic.fulltext/create-index-on-dir	1
datomic.fulltext	do-indexing-job	datomic.fulltext/create-indexing-job	1
datomic.fulltext	do-indexing-job	datomic.fulltext/promote-to-cluster	1
datomic.fulltext	do-indexing-job	datomic.monitor/alarm	1
datomic.fulltext	do-indexing-job	datomic.slf4j/caused-by	1
datomic.fulltext	do-indexing-job	datomic.slf4j/format-as-msec	2
datomic.fulltext	do-indexing-job	datomic.slf4j/process	5
datomic.fulltext	doc->datum	datomic.db/asserting-datum	1
datomic.fulltext	doc->datum	datomic.lucene/get-field	3
datomic.fulltext	doc->datum	datomic.lucene/long-value	2
datomic.fulltext	doc->datum	datomic.lucene/string-value	1
datomic.fulltext	find-historic-docid	datomic.common/compare	1
datomic.fulltext	find-historic-docid	datomic.fulltext/doc->datum	1
datomic.fulltext	find-historic-docid	datomic.lucene/boolean-query	1
datomic.fulltext	find-historic-docid	datomic.lucene/long-query	2
datomic.fulltext	find-matching-assertion	datomic.common/compare	1
datomic.fulltext	find-matching-assertion	datomic.db/datum	1
datomic.fulltext	find-matching-assertion	datomic.db/dget	1
datomic.fulltext	find-matching-assertion	datomic.iter/filter	1
datomic.fulltext	null-dir	datomic.fulltext/cluster-directory	1
datomic.fulltext	promote-to-cluster	datomic.clusterfs/chunk-keys	1
datomic.fulltext	promote-to-cluster	datomic.clusterfs/create-fs	1
datomic.fulltext	promote-to-cluster	datomic.fulltext/index-files	2
datomic.fulltext	read-handlers	datomic.clusterfs/read-handlers	1
datomic.fulltext	remove-data-from-reader	datomic.fulltext/find-historic-docid	1
datomic.fulltext	remove-data-from-reader	datomic.lucene/index-searcher	1
datomic.fulltext	remove-data-from-reader	datomic.slf4j/process	2
datomic.fulltext	search	datomic.db/resolve-id	1
datomic.fulltext	search	datomic.fulltext/fulltext-index-reader	1
datomic.fulltext	search	datomic.fulltext/search-iterable	1
datomic.fulltext	search	datomic.lucene/index-searcher	1
datomic.fulltext	search	datomic.lucene/multi-reader	1
datomic.fulltext	search-iterable	datomic.common/compare	1
datomic.fulltext	search-iterable	datomic.db/datum	1
datomic.fulltext	search-iterable	datomic.db/dget	1
datomic.fulltext	search-iterable	datomic.db/windowed	1
datomic.fulltext	search-iterable	datomic.lucene/get-field	2
datomic.fulltext	search-iterable	datomic.lucene/long-value	1
datomic.fulltext	search-iterable	datomic.lucene/parse-query	1
datomic.fulltext	search-iterable	datomic.lucene/string-value	1
datomic.fulltext	separate-history	datomic.common/compare	1
datomic.fulltext	separate-history	datomic.fulltext/find-matching-assertion	1
datomic.fulltext	write-changed-val	datomic.cluster/uuid->val-key	2
datomic.fulltext	write-changed-val	datomic.common/rand-uuid	1
datomic.fulltext	write-changed-val	datomic.fressian/fressian-val	1
datomic.fulltext	write-changed-val	datomic.fulltext/write-handlers	1
datomic.fulltext	write-handlers	datomic.clusterfs/write-handlers	1
datomic.fulltext-index	PersistentFulltext	datomic.lucene/persistent-directory	1
datomic.fulltext-index	datum->doc	datomic.lucene/document	1
datomic.fulltext-index	datum->doc	datomic.lucene/long-field	2
datomic.fulltext-index	datum->doc	datomic.lucene/string-field	1
datomic.fulltext-index	update-fulltext	datomic.fulltext-index/datum->doc	1
datomic.fulltext-index	update-fulltext	datomic.lucene/add-document	1
datomic.fulltext-index	update-fulltext	datomic.lucene/index-writer	1
datomic.fulltext-index	update-fulltext	datomic.lucene/persistent-directory	1
datomic.function	Function	datomic.common/compare	3
datomic.function	construct	datomic.error/arg	1
datomic.function	construct	datomic.janino/java-data-fn	1
datomic.function	normalize	datomic.common/force-map-keywords	1
datomic.future	add-bounding-warning	datomic.monitor/add-stat	1
datomic.future	add-bounding-warning	datomic.slf4j/process	1
datomic.future	future	datomic.future/-future-with-channel-impl	1
datomic.future	future	datomic.future/add-bounding-warning	1
datomic.future	future	datomic.future/bounding-warn-seconds	1
datomic.future	future-call	datomic.future/-future-with-channel-impl	1
datomic.future	future-call	datomic.future/add-bounding-warning	1
datomic.future	future-call	datomic.future/bounding-warn-seconds	1
datomic.future	pfuture	datomic.future/-future-with-channel-impl	1
datomic.future	pfuture	datomic.future/add-bounding-warning	1
datomic.future	pfuture	datomic.future/bounding-warn-seconds	1
datomic.future	pfuture-call	datomic.future/-future-with-channel-impl	1
datomic.future	pfuture-call	datomic.future/add-bounding-warning	1
datomic.future	pfuture-call	datomic.future/bounding-warn-seconds	1
datomic.garbage	append-leaf	datomic.cluster/uuid->val-key	4
datomic.garbage	append-leaf	datomic.cluster/val-key->uuid	1
datomic.garbage	append-leaf	datomic.common/getx	1
datomic.garbage	append-leaf	datomic.common/rand-uuid	1
datomic.garbage	append-leaf	datomic.garbage.fressian/->GarbageDir	1
datomic.garbage	append-leaf	datomic.slf4j/process	1
datomic.garbage	create-garbage-node	datomic.cluster/uuid->val-key	1
datomic.garbage	create-garbage-node	datomic.fressian/byte-buf	1
datomic.garbage	create-garbage-node	datomic.garbage.fressian/write-handlers	1
datomic.garbage	create-garbage-node	datomic.io/gzip-buffer	1
datomic.garbage	deleted-db-cluster-conf	datomic.uri/parse	1
datomic.garbage	do-mark-garbage	datomic.cluster/uuid->val-key	1
datomic.garbage	do-mark-garbage	datomic.garbage.fressian/->GarbageLeaf	1
datomic.garbage	do-mark-garbage	datomic.monitor/add-stat	1
datomic.garbage	do-mark-garbage	datomic.slf4j/caused-by	1
datomic.garbage	do-mark-garbage	datomic.slf4j/format-as-msec	1
datomic.garbage	do-mark-garbage	datomic.slf4j/process	3
datomic.garbage	ensure-root	datomic.cluster/val-key->uuid	1
datomic.garbage	ensure-root	datomic.common/getx	1
datomic.garbage	ensure-root-ref	datomic.cluster/reset-ref	1
datomic.garbage	ensure-root-ref	datomic.cluster/uuid->val-key	1
datomic.garbage	ensure-root-ref	datomic.common/rand-uuid	1
datomic.garbage	ensure-root-ref	datomic.garbage.fressian/->GarbageRoot	1
datomic.garbage	gc	datomic.cluster/uuid->val-key	1
datomic.garbage	gc	datomic.cluster/val-key->uuid	1
datomic.garbage	gc	datomic.slf4j/process	2
datomic.garbage	gc-delete-vals	datomic.monitor/add-stat	1
datomic.garbage	gc-deleted-db	datomic.catalog/remove-deleted-database	1
datomic.garbage	gc-deleted-db	datomic.config/property	1
datomic.garbage	gc-deleted-db	datomic.domain/deserializing-repairing-lookup	1
datomic.garbage	gc-deleted-db	datomic.index/index-ref-key-name	2
datomic.garbage	gc-deleted-db	datomic.log/root-id	1
datomic.garbage	gc-deleted-db	datomic.log/tail-pod-key	1
datomic.garbage	gc-deleted-db	datomic.treewalk/index-tree-seq	2
datomic.garbage	gc-deleted-db	datomic.treewalk/log-tree-seq	2
datomic.garbage	gc-deleted-dbs	datomic.catalog/remove-deleted-database	2
datomic.garbage	gc-deleted-dbs	datomic.coordination/create-db-cluster	2
datomic.garbage	gc-deleted-dbs	datomic.coordination/create-system-cluster	1
datomic.garbage	gc-deleted-dbs	datomic.uri/parse	1
datomic.garbage	gc-dir	datomic.cluster/uuid->val-key	1
datomic.garbage	gc-get-node	datomic.cluster/uuid->val-key	1
datomic.garbage	gc-val->obj	datomic.fressian/val->obj	1
datomic.garbage	gc-val->obj	datomic.garbage.fressian/read-handlers	1
datomic.garbage	get-db-ids	datomic.catalog/db-ids	1
datomic.garbage	get-db-ids	datomic.catalog/get-catalog	1
datomic.garbage	get-db-ids	datomic.coordination/create-system-cluster	1
datomic.garbage	get-db-ids	datomic.uri/parse	1
datomic.garbage	install-mark-handler	datomic.cache/create-computing	1
datomic.garbage	install-mark-handler	datomic.domain/system-cache-olookup	1
datomic.garbage	install-mark-handler	datomic.process.events/subscribe	1
datomic.garbage	pace-gc	datomic.config/property	1
datomic.garbage	queue-gc	datomic.monitor/alarm	1
datomic.garbage	queue-gc	datomic.slf4j/caused-by	1
datomic.garbage	queue-gc	datomic.slf4j/format-as-msec	1
datomic.garbage	queue-gc	datomic.slf4j/process	3
datomic.garbage.fressian	read-handlers	datomic.fressian/user-read-handlers	1
datomic.garbage.fressian	write-handlers	datomic.fressian/user-write-handlers	1
datomic.garbage.pod	pod-gc-delay-msec	datomic.config/property	1
datomic.garbage.pod	schedule-gc	datomic.cluster/BOUNDING_TIMEOUT_MSEC	1
datomic.garbage.pod	schedule-gc	datomic.monitor/add-stat	2
datomic.garbage.pod	schedule-gc	datomic.process/instance	1
datomic.garbage.pod	warn	datomic.slf4j/caused-by	1
datomic.garbage.pod	warn	datomic.slf4j/process	2
datomic.h2	init-embedded	datomic.sql/execute-commands	1
datomic.h2	try-connect	datomic.sql/connect	1
datomic.h2	updating-connect	datomic.slf4j/process	1
datomic.h2	updating-connect	datomic.sql/execute-commands	1
datomic.index	Index	datomic.common/getx	3
datomic.index	Index	datomic.index/get-dir-node	5
datomic.index	Index	datomic.index/ibinary-search	1
datomic.index	Index	datomic.index/ibtree-search	4
datomic.index	Index	datomic.index/use-array-cache?	1
datomic.index	TransposedData	datomic.db/asserting-datum	1
datomic.index	TransposedData	datomic.db/retracting-datum	1
datomic.index	TreeIter	datomic.cache/getx-uncached	1
datomic.index	TreeIter	datomic.cache/read-ahead	1
datomic.index	TreeIter	datomic.common/getx	6
datomic.index	TreeIter	datomic.index/get-dir-node	5
datomic.index	add-avet-indexes	datomic.db/avet-cmp	1
datomic.index	add-avet-indexes	datomic.index/aevt-attrs-datoms	1
datomic.index	add-avet-indexes	datomic.index/avet-cmpi	1
datomic.index	add-avet-indexes	datomic.index/avet-sort-and-process-datoms	1
datomic.index	add-avet-indexes	datomic.index/common-write-handlers	1
datomic.index	add-avet-indexes	datomic.index/idx-key	1
datomic.index	add-avet-indexes	datomic.index/merge-one-index	1
datomic.index	add-avet-indexes	datomic.iter/iter-seq	1
datomic.index	add-avet-indexes	datomic.monitor/add-stat	1
datomic.index	add-avet-indexes	datomic.slf4j/format-as-msec	1
datomic.index	add-avet-indexes	datomic.slf4j/process	2
datomic.index	aevt-attrs-datoms	datomic.db/aevt-cmp	1
datomic.index	aevt-attrs-datoms	datomic.index/attr-datoms	3
datomic.index	aevt-attrs-datoms	datomic.iter/concat	2
datomic.index	aevt-attrs-datoms	datomic.iter/merge-iters	1
datomic.index	aevt-cmpi	datomic.common/compare	1
datomic.index	array-cache-ref	datomic.config/property	1
datomic.index	attr-datoms	datomic.btset/seek	1
datomic.index	attr-datoms	datomic.db/datum	1
datomic.index	attr-datoms	datomic.iter/take-while	1
datomic.index	avet-cmpi	datomic.common/compare	1
datomic.index	avet-sort-and-process-datoms	datomic.config/property	1
datomic.index	avet-sort-and-process-datoms	datomic.db/avet-cmp	1
datomic.index	avet-sort-and-process-datoms	datomic.external-sort-datoms/consume-sorted-datoms	1
datomic.index	avet-sort-and-process-datoms	datomic.slf4j/process	1
datomic.index	build-one-seg	datomic.common/compare	1
datomic.index	build-one-seg	datomic.fressian/begin-closed-list	1
datomic.index	build-one-seg	datomic.fressian/create-writer	1
datomic.index	build-one-seg	datomic.fressian/end-list	1
datomic.index	build-one-seg	datomic.index/*pace-index-fn*	1
datomic.index	build-one-seg	datomic.index/transpose	1
datomic.index	build-one-seg	datomic.io/bytestream->buf	1
datomic.index	build-one-seg	datomic.slf4j/process	1
datomic.index	build-psegs	datomic.common/rand-uuid	1
datomic.index	build-psegs	datomic.index/bounded-count	1
datomic.index	build-psegs	datomic.index/build-one-seg	1
datomic.index	build-psegs	datomic.index/write-vals	2
datomic.index	build-segs	datomic.index/build-psegs	1
datomic.index	build-segs	datomic.index/filter-nohist-pairs	1
datomic.index	build-segs	datomic.index/fred	1
datomic.index	build-segs	datomic.index/fully-partition-by	1
datomic.index	build-segs	datomic.index/separating-retractions	1
datomic.index	common-write-handlers	datomic.fressian/user-write-handlers	1
datomic.index	dir-partition-size	datomic.config/property	1
datomic.index	dir-partition-size	datomic.index/DIR_PARTITION_SIZE	1
datomic.index	disjoined-datoms	datomic.index/paired-assertion-state	1
datomic.index	disjoined-datoms	datomic.index/problem-assertion-state?	1
datomic.index	drop-avet	datomic.common/getx	2
datomic.index	drop-avet	datomic.index/*pace-index-fn*	1
datomic.index	drop-avet	datomic.index/drop-dirnode-leaves	1
datomic.index	drop-avet	datomic.index/root-node	1
datomic.index	drop-avet	datomic.index/transpose	1
datomic.index	drop-avet	datomic.index/write-object	2
datomic.index	drop-avet	datomic.slf4j/process	1
datomic.index	drop-avet-indexes	datomic.index/drop-avets	1
datomic.index	drop-avet-indexes	datomic.slf4j/format-as-msec	1
datomic.index	drop-avet-indexes	datomic.slf4j/process	2
datomic.index	drop-avets	datomic.index/drop-avet	1
datomic.index	drop-dirnode-leaves	datomic.index/dir-node	1
datomic.index	drop-dirnode-leaves	datomic.index/transpose	1
datomic.index	dropped-avet-aids	datomic.db/attribute	1
datomic.index	dropped-avet-aids	datomic.db/datoms	2
datomic.index	eavt-cmpi	datomic.common/compare	1
datomic.index	excise-ents	datomic.btset/seek	1
datomic.index	excise-ents	datomic.db/datum	1
datomic.index	excise-ents	datomic.iter/iter-seq	1
datomic.index	filter-nohist-pairs	datomic.common/compare	1
datomic.index	filter-nohist-pairs	datomic.db/attribute	1
datomic.index	find-index-root-id	datomic.cluster/val-key->uuid	1
datomic.index	find-index-root-id	datomic.index/index-ref-key-name	1
datomic.index	fress	datomic.fressian/byte-buf	1
datomic.index	fress	datomic.io/gzip-buffer	1
datomic.index	fully-partition-by	datomic.index/fully-take-while-delivering-tail	1
datomic.index	get-avet-sorted-datoms-mem	datomic.btset/seek	2
datomic.index	get-avet-sorted-datoms-mem	datomic.db/avet-cmp	1
datomic.index	get-avet-sorted-datoms-mem	datomic.db/datum	2
datomic.index	get-avet-sorted-datoms-mem	datomic.iter/iter-seq	2
datomic.index	get-avet-sorted-datoms-mem	datomic.iter/take-while	2
datomic.index	get-dir-node	datomic.common/getx	1
datomic.index	get-dir-node	datomic.index/use-array-cache?	1
datomic.index	index-read-handlers	datomic.common/ensure-vectors-in-array	1
datomic.index	index-read-handlers	datomic.fressian/user-read-handlers	1
datomic.index	index-read-handlers	datomic.index/dir-node	1
datomic.index	index-read-handlers	datomic.index/root-node	1
datomic.index	index-read-handlers	datomic.index/transposed-data	1
datomic.index	init-index	datomic.cluster/uuid->val-key	1
datomic.index	init-index	datomic.index/index-ref-key-name	1
datomic.index	init-index	datomic.index/init-index*	1
datomic.index	init-index*	datomic.common/rand-uuid	3
datomic.index	init-index*	datomic.config/property	1
datomic.index	init-index*	datomic.db/bootstrap-db	1
datomic.index	init-index*	datomic.index/common-write-handlers	13
datomic.index	init-index*	datomic.index/dir-node	4
datomic.index	init-index*	datomic.index/fress	13
datomic.index	init-index*	datomic.index/root-node	4
datomic.index	init-index*	datomic.index/transpose	12
datomic.index	init-index*	datomic.index/write-vals	1
datomic.index	least-pop-slice	datomic.index/estimate-seg-offset	1
datomic.index	load-index	datomic.common/getx	1
datomic.index	load-index	datomic.db/MIN_SCHEMA_LEVEL	2
datomic.index	load-index	datomic.fulltext/clustered-fulltext	2
datomic.index	load-index	datomic.index/aevt-cmpi	3
datomic.index	load-index	datomic.index/avet-cmpi	3
datomic.index	load-index	datomic.index/eavt-cmpi	3
datomic.index	load-index	datomic.index/lookup-index	12
datomic.index	load-index	datomic.index/raet-cmpi	3
datomic.index	load-index	datomic.index/valid-version	1
datomic.index	load-index	datomic.index/version-root-key	4
datomic.index	load-index	datomic.slf4j/process	1
datomic.index	lookup-index	datomic.common/getx	1
datomic.index	lookup-index	datomic.index/aevt-cmpi	1
datomic.index	lookup-index	datomic.index/avet-cmpi	1
datomic.index	lookup-index	datomic.index/eavt-cmpi	1
datomic.index	lookup-index	datomic.index/raet-cmpi	1
datomic.index	make-sparse-lt	datomic.common/compare	1
datomic.index	mem-index-bytes	datomic.index/MEM_TO_STG_RATIO	1
datomic.index	merge-db	datomic.cluster/uuid->val-key	1
datomic.index	merge-db	datomic.cluster/val-key->uuid	1
datomic.index	merge-db	datomic.common/getx	3
datomic.index	merge-db	datomic.config/property	1
datomic.index	merge-db	datomic.index/*pace-index-fn*	1
datomic.index	merge-db	datomic.index/create-pace-calculator	1
datomic.index	merge-db	datomic.index/index-ref-key-name	2
datomic.index	merge-db	datomic.index/load-index	2
datomic.index	merge-db	datomic.index/merge-db*	1
datomic.index	merge-db	datomic.index/repair-disjoined	1
datomic.index	merge-db	datomic.monitor/add-stat	1
datomic.index	merge-db	datomic.process.events/publish	1
datomic.index	merge-db	datomic.process/instance	1
datomic.index	merge-db	datomic.process/throw-if-failing!	1
datomic.index	merge-db	datomic.slf4j/caused-by	1
datomic.index	merge-db	datomic.slf4j/format-as-msec	1
datomic.index	merge-db	datomic.slf4j/process	3
datomic.index	merge-db*	datomic.btset/seek	3
datomic.index	merge-db*	datomic.cache/getx-uncached	1
datomic.index	merge-db*	datomic.cluster/BOUNDING_TIMEOUT_MSEC	2
datomic.index	merge-db*	datomic.cluster/queueing-writer	1
datomic.index	merge-db*	datomic.cluster/uuid->val-key	2
datomic.index	merge-db*	datomic.common/bounded-deref	1
datomic.index	merge-db*	datomic.common/getx	1
datomic.index	merge-db*	datomic.common/rand-uuid	1
datomic.index	merge-db*	datomic.config/property	2
datomic.index	merge-db*	datomic.db/aevt-cmp	1
datomic.index	merge-db*	datomic.db/avet-cmp	1
datomic.index	merge-db*	datomic.db/eavt-cmp	1
datomic.index	merge-db*	datomic.db/fulltext-attrs	1
datomic.index	merge-db*	datomic.db/raet-cmp	1
datomic.index	merge-db*	datomic.db/resolve-id	1
datomic.index	merge-db*	datomic.excise/create-xpreds	1
datomic.index	merge-db*	datomic.fulltext/build-index	1
datomic.index	merge-db*	datomic.index/BYTES_PER_SEG	1
datomic.index	merge-db*	datomic.index/MID_INDEX_THRESHOLD_FACTOR	1
datomic.index	merge-db*	datomic.index/MIN_MAIN_INDEX_THRESHOLD	1
datomic.index	merge-db*	datomic.index/add-avet-indexes	1
datomic.index	merge-db*	datomic.index/aevt-cmpi	1
datomic.index	merge-db*	datomic.index/avet-cmpi	1
datomic.index	merge-db*	datomic.index/common-write-handlers	5
datomic.index	merge-db*	datomic.index/dir-partition-size	4
datomic.index	merge-db*	datomic.index/drop-avet-indexes	1
datomic.index	merge-db*	datomic.index/dropped-avet-aids	1
datomic.index	merge-db*	datomic.index/eavt-cmpi	1
datomic.index	merge-db*	datomic.index/excise-ents	1
datomic.index	merge-db*	datomic.index/fress	1
datomic.index	merge-db*	datomic.index/idx-key	4
datomic.index	merge-db*	datomic.index/least-pop-slice	1
datomic.index	merge-db*	datomic.index/make-sparse-lt	1
datomic.index	merge-db*	datomic.index/mem-index-bytes	1
datomic.index	merge-db*	datomic.index/merge-one-index	1
datomic.index	merge-db*	datomic.index/needs-new-avet	1
datomic.index	merge-db*	datomic.index/raet-cmpi	1
datomic.index	merge-db*	datomic.index/stg-index-size	2
datomic.index	merge-db*	datomic.index/write-vals	1
datomic.index	merge-db*	datomic.iter/iter-seq	3
datomic.index	merge-db*	datomic.math/round	1
datomic.index	merge-db*	datomic.monitor/add-stat	3
datomic.index	merge-db*	datomic.slf4j/format-as-msec	6
datomic.index	merge-db*	datomic.slf4j/process	22
datomic.index	merge-one-index	datomic.cache/getx-uncached	3
datomic.index	merge-one-index	datomic.cache/put	1
datomic.index	merge-one-index	datomic.cluster/BOUNDING_TIMEOUT_MSEC	3
datomic.index	merge-one-index	datomic.cluster/queueing-writer	1
datomic.index	merge-one-index	datomic.cluster/uuid->val-key	2
datomic.index	merge-one-index	datomic.common/bounded-deref	2
datomic.index	merge-one-index	datomic.common/getx	1
datomic.index	merge-one-index	datomic.common/rand-uuid	1
datomic.index	merge-one-index	datomic.config/property	1
datomic.index	merge-one-index	datomic.excise/datoms	1
datomic.index	merge-one-index	datomic.excise/remove?	1
datomic.index	merge-one-index	datomic.index/bounded-count	1
datomic.index	merge-one-index	datomic.index/build-psegs	1
datomic.index	merge-one-index	datomic.index/build-segs	2
datomic.index	merge-one-index	datomic.index/deref-or-throw	1
datomic.index	merge-one-index	datomic.index/dir-partition-size	1
datomic.index	merge-one-index	datomic.index/fress	1
datomic.index	merge-one-index	datomic.index/fully-take-while-delivering-tail	1
datomic.index	merge-one-index	datomic.index/index-parallelism	2
datomic.index	merge-one-index	datomic.index/lookup-index	1
datomic.index	merge-one-index	datomic.index/make-sparse-lt	1
datomic.index	merge-one-index	datomic.index/merge-data	1
datomic.index	merge-one-index	datomic.index/root-node	1
datomic.index	merge-one-index	datomic.index/start-dirs-pipeline	1
datomic.index	merge-one-index	datomic.index/transpose	1
datomic.index	merge-one-index	datomic.index/write-vals	1
datomic.index	merge-one-index	datomic.monitor/add-stat	3
datomic.index	merge-one-index	datomic.slf4j/caused-by	1
datomic.index	merge-one-index	datomic.slf4j/process	7
datomic.index	mindiff	datomic.index/strdiff	1
datomic.index	mindiff	datomic.index/vecdiff	1
datomic.index	paired-assertion-state	datomic.common/compare	1
datomic.index	paired-assertion-state	datomic.index/retract-assert-pair?	2
datomic.index	raet-cmpi	datomic.common/compare	1
datomic.index	repair-disjoined	datomic.index/disjoined-datoms	2
datomic.index	repair-disjoined	datomic.slf4j/format-as-msec	2
datomic.index	repair-disjoined	datomic.slf4j/process	5
datomic.index	retract-assert-pair?	datomic.common/compare	1
datomic.index	seg-last-datom	datomic.cache/getx-uncached	1
datomic.index	separating-retractions	datomic.common/compare	1
datomic.index	separating-retractions	datomic.db/attribute	1
datomic.index	serialize-dir	datomic.index/common-write-handlers	1
datomic.index	serialize-dir	datomic.index/dir-node	1
datomic.index	serialize-dir	datomic.index/fress	1
datomic.index	serialize-dir	datomic.index/transpose	1
datomic.index	sparse-datom	datomic.common/compare	1
datomic.index	sparse-datom	datomic.db/asserting-datum	1
datomic.index	sparse-datom	datomic.db/retracting-datum	1
datomic.index	sparse-datom	datomic.index/mindiff	3
datomic.index	sparse-e-xf	datomic.index/seg-last-datom	1
datomic.index	sparse-e-xf	datomic.index/sparse-datom	1
datomic.index	sparse-es	datomic.cache/getx-uncached	1
datomic.index	sparse-es	datomic.common/compare	1
datomic.index	sparse-es	datomic.db/asserting-datum	1
datomic.index	sparse-es	datomic.db/retracting-datum	1
datomic.index	sparse-es	datomic.index/mindiff	3
datomic.index	sparse-es-2	datomic.index/sparse-e-xf	1
datomic.index	start-dirs-pipeline	datomic.index/capture-last-ex	1
datomic.index	start-dirs-pipeline	datomic.index/conjable-on-channel	1
datomic.index	start-dirs-pipeline	datomic.index/serialize-dir	1
datomic.index	start-dirs-pipeline	datomic.index/sparse-e-xf	1
datomic.index	start-dirs-pipeline	datomic.index/write-dirs	1
datomic.index	stg-index-segs	datomic.index/get-dir-node	1
datomic.index	stg-index-size	datomic.index/BYTES_PER_SEG	1
datomic.index	stg-index-size	datomic.index/stg-index-segs	1
datomic.index	transpose	datomic.index/transposed-data	1
datomic.index	use-array-cache?	datomic.index/array-cache-ref	1
datomic.index	valid-version	datomic.error/state	1
datomic.index	vecdiff	datomic.common/compare	1
datomic.index	vecdiff	datomic.index/mindiff	1
datomic.index	with-log	datomic.common/log-and-print	2
datomic.index	write-dirs	datomic.common/rand-uuid	1
datomic.index	write-dirs	datomic.index/write-vals	1
datomic.index	write-object	datomic.cache/put	1
datomic.index	write-object	datomic.common/rand-uuid	1
datomic.index	write-object	datomic.index/common-write-handlers	1
datomic.index	write-object	datomic.index/fress	1
datomic.index	write-object	datomic.index/write-vals	1
datomic.index	write-vals	datomic.cluster/write-vals	1
datomic.index	write-vals	datomic.monitor/add-stat	1
datomic.index	write-vals	datomic.slf4j/process	1
datomic.integrity	-main	datomic.api/shutdown	1
datomic.integrity	-main	datomic.cli/parse-or-exit!	1
datomic.integrity	aevt-avet-stats	datomic.db/attribute-seq	1
datomic.integrity	aevt-avet-stats	datomic.tools/ever-nohistory-attrs	1
datomic.integrity	aevt-dquark-seq	datomic.api/tx->t	1
datomic.integrity	aevt-dquark-seq	datomic.btset/seek	5
datomic.integrity	aevt-dquark-seq	datomic.db/aevt-cmp	1
datomic.integrity	aevt-dquark-seq	datomic.db/eid->eidx	1
datomic.integrity	aevt-dquark-seq	datomic.db/eid->part	1
datomic.integrity	aevt-dquark-seq	datomic.db/resolve-kw	2
datomic.integrity	aevt-dquark-seq	datomic.iter/iter-seq	1
datomic.integrity	attr-datoms	datomic.api/datoms	1
datomic.integrity	attr-id-set	datomic.api/attribute	1
datomic.integrity	attr-id-set	datomic.api/q	1
datomic.integrity	avet-dquark-seq	datomic.api/tx->t	1
datomic.integrity	avet-dquark-seq	datomic.btset/seek	5
datomic.integrity	avet-dquark-seq	datomic.db/aevt-cmp	1
datomic.integrity	avet-dquark-seq	datomic.db/eid->eidx	1
datomic.integrity	avet-dquark-seq	datomic.db/eid->part	1
datomic.integrity	avet-dquark-seq	datomic.db/resolve-kw	2
datomic.integrity	avet-dquark-seq	datomic.iter/iter-seq	1
datomic.integrity	cauterize	datomic.db/mem-index-set	1
datomic.integrity	clusterfs-path-reachability	datomic.clusterfs/file-chunk-keys	1
datomic.integrity	crosscheck-aevt-aevt	datomic.db/datum	1
datomic.integrity	crosscheck-aevt-aevt	datomic.db/filter-retractions	1
datomic.integrity	crosscheck-aevt-avet	datomic.db/datum	1
datomic.integrity	crosscheck-aevt-avet	datomic.db/filter-retractions	1
datomic.integrity	crosscheck-aevt-eavt	datomic.db/datum	1
datomic.integrity	crosscheck-aevt-eavt	datomic.db/filter-retractions	1
datomic.integrity	crosscheck-aevt-raet	datomic.db/datum	1
datomic.integrity	crosscheck-aevt-raet	datomic.db/filter-retractions	1
datomic.integrity	crosscheck-avet-aevt	datomic.db/datum	1
datomic.integrity	crosscheck-avet-aevt	datomic.db/filter-retractions	1
datomic.integrity	crosscheck-avet-avet	datomic.db/datum	1
datomic.integrity	crosscheck-avet-avet	datomic.db/filter-retractions	1
datomic.integrity	crosscheck-avet-eavt	datomic.db/datum	1
datomic.integrity	crosscheck-avet-eavt	datomic.db/filter-retractions	1
datomic.integrity	crosscheck-dir-segs	datomic.assert/*assert-handler*	4
datomic.integrity	crosscheck-dir-segs	datomic.log/find-log	1
datomic.integrity	crosscheck-dir-segs	datomic.log/seek-tx	1
datomic.integrity	crosscheck-dir-segs	datomic.slf4j/format-as-msec	1
datomic.integrity	crosscheck-dir-segs	datomic.slf4j/process	2
datomic.integrity	crosscheck-eavt-aevt	datomic.db/datum	1
datomic.integrity	crosscheck-eavt-aevt	datomic.db/filter-retractions	1
datomic.integrity	crosscheck-eavt-avet	datomic.db/datum	1
datomic.integrity	crosscheck-eavt-avet	datomic.db/filter-retractions	1
datomic.integrity	crosscheck-eavt-eavt	datomic.db/datum	1
datomic.integrity	crosscheck-eavt-eavt	datomic.db/filter-retractions	1
datomic.integrity	crosscheck-eavt-raet	datomic.db/datum	1
datomic.integrity	crosscheck-eavt-raet	datomic.db/filter-retractions	1
datomic.integrity	crosscheck-indexes	datomic.slf4j/format-as-msec	1
datomic.integrity	crosscheck-indexes	datomic.slf4j/process	2
datomic.integrity	crosscheck-log	datomic.api/basis-t	1
datomic.integrity	crosscheck-log	datomic.api/history	1
datomic.integrity	crosscheck-log	datomic.api/t->tx	1
datomic.integrity	crosscheck-log	datomic.db/datoms	4
datomic.integrity	crosscheck-log	datomic.iter/iter-seq	1
datomic.integrity	crosscheck-log	datomic.log/seek-tx	1
datomic.integrity	crosscheck-log	datomic.slf4j/format-as-msec	1
datomic.integrity	crosscheck-log	datomic.slf4j/process	2
datomic.integrity	crosscheck-log	datomic.tools/ever-nohistory-attrs	1
datomic.integrity	crosscheck-log-cli	datomic.api/connect	1
datomic.integrity	crosscheck-log-cli	datomic.api/db	2
datomic.integrity	crosscheck-log-cli	datomic.log/find-log	2
datomic.integrity	crosscheck-log-cli	datomic.tools/connection-resources	1
datomic.integrity	crosscheck-log-representations	datomic.api/connect	1
datomic.integrity	crosscheck-log-representations	datomic.api/db	1
datomic.integrity	crosscheck-log-representations	datomic.iter/iter-seq	2
datomic.integrity	crosscheck-log-representations	datomic.log/create-log-val	1
datomic.integrity	crosscheck-log-representations	datomic.log/find-log	1
datomic.integrity	crosscheck-log-representations	datomic.log/seek-tx	2
datomic.integrity	crosscheck-log-representations	datomic.tools/connection-resources	1
datomic.integrity	crosscheck-raet-aevt	datomic.db/datum	1
datomic.integrity	crosscheck-raet-aevt	datomic.db/filter-retractions	1
datomic.integrity	crosscheck-raet-eavt	datomic.db/datum	1
datomic.integrity	crosscheck-raet-eavt	datomic.db/filter-retractions	1
datomic.integrity	crosscheck-raet-raet	datomic.db/datum	1
datomic.integrity	crosscheck-raet-raet	datomic.db/filter-retractions	1
datomic.integrity	crosscheck-tx-range-with-tx-instant	datomic.api/db	1
datomic.integrity	datom-comparator	datomic.db/aevt-cmp	1
datomic.integrity	datom-comparator	datomic.db/avet-cmp	1
datomic.integrity	datom-comparator	datomic.db/eavt-cmp	1
datomic.integrity	datom-comparator	datomic.db/raet-cmp	1
datomic.integrity	defcrosscheck	datomic.db/datum	1
datomic.integrity	defcrosscheck	datomic.db/filter-retractions	1
datomic.integrity	defcrosscheck	datomic.integrity/mk-index-pred	1
datomic.integrity	describe-segment	datomic.io/describe-bbuf	1
datomic.integrity	describe-segment	datomic.tools/connection-resources	1
datomic.integrity	diagnostics	datomic.tools/diagnostics	1
datomic.integrity	dups	datomic.api/q	1
datomic.integrity	e-ts	datomic.api/datoms	1
datomic.integrity	e-ts	datomic.api/tx->t	1
datomic.integrity	eavt-dquark-seq	datomic.api/tx->t	1
datomic.integrity	eavt-dquark-seq	datomic.btset/seek	5
datomic.integrity	eavt-dquark-seq	datomic.db/aevt-cmp	1
datomic.integrity	eavt-dquark-seq	datomic.db/eid->eidx	1
datomic.integrity	eavt-dquark-seq	datomic.db/eid->part	1
datomic.integrity	eavt-dquark-seq	datomic.db/resolve-kw	2
datomic.integrity	eavt-dquark-seq	datomic.iter/iter-seq	1
datomic.integrity	enhance-uri	datomic.uri/create	1
datomic.integrity	enhance-uri	datomic.uri/parse	1
datomic.integrity	enhance-uri	datomic.uri/parse	1
datomic.integrity	excisions	datomic.api/datoms	1
datomic.integrity	excisions	datomic.api/entity	1
datomic.integrity	fulltext-path-reachability	datomic.api/ident	2
datomic.integrity	fulltext-storage-seq	datomic.clusterfs/all-keys	1
datomic.integrity	fulltext-storage-seq	datomic.index/index-ref-key-name	1
datomic.integrity	fulltext-storage-seq	datomic.tools/connection-resources	1
datomic.integrity	get-db	datomic.api/db	1
datomic.integrity	index-storage-seq	datomic.index/index-ref-key-name	1
datomic.integrity	index-storage-seq	datomic.tools/connection-resources	1
datomic.integrity	log-dir-entry-seq	datomic.log/find-log	1
datomic.integrity	log-dir-entry-seq	datomic.log/seek-tx	1
datomic.integrity	log-seg-t-seq	datomic.log/find-log	1
datomic.integrity	log-seg-t-seq	datomic.log/seek-tx	1
datomic.integrity	log-storage-seq	datomic.log/root-id	1
datomic.integrity	log-storage-seq	datomic.tools/connection-resources	1
datomic.integrity	path-to-t	datomic.cluster/val-key->uuid	1
datomic.integrity	path-to-t	datomic.common/key-comparator	1
datomic.integrity	path-to-t	datomic.log/binary-search	1
datomic.integrity	path-to-t	datomic.log/btree-search	2
datomic.integrity	path-to-t	datomic.log/read-tail-descriptor	1
datomic.integrity	pod-storage-seq	datomic.cluster/get-ref-store	1
datomic.integrity	pod-storage-seq	datomic.fressian/defressian	1
datomic.integrity	pod-storage-seq	datomic.log/read-handlers	1
datomic.integrity	pod-storage-seq	datomic.log/tail-pod-key	1
datomic.integrity	pod-storage-seq	datomic.tools/connection-resources	1
datomic.integrity	selfcheck-index-cli	datomic.api/connect	1
datomic.integrity	selfcheck-index-cli	datomic.api/db	1
datomic.integrity	stat-counts	datomic.api/attribute	1
datomic.integrity	stat-counts	datomic.stats/aevt	3
datomic.integrity	stat-counts	datomic.stats/avet	3
datomic.integrity	tx-instant-ts	datomic.api/datoms	1
datomic.integrity	tx-instant-ts	datomic.api/tx->t	1
datomic.integrity	tx-range-ts	datomic.api/db	1
datomic.integrity	tx-range-ts	datomic.api/log	1
datomic.integrity	tx-range-ts	datomic.api/next-t	1
datomic.integrity	tx-range-ts	datomic.api/tx-range	1
datomic.integrity	unfindable-datom-seq	datomic.api/datoms	1
datomic.integrity	unpaired-history-assertions	datomic.index/retract-assert-pair?	1
datomic.integrity	unpaired-history-assertions	datomic.iter/iter-seq	1
datomic.integrity	unpaired-history-assertions	datomic.tools/unsorted-seq	1
datomic.integrity	unpaired-history-retractions	datomic.index/retract-assert-pair?	1
datomic.integrity	unpaired-history-retractions	datomic.iter/iter-seq	1
datomic.integrity	unpaired-history-retractions	datomic.tools/unsorted-seq	1
datomic.integrity	unsorted-datoms	datomic.api/datoms	1
datomic.integrity	unsorted-datoms	datomic.tools/unsorted-seq	1
datomic.integrity	unsorted-dirs	datomic.tools/unsorted-seq	1
datomic.integrity	validate-all	datomic.api/connect	1
datomic.integrity	validate-all	datomic.api/db	1
datomic.integrity	validate-all	datomic.assert/*assert-handler*	2
datomic.integrity	validate-all	datomic.tools.index-checks/unique-collisions	2
datomic.integrity	validate-all	datomic.tools/connection-resources	1
datomic.integrity	validate-excision	datomic.api/as-of	1
datomic.integrity	validate-excision	datomic.api/basis-t	1
datomic.integrity	validate-excision	datomic.api/datoms	1
datomic.integrity	validate-excision	datomic.api/entity	1
datomic.integrity	validate-excision	datomic.api/entity-db	1
datomic.integrity	validate-excision	datomic.db/attribute	1
datomic.integrity	validate-excision	datomic.db/resolve-id	1
datomic.integrity	validate-excision	datomic.excise/get-before-t	1
datomic.integrity	validate-garbage	datomic.garbage/leaf-seq	1
datomic.integrity	validate-garbage	datomic.garbage/root-ref-key	1
datomic.integrity	validate-index-totals	datomic.stats/aevt	1
datomic.integrity	validate-index-totals	datomic.stats/datom-counts	2
datomic.integrity	validate-index-totals	datomic.stats/eavt	1
datomic.integrity	validate-log-cli	datomic.tools/connection-resources	1
datomic.integrity	validate-memory-safe	datomic.api/connect	1
datomic.integrity	validate-nohistory	datomic.api/history	1
datomic.integrity	validate-t-order	datomic.api/connect	1
datomic.integrity	validate-t-order	datomic.api/db	1
datomic.integrity	validate-t-order	datomic.log/create-log-val	1
datomic.integrity	validate-t-order	datomic.log/find-log	1
datomic.integrity	validate-t-order	datomic.slf4j/format-as-msec	1
datomic.integrity	validate-t-order	datomic.slf4j/process	2
datomic.integrity	validate-t-order	datomic.tools/connection-resources	1
datomic.integrity	validate-t-order*	datomic.api/t->tx	1
datomic.integrity	validate-t-order*	datomic.assert/*assert-handler*	10
datomic.integrity	validate-t-order*	datomic.iter/iter-seq	4
datomic.integrity	validate-t-order*	datomic.log/max-eidx	1
datomic.integrity	validate-t-order*	datomic.log/seek-tx	4
datomic.kv-cache	kv-cache-ref	datomic.common/closing-watch	1
datomic.kv-cache	start-kv-cache	datomic.cache/repairing-cache-stack	1
datomic.kv-cache	start-kv-cache	datomic.config/valcache-args	1
datomic.kv-cache	start-kv-cache	datomic.memcached/start-local-memcached-from-config	1
datomic.kv-cache	start-kv-cache	datomic.memcached/start-memcached-from-config	1
datomic.kv-cache	start-kv-cache	datomic.monitor/add-stat	1
datomic.kv-cache	start-kv-cache	datomic.valcache-direct/create	1
datomic.kv-cassandra	KVCassandra	datomic.cassandra/cql-delete	1
datomic.kv-cassandra	KVCassandra	datomic.cassandra/cql-insert	2
datomic.kv-cassandra	KVCassandra	datomic.cassandra/cql-select	1
datomic.kv-cassandra	KVCassandra	datomic.cassandra/cql-update	1
datomic.kv-cassandra	kv-cassandra	datomic.cassandra/cluster-from-callback	1
datomic.kv-cassandra2	KVCassandra2	datomic.cassandra-values/*retry*	2
datomic.kv-cassandra2	KVCassandra2	datomic.cassandra-values/delete-value	1
datomic.kv-cassandra2	KVCassandra2	datomic.cassandra-values/get-value	1
datomic.kv-cassandra2	KVCassandra2	datomic.cassandra-values/put-value	1
datomic.kv-cassandra2	KVCassandra2	datomic.cassandra/cql-delete	1
datomic.kv-cassandra2	KVCassandra2	datomic.cassandra/cql-insert	1
datomic.kv-cassandra2	KVCassandra2	datomic.cassandra/cql-select	1
datomic.kv-cassandra2	KVCassandra2	datomic.cassandra/cql-update	1
datomic.kv-cassandra2	KVCassandra2	datomic.kv-store/*retry*	2
datomic.kv-cassandra2	kv-cassandra	datomic.cassandra/cluster-from-callback	1
datomic.kv-cassandra3	KVCassandra3	datomic.cassandra-v4/cql-delete	1
datomic.kv-cassandra3	KVCassandra3	datomic.cassandra-v4/cql-insert	1
datomic.kv-cassandra3	KVCassandra3	datomic.cassandra-v4/cql-select	1
datomic.kv-cassandra3	KVCassandra3	datomic.cassandra-v4/cql-update	1
datomic.kv-cassandra3	KVCassandra3	datomic.cassandra-values-v4/*retry*	2
datomic.kv-cassandra3	KVCassandra3	datomic.cassandra-values-v4/delete-value	1
datomic.kv-cassandra3	KVCassandra3	datomic.cassandra-values-v4/get-value	1
datomic.kv-cassandra3	KVCassandra3	datomic.cassandra-values-v4/put-value	1
datomic.kv-cassandra3	KVCassandra3	datomic.kv-store/*retry*	2
datomic.kv-cassandra3	kv-cassandra	datomic.cassandra-v4/session-from-callback	1
datomic.kv-cluster	KVCluster	datomic.cluster/close	1
datomic.kv-cluster	KVCluster	datomic.common/rand-uuid	1
datomic.kv-cluster	KVCluster	datomic.future/-future-with-channel-impl	10
datomic.kv-cluster	KVCluster	datomic.future/add-bounding-warning	10
datomic.kv-cluster	KVCluster	datomic.future/bounding-warn-seconds	10
datomic.kv-cluster	KVCluster	datomic.monitor/add-stat	6
datomic.kv-cluster	KVCluster	datomic.slf4j/format-as-msec	9
datomic.kv-cluster	KVCluster	datomic.slf4j/process	20
datomic.kv-cluster	delete-pool-ref	datomic.common/thread-pool	1
datomic.kv-cluster	delete-pool-ref	datomic.config/property	1
datomic.kv-cluster	kv-cluster	datomic.common/thread-pool	1
datomic.kv-cluster	kv-cluster	datomic.config/property	3
datomic.kv-cluster	mark-pod-garbage	datomic.process.events/publish	1
datomic.kv-cluster	notify-retry	datomic.monitor/add-stat	1
datomic.kv-cluster	notify-retry	datomic.slf4j/process	1
datomic.kv-cluster	retry-fn	datomic.common/return-or-throw	1
datomic.kv-cluster	retry-fn	datomic.kv-store/*retry*	1
datomic.kv-cluster	retry-fn	datomic.monitor/alarm	1
datomic.kv-cluster	retry-fn	datomic.slf4j/process	1
datomic.kv-cluster	same-ref?	datomic.common/require-keys	2
datomic.kv-cluster	shared-pool-ref	datomic.common/thread-pool	1
datomic.kv-cluster	shared-pool-ref	datomic.config/property	1
datomic.kv-dynamo	KVDynamo	datomic.ddb-values/*retry*	2
datomic.kv-dynamo	KVDynamo	datomic.ddb-values/delete-value	1
datomic.kv-dynamo	KVDynamo	datomic.ddb-values/get-value	1
datomic.kv-dynamo	KVDynamo	datomic.ddb-values/put-value	1
datomic.kv-dynamo	KVDynamo	datomic.ddb/create-item	1
datomic.kv-dynamo	KVDynamo	datomic.ddb/create-key	2
datomic.kv-dynamo	KVDynamo	datomic.ddb/deitem	1
datomic.kv-dynamo	KVDynamo	datomic.ddb/delete-item	1
datomic.kv-dynamo	KVDynamo	datomic.ddb/get-item	1
datomic.kv-dynamo	KVDynamo	datomic.ddb/put-item	1
datomic.kv-dynamo	KVDynamo	datomic.kv-store/*retry*	2
datomic.kv-dynamo-skv	KVDynamoSKV	datomic.ddb-values/delete-value	1
datomic.kv-dynamo-skv	KVDynamoSKV	datomic.ddb/create-item	1
datomic.kv-dynamo-skv	KVDynamoSKV	datomic.ddb/create-key	1
datomic.kv-dynamo-skv	KVDynamoSKV	datomic.ddb/deitem	1
datomic.kv-dynamo-skv	KVDynamoSKV	datomic.ddb/get-item	1
datomic.kv-dynamo-skv	KVDynamoSKV	datomic.ddb/put-item	1
datomic.kv-dynamo-skv	KVDynamoSKV	datomic.simple-kv/get-with-retry	1
datomic.kv-dynamo-skv	KVDynamoSKV	datomic.simple-kv/pack	1
datomic.kv-dynamo-skv	KVDynamoSKV	datomic.simple-kv/unpack	1
datomic.kv-dynamo-skv	kv-ddb-skv-	datomic.ddb/client	1
datomic.kv-dynamo-skv	kv-ddb-skv-	datomic.io/bbuf->string	1
datomic.kv-dynamo-skv	kv-ddb-skv-	datomic.simple-kv/get-with-retry	1
datomic.kv-hotrod	KVHotRod	datomic.io/alias-buf-bytes	1
datomic.kv-sql	KVSql	datomic.io/alias-buf-bytes	1
datomic.kv-sql	KVSql	datomic.slf4j/process	1
datomic.kv-sql	KVSql	datomic.sql/delete	1
datomic.kv-sql	KVSql	datomic.sql/insert	1
datomic.kv-sql	KVSql	datomic.sql/select	1
datomic.kv-sql	KVSql	datomic.sql/update	1
datomic.kv-sql-ext	cluster-conf->spec	datomic.error/arg	1
datomic.kv-sql-ext	create-datasource	datomic.config/property	1
datomic.kv-sql-ext	kv-sql	datomic.kv-sql/from-spec	1
datomic.kv-sql-ext	try-validation-query	datomic.monitor/alarm	2
datomic.kv-sql-ext	try-validation-query	datomic.slf4j/caused-by	1
datomic.kv-sql-ext	try-validation-query	datomic.slf4j/process	2
datomic.kv-sql-ext	try-validation-query	datomic.sql/connect	1
datomic.kv-sql-ext	validation-query	datomic.config/property	1
datomic.log	LogImpl	datomic.cluster/uuid->val-key	3
datomic.log	LogImpl	datomic.common/getx	4
datomic.log	LogImpl	datomic.common/key-comparator	2
datomic.log	LogImpl	datomic.io/unchunk	2
datomic.log	LogImpl	datomic.monitor/add-stat	1
datomic.log	LogImpl	datomic.slf4j/format-as-msec	1
datomic.log	LogImpl	datomic.slf4j/process	2
datomic.log	LogImpl	datomic.transaction/log-completion!	1
datomic.log	LogTailValue	datomic.common/key-comparator	1
datomic.log	LogTxIter	datomic.cache/read-ahead	1
datomic.log	LogTxIter	datomic.common/getx	9
datomic.log	LogValue	datomic.common/getx	5
datomic.log	LogValue	datomic.common/key-comparator	2
datomic.log	Tail	datomic.common/key-comparator	1
datomic.log	binary-search	datomic.index/binary-search	1
datomic.log	btree-search	datomic.index/btree-search	1
datomic.log	catchup	datomic.db/add-fulltext	1
datomic.log	catchup	datomic.iter/iter-seq	1
datomic.log	catchup	datomic.monitor/add-stat	2
datomic.log	catchup	datomic.slf4j/format-as-msec	1
datomic.log	catchup	datomic.slf4j/process	4
datomic.log	catchup-tx	datomic.common/getx	1
datomic.log	catchup-tx	datomic.config/property	1
datomic.log	catchup-tx	datomic.slf4j/process	1
datomic.log	convert-log-version	datomic.error/raise	1
datomic.log	create-entry	datomic.common/rand-uuid	1
datomic.log	create-leaves*	datomic.io/remaining	1
datomic.log	create-leaves*	datomic.io/unchunk	1
datomic.log	create-log-val	datomic.cluster/val-key->uuid	1
datomic.log	ensure-index-and-log	datomic.index/find-index-root-id	1
datomic.log	ensure-index-and-log	datomic.index/init-index	1
datomic.log	ensure-index-and-log	datomic.slf4j/format-as-msec	1
datomic.log	ensure-index-and-log	datomic.slf4j/process	2
datomic.log	excise	datomic.cluster/BOUNDING_TIMEOUT_MSEC	2
datomic.log	excise	datomic.cluster/queueing-writer	1
datomic.log	excise	datomic.common/bounded-deref	1
datomic.log	excise	datomic.config/property	1
datomic.log	excise	datomic.monitor/add-stat	1
datomic.log	excise-root	datomic.cluster/BOUNDING_TIMEOUT_MSEC	2
datomic.log	excise-root	datomic.cluster/queueing-writer	1
datomic.log	excise-root	datomic.cluster/uuid->val-key	2
datomic.log	excise-root	datomic.common/bounded-deref	1
datomic.log	excise-root	datomic.common/getx	2
datomic.log	excise-root	datomic.common/rand-uuid	3
datomic.log	excise-root	datomic.config/property	1
datomic.log	excise-root	datomic.monitor/add-stat	1
datomic.log	excise-root	datomic.slf4j/process	1
datomic.log	excise-ts	datomic.excise/datoms	1
datomic.log	extend-tree	datomic.cluster/uuid->val-key	3
datomic.log	extend-tree	datomic.common/getx	4
datomic.log	extend-tree	datomic.common/rand-uuid	2
datomic.log	fressianed-dir	datomic.fressian/byte-buf	1
datomic.log	fressianed-leaf	datomic.fressian/byte-buf	1
datomic.log	fressianed-tx	datomic.common/getx	1
datomic.log	fressianed-tx	datomic.common/require-keys	1
datomic.log	fressianed-tx	datomic.io/bytestream->buf	1
datomic.log	fressianed-tx	datomic.transaction/writer	1
datomic.log	last-tree-tx	datomic.common/getx	3
datomic.log	load-tail	datomic.fressian/create-reader	1
datomic.log	load-tail	datomic.io/position	1
datomic.log	load-tail	datomic.io/sub-buffer	1
datomic.log	max-eidx	datomic.db/eid->eidx	2
datomic.log	max-t	datomic.db/eid->eidx	1
datomic.log	normalize-desc	datomic.error/state	1
datomic.log	read-handlers	datomic.transaction/read-handlers	1
datomic.log	read-tail-descriptor	datomic.error/raise	1
datomic.log	read-tail-descriptor	datomic.slf4j/process	1
datomic.log	segmented-basis-t	datomic.common/getx	3
datomic.log	tail-byte-count	datomic.io/remaining	1
datomic.log	tx-range	datomic.db/t-at-or-since	2
datomic.log	tx-range	datomic.iter/iterator	1
datomic.log	tx-range	datomic.iter/take-while	1
datomic.log	write-excise-val	datomic.slf4j/process	1
datomic.log	write-excised-log	datomic.common/getx	2
datomic.log	write-excised-log	datomic.common/rand-uuid	2
datomic.log	write-excised-log	datomic.excise/remove?	1
datomic.log	write-handlers	datomic.transaction/write-handlers	1
datomic.log	write-new-log	datomic.cluster/uuid->val-key	1
datomic.log	write-new-log	datomic.common/rand-uuid	1
datomic.log	write-tail-descriptor	datomic.cluster/update-pod	1
datomic.log	write-tail-descriptor	datomic.config/property	1
datomic.log	write-tail-descriptor	datomic.slf4j/process	1
datomic.log	zip-and-create	datomic.cluster/uuid->val-key	1
datomic.log	zip-and-create	datomic.io/gzip-buffer	1
datomic.memcached	RecoveringClient	datomic.slf4j/process	1
datomic.memcached	create-cache	datomic.common/return-or-throw	1
datomic.memcached	create-cache	datomic.config/property	1
datomic.memcached	create-cache	datomic.io/alias-buf-bytes	1
datomic.memcached	create-cache	datomic.monitor/add-stat	1
datomic.memcached	create-cache	datomic.slf4j/process	1
datomic.memcached	create-client	datomic.slf4j/process	1
datomic.memcached	put-result-handler	datomic.slf4j/process	1
datomic.memcached	start-local-memcached-from-config	datomic.config/folsom?	1
datomic.memcached	start-local-memcached-from-config	datomic.config/local-memcached-args	1
datomic.memcached	start-local-memcached-from-config	datomic.require/require-and-run	1
datomic.memcached	start-memcached-from-config	datomic.config/folsom?	1
datomic.memcached	start-memcached-from-config	datomic.config/memcached-args	1
datomic.memcached	start-memcached-from-config	datomic.require/require-and-run	1
datomic.memory	aws-transactor-settings	datomic.common/getx	1
datomic.memory	transactor-settings	datomic.math/M	1
datomic.memory-size	handle-primitive-arrays	datomic.memory-size/MemorySize	1
datomic.memory-size	handle-primitive-arrays	datomic.memory-size/array-type	1
datomic.peer	Connection	datomic.adopter/adopt-index	1
datomic.peer	Connection	datomic.cache/cache-keys	1
datomic.peer	Connection	datomic.cache/fast-count	1
datomic.peer	Connection	datomic.cache/put	2
datomic.peer	Connection	datomic.cache/remove	5
datomic.peer	Connection	datomic.cleanup/register-cleanup	1
datomic.peer	Connection	datomic.cleanup/shared-manager-ref	1
datomic.peer	Connection	datomic.cluster/close	1
datomic.peer	Connection	datomic.common/getx	2
datomic.peer	Connection	datomic.common/rand-uuid	1
datomic.peer	Connection	datomic.connector/admin-request	2
datomic.peer	Connection	datomic.connector/create-transactor-hornet-connector	1
datomic.peer	Connection	datomic.db-io/load-db-from-basis	1
datomic.peer	Connection	datomic.db/db	1
datomic.peer	Connection	datomic.error/deserialize-exception	1
datomic.peer	Connection	datomic.error/report	6
datomic.peer	Connection	datomic.error/runonce	4
datomic.peer	Connection	datomic.index/find-index-root-id	1
datomic.peer	Connection	datomic.index/load-index	1
datomic.peer	Connection	datomic.log/create-log-val	1
datomic.peer	Connection	datomic.monitor/add-stat	1
datomic.peer	Connection	datomic.monitor/alarm	1
datomic.peer	Connection	datomic.promise/delivered	1
datomic.peer	Connection	datomic.promise/settable-future	2
datomic.peer	Connection	datomic.queue/offer	1
datomic.peer	Connection	datomic.slf4j/caused-by	2
datomic.peer	Connection	datomic.slf4j/format-as-msec	2
datomic.peer	Connection	datomic.slf4j/process	16
datomic.peer	Connection	datomic.transaction/create-procargs	1
datomic.peer	Connection	datomic.uri/loggable-cluster-conf	1
datomic.peer	ConnectionState	datomic.monitor/alarm	1
datomic.peer	ConnectionState	datomic.slf4j/caused-by	1
datomic.peer	ConnectionState	datomic.slf4j/process	1
datomic.peer	LocalConnection	datomic.db/with-tx+opts	1
datomic.peer	LocalConnection	datomic.error/state	3
datomic.peer	LocalConnection	datomic.log/tx-range	1
datomic.peer	LocalConnection	datomic.promise/delivered	2
datomic.peer	TWatcherImpl	datomic.db/eid->eidx	2
datomic.peer	TWatcherImpl	datomic.db/ts-needing-index	1
datomic.peer	TWatcherImpl	datomic.promise/delivered	5
datomic.peer	TWatcherImpl	datomic.promise/settable-future	1
datomic.peer	administer-system	datomic.cache/clear	1
datomic.peer	administer-system	datomic.domain/system-cache	1
datomic.peer	await-tx-result	datomic.config/property	1
datomic.peer	await-tx-result	datomic.error/raise	1
datomic.peer	connect-local-database	datomic.error/raise	1
datomic.peer	connect-uri	datomic.uri/parse-db	1
datomic.peer	connection-cache	datomic.cache/create-soft-limited	1
datomic.peer	create-connection	datomic.cache/create-response-map	1
datomic.peer	create-connection	datomic.common/getx	1
datomic.peer	create-connection	datomic.common/log-retry	1
datomic.peer	create-connection	datomic.common/retry-fn	1
datomic.peer	create-connection	datomic.coordination/create-db-cluster	1
datomic.peer	create-connection	datomic.coordination/create-system-cluster	1
datomic.peer	create-connection	datomic.coordination/lookup-compatible-transactor-endpoint	1
datomic.peer	create-connection	datomic.domain/system-cache-olookup	1
datomic.peer	create-connection	datomic.math/create-exponential	1
datomic.peer	create-connection	datomic.reconnector2/reconnector-ref	1
datomic.peer	create-connection	datomic.slf4j/caused-by	1
datomic.peer	create-connection	datomic.slf4j/process	2
datomic.peer	create-database	datomic.error/raise	1
datomic.peer	create-database	datomic.uri/parse-db	1
datomic.peer	delete-database	datomic.coordination/resolve-db-name	1
datomic.peer	delete-database	datomic.uri/parse-db	1
datomic.peer	ensure-schema-level	datomic.db/tx-data-for-latest-schema-level	1
datomic.peer	ensure-schema-level	datomic.slf4j/process	1
datomic.peer	fail-pending-txes	datomic.cache/cache-keys	1
datomic.peer	fail-pending-txes	datomic.cache/remove	2
datomic.peer	get-catalog	datomic.catalog/get-catalog	1
datomic.peer	get-catalog	datomic.coordination/create-system-cluster	1
datomic.peer	get-catalog	datomic.uri/parse	1
datomic.peer	get-connection	datomic.cache/put	1
datomic.peer	get-connection	datomic.coordination/resolve-db-name	1
datomic.peer	get-connection	datomic.slf4j/format-as-msec	1
datomic.peer	get-connection	datomic.slf4j/process	3
datomic.peer	get-connection	datomic.uri/loggable-cluster-conf	2
datomic.peer	get-cstate	datomic.error/state	1
datomic.peer	get-database-names	datomic.error/raise	2
datomic.peer	get-database-names	datomic.uri/parse	1
datomic.peer	initialize	datomic.aws-monitor/cloudwatch-reporter	1
datomic.peer	initialize	datomic.cast2slf4j/redirect	1
datomic.peer	initialize	datomic.config/edition-has-feature?	1
datomic.peer	initialize	datomic.config/property	1
datomic.peer	initialize	datomic.domain/preload-extension-resolver!	1
datomic.peer	initialize	datomic.process-monitor/start-metrics	1
datomic.peer	integrate-lucene	datomic.db/fulltext?	1
datomic.peer	integrate-lucene	datomic.fulltext-index/update-fulltext	1
datomic.peer	integrate-lucene	datomic.monitor/add-stat	1
datomic.peer	integrate-lucene	datomic.queue/poll	2
datomic.peer	local-connection	datomic.db/bootstrap-db	1
datomic.peer	peer-queue-exceeded	datomic.error/anomalize	1
datomic.peer	rename-database	datomic.error/raise	1
datomic.peer	rename-database	datomic.uri/parse-db	1
datomic.peer	rename-local-database	datomic.error/raise	2
datomic.peer	resolve-tempid	datomic.db/resolve-id	1
datomic.peer	revert-to-log-version-1	datomic.coordination/create-db-cluster	1
datomic.peer	revert-to-log-version-1	datomic.coordination/resolve-db-name	1
datomic.peer	revert-to-log-version-1	datomic.log/convert-log-version	1
datomic.peer	revert-to-log-version-1	datomic.uri/parse	1
datomic.peer	send-admin-request	datomic.connector/admin-request	1
datomic.peer	send-admin-request	datomic.connector/create-transactor-hornet-connector	1
datomic.peer	send-admin-request	datomic.coordination/create-system-cluster	1
datomic.peer	send-admin-request	datomic.coordination/lookup-compatible-transactor-endpoint	1
datomic.peer	send-admin-request	datomic.error/raise	1
datomic.peer	send-admin-request	datomic.slf4j/format-as-msec	1
datomic.peer	send-admin-request	datomic.slf4j/process	2
datomic.peer	send-admin-request	datomic.uri/loggable-cluster-conf	1
datomic.peer	shutdown	datomic.cache/cache-keys	1
datomic.peer	shutdown	datomic.cache/remove	2
datomic.peer	shutdown	datomic.cluster-stack/kv-cache-ref	1
datomic.peer	shutdown	datomic.connector/stop-all-connectors	1
datomic.peer	start-kv-cache-delay	datomic.cluster-stack/start-kv-cache	1
datomic.peer	stop-connection	datomic.cache/clear	1
datomic.peer	stop-connection	datomic.coordination/db-cache	1
datomic.peer	submit-data-script	datomic.io/read-all	1
datomic.peer	t->tx	datomic.db/make-eid	1
datomic.peer	transactor-endpoint	datomic.coordination/pod-key	1
datomic.peer	tx-group-endpoint	datomic.coordination/create-system-cluster	1
datomic.peer	tx-group-endpoint	datomic.coordination/lookup-endpoint	1
datomic.peer	tx-group-endpoint	datomic.uri/parse	1
datomic.peer	undelete-database	datomic.catalog/undelete-database	1
datomic.peer	undelete-database	datomic.coordination/create-system-cluster	1
datomic.peer	undelete-database	datomic.uri/parse	1
datomic.process	SharedCriticalFailure	datomic.slf4j/caused-by	1
datomic.process	SharedCriticalFailure	datomic.slf4j/process	2
datomic.process	claim-pid-file	datomic.config/property	1
datomic.process	claim-pid-file	datomic.slf4j/pid	1
datomic.process	create-instance	datomic.monitor/alarm	2
datomic.process	create-instance	datomic.slf4j/caused-by	2
datomic.process	create-instance	datomic.slf4j/process	2
datomic.process-monitor	metrics-callback	datomic.callback/create-callback	1
datomic.process-monitor	metrics-callback	datomic.config/property	1
datomic.process-monitor	metrics-callback	datomic.slf4j/format-as-msec	1
datomic.process-monitor	metrics-callback	datomic.slf4j/process	2
datomic.process-monitor	monitored-instances-ref	datomic.domain/system-cache	1
datomic.process-monitor	report-metrics	datomic.monitor/add-stat	2
datomic.process-monitor	report-metrics	datomic.slf4j/caused-by	1
datomic.process-monitor	report-metrics	datomic.slf4j/format-as-msec	1
datomic.process-monitor	report-metrics	datomic.slf4j/process	4
datomic.process-monitor	snapshot-metrics	datomic.monitor/snapshot-statistics	1
datomic.process-monitor	start-metrics-delay	datomic.common/schedule	1
datomic.process-monitor	start-metrics-delay	datomic.config/property	1
datomic.process-monitor	start-metrics-delay	datomic.monitor/add-stat	1
datomic.process-monitor	start-metrics-delay	datomic.process/instance	1
datomic.process-monitor	start-metrics-delay	datomic.slf4j/process	1
datomic.pull	attr-spec->attr	datomic.error/arg	1
datomic.pull	attr-spec->fn	datomic.db/normalize-kw	1
datomic.pull	attr-spec->fn	datomic.error/arg	2
datomic.pull	default-spec	datomic.db/normalize-kw	1
datomic.pull	default-spec	datomic.db/reverse-lookup?	1
datomic.pull	ea->v	datomic.db/datum	1
datomic.pull	ea->v	datomic.db/resolve-id	1
datomic.pull	ea->v	datomic.db/windowed	1
datomic.pull	ea->v	datomic.iter/iterable	1
datomic.pull	ea->v	datomic.iter/map	1
datomic.pull	index-pull	datomic.db/attribute	1
datomic.pull	index-pull	datomic.db/require-attrid	1
datomic.pull	index-pull	datomic.db/rseek-datoms	1
datomic.pull	index-pull	datomic.db/seek-datoms	1
datomic.pull	index-pull	datomic.error/arg	5
datomic.pull	next-a	datomic.db/datum	1
datomic.pull	next-a	datomic.db/windowed	1
datomic.pull	next-a	datomic.iter/iget	1
datomic.pull	normalize-pattern	datomic.db/normalize-kw	1
datomic.pull	normalize-pattern	datomic.db/reverse-key?	1
datomic.pull	normalize-pattern	datomic.error/arg	2
datomic.pull	normalize-recur-limit	datomic.error/arg	1
datomic.pull	normalized-pattern-cache	datomic.cache/create-computing	1
datomic.pull	pull*	datomic.db/attribute	1
datomic.pull	pull*	datomic.db/forward-attr	1
datomic.pull	pull*	datomic.db/resolve-id	1
datomic.pull	pull*	datomic.db/to-kw	1
datomic.pull	pull*	datomic.error/arg	1
datomic.pull	pull*	datomic.iter/reduce	1
datomic.pull	ra->e	datomic.db/datum	1
datomic.pull	ra->e	datomic.db/resolve-id	1
datomic.pull	ra->e	datomic.db/windowed	1
datomic.pull	ra->e	datomic.iter/iterable	1
datomic.pull	ra->e	datomic.iter/map	1
datomic.pull	resolve-attr	datomic.db/attribute	1
datomic.pull	resolve-attr	datomic.db/normalize-kw	1
datomic.pull	resolve-attr	datomic.db/resolve-id	1
datomic.pull	try-xform	datomic.error/cancelled?	1
datomic.pull	try-xform	datomic.error/eval-exception	1
datomic.pull	try-xform	datomic.extension-resolver/resolve-xform!	1
datomic.qtune	cvars	datomic.datalog/variable?	1
datomic.qtune	min-ret	datomic.api/q	1
datomic.qtune	min-ret	datomic.common/root-cause	1
datomic.qtune	qtune	datomic.api/q	2
datomic.qtune	qtune	datomic.common/root-cause	1
datomic.qtune	qtune	datomic.common/split-filter	2
datomic.qtune	qtune	datomic.datalog/variable?	1
datomic.qtune	qtune	datomic.query/listq->mapq	1
datomic.qtune	qtune	datomic.query/process-aggregates	1
datomic.qtune	qtune	datomic.query/process-in-bindings	1
datomic.query	EntityMap	datomic.db/normalize-kw	2
datomic.query	EntityMap	datomic.db/resolve-id	2
datomic.query	compile-construct-1	datomic.datalog/variable?	1
datomic.query	eav	datomic.db/attribute	1
datomic.query	eav	datomic.db/datum	1
datomic.query	eav	datomic.db/resolve-id	2
datomic.query	eav	datomic.db/reverse-lookup?	1
datomic.query	eav	datomic.db/windowed	1
datomic.query	eav	datomic.iter/reduce	1
datomic.query	gensym-padding	datomic.datalog/variable?	1
datomic.query	get-lazy-entity	datomic.db/datum	1
datomic.query	get-lazy-entity	datomic.db/resolve-id	1
datomic.query	get-lazy-entity	datomic.db/windowed	1
datomic.query	get-lazy-entity	datomic.iter/reduce	1
datomic.query	group-fv	datomic.error/arg	1
datomic.query	group-rel	datomic.common/compare	1
datomic.query	has-self-unifications?	datomic.datalog/variable?	2
datomic.query	load-query	datomic.datalog/prep-clauses	1
datomic.query	move-sources-to-meta	datomic.datalog/source?	1
datomic.query	normalize-pull	datomic.datalog/source?	1
datomic.query	normalize-pull	datomic.datalog/variable?	1
datomic.query	normalize-pull	datomic.error/arg	1
datomic.query	pattern?	datomic.datalog/source?	1
datomic.query	pattern?	datomic.datalog/variable?	1
datomic.query	process-find-bindings	datomic.datalog/variable?	1
datomic.query	process-in-bindings	datomic.datalog/binding-type	1
datomic.query	process-in-bindings	datomic.datalog/variable?	1
datomic.query	process-pulls	datomic.datalog/variable?	1
datomic.query	process-pulls	datomic.error/arg	1
datomic.query	process-ranges	datomic.datalog/variable?	1
datomic.query	pull-fv	datomic.common/getx	1
datomic.query	pull-fv	datomic.pull/pull	1
datomic.query	q*	datomic.datalog/qsqr	1
datomic.query	q*	datomic.error/arg	1
datomic.query	q*	datomic.query.support/parse-as	1
datomic.query	qseq	datomic.common/result-count	1
datomic.query	qseq	datomic.common/result-xform	1
datomic.query	qseq	datomic.query.support/counted-seq	1
datomic.query	query-cache	datomic.cache/create-computing	1
datomic.query	rae	datomic.db/attribute	1
datomic.query	rae	datomic.db/datum	1
datomic.query	rae	datomic.db/resolve-id	2
datomic.query	rae	datomic.db/windowed	1
datomic.query	rae	datomic.iter/reduce	1
datomic.query	ref-val	datomic.db/resolve-kw	1
datomic.query	rename-self-unifications	datomic.datalog/variable?	1
datomic.query	resolve-qualified-fn	datomic.common/maybe-require	1
datomic.query	resolve-qualified-fn	datomic.common/qualified-symbol?	1
datomic.query	sort-collection-by-indexed	datomic.common/compare	1
datomic.query	validate-query	datomic.datalog/callees	1
datomic.query	validate-query	datomic.datalog/rules?	2
datomic.query	validate-query	datomic.datalog/source?	2
datomic.query	validate-query	datomic.datalog/variable?	4
datomic.query	validate-query	datomic.error/arg	2
datomic.query	variables-in-clause	datomic.datalog/variable?	1
datomic.reconnector2	Reconnector	datomic.monitor/alarm	3
datomic.reconnector2	Reconnector	datomic.promise/delivered	1
datomic.reconnector2	Reconnector	datomic.promise/settable-future	1
datomic.reconnector2	Reconnector	datomic.slf4j/caused-by	3
datomic.reconnector2	Reconnector	datomic.slf4j/process	3
datomic.reconnector2	reconnector-ref	datomic.promise/delivered	1
datomic.s3	-list-objects-seq	datomic.s3-api/list-next-batch-of-objects	1
datomic.s3	create-bucket	datomic.s3-api/create-bucket	2
datomic.s3	delete-bucket	datomic.s3-api/delete-bucket	1
datomic.s3	delete-object	datomic.s3-api/delete-object	1
datomic.s3	delete-objects	datomic.s3-api/delete-objects	1
datomic.s3	get-bucket	datomic.s3-api/list-buckets	1
datomic.s3	get-bucket-policy	datomic.s3-api/get-bucket-policy	1
datomic.s3	get-bytes	datomic.io/fill-array	1
datomic.s3	get-direct-buffer	datomic.io/fill-buffer	1
datomic.s3	get-object	datomic.s3-api/get-object	1
datomic.s3	list-buckets	datomic.s3-api/list-buckets	1
datomic.s3	list-objects	datomic.s3-api/list-objects	1
datomic.s3	list-objects	datomic.s3-api/list-objects-from-request	1
datomic.s3	object-exists?	datomic.s3-api/get-object-metadata	1
datomic.s3	put-file-as	datomic.datafy/data-to-object	1
datomic.s3	put-file-as	datomic.s3-api/put-file	1
datomic.s3	put-file-as	datomic.s3-api/put-object	1
datomic.s3	put-file-as	datomic.s3-api/put-object-with-canned-acl	1
datomic.s3	put-object	datomic.s3-api/put-object	1
datomic.s3	s3-service	datomic.s3-api/client	1
datomic.s3	set-bucket-policy	datomic.s3-api/set-bucket-policy	1
datomic.s3	signed-url	datomic.s3-api/generate-presigned-url	1
datomic.s3-api	client	datomic.aws/credentials	6
datomic.s3-api	client	datomic.aws/endpoint-for	1
datomic.s3-api	client	datomic.datafy/data-to-object	1
datomic.s3-api	create-bucket	datomic.datafy/data-to-object	1
datomic.s3-api	create-bucket-in-region	datomic.datafy/data-to-object	2
datomic.s3-api	data-to-object	datomic.datafy/data-to-object	1
datomic.s3-api	data-to-object	datomic.datafy/data-to-object	1
datomic.s3-api	data-to-object	datomic.datafy/data-to-object	1
datomic.s3-api	data-to-object	datomic.datafy/property-to-object	10
datomic.s3-api	data-to-object	datomic.datafy/property-to-object	15
datomic.s3-api	data-to-object	datomic.datafy/property-to-object	20
datomic.s3-api	delete-bucket	datomic.datafy/data-to-object	1
datomic.s3-api	delete-object	datomic.datafy/data-to-object	2
datomic.s3-api	delete-objects	datomic.datafy/data-to-object	1
datomic.s3-api	generate-presigned-url	datomic.datafy/data-to-object	4
datomic.s3-api	get-bucket-policy	datomic.datafy/data-to-object	1
datomic.s3-api	get-object	datomic.datafy/data-to-object	2
datomic.s3-api	get-object-metadata	datomic.datafy/data-to-object	2
datomic.s3-api	list-next-batch-of-objects	datomic.datafy/data-to-object	1
datomic.s3-api	list-objects	datomic.datafy/data-to-object	1
datomic.s3-api	list-objects-from-request	datomic.datafy/data-to-object	1
datomic.s3-api	property-to-object	datomic.datafy/data-to-object	1
datomic.s3-api	property-to-object	datomic.datafy/data-to-object	1
datomic.s3-api	property-to-object	datomic.datafy/data-to-object	1
datomic.s3-api	property-to-object	datomic.datafy/property-to-object	1
datomic.s3-api	property-to-object	datomic.datafy/property-to-object	1
datomic.s3-api	property-to-object	datomic.datafy/property-to-object	1
datomic.s3-api	put-file	datomic.datafy/data-to-object	3
datomic.s3-api	put-object	datomic.datafy/data-to-object	4
datomic.s3-api	put-object-with-canned-acl	datomic.datafy/data-to-object	1
datomic.s3-api	set-bucket-policy	datomic.datafy/data-to-object	2
datomic.s3-kv	S3Storage	datomic.s3/delete-object	1
datomic.s3-kv	S3Storage	datomic.s3/get-direct-buffer	1
datomic.s3-kv	S3Storage	datomic.s3/put-object	1
datomic.s3-kv	storage-from-conf-	datomic.s3/s3-service	1
datomic.slf4j	format-as-msec	datomic.math/round	1
datomic.slf4j	format-as-musec	datomic.math/round	1
datomic.slf4j	log-expr	datomic.slf4j/caused-by	1
datomic.slf4j	log-expr	datomic.slf4j/process	2
datomic.slf4j	log-time	datomic.slf4j/format-as-msec	1
datomic.slf4j	metric-expr	datomic.monitor/add-stat	1
datomic.sql	connect	datomic.error/arg	1
datomic.stats	aevt	datomic.db/resolve-kw	1
datomic.stats	avet	datomic.db/resolve-kw	1
datomic.stats	eavt	datomic.db/partition-eid	1
datomic.stats	fulltext	datomic.clusterfs/describe	1
datomic.stats	fulltext	datomic.db/resolve-kw	1
datomic.stats	index-attr-splits	datomic.db/datum	1
datomic.stats	index-attr-splits	datomic.iter/iget	1
datomic.stats	index-attr-splits	datomic.iter/reduce	1
datomic.stats	index-attr-splits	datomic.iter/take-while	1
datomic.stats	index-attr-stats	datomic.core2.algo.lazy/fred	2
datomic.stats	index-attr-stats	datomic.core2.algo.lazy/fully-partition-by	2
datomic.stats	key-summary	datomic.math/mean-and-stddev	1
datomic.stats	raet	datomic.db/partition-eid	1
datomic.summary	print-method	datomic.summary/write	1
datomic.tools	avof-map	datomic.db/->AVof	1
datomic.tools	card-ones	datomic.api/attribute	1
datomic.tools	card-ones	datomic.api/datoms	1
datomic.tools	catalog	datomic.catalog/get-catalog	1
datomic.tools	connection-resources	datomic.db-io/storage-resources	1
datomic.tools	count-log-segs	datomic.log/find-log	1
datomic.tools	count-log-segs	datomic.log/seek-tx	1
datomic.tools	datom-read-handler	datomic.api/tx->t	2
datomic.tools	datom-read-handler	datomic.db/asserting-datum	1
datomic.tools	datom-read-handler	datomic.db/retracting-datum	1
datomic.tools	db-diagnostics	datomic.api/connect	1
datomic.tools	db-diagnostics	datomic.api/db	1
datomic.tools	db-diagnostics	datomic.stats/sizes	1
datomic.tools	db-diagnostics	datomic.stats/sizes->metrics	1
datomic.tools	db-resources	datomic.db-io/db-resources	1
datomic.tools	ever-nohistory-attrs	datomic.api/history	1
datomic.tools	ever-nohistory-attrs	datomic.api/q	1
datomic.tools	fulltexts	datomic.api/attribute	1
datomic.tools	fulltexts	datomic.api/datoms	1
datomic.tools	get-index	datomic.index/index-ref-key-name	1
datomic.tools	get-index-ref	datomic.index/index-ref-key-name	1
datomic.tools	index-db	datomic.db-io/index-db	1
datomic.tools	index-has-t?	datomic.api/datoms	1
datomic.tools	index-has-t?	datomic.api/t->tx	1
datomic.tools	index-has-t?	datomic.db/mem-index-set	1
datomic.tools	log	datomic.db-io/log	1
datomic.tools	log-entry->next-t	datomic.log/max-eidx	1
datomic.tools	log-size	datomic.api/connect	1
datomic.tools	log-size*	datomic.api/db	1
datomic.tools	log-size*	datomic.api/log	1
datomic.tools	log-size*	datomic.api/tx-range	1
datomic.tools	pace-fn	datomic.kv-cluster/val-gets-ref	2
datomic.tools	pace-fn	datomic.monitor/add-stat	1
datomic.tools	peer-diagnostics	datomic.cache/fast-count	1
datomic.tools	peer-diagnostics	datomic.config/properties-ref	1
datomic.tools	peer-diagnostics	datomic.domain/system-cache	1
datomic.tools	peer-diagnostics	datomic.math/rounded-mb	1
datomic.tools	pretty-datom	datomic.api/tx->t	1
datomic.tools	pretty-datom	datomic.db/resolve-kw	1
datomic.tools	read-capacity-units	datomic.ddb/client	2
datomic.tools	read-capacity-units	datomic.ddb/describe-table	2
datomic.tools	read-capacity-units	datomic.uri/parse	1
datomic.tools	replace-index	datomic.slf4j/format-as-msec	1
datomic.tools	replace-index	datomic.slf4j/process	2
datomic.tools	reset-index-ref	datomic.cluster/reset-ref	1
datomic.tools	reset-index-ref	datomic.index/index-ref-key-name	1
datomic.tools	segment-log	datomic.log/segment	1
datomic.tools	segment-log	datomic.slf4j/caused-by	1
datomic.tools	segment-log	datomic.slf4j/process	1
datomic.tools	set-index-basis	datomic.api/tx-range	1
datomic.tools	set-index-basis	datomic.cluster/reset-ref	1
datomic.tools	set-index-basis	datomic.cluster/uuid->val-key	1
datomic.tools	set-index-basis	datomic.index/index-ref-key-name	1
datomic.tools	set-index-basis	datomic.index/write-object	1
datomic.tools	storage-diagnostics	datomic.cluster/val-key->uuid	1
datomic.tools	storage-diagnostics	datomic.index/index-ref-key-name	1
datomic.tools	storage-diagnostics	datomic.log/read-tail-descriptor	1
datomic.tools	storage-diagnostics	datomic.log/root-id	1
datomic.tools	system-cluster	datomic.coordination/create-system-cluster	1
datomic.tools	system-cluster	datomic.uri/parse	1
datomic.tools	tools-fault	datomic.slf4j/caused-by	1
datomic.tools	tools-fault	datomic.slf4j/process	1
datomic.tools	touch-heartbeat	datomic.cluster/touch-ref	1
datomic.tools	touch-heartbeat	datomic.coordination/create-system-cluster	1
datomic.tools	touch-heartbeat	datomic.coordination/pod-key	1
datomic.tools	touch-heartbeat	datomic.uri/parse	1
datomic.tools	touch-index-ref	datomic.cluster/touch-ref	1
datomic.tools	touch-index-ref	datomic.index/index-ref-key-name	1
datomic.tools	tx-range-from-log	datomic.iter/iter-seq	1
datomic.tools	tx-range-from-log	datomic.log/find-log	1
datomic.tools	tx-range-from-log	datomic.log/seek-tx	1
datomic.tools	unique-identities	datomic.api/attribute	1
datomic.tools	unique-identities	datomic.api/datoms	1
datomic.tools	unique-values	datomic.api/attribute	1
datomic.tools	unique-values	datomic.api/datoms	1
datomic.tools	uniques-in-ts	datomic.iter/iget	1
datomic.tools	uniques-in-ts	datomic.log/seek-tx	1
datomic.tools	uuid->val-key	datomic.cluster/uuid->val-key	1
datomic.tools	val-key->uuid	datomic.cluster/val-key->uuid	1
datomic.tools.index-checks	-main	datomic.api/shutdown	2
datomic.tools.index-checks	-main*	datomic.api/history	1
datomic.tools.index-checks	-main*	datomic.tools/connection-resources	1
datomic.tools.index-checks	-main*	datomic.tools/db-resources	1
datomic.tools.index-checks	-main*	datomic.tools/nohistory-checker	1
datomic.tools.index-checks	-main*	datomic.tools/pretty-datom	1
datomic.tools.index-checks	boot-tail-collision?	datomic.db/BOOT-IDS	1
datomic.tools.index-checks	card-one-collisions	datomic.api/datoms	1
datomic.tools.index-checks	card-one-collisions	datomic.tools/card-ones	1
datomic.tools.index-checks	card-one-collisions	datomic.tools/unsorted-seq	1
datomic.tools.index-checks	log-only	datomic.api/datoms	1
datomic.tools.index-checks	log-only	datomic.tools/tx-range-from-log	1
datomic.tools.index-checks	maybe-renamed?	datomic.db/attribute	1
datomic.tools.index-checks	rename-from	datomic.api/datoms	1
datomic.tools.index-checks	rename-to	datomic.api/datoms	1
datomic.tools.index-checks	unique-collisions	datomic.api/datoms	1
datomic.tools.index-checks	unique-collisions	datomic.tools/unique-identities	1
datomic.tools.index-checks	unique-collisions	datomic.tools/unique-values	1
datomic.transaction	add-to-log-event!	datomic.cache/get-from-cache	1
datomic.transaction	add-to-log-event!	datomic.cache/put	1
datomic.transaction	create-procargs	datomic.common/rand-uuid	1
datomic.transaction	log-completion!	datomic.cache/remove	2
datomic.transaction	log-completion!	datomic.monitor/add-stat	4
datomic.transaction	log-completion!	datomic.slf4j/format-as-msec	4
datomic.transaction	log-completion!	datomic.slf4j/process	2
datomic.transaction	log-event-map	datomic.cache/create-limited	1
datomic.transaction	read-handlers	datomic.common/ensure-vector	1
datomic.transaction	read-handlers	datomic.db/->DbId	1
datomic.transaction	read-handlers	datomic.db/asserting-datum	1
datomic.transaction	read-handlers	datomic.db/make-eid	1
datomic.transaction	read-handlers	datomic.db/retracting-datum	1
datomic.transaction	read-handlers	datomic.fressian/user-read-handlers	1
datomic.transaction	read-handlers	datomic.index/index-read-handlers	1
datomic.transaction	read-message	datomic.cache/put	1
datomic.transaction	read-message	datomic.common/getx	1
datomic.transaction	reader	datomic.fressian/create-reader	1
datomic.transaction	write-handlers	datomic.fressian/user-write-handlers	1
datomic.transaction	write-handlers	datomic.index/common-write-handlers	1
datomic.transaction	writer	datomic.fressian/create-writer	1
datomic.treewalk	lookup-val	datomic.common/getx	1
datomic.uri	create	datomic.common/getx	1
datomic.uri	create	datomic.common/getx	1
datomic.uri	create	datomic.common/getx	1
datomic.uri	create	datomic.common/getx	1
datomic.uri	create	datomic.common/getx	1
datomic.uri	create	datomic.common/getx	2
datomic.uri	create	datomic.common/getx	2
datomic.uri	create	datomic.common/getx	2
datomic.uri	create	datomic.common/getx	2
datomic.uri	create	datomic.common/getx	4
datomic.uri	create-h2	datomic.common/getx	1
datomic.uri	fixup-uri-map	datomic.common/force-map-keywords	1
datomic.uri	parse-db	datomic.error/arg	1
datomic.val-cluster	ValCluster	datomic.common/throw-anom	3
datomic.val-cluster	ValCluster	datomic.core2.anomalies/anom	3
datomic.val-cluster	ValCluster	datomic.core2.async/<!!x	3
datomic.val-cluster	ValCluster	datomic.core2.val-store/delete	1
datomic.val-cluster	ValCluster	datomic.core2.val-store/get	1
datomic.val-cluster	ValCluster	datomic.core2.val-store/put	1
datomic.val-cluster	ValCluster	datomic.future/-future-with-channel-impl	3
datomic.val-cluster	ValCluster	datomic.future/add-bounding-warning	3
datomic.val-cluster	ValCluster	datomic.future/bounding-warn-seconds	3
datomic.val-cluster	ValCluster	datomic.slf4j/format-as-msec	3
datomic.val-cluster	ValCluster	datomic.slf4j/process	6
datomic.valcache	direct-get	datomic.io/read-into-buffer	1
datomic.valcache	direct-init	datomic.async/daemon	1
datomic.valcache	direct-init	datomic.slf4j/process	1
datomic.valcache	direct-put	datomic.io/write-buffer	2
datomic.valcache	direct-put	datomic.slf4j/caused-by	1
datomic.valcache	direct-put	datomic.slf4j/process	1
datomic.valcache	eviction-loop	datomic.slf4j/caused-by	1
datomic.valcache	eviction-loop	datomic.slf4j/process	4
datomic.valcache	handle	datomic.io/read-into-buffer	1
datomic.valcache	handle	datomic.io/read-n-bytes	1
datomic.valcache	handle	datomic.io/read-n-bytes	2
datomic.valcache	handle	datomic.io/write-buffer	1
datomic.valcache	handle	datomic.io/write-buffer	1
datomic.valcache	read-header	datomic.io/read-into-buffer	1
datomic.valcache	read-key	datomic.io/read-into-buffer	1
datomic.valcache	reply-empty-ok	datomic.io/write-buffer	1
datomic.valcache	reply-with-error	datomic.io/write-buffer	1
datomic.valcache	sasl	datomic.io/read-n-bytes	1
datomic.valcache	start-server	datomic.async/daemon	3
datomic.valcache	start-server	datomic.slf4j/caused-by	1
datomic.valcache	start-server	datomic.slf4j/process	4
datomic.valcache	supported-or-drain	datomic.io/read-n-bytes	1
datomic.valcache	uuid-prefix	datomic.slf4j/process	1
datomic.valcache-direct	ValcacheDirect	datomic.common/return-or-throw	1
datomic.valcache-direct	ValcacheDirect	datomic.monitor/add-stat	5
datomic.valcache-direct	ValcacheDirect	datomic.slf4j/caused-by	1
datomic.valcache-direct	ValcacheDirect	datomic.slf4j/process	2
datomic.valcache-direct	ValcacheDirect	datomic.valcache.puts-pool/get-from-queued-put	1
datomic.valcache-direct	ValcacheDirect	datomic.valcache/direct-get	1
datomic.valcache-direct	ValcacheDirect	datomic.valcache/direct-put	1
datomic.valcache-direct	create	datomic.slf4j/process	1
datomic.valcache-direct	create	datomic.valcache.puts-pool-impl/valcache-puts-pool	1
datomic.valcache-direct	create	datomic.valcache/direct-init	1
datomic.valcache.puts-pool-impl	ValcachePutsPoolImpl	datomic.common/pfuture	1
datomic.valcache.puts-pool-impl	ValcachePutsPoolImpl	datomic.monitor/add-stat	4
datomic.valcache.puts-pool-impl	create-valcache-puts-pool	datomic.config/property	1
datomic.valcache.puts-pool-impl	get-from-put	datomic.monitor/add-stat	1
datomic.valcache.puts-pool-impl	get-from-put	datomic.valcache.puts-pool/get-from-put	1
